order,monomial_idx,alpha_vector,corresp,fillWfnonaut_time_s,fillWfnonaut_alloc_bytes,homological_time_s,homological_alloc_bytes,conj_copy_time_s,conj_copy_alloc_bytes,monomial_total_time_s,monomial_total_alloc_bytes,cumul_time_s,mem_live_bytes
2,1,"[2, 0, 0, 0]",5,7.084e-6,0,0.028786375,69832560,NaN,0,0.028793459,69832560,0.22573590278625488,922637168
2,2,"[1, 1, 0, 0]",2,3.33e-7,0,0.033318541,46807568,NaN,0,0.033318874,46807568,0.27428388595581055,970389936
2,3,"[1, 0, 1, 0]",7,0.003453792,327872,0.156386292,106234928,NaN,0,0.15984008400000002,106562800,0.4341418743133545,623117424
2,4,"[1, 0, 0, 1]",6,2.2166e-5,246528,0.016280084,46873136,NaN,0,0.01630225,47119664,0.45046281814575195,544613184
2,5,"[0, 2, 0, 0]",-1,NaN,0,NaN,0,2.7792e-5,98752,2.7792e-5,98752,0.45050597190856934,544718800
2,6,"[0, 1, 1, 0]",-4,NaN,0,NaN,0,1.3084e-5,98752,1.3084e-5,98752,0.45052289962768555,544824368
2,7,"[0, 1, 0, 1]",-3,NaN,0,NaN,0,8.042e-6,98752,8.042e-6,98752,0.4505329132080078,544929936
2,8,"[0, 0, 2, 0]",10,1.6584e-5,246544,0.019728333,69046256,NaN,0,0.019744917,69292800,0.47028183937072754,511494272
2,9,"[0, 0, 1, 1]",9,2.9917e-5,493152,0.013027917,43891440,NaN,0,0.013057834,44384592,0.4833548069000244,555885728
2,10,"[0, 0, 0, 2]",-8,NaN,0,NaN,0,1.725e-5,98752,1.725e-5,98752,0.4833869934082031,555991344
3,1,"[3, 0, 0, 0]",11,3.34e-7,0,0.023809042,77434736,NaN,0,0.023809376,77434736,1.0824368000030518,549405680
3,2,"[2, 1, 0, 0]",5,3.33e-7,0,0.022008125,78571664,NaN,0,0.022008458,78571664,1.1044700145721436,526775456
3,3,"[2, 0, 1, 0]",13,1.7375e-5,246512,0.021107541,77434800,NaN,0,0.021124916,77681312,1.1256120204925537,540720144
3,4,"[2, 0, 0, 1]",12,1.4833e-5,246528,0.021629292,78571648,NaN,0,0.021644125,78818176,1.1472728252410889,526536224
3,5,"[1, 2, 0, 0]",-2,NaN,0,NaN,0,1.0083e-5,98752,1.0083e-5,98752,1.1472909450531006,526641840
3,6,"[1, 1, 1, 0]",7,1.3875e-5,246528,0.023100167,86960240,NaN,0,0.023114042,87206768,1.170408010482788,536510752
3,7,"[1, 1, 0, 1]",-6,NaN,0,NaN,0,1.2708e-5,98752,1.2708e-5,98752,1.1704328060150146,536616368
3,8,"[1, 0, 2, 0]",16,1.5041e-5,246544,0.025950666,97746528,NaN,0,0.025965707,97993072,1.1964030265808105,550723088
3,9,"[1, 0, 1, 1]",15,2.8541e-5,493152,0.128960167,87599264,NaN,0,0.12898870799999998,88092416,1.3254148960113525,535549264
3,10,"[1, 0, 0, 2]",14,1.55e-5,246608,0.021707208,78571584,NaN,0,0.021722708,78818192,1.3471529483795166,614374320
3,11,"[0, 3, 0, 0]",-1,NaN,0,NaN,0,1.2583e-5,98752,1.2583e-5,98752,1.3471848964691162,614479936
3,12,"[0, 2, 1, 0]",-4,NaN,0,NaN,0,1.0334e-5,98752,1.0334e-5,98752,1.3471980094909668,614585504
3,13,"[0, 2, 0, 1]",-3,NaN,0,NaN,0,1.3541e-5,98752,1.3541e-5,98752,1.3472139835357666,614691072
3,14,"[0, 1, 2, 0]",-10,NaN,0,NaN,0,1.1958e-5,98752,1.1958e-5,98752,1.34722900390625,614796640
3,15,"[0, 1, 1, 1]",-9,NaN,0,NaN,0,8.875e-6,98752,8.875e-6,98752,1.347240924835205,614902192
3,16,"[0, 1, 0, 2]",-8,NaN,0,NaN,0,8.917e-6,98752,8.917e-6,98752,1.3472528457641602,615007744
3,17,"[0, 0, 3, 0]",20,1.6416e-5,246624,0.020164542,77434736,NaN,0,0.020180958,77681360,1.3674359321594238,692695904
3,18,"[0, 0, 2, 1]",19,2.925e-5,493360,0.022192334,84191296,NaN,0,0.022221584000000003,84684656,1.3896758556365967,777387424
3,19,"[0, 0, 1, 2]",-18,NaN,0,NaN,0,1.8667e-5,98752,1.8667e-5,98752,1.3897089958190918,777493040
3,20,"[0, 0, 0, 3]",-17,NaN,0,NaN,0,1.6709e-5,98752,1.6709e-5,98752,1.3897290229797363,777598608
4,1,"[4, 0, 0, 0]",21,3.34e-7,0,0.019849125,77435024,NaN,0,0.019849459,77435024,3.4301929473876953,550979584
4,2,"[3, 1, 0, 0]",11,5.41e-7,0,0.02035125,69046208,NaN,0,0.020351791,69046208,3.4505670070648193,534145696
4,3,"[3, 0, 1, 0]",23,1.7417e-5,246512,0.023182584,77434800,NaN,0,0.023200000999999998,77681312,3.473785877227783,542294624
4,4,"[3, 0, 0, 1]",22,2.9042e-5,246528,0.019011417,69046176,NaN,0,0.019040459,69292704,3.4928648471832275,547490192
4,5,"[2, 2, 0, 0]",5,4.17e-7,0,0.013335834,46873104,NaN,0,0.013336251,46873104,3.506218910217285,513357840
4,6,"[2, 1, 1, 0]",13,1.6083e-5,246528,0.019544334,77434800,NaN,0,0.019560417,77681328,3.5257949829101562,558606912
4,7,"[2, 1, 0, 1]",12,1.6333e-5,246576,0.020058375,69046480,NaN,0,0.020074708,69293056,3.5458929538726807,542593152
4,8,"[2, 0, 2, 0]",26,1.7375e-5,246544,0.0203625,77434816,NaN,0,0.020379875,77681360,3.5662930011749268,542295968
4,9,"[2, 0, 1, 1]",25,3.8917e-5,493152,0.020190375,69046176,NaN,0,0.020229292,69539328,3.5865390300750732,547491536
4,10,"[2, 0, 0, 2]",24,1.5792e-5,246608,0.125559417,77434832,NaN,0,0.125575209,77681440,3.712129831314087,540706016
4,11,"[1, 3, 0, 0]",-2,NaN,0,NaN,0,1.1292e-5,98752,1.1292e-5,98752,3.712155818939209,540811632
4,12,"[1, 2, 1, 0]",-7,NaN,0,NaN,0,9.959e-6,98752,9.959e-6,98752,3.7121689319610596,540917184
4,13,"[1, 2, 0, 1]",-6,NaN,0,NaN,0,1.3708e-5,98752,1.3708e-5,98752,3.712185859680176,541022736
4,14,"[1, 1, 2, 0]",16,1.5334e-5,246592,0.018394542,69046128,NaN,0,0.018409876,69292720,3.730597972869873,610322256
4,15,"[1, 1, 1, 1]",15,3.8458e-5,493296,0.011596666,45365712,NaN,0,0.011635124,45859008,3.742250919342041,656188128
4,16,"[1, 1, 0, 2]",-14,NaN,0,NaN,0,1.0166e-5,98752,1.0166e-5,98752,3.742269992828369,656293744
4,17,"[1, 0, 3, 0]",30,1.475e-5,246624,0.027100208,111509008,NaN,0,0.027114958,111755632,3.7693889141082764,768056192
4,18,"[1, 0, 2, 1]",29,2.7583e-5,493360,0.029733042,111115504,NaN,0,0.029760625000000002,111608864,3.799165964126587,879671920
4,19,"[1, 0, 1, 2]",28,2.8917e-5,493392,0.013347583,48593728,NaN,0,0.0133765,49087120,3.8125619888305664,588127264
4,20,"[1, 0, 0, 3]",27,1.6083e-5,246752,0.027743,106823008,NaN,0,0.027759083,107069760,3.8403358459472656,565763136
4,21,"[0, 4, 0, 0]",-1,NaN,0,NaN,0,1.0333e-5,98752,1.0333e-5,98752,3.8403618335723877,565868752
4,22,"[0, 3, 1, 0]",-4,NaN,0,NaN,0,9.5e-6,98752,9.5e-6,98752,3.8403749465942383,565974320
4,23,"[0, 3, 0, 1]",-3,NaN,0,NaN,0,9.333e-6,98752,9.333e-6,98752,3.8403868675231934,566079872
4,24,"[0, 2, 2, 0]",-10,NaN,0,NaN,0,8.583e-6,98752,8.583e-6,98752,3.840397834777832,566185424
4,25,"[0, 2, 1, 1]",-9,NaN,0,NaN,0,9.292e-6,98752,9.292e-6,98752,3.8404109477996826,566290976
4,26,"[0, 2, 0, 2]",-8,NaN,0,NaN,0,9.25e-6,98752,9.25e-6,98752,3.8404219150543213,566396528
4,27,"[0, 1, 3, 0]",-20,NaN,0,NaN,0,9.125e-6,98752,9.125e-6,98752,3.8404338359832764,566502080
4,28,"[0, 1, 2, 1]",-19,NaN,0,NaN,0,7.875e-6,98752,7.875e-6,98752,3.840444803237915,566607632
4,29,"[0, 1, 1, 2]",-18,NaN,0,NaN,0,8.792e-6,98752,8.792e-6,98752,3.840456962585449,566713184
4,30,"[0, 1, 0, 3]",-17,NaN,0,NaN,0,9.042e-6,98752,9.042e-6,98752,3.840467929840088,566818736
4,31,"[0, 0, 4, 0]",35,1.5334e-5,246768,0.018339291,69046128,NaN,0,0.018354625,69292896,3.858825922012329,636118432
4,32,"[0, 0, 3, 1]",34,2.9583e-5,493712,0.022967292,77434848,NaN,0,0.022996875,77928560,3.881837844848633,559188128
4,33,"[0, 0, 2, 2]",33,2.9584e-5,493744,0.012948459,43891504,NaN,0,0.012978043,44385248,3.8948328495025635,519834640
4,34,"[0, 0, 1, 3]",-32,NaN,0,NaN,0,9.583e-6,98752,9.583e-6,98752,3.894860029220581,519940256
4,35,"[0, 0, 0, 4]",-31,NaN,0,NaN,0,8.666e-6,98752,8.666e-6,98752,3.894871950149536,520045808
5,1,"[5, 0, 0, 0]",36,4.16e-7,0,0.018921625,77434752,NaN,0,0.018922041,77434752,10.851647853851318,540711680
5,2,"[4, 1, 0, 0]",21,3.75e-7,0,0.020213416,69046176,NaN,0,0.020213791000000002,69046176,10.871881008148193,551850736
5,3,"[4, 0, 1, 0]",38,1.6458e-5,246512,0.01923825,77434816,NaN,0,0.019254708,77681328,10.891151905059814,546655616
5,4,"[4, 0, 0, 1]",37,1.5333e-5,246528,0.019632916,69046176,NaN,0,0.019648249,69292704,10.910818815231323,551851184
5,5,"[3, 2, 0, 0]",11,6.25e-7,0,0.127391291,86960256,NaN,0,0.127391916,86960256,11.038226842880249,543596464
5,6,"[3, 1, 1, 0]",23,1.5958e-5,246528,0.019491875,77435024,NaN,0,0.019507833,77681552,11.057753801345825,621284832
5,7,"[3, 1, 0, 1]",22,1.6583e-5,246576,0.019890542,79210560,NaN,0,0.019907125,79457136,11.077675819396973,700748832
5,8,"[3, 0, 2, 0]",41,1.6833e-5,246544,0.027402834,79777648,NaN,0,0.027419667,80024192,11.10511589050293,780779888
5,9,"[3, 0, 1, 1]",40,2.8583e-5,493152,0.024741875,74076288,NaN,0,0.024770458,74569440,11.129899978637695,556020288
5,10,"[3, 0, 0, 2]",39,1.4625e-5,246608,0.02290225,86960192,NaN,0,0.022916875,87206800,11.152830839157104,643233952
5,11,"[2, 3, 0, 0]",-5,NaN,0,NaN,0,1.025e-5,98752,1.025e-5,98752,11.152853012084961,643339568
5,12,"[2, 2, 1, 0]",13,1.425e-5,246576,0.028598166,79915200,NaN,0,0.028612416,80161776,11.181468963623047,538130000
5,13,"[2, 2, 0, 1]",-12,NaN,0,NaN,0,9.333e-6,98752,9.333e-6,98752,11.181488990783691,538235616
5,14,"[2, 1, 2, 0]",26,1.4541e-5,246592,0.018825208,77435088,NaN,0,0.018839749,77681680,11.200331926345825,546472336
5,15,"[2, 1, 1, 1]",25,2.7875e-5,493296,0.018829292,78571584,NaN,0,0.018857167,79064880,11.219204902648926,625544080
5,16,"[2, 1, 0, 2]",24,1.5791e-5,246704,0.029385375,86960320,NaN,0,0.029401166,87207024,11.248617887496948,534910736
5,17,"[2, 0, 3, 0]",45,1.4667e-5,246624,0.0206405,69046192,NaN,0,0.020655167,69292816,11.269284963607788,538084176
5,18,"[2, 0, 2, 1]",44,2.5292e-5,493360,0.025622709,77434800,NaN,0,0.025648001,77928160,11.294941902160645,545844560
5,19,"[2, 0, 1, 2]",43,3.1125e-5,493392,0.022397583,86960256,NaN,0,0.022428708,87453648,11.317391872406006,534911184
5,20,"[2, 0, 0, 3]",42,1.4833e-5,246752,0.024743416,86960496,NaN,0,0.024758249,87207248,11.342161893844604,545373232
5,21,"[1, 4, 0, 0]",-2,NaN,0,NaN,0,1.0167e-5,98752,1.0167e-5,98752,11.342183828353882,545478848
5,22,"[1, 3, 1, 0]",-7,NaN,0,NaN,0,1.0125e-5,98752,1.0125e-5,98752,11.342196941375732,545584416
5,23,"[1, 3, 0, 1]",-6,NaN,0,NaN,0,9.791e-6,98752,9.791e-6,98752,11.342208862304688,545689984
5,24,"[1, 2, 2, 0]",-16,NaN,0,NaN,0,8.875e-6,98752,8.875e-6,98752,11.342221021652222,545795536
5,25,"[1, 2, 1, 1]",-15,NaN,0,NaN,0,1.3209e-5,98752,1.3209e-5,98752,11.342236995697021,545901088
5,26,"[1, 2, 0, 2]",-14,NaN,0,NaN,0,1.4125e-5,98752,1.4125e-5,98752,11.342253923416138,546006656
5,27,"[1, 1, 3, 0]",30,1.4292e-5,246720,0.020907667,69046160,NaN,0,0.020921959,69292880,11.363178014755249,557294512
5,28,"[1, 1, 2, 1]",29,2.8833e-5,493616,0.023065709,86960256,NaN,0,0.023094542,87453872,11.386283874511719,554122288
5,29,"[1, 1, 1, 2]",-28,NaN,0,NaN,0,9.0e-6,98752,9.0e-6,98752,11.386303901672363,554227904
5,30,"[1, 1, 0, 3]",-27,NaN,0,NaN,0,9.375e-6,98752,9.375e-6,98752,11.386315822601318,554333456
5,31,"[1, 0, 4, 0]",50,0.014943541,246832,0.119128417,97746224,NaN,0,0.134071958,97993056,11.520391941070557,570763152
5,32,"[1, 0, 3, 1]",49,2.8709e-5,493712,0.025589458,109067504,NaN,0,0.025618166999999997,109561216,11.546021938323975,680331232
5,33,"[1, 0, 2, 2]",48,2.7459e-5,493744,0.028870166,86059072,NaN,0,0.028897625,86552816,11.574927806854248,766890928
5,34,"[1, 0, 1, 3]",47,2.7333e-5,493776,0.022948959,95185248,NaN,0,0.022976292000000002,95679024,11.597914934158325,862576816
5,35,"[1, 0, 0, 4]",46,1.675e-5,246976,0.026767834,97828400,NaN,0,0.026784584,98075376,11.62471890449524,619831328
5,36,"[0, 5, 0, 0]",-1,NaN,0,NaN,0,1.0125e-5,98752,1.0125e-5,98752,11.624740839004517,619936944
5,37,"[0, 4, 1, 0]",-4,NaN,0,NaN,0,9.959e-6,98752,9.959e-6,98752,11.624753952026367,620042512
5,38,"[0, 4, 0, 1]",-3,NaN,0,NaN,0,8.792e-6,98752,8.792e-6,98752,11.624764919281006,620148064
5,39,"[0, 3, 2, 0]",-10,NaN,0,NaN,0,1.3041e-5,98752,1.3041e-5,98752,11.624780893325806,620253616
5,40,"[0, 3, 1, 1]",-9,NaN,0,NaN,0,9.125e-6,98752,9.125e-6,98752,11.62479281425476,620359184
5,41,"[0, 3, 0, 2]",-8,NaN,0,NaN,0,1.5041e-5,98752,1.5041e-5,98752,11.624810934066772,620464736
5,42,"[0, 2, 3, 0]",-20,NaN,0,NaN,0,1.1625e-5,98752,1.1625e-5,98752,11.62482500076294,620570304
5,43,"[0, 2, 2, 1]",-19,NaN,0,NaN,0,1.7542e-5,98752,1.7542e-5,98752,11.624845027923584,620675872
5,44,"[0, 2, 1, 2]",-18,NaN,0,NaN,0,1.6625e-5,98752,1.6625e-5,98752,11.62486481666565,620781440
5,45,"[0, 2, 0, 3]",-17,NaN,0,NaN,0,1.7042e-5,98752,1.7042e-5,98752,11.624883890151978,620887008
5,46,"[0, 1, 4, 0]",-35,NaN,0,NaN,0,1.5e-5,98752,1.5e-5,98752,11.624900817871094,620992576
5,47,"[0, 1, 3, 1]",-34,NaN,0,NaN,0,8.291e-6,98752,8.291e-6,98752,11.624912023544312,621098128
5,48,"[0, 1, 2, 2]",-33,NaN,0,NaN,0,8.667e-6,98752,8.667e-6,98752,11.624923944473267,621203680
5,49,"[0, 1, 1, 3]",-32,NaN,0,NaN,0,8.792e-6,98752,8.792e-6,98752,11.624934911727905,621309232
5,50,"[0, 1, 0, 4]",-31,NaN,0,NaN,0,8.958e-6,98752,8.958e-6,98752,11.62494683265686,621414784
5,51,"[0, 0, 5, 0]",56,1.525e-5,246992,0.019932333,78073712,NaN,0,0.019947583,78320704,11.644897937774658,699742288
5,52,"[0, 0, 4, 1]",55,2.925e-5,494240,0.026472875,70455312,NaN,0,0.026502125,70949552,11.671409845352173,559079104
5,53,"[0, 0, 3, 2]",54,2.8834e-5,494272,0.020717792,86960192,NaN,0,0.020746625999999997,87454464,11.69216799736023,646540432
5,54,"[0, 0, 2, 3]",-53,NaN,0,NaN,0,9.666e-6,98752,9.666e-6,98752,11.692195892333984,646646048
5,55,"[0, 0, 1, 4]",-52,NaN,0,NaN,0,9.0e-6,98752,9.0e-6,98752,11.69220781326294,646751600
5,56,"[0, 0, 0, 5]",-51,NaN,0,NaN,0,8.209e-6,98752,8.209e-6,98752,11.692219018936157,646857152
6,1,"[6, 0, 0, 0]",57,4.58e-7,0,0.020270083,63033504,NaN,0,0.020270541,63033504,35.4816210269928,526313968
6,2,"[5, 1, 0, 0]",36,3.33e-7,0,0.021488083,77434784,NaN,0,0.021488416000000003,77434784,35.50312900543213,554299680
6,3,"[5, 0, 1, 0]",59,1.6833e-5,246512,0.018726834,69046192,NaN,0,0.018743667000000002,69292704,35.521888971328735,541013584
6,4,"[5, 0, 0, 1]",58,1.5666e-5,246528,0.019583708,77434816,NaN,0,0.019599374,77681344,35.54150700569153,540716400
6,5,"[4, 2, 0, 0]",21,5.0e-7,0,0.019852583,69046176,NaN,0,0.019853083,69046176,35.561375856399536,545911968
6,6,"[4, 1, 1, 0]",38,1.6458e-5,246528,0.022475,77434816,NaN,0,0.022491458,77681344,35.583884954452515,540716848
6,7,"[4, 1, 0, 1]",37,1.5833e-5,246576,0.02190325,69046464,NaN,0,0.021919083,69293040,35.6058189868927,545912416
6,8,"[4, 0, 2, 0]",62,1.625e-5,246544,0.127073417,77434816,NaN,0,0.127089667,77681360,35.73292684555054,540705984
6,9,"[4, 0, 1, 1]",61,2.8333e-5,493152,0.019992542,69046128,NaN,0,0.020020874999999997,69539280,35.752962827682495,610252128
6,10,"[4, 0, 0, 2]",60,1.675e-5,246608,0.024872291,77434736,NaN,0,0.024889041,77681344,35.777864933013916,687940336
6,11,"[3, 3, 0, 0]",11,2.08e-7,0,0.022057833,50592208,NaN,0,0.022058041,50592208,35.799930810928345,738539408
6,12,"[3, 2, 1, 0]",23,1.4625e-5,246576,0.0758025,79155056,NaN,0,0.075817125,79401632,35.87575387954712,817947856
6,13,"[3, 2, 0, 1]",22,1.5708e-5,246672,0.019867916,87543952,NaN,0,0.019883624,87790624,35.89565682411194,905745344
6,14,"[3, 1, 2, 0]",41,1.5084e-5,246592,0.0247345,70766816,NaN,0,0.024749583999999998,71013408,35.92041897773743,596687520
6,15,"[3, 1, 1, 1]",40,2.875e-5,493296,0.019291791,77434736,NaN,0,0.019320541,77928032,35.93975591659546,674622416
6,16,"[3, 1, 0, 2]",39,1.6709e-5,246704,0.022354292,69046256,NaN,0,0.022371001,69292960,35.96213889122009,564333808
6,17,"[3, 0, 3, 0]",66,1.3792e-5,246624,0.023313375,77434816,NaN,0,0.023327167,77681440,35.985474824905396,545604272
6,18,"[3, 0, 2, 1]",65,2.9667e-5,493360,0.019200042,69046128,NaN,0,0.019229709,69539488,36.004721879959106,615150624
6,19,"[3, 0, 1, 2]",64,2.8666e-5,493392,0.023101083,77435136,NaN,0,0.023129749,77928528,36.02786087989807,559188000
6,20,"[3, 0, 0, 3]",63,1.5084e-5,246752,0.02535475,69046192,NaN,0,0.025369833999999997,69292944,36.05324387550354,545901904
6,21,"[2, 4, 0, 0]",-5,NaN,0,NaN,0,1.0334e-5,98752,1.0334e-5,98752,36.053272008895874,546007520
6,22,"[2, 3, 1, 0]",-13,NaN,0,NaN,0,9.5e-6,98752,9.5e-6,98752,36.053284883499146,546113088
6,23,"[2, 3, 0, 1]",-12,NaN,0,NaN,0,9.542e-6,98752,9.542e-6,98752,36.0532968044281,546218640
6,24,"[2, 2, 2, 0]",26,1.5333e-5,246688,0.018446291,77434800,NaN,0,0.018461624,77681488,36.07176184654236,554290576
6,25,"[2, 2, 1, 1]",25,2.7375e-5,493552,0.019116584,47495712,NaN,0,0.019143959,47989264,36.0909149646759,506923728
6,26,"[2, 2, 0, 2]",-24,NaN,0,NaN,0,9.209e-6,98752,9.209e-6,98752,36.090932846069336,507029344
6,27,"[2, 1, 3, 0]",45,1.3542e-5,246720,0.020174208,77434784,NaN,0,0.020187749999999997,77681504,36.111124992370605,552484192
6,28,"[2, 1, 2, 1]",44,0.000547375,493680,0.017784125,69046128,NaN,0,0.0183315,69539808,36.12947392463684,541005120
6,29,"[2, 1, 1, 2]",43,2.7708e-5,493648,0.022161125,77435104,NaN,0,0.022188833,77928752,36.15167593955994,540707552
6,30,"[2, 1, 0, 3]",42,1.4708e-5,246912,0.036546833,69046176,NaN,0,0.036561541,69293088,36.18824791908264,545902800
6,31,"[2, 0, 4, 0]",71,1.7084e-5,246768,0.115094667,77434800,NaN,0,0.115111751,77681568,36.30337381362915,567824336
6,32,"[2, 0, 3, 1]",70,3.0459e-5,493712,0.02726075,69046128,NaN,0,0.027291209,69539840,36.3306839466095,637371040
6,33,"[2, 0, 2, 2]",69,2.8208e-5,493744,0.02168175,77434736,NaN,0,0.021709957999999998,77928480,36.35240602493286,715306384
6,34,"[2, 0, 1, 3]",68,2.8708e-5,493776,0.026905417,76517232,NaN,0,0.026934125,77011008,36.37934899330139,792324256
6,35,"[2, 0, 0, 4]",67,1.5583e-5,246976,0.025014917,87544224,NaN,0,0.0250305,87791200,36.40438985824585,562671776
6,36,"[1, 5, 0, 0]",-2,NaN,0,NaN,0,1.0333e-5,98752,1.0333e-5,98752,36.40441584587097,562777392
6,37,"[1, 4, 1, 0]",-7,NaN,0,NaN,0,8.167e-6,98752,8.167e-6,98752,36.404428005218506,562882944
6,38,"[1, 4, 0, 1]",-6,NaN,0,NaN,0,8.958e-6,98752,8.958e-6,98752,36.404438972473145,562988496
6,39,"[1, 3, 2, 0]",-16,NaN,0,NaN,0,8.959e-6,98752,8.959e-6,98752,36.4044508934021,563094048
6,40,"[1, 3, 1, 1]",-15,NaN,0,NaN,0,9.042e-6,98752,9.042e-6,98752,36.40446186065674,563199600
6,41,"[1, 3, 0, 2]",-14,NaN,0,NaN,0,8.25e-6,98752,8.25e-6,98752,36.40447282791138,563305152
6,42,"[1, 2, 3, 0]",-30,NaN,0,NaN,0,7.792e-6,98752,7.792e-6,98752,36.404483795166016,563410704
6,43,"[1, 2, 2, 1]",-29,NaN,0,NaN,0,9.625e-6,98752,9.625e-6,98752,36.40449595451355,563516256
6,44,"[1, 2, 1, 2]",-28,NaN,0,NaN,0,9.209e-6,98752,9.209e-6,98752,36.404507875442505,563621808
6,45,"[1, 2, 0, 3]",-27,NaN,0,NaN,0,8.833e-6,98752,8.833e-6,98752,36.40451979637146,563727360
6,46,"[1, 1, 4, 0]",50,1.5542e-5,246928,0.017962875,69046128,NaN,0,0.017978417,69293056,36.42250084877014,633027216
6,47,"[1, 1, 3, 1]",49,2.8e-5,494112,0.022382708,77434736,NaN,0,0.022410708,77928848,36.44491982460022,710962928
6,48,"[1, 1, 2, 2]",48,3.3292e-5,494144,0.012367417,48511440,NaN,0,0.012400709000000001,49005584,36.45734000205994,759975376
6,49,"[1, 1, 1, 3]",-47,NaN,0,NaN,0,9.917e-6,98752,9.917e-6,98752,36.457355976104736,760080992
6,50,"[1, 1, 0, 4]",-46,NaN,0,NaN,0,8.5e-6,98752,8.5e-6,98752,36.45736789703369,760186544
6,51,"[1, 0, 5, 0]",77,1.525e-5,246992,0.030461125,109313504,NaN,0,0.030476375,109560496,36.48784685134888,591808096
6,52,"[1, 0, 4, 1]",76,3.05e-5,494240,0.032731333,107888000,NaN,0,0.032761833000000004,108382240,36.520628929138184,575001952
6,53,"[1, 0, 3, 2]",75,2.8542e-5,494272,0.033865459,98631184,NaN,0,0.033894001,99125456,36.55453681945801,674134272
6,54,"[1, 0, 2, 3]",74,2.9125e-5,494304,0.018212375,50838112,NaN,0,0.0182415,51332416,36.572789907455444,536288048
6,55,"[1, 0, 1, 4]",73,2.9958e-5,494336,0.031910417,106102112,NaN,0,0.031940375,106596448,36.60474395751953,566827824
6,56,"[1, 0, 0, 5]",72,1.6958e-5,247296,0.030138708,100236624,NaN,0,0.030155666,100483920,36.634912967681885,555613248
6,57,"[0, 6, 0, 0]",-1,NaN,0,NaN,0,1.125e-5,98752,1.125e-5,98752,36.63493585586548,555718864
6,58,"[0, 5, 1, 0]",-4,NaN,0,NaN,0,8.833e-6,98752,8.833e-6,98752,36.63494801521301,555824416
6,59,"[0, 5, 0, 1]",-3,NaN,0,NaN,0,9.291e-6,98752,9.291e-6,98752,36.63495993614197,555929968
6,60,"[0, 4, 2, 0]",-10,NaN,0,NaN,0,1.1083e-5,98752,1.1083e-5,98752,36.634974002838135,556035520
6,61,"[0, 4, 1, 1]",-9,NaN,0,NaN,0,1.1666e-5,98752,1.1666e-5,98752,36.63498783111572,556141088
6,62,"[0, 4, 0, 2]",-8,NaN,0,NaN,0,9.292e-6,98752,9.292e-6,98752,36.63499999046326,556246640
6,63,"[0, 3, 3, 0]",-20,NaN,0,NaN,0,9.75e-6,98752,9.75e-6,98752,36.63501191139221,556352192
6,64,"[0, 3, 2, 1]",-19,NaN,0,NaN,0,8.834e-6,98752,8.834e-6,98752,36.63502383232117,556457744
6,65,"[0, 3, 1, 2]",-18,NaN,0,NaN,0,7.5e-6,98752,7.5e-6,98752,36.63503384590149,556563296
6,66,"[0, 3, 0, 3]",-17,NaN,0,NaN,0,8.458e-6,98752,8.458e-6,98752,36.63504481315613,556668848
6,67,"[0, 2, 4, 0]",-35,NaN,0,NaN,0,9.416e-6,98752,9.416e-6,98752,36.63505792617798,556774400
6,68,"[0, 2, 3, 1]",-34,NaN,0,NaN,0,9.125e-6,98752,9.125e-6,98752,36.63506889343262,556879952
6,69,"[0, 2, 2, 2]",-33,NaN,0,NaN,0,8.583e-6,98752,8.583e-6,98752,36.63508081436157,556985504
6,70,"[0, 2, 1, 3]",-32,NaN,0,NaN,0,7.667e-6,98752,7.667e-6,98752,36.635090827941895,557091056
6,71,"[0, 2, 0, 4]",-31,NaN,0,NaN,0,8.708e-6,98752,8.708e-6,98752,36.63510298728943,557196608
6,72,"[0, 1, 5, 0]",-56,NaN,0,NaN,0,8.625e-6,98752,8.625e-6,98752,36.63511395454407,557302160
6,73,"[0, 1, 4, 1]",-55,NaN,0,NaN,0,8.833e-6,98752,8.833e-6,98752,36.635124921798706,557407712
6,74,"[0, 1, 3, 2]",-54,NaN,0,NaN,0,7.708e-6,98752,7.708e-6,98752,36.635135889053345,557513264
6,75,"[0, 1, 2, 3]",-53,NaN,0,NaN,0,9.167e-6,98752,9.167e-6,98752,36.6351478099823,557618816
6,76,"[0, 1, 1, 4]",-52,NaN,0,NaN,0,9.375e-6,98752,9.375e-6,98752,36.635159969329834,557724368
6,77,"[0, 1, 0, 5]",-51,NaN,0,NaN,0,8.708e-6,98752,8.708e-6,98752,36.63517093658447,557829920
6,78,"[0, 0, 6, 0]",84,1.5583e-5,247312,0.020981667,78368688,NaN,0,0.02099725,78616000,36.65617084503174,545603792
6,79,"[0, 0, 5, 1]",83,2.8875e-5,494976,0.021068417,69046192,NaN,0,0.021097292,69541168,36.67727780342102,537216112
6,80,"[0, 0, 4, 2]",82,2.7292e-5,495008,0.037096167,77435072,NaN,0,0.037123459,77930080,36.714409828186035,554289712
6,81,"[0, 0, 3, 3]",81,0.090403625,495104,0.016546583,43858384,NaN,0,0.106950208,44353488,36.82137489318848,542008784
6,82,"[0, 0, 2, 4]",-80,NaN,0,NaN,0,1.0416e-5,98752,1.0416e-5,98752,36.821393966674805,542114400
6,83,"[0, 0, 1, 5]",-79,NaN,0,NaN,0,9.292e-6,98752,9.292e-6,98752,36.821406841278076,542219968
6,84,"[0, 0, 0, 6]",-78,NaN,0,NaN,0,8.041e-6,98752,8.041e-6,98752,36.8214168548584,542325520
7,1,"[7, 0, 0, 0]",85,2.92e-7,0,0.020252042,63770480,NaN,0,0.020252334,63770480,98.83256196975708,535733584
7,2,"[6, 1, 0, 0]",57,5.83e-7,0,0.027210375,78172096,NaN,0,0.027210957999999997,78172096,98.85979199409485,541689200
7,3,"[6, 0, 1, 0]",87,1.7208e-5,246512,0.021985958,69783456,NaN,0,0.022003166,70029968,98.88181686401367,541747152
7,4,"[6, 0, 0, 1]",86,1.6125e-5,246528,0.019186,78172096,NaN,0,0.019202125,78418624,98.90103888511658,541449968
7,5,"[5, 2, 0, 0]",36,3.75e-7,0,0.020384416,71422144,NaN,0,0.020384791,71422144,98.92144083976746,548283936
7,6,"[5, 1, 1, 0]",59,1.5583e-5,246528,0.0190235,78172096,NaN,0,0.019039083,78418624,98.94049787521362,541450416
7,7,"[5, 1, 0, 1]",58,1.575e-5,246576,0.017939584,71421856,NaN,0,0.017955334,71668432,98.95846796035767,548284384
7,8,"[5, 0, 2, 0]",90,1.5833e-5,246544,0.020863,78172096,NaN,0,0.020878833,78418640,98.97936391830444,541450864
7,9,"[5, 0, 1, 1]",89,3.0167e-5,493152,0.018482792,71421856,NaN,0,0.018512959000000002,71915008,98.99789381027222,548284832
7,10,"[5, 0, 0, 2]",88,1.6625e-5,246608,0.122899333,78172096,NaN,0,0.122915958,78418704,99.12082695960999,541443264
7,11,"[4, 3, 0, 0]",21,4.58e-7,0,0.0192365,84224352,NaN,0,0.019236958,84224352,99.1400818824768,625674480
7,12,"[4, 2, 1, 0]",38,1.6208e-5,246576,0.025072583,85823344,NaN,0,0.025088791,86069920,99.16518783569336,711751216
7,13,"[4, 2, 0, 1]",37,1.5833e-5,246672,0.024708333,80291904,NaN,0,0.024724166,80538576,99.18992781639099,792296656
7,14,"[4, 1, 2, 0]",62,1.5958e-5,246592,0.023297083,78221168,NaN,0,0.023313041,78467760,99.21325302124023,870771280
7,15,"[4, 1, 1, 1]",61,2.9958e-5,493296,0.022655542,69832864,NaN,0,0.0226855,70326160,99.23595786094666,567228336
7,16,"[4, 1, 0, 2]",60,1.4584e-5,246704,0.022807042,86960192,NaN,0,0.022821626,87206896,99.25879001617432,654442096
7,17,"[4, 0, 3, 0]",94,1.6375e-5,246624,0.019463416,69046416,NaN,0,0.019479791,69293040,99.27828097343445,723742000
7,18,"[4, 0, 2, 1]",93,2.9209e-5,493360,0.019500209,78172016,NaN,0,0.019529418,78665376,99.2978298664093,802414240
7,19,"[4, 0, 1, 2]",92,2.9334e-5,493392,0.019760458,72061056,NaN,0,0.019789792,72554448,99.31763100624084,554458592
7,20,"[4, 0, 0, 3]",91,1.4791e-5,246752,0.019813709,86960192,NaN,0,0.0198285,87206944,99.33747291564941,641672400
7,21,"[3, 4, 0, 0]",-11,NaN,0,NaN,0,1.0584e-5,98752,1.0584e-5,98752,99.33749580383301,641778016
7,22,"[3, 3, 1, 0]",23,1.5125e-5,246672,0.027636875,78571584,NaN,0,0.027652000000000003,78818256,99.36515188217163,720603088
7,23,"[3, 3, 0, 1]",-22,NaN,0,NaN,0,9.5e-6,98752,9.5e-6,98752,99.36517190933228,720708704
7,24,"[3, 2, 2, 0]",41,1.4792e-5,246688,0.021692875,77434912,NaN,0,0.021707667,77681600,99.386883020401,586919088
7,25,"[3, 2, 1, 1]",40,2.8167e-5,493552,0.026891875,78571952,NaN,0,0.026920041999999998,79065504,99.41381287574768,531420576
7,26,"[3, 2, 0, 2]",39,1.65e-5,246864,0.027500875,86960192,NaN,0,0.027517375,87207056,99.44134783744812,618634496
7,27,"[3, 1, 3, 0]",66,1.6167e-5,246720,0.020457334,69046240,NaN,0,0.020473501,69292960,99.4618330001831,552536832
7,28,"[3, 1, 2, 1]",65,2.8791e-5,493616,0.024066041,77434816,NaN,0,0.024094832,77928432,99.4859390258789,545604944
7,29,"[3, 1, 1, 2]",64,2.5208e-5,493648,0.019868542,78571648,NaN,0,0.019893749999999998,79065296,99.50583982467651,531420544
7,30,"[3, 1, 0, 3]",63,1.4584e-5,246912,0.027137167,86960256,NaN,0,0.027151751000000002,87207168,99.53300285339355,540677504
7,31,"[3, 0, 4, 0]",99,1.625e-5,246768,0.020560958,69046480,NaN,0,0.020577208,69293248,99.55359697341919,538084656
7,32,"[3, 0, 3, 1]",98,2.6417e-5,493712,0.025003625,77434784,NaN,0,0.025030042000000002,77928496,99.57863593101501,554291152
7,33,"[3, 0, 2, 2]",97,0.015033625,493808,0.112947292,77434736,NaN,0,0.127980917,77928544,99.70662498474121,549392224
7,34,"[3, 0, 1, 3]",96,2.9542e-5,493776,0.022836708,78571584,NaN,0,0.02286625,79065360,99.72950482368469,628464448
7,35,"[3, 0, 0, 4]",95,1.5791e-5,246976,0.0243,86960192,NaN,0,0.024315791,87207168,99.753830909729,715678480
7,36,"[2, 5, 0, 0]",-5,NaN,0,NaN,0,1.3334e-5,98752,1.3334e-5,98752,99.75385189056396,715784080
7,37,"[2, 4, 1, 0]",-13,NaN,0,NaN,0,1.175e-5,98752,1.175e-5,98752,99.75386691093445,715889632
7,38,"[2, 4, 0, 1]",-12,NaN,0,NaN,0,9.167e-6,98752,9.167e-6,98752,99.7538788318634,715995184
7,39,"[2, 3, 2, 0]",-26,NaN,0,NaN,0,9.0e-6,98752,9.0e-6,98752,99.75388979911804,716100736
7,40,"[2, 3, 1, 1]",-25,NaN,0,NaN,0,1.2e-5,98752,1.2e-5,98752,99.75390481948853,716206288
7,41,"[2, 3, 0, 2]",-24,NaN,0,NaN,0,9.084e-6,98752,9.084e-6,98752,99.75391697883606,716311840
7,42,"[2, 2, 3, 0]",45,1.425e-5,246880,0.024490208,70487920,NaN,0,0.024504458,70734800,99.77842497825623,787053440
7,43,"[2, 2, 2, 1]",44,2.8583e-5,494016,0.028710792,95824496,NaN,0,0.028739374999999998,96318512,99.80717086791992,557875472
7,44,"[2, 2, 1, 2]",-43,NaN,0,NaN,0,9.166e-6,98752,9.166e-6,98752,99.80718994140625,557981088
7,45,"[2, 2, 0, 3]",-42,NaN,0,NaN,0,9.625e-6,98752,9.625e-6,98752,99.8072018623352,558086640
7,46,"[2, 1, 4, 0]",71,1.4542e-5,246928,0.022679583,69046128,NaN,0,0.022694125,69293056,99.82990002632141,627386496
7,47,"[2, 1, 3, 1]",70,2.7584e-5,494112,0.027025541,77434736,NaN,0,0.027053125,77928848,99.8569610118866,705322208
7,48,"[2, 1, 2, 2]",69,3.2291e-5,494144,0.021437083,78571584,NaN,0,0.021469374,79065728,99.87844491004944,784394800
7,49,"[2, 1, 1, 3]",68,2.8292e-5,494176,0.029418417,91613248,NaN,0,0.029446708999999998,92107424,99.9079020023346,876509088
7,50,"[2, 1, 0, 4]",67,1.6459e-5,247216,0.020469083,78221472,NaN,0,0.020485542,78468688,99.928395986557,570472320
7,51,"[2, 0, 5, 0]",105,1.4917e-5,246992,0.022758625,77435024,NaN,0,0.022773542,77682016,99.95117783546448,648161200
7,52,"[2, 0, 4, 1]",104,2.8333e-5,494240,0.020970542,69046128,NaN,0,0.020998874999999997,69540368,99.97218489646912,717708432
7,53,"[2, 0, 3, 2]",103,2.8458e-5,494272,0.019913709,77434928,NaN,0,0.019942167,77929200,99.9921338558197,577619872
7,54,"[2, 0, 2, 3]",102,3.0459e-5,494304,0.021837208,78571584,NaN,0,0.021867667,79065888,100.01401996612549,656692624
7,55,"[2, 0, 1, 4]",101,3.0708e-5,494336,0.023698625,86960320,NaN,0,0.023729333000000002,87454656,100.03776597976685,583116768
7,56,"[2, 0, 0, 5]",100,1.6584e-5,247296,0.021919834,69046208,NaN,0,0.021936418,69293504,100.05971384048462,538324480
7,57,"[1, 6, 0, 0]",-2,NaN,0,NaN,0,1.075e-5,98752,1.075e-5,98752,100.05973291397095,538430096
7,58,"[1, 5, 1, 0]",-7,NaN,0,NaN,0,9.875e-6,98752,9.875e-6,98752,100.05974698066711,538535648
7,59,"[1, 5, 0, 1]",-6,NaN,0,NaN,0,9.792e-6,98752,9.792e-6,98752,100.05975890159607,538641200
7,60,"[1, 4, 2, 0]",-16,NaN,0,NaN,0,8.833e-6,98752,8.833e-6,98752,100.05977082252502,538746752
7,61,"[1, 4, 1, 1]",-15,NaN,0,NaN,0,9.708e-6,98752,9.708e-6,98752,100.05978393554688,538852304
7,62,"[1, 4, 0, 2]",-14,NaN,0,NaN,0,9.625e-6,98752,9.625e-6,98752,100.05979585647583,538957856
7,63,"[1, 3, 3, 0]",-30,NaN,0,NaN,0,9.083e-6,98752,9.083e-6,98752,100.05980682373047,539063408
7,64,"[1, 3, 2, 1]",-29,NaN,0,NaN,0,9.834e-6,98752,9.834e-6,98752,100.05981993675232,539168960
7,65,"[1, 3, 1, 2]",-28,NaN,0,NaN,0,8.667e-6,98752,8.667e-6,98752,100.05983090400696,539274512
7,66,"[1, 3, 0, 3]",-27,NaN,0,NaN,0,9.166e-6,98752,9.166e-6,98752,100.05984282493591,539380064
7,67,"[1, 2, 4, 0]",-50,NaN,0,NaN,0,1.3958e-5,98752,1.3958e-5,98752,100.05985999107361,539485616
7,68,"[1, 2, 3, 1]",-49,NaN,0,NaN,0,1.6583e-5,98752,1.6583e-5,98752,100.05987882614136,539591184
7,69,"[1, 2, 2, 2]",-48,NaN,0,NaN,0,1.4541e-5,98752,1.4541e-5,98752,100.05989599227905,539696752
7,70,"[1, 2, 1, 3]",-47,NaN,0,NaN,0,1.3291e-5,98752,1.3291e-5,98752,100.05991196632385,539802320
7,71,"[1, 2, 0, 4]",-46,NaN,0,NaN,0,1.5791e-5,98752,1.5791e-5,98752,100.05992984771729,539907888
7,72,"[1, 1, 5, 0]",77,1.5458e-5,247232,0.019251416,77435088,NaN,0,0.019266874,77682320,100.07920002937317,545604048
7,73,"[1, 1, 4, 1]",76,2.9292e-5,494816,0.018635458,69046128,NaN,0,0.01866475,69540944,100.09788179397583,615151856
7,74,"[1, 1, 3, 2]",75,3.2084e-5,494848,0.021466584,86960320,NaN,0,0.021498668000000002,87455168,100.11939787864685,534911728
7,75,"[1, 1, 2, 3]",-74,NaN,0,NaN,0,9.792e-6,98752,9.792e-6,98752,100.11941981315613,535017344
7,76,"[1, 1, 1, 4]",-73,NaN,0,NaN,0,9.333e-6,98752,9.333e-6,98752,100.11943292617798,535122896
7,77,"[1, 1, 0, 5]",-72,NaN,0,NaN,0,9.083e-6,98752,9.083e-6,98752,100.11944484710693,535228448
7,78,"[1, 0, 6, 0]",112,1.6375e-5,247312,0.024717625,98401616,NaN,0,0.024734,98648928,100.14418196678162,541486560
7,79,"[1, 0, 5, 1]",111,2.9083e-5,494976,0.026943375,106790224,NaN,0,0.026972457999999998,107285200,100.17116498947144,564996736
7,80,"[1, 0, 4, 2]",110,2.9083e-5,495008,0.044345125,98401616,NaN,0,0.044374208,98896624,100.2155499458313,562550784
7,81,"[1, 0, 3, 3]",109,3.1916e-5,495040,0.116986167,87697808,NaN,0,0.11701808300000001,88192848,100.33258080482483,548494240
7,82,"[1, 0, 2, 4]",108,2.9041e-5,495072,0.021624167,86960192,NaN,0,0.021653208,87455264,100.35424590110779,635956368
7,83,"[1, 0, 1, 5]",107,3.1084e-5,495104,0.03138275,98401520,NaN,0,0.031413834,98896624,100.38566780090332,734859856
7,84,"[1, 0, 0, 6]",106,1.6125e-5,247728,0.032645833,115391728,NaN,0,0.032661958,115639456,100.41833996772766,850506176
7,85,"[0, 7, 0, 0]",-1,NaN,0,NaN,0,1.55e-5,98752,1.55e-5,98752,100.41836595535278,850611792
7,86,"[0, 6, 1, 0]",-4,NaN,0,NaN,0,1.2708e-5,98752,1.2708e-5,98752,100.41838192939758,850717344
7,87,"[0, 6, 0, 1]",-3,NaN,0,NaN,0,9.25e-6,98752,9.25e-6,98752,100.41839385032654,850822912
7,88,"[0, 5, 2, 0]",-10,NaN,0,NaN,0,7.834e-6,98752,7.834e-6,98752,100.41840481758118,850928464
7,89,"[0, 5, 1, 1]",-9,NaN,0,NaN,0,8.542e-6,98752,8.542e-6,98752,100.4184160232544,851034016
7,90,"[0, 5, 0, 2]",-8,NaN,0,NaN,0,1.825e-5,98752,1.825e-5,98752,100.41843795776367,851139568
7,91,"[0, 4, 3, 0]",-20,NaN,0,NaN,0,1.8625e-5,98752,1.8625e-5,98752,100.41845893859863,851245120
7,92,"[0, 4, 2, 1]",-19,NaN,0,NaN,0,1.6834e-5,98752,1.6834e-5,98752,100.41847801208496,851350688
7,93,"[0, 4, 1, 2]",-18,NaN,0,NaN,0,1.3584e-5,98752,1.3584e-5,98752,100.41849398612976,851456256
7,94,"[0, 4, 0, 3]",-17,NaN,0,NaN,0,1.7708e-5,98752,1.7708e-5,98752,100.4185140132904,851561824
7,95,"[0, 3, 4, 0]",-35,NaN,0,NaN,0,1.4042e-5,98752,1.4042e-5,98752,100.4185299873352,851667392
7,96,"[0, 3, 3, 1]",-34,NaN,0,NaN,0,1.5542e-5,98752,1.5542e-5,98752,100.41854786872864,851772960
7,97,"[0, 3, 2, 2]",-33,NaN,0,NaN,0,1.1083e-5,98752,1.1083e-5,98752,100.4185619354248,851878528
7,98,"[0, 3, 1, 3]",-32,NaN,0,NaN,0,8.75e-6,98752,8.75e-6,98752,100.41857385635376,851984096
7,99,"[0, 3, 0, 4]",-31,NaN,0,NaN,0,9.416e-6,98752,9.416e-6,98752,100.4185860157013,852089648
7,100,"[0, 2, 5, 0]",-56,NaN,0,NaN,0,1.2292e-5,98752,1.2292e-5,98752,100.4186007976532,852195200
7,101,"[0, 2, 4, 1]",-55,NaN,0,NaN,0,8.583e-6,98752,8.583e-6,98752,100.41861200332642,852300768
7,102,"[0, 2, 3, 2]",-54,NaN,0,NaN,0,1.0e-5,98752,1.0e-5,98752,100.41873502731323,852406336
7,103,"[0, 2, 2, 3]",-53,NaN,0,NaN,0,9.166e-6,98752,9.166e-6,98752,100.41874694824219,852511888
7,104,"[0, 2, 1, 4]",-52,NaN,0,NaN,0,1.5208e-5,98752,1.5208e-5,98752,100.41876482963562,852617456
7,105,"[0, 2, 0, 5]",-51,NaN,0,NaN,0,1.5083e-5,98752,1.5083e-5,98752,100.41878390312195,852723024
7,106,"[0, 1, 6, 0]",-84,NaN,0,NaN,0,1.425e-5,98752,1.425e-5,98752,100.41879987716675,852828592
7,107,"[0, 1, 5, 1]",-83,NaN,0,NaN,0,1.575e-5,98752,1.575e-5,98752,100.41881895065308,852934160
7,108,"[0, 1, 4, 2]",-82,NaN,0,NaN,0,1.7334e-5,98752,1.7334e-5,98752,100.4188380241394,853039728
7,109,"[0, 1, 3, 3]",-81,NaN,0,NaN,0,1.425e-5,98752,1.425e-5,98752,100.41885495185852,853145296
7,110,"[0, 1, 2, 4]",-80,NaN,0,NaN,0,1.6958e-5,98752,1.6958e-5,98752,100.41887497901917,853250864
7,111,"[0, 1, 1, 5]",-79,NaN,0,NaN,0,1.3542e-5,98752,1.3542e-5,98752,100.41889095306396,853356432
7,112,"[0, 1, 0, 6]",-78,NaN,0,NaN,0,1.7833e-5,98752,1.7833e-5,98752,100.41891098022461,853462000
7,113,"[0, 0, 7, 0]",120,1.5958e-5,247744,0.0207435,74207408,NaN,0,0.020759458,74455152,100.43967294692993,596079088
7,114,"[0, 0, 6, 1]",119,3.0958e-5,495952,0.0302095,77434736,NaN,0,0.030240458,77930688,100.46992182731628,674016640
7,115,"[0, 0, 5, 2]",118,3.425e-5,495984,0.018479375,69046416,NaN,0,0.018513625,69542400,100.48845481872559,743565904
7,116,"[0, 0, 4, 3]",117,3.1792e-5,496016,0.037381875,87697472,NaN,0,0.037413667000000005,88193488,100.52587985992432,831766256
7,117,"[0, 0, 3, 4]",-116,NaN,0,NaN,0,9.834e-6,98752,9.834e-6,98752,100.52590990066528,831871888
7,118,"[0, 0, 2, 5]",-115,NaN,0,NaN,0,9.25e-6,98752,9.25e-6,98752,100.52592301368713,831977456
7,119,"[0, 0, 1, 6]",-114,NaN,0,NaN,0,1.25e-5,98752,1.25e-5,98752,100.52593898773193,832083008
7,120,"[0, 0, 0, 7]",-113,NaN,0,NaN,0,1.7e-5,98752,1.7e-5,98752,100.52595782279968,832188560
8,1,"[8, 0, 0, 0]",121,3.75e-7,0,0.020180708,63229808,NaN,0,0.020181083,63229808,263.9220299720764,539792320
8,2,"[7, 1, 0, 0]",85,4.58e-7,0,0.020712542,77631424,NaN,0,0.020713,77631424,263.9427628517151,540955120
8,3,"[7, 0, 1, 0]",123,1.5708e-5,246512,0.019617084,69242800,NaN,0,0.019632792,69489312,263.9624168872833,532566960
8,4,"[7, 0, 0, 1]",122,1.5334e-5,246528,0.020017792,77631696,NaN,0,0.020033126,77878224,263.9824697971344,540715888
8,5,"[6, 2, 0, 0]",57,4.17e-7,0,0.020606333,69980064,NaN,0,0.02060675,69980064,264.003093957901,546845344
8,6,"[6, 1, 1, 0]",87,1.7042e-5,246528,0.01922075,77631424,NaN,0,0.019237792,77877952,264.02234983444214,540716336
8,7,"[6, 1, 0, 1]",86,1.525e-5,246576,0.019711834,69980064,NaN,0,0.019727084000000002,70226640,264.0420939922333,546845792
8,8,"[6, 0, 2, 0]",126,1.5833e-5,246544,0.12429475,77631424,NaN,0,0.124310583,77877968,264.1664209365845,540705984
8,9,"[6, 0, 1, 1]",125,2.9375e-5,493152,0.017558125,69980016,NaN,0,0.017587500000000002,70473168,264.1840238571167,611186016
8,10,"[6, 0, 0, 2]",124,1.5833e-5,246608,0.026492042,79106192,NaN,0,0.026507875,79352800,264.2105460166931,690545680
8,11,"[5, 3, 0, 0]",36,4.16e-7,0,0.018392083,70717296,NaN,0,0.018392499,70717296,264.2289550304413,761269840
8,12,"[5, 2, 1, 0]",59,1.725e-5,246576,0.019706667,85905264,NaN,0,0.019723917,86151840,264.2486979961395,847428496
8,13,"[5, 2, 0, 1]",58,1.625e-5,246672,0.023393916,75075760,NaN,0,0.023410166,75322432,264.27212285995483,556805392
8,14,"[5, 1, 2, 0]",90,1.3792e-5,246592,0.021836625,77434736,NaN,0,0.021850416999999997,77681328,264.2939829826355,634493584
8,15,"[5, 1, 1, 1]",89,2.8041e-5,493296,0.018643166,69046128,NaN,0,0.018671207,69539424,264.31266593933105,704039872
8,16,"[5, 1, 0, 2]",88,1.7917e-5,246704,0.018055792,78172304,NaN,0,0.018073709,78419008,264.330757856369,782465744
8,17,"[5, 0, 3, 0]",130,1.6667e-5,246624,0.023790666,73305968,NaN,0,0.023807333,73552592,264.35458302497864,856025200
8,18,"[5, 0, 2, 1]",129,2.8125e-5,493360,0.024803834,87543664,NaN,0,0.024831959,88037024,264.3794279098511,944069088
8,19,"[5, 0, 1, 2]",128,2.9958e-5,493392,0.018660916,74944736,NaN,0,0.018690874,75438128,264.39813685417175,588101456
8,20,"[5, 0, 0, 3]",127,1.525e-5,246752,0.024402292,77434736,NaN,0,0.024417542,77681488,264.4225687980652,665789808
8,21,"[4, 4, 0, 0]",21,2.08e-7,0,0.015716583,47528400,NaN,0,0.015716791,47528400,264.43829584121704,713325072
8,22,"[4, 3, 1, 0]",38,1.5166e-5,246672,0.020307292,69128544,NaN,0,0.020322458,69375216,264.4586248397827,549804192
8,23,"[4, 3, 0, 1]",37,1.5125e-5,246832,0.019743333,77434736,NaN,0,0.019758458,77681568,264.47839403152466,627492624
8,24,"[4, 2, 2, 0]",62,1.3917e-5,246688,0.023691,69046128,NaN,0,0.023704917,69292816,264.5021069049835,696792304
8,25,"[4, 2, 1, 1]",61,3.1958e-5,493552,0.020075417,77434912,NaN,0,0.020107375,77928464,264.52222990989685,577620224
8,26,"[4, 2, 0, 2]",60,1.6375e-5,246864,0.021049958,69046208,NaN,0,0.021066333,69293072,264.543310880661,537216496
8,27,"[4, 1, 3, 0]",94,1.4209e-5,246720,0.01890025,77434736,NaN,0,0.018914459,77681456,264.56223702430725,614904816
8,28,"[4, 1, 2, 1]",93,2.8334e-5,493616,0.024632708,69046528,NaN,0,0.024661042,69540144,264.58690786361694,555396656
8,29,"[4, 1, 1, 2]",92,3.6917e-5,493648,0.021786167,77434800,NaN,0,0.021823084,77928448,264.60873889923096,554291408
8,30,"[4, 1, 0, 3]",91,1.4792e-5,246912,0.019051459,77434816,NaN,0,0.019066251,77681728,264.6278169155121,540707584
8,31,"[4, 0, 4, 0]",135,1.6875e-5,246768,0.019477667,69046192,NaN,0,0.019494542,69292960,264.64732789993286,543160400
8,32,"[4, 0, 3, 1]",134,2.7333e-5,493712,0.035146,77434784,NaN,0,0.035173332999999994,77928496,264.68251299858093,560234096
8,33,"[4, 0, 2, 2]",133,3.4e-5,493744,0.115801667,77434800,NaN,0,0.115835667,77928544,264.7983629703522,575386496
8,34,"[4, 0, 1, 3]",132,2.825e-5,493776,0.021022583,69046416,NaN,0,0.021050833,69540192,264.8194258213043,644933552
8,35,"[4, 0, 0, 4]",131,1.5625e-5,246976,0.0257325,77434736,NaN,0,0.025748124999999997,77681712,264.84518480300903,722622128
8,36,"[3, 5, 0, 0]",-11,NaN,0,NaN,0,1.5042e-5,98752,1.5042e-5,98752,264.8452069759369,722727744
8,37,"[3, 4, 1, 0]",-23,NaN,0,NaN,0,8.209e-6,98752,8.209e-6,98752,264.84521889686584,722833312
8,38,"[3, 4, 0, 1]",-22,NaN,0,NaN,0,9.041e-6,98752,9.041e-6,98752,264.8452308177948,722938864
8,39,"[3, 3, 2, 0]",41,1.3833e-5,246848,0.024158125,71667568,NaN,0,0.024171958,71914416,264.86940598487854,794860080
8,40,"[3, 3, 1, 1]",40,2.7875e-5,493952,0.022125458,59374032,NaN,0,0.022153333,59867984,264.89156699180603,854734928
8,41,"[3, 3, 0, 2]",-39,NaN,0,NaN,0,9.292e-6,98752,9.292e-6,98752,264.89158296585083,854840544
8,42,"[3, 2, 3, 0]",66,1.4334e-5,246880,0.021129125,80875696,NaN,0,0.021143459,81122576,264.9127309322357,595286656
8,43,"[3, 2, 2, 1]",65,3.1916e-5,494016,0.019352416,69046128,NaN,0,0.019384332,69540144,264.93213295936584,664833664
8,44,"[3, 2, 1, 2]",64,2.9708e-5,494048,0.029502917,77435024,NaN,0,0.029532625,77929072,264.9616758823395,742769600
8,45,"[3, 2, 0, 3]",63,1.6583e-5,247152,0.020164917,69865328,NaN,0,0.0201815,70112480,264.98186802864075,812888944
8,46,"[3, 1, 4, 0]",99,1.8e-5,246928,0.0216615,84971376,NaN,0,0.0216795,85218304,265.0035648345947,898114112
8,47,"[3, 1, 3, 1]",98,2.875e-5,494112,0.025619875,70766768,NaN,0,0.025648625,71260880,265.0292239189148,588308656
8,48,"[3, 1, 2, 2]",97,2.8375e-5,494144,0.025109958,77434736,NaN,0,0.025138333000000002,77928880,265.05437183380127,666244400
8,49,"[3, 1, 1, 3]",96,2.8625e-5,494176,0.023080958,69046128,NaN,0,0.023109583,69540304,265.07748794555664,735791568
8,50,"[3, 1, 0, 4]",95,1.825e-5,247216,0.018318208,77435216,NaN,0,0.018336458,77682432,265.09584283828735,585181904
8,51,"[3, 0, 5, 0]",141,1.6084e-5,246992,0.02722,69046128,NaN,0,0.027236084,69293120,265.1230888366699,654481888
8,52,"[3, 0, 4, 1]",140,2.9209e-5,494240,0.022210125,77434864,NaN,0,0.022239334,77929104,265.1453378200531,572722336
8,53,"[3, 0, 3, 2]",139,2.9916e-5,494272,0.019707125,69046208,NaN,0,0.019737041,69540480,265.1650938987732,537215584
8,54,"[3, 0, 2, 3]",138,2.7875e-5,494304,0.019598791,77434736,NaN,0,0.019626666,77929040,265.1847288608551,615151488
8,55,"[3, 0, 1, 4]",137,2.9541e-5,494336,0.022986541,69046240,NaN,0,0.023016082,69540576,265.20775389671326,555395744
8,56,"[3, 0, 0, 5]",136,1.5958e-5,247296,0.02059875,77435088,NaN,0,0.020614708,77682384,265.2283790111542,554290496
8,57,"[2, 6, 0, 0]",-5,NaN,0,NaN,0,1.0625e-5,98752,1.0625e-5,98752,265.22840094566345,554396112
8,58,"[2, 5, 1, 0]",-13,NaN,0,NaN,0,9.667e-6,98752,9.667e-6,98752,265.2284150123596,554501680
8,59,"[2, 5, 0, 1]",-12,NaN,0,NaN,0,8.709e-6,98752,8.709e-6,98752,265.2284269332886,554607232
8,60,"[2, 4, 2, 0]",-26,NaN,0,NaN,0,7.875e-6,98752,7.875e-6,98752,265.2284369468689,554712784
8,61,"[2, 4, 1, 1]",-25,NaN,0,NaN,0,1.1625e-5,98752,1.1625e-5,98752,265.22845101356506,554818336
8,62,"[2, 4, 0, 2]",-24,NaN,0,NaN,0,1.2084e-5,98752,1.2084e-5,98752,265.22846579551697,554923904
8,63,"[2, 3, 3, 0]",-45,NaN,0,NaN,0,8.542e-6,98752,8.542e-6,98752,265.2284770011902,555029472
8,64,"[2, 3, 2, 1]",-44,NaN,0,NaN,0,8.542e-6,98752,8.542e-6,98752,265.2284879684448,555135024
8,65,"[2, 3, 1, 2]",-43,NaN,0,NaN,0,7.791e-6,98752,7.791e-6,98752,265.22849893569946,555240576
8,66,"[2, 3, 0, 3]",-42,NaN,0,NaN,0,8.792e-6,98752,8.792e-6,98752,265.2285099029541,555346128
8,67,"[2, 2, 4, 0]",71,1.5542e-5,247168,0.026437125,77434816,NaN,0,0.026452667,77681984,265.2549660205841,540706784
8,68,"[2, 2, 3, 1]",70,2.9167e-5,494688,0.018039625,69046192,NaN,0,0.018068792,69540880,265.2730519771576,543159600
8,69,"[2, 2, 2, 2]",69,2.7542e-5,494720,0.018244333,46840320,NaN,0,0.018271875,47335040,265.2913308143616,525031920
8,70,"[2, 2, 1, 3]",-68,NaN,0,NaN,0,9.708e-6,98752,9.708e-6,98752,265.29135298728943,525137536
8,71,"[2, 2, 0, 4]",-67,NaN,0,NaN,0,8.667e-6,98752,8.667e-6,98752,265.2913649082184,525243088
8,72,"[2, 1, 5, 0]",105,1.6959e-5,247232,0.021094167,77434816,NaN,0,0.021111126,77682048,265.31247997283936,546650720
8,73,"[2, 1, 4, 1]",104,2.9542e-5,494816,0.018920417,77434768,NaN,0,0.018949959,77929584,265.3314440250397,567714656
8,74,"[2, 1, 3, 2]",103,2.9375e-5,494848,0.127827917,69046496,NaN,0,0.127857292,69541344,265.459312915802,541003648
8,75,"[2, 1, 2, 3]",102,3.8125e-5,494880,0.021722666,77434736,NaN,0,0.021760791,77929616,265.4810860157013,618940128
8,76,"[2, 1, 1, 4]",101,3.0334e-5,494912,0.022207375,69046128,NaN,0,0.022237709,69541040,265.5033338069916,688488032
8,77,"[2, 1, 0, 5]",100,2.0833e-5,247632,0.024579542,78172016,NaN,0,0.024600375,78419648,265.52794098854065,766914544
8,78,"[2, 0, 6, 0]",148,1.5209e-5,247312,0.025684875,73305968,NaN,0,0.025700083999999998,73553280,265.5536479949951,840474688
8,79,"[2, 0, 5, 1]",147,3.1458e-5,494976,0.021483125,86610096,NaN,0,0.021514583,87105072,265.57517886161804,576256256
8,80,"[2, 0, 4, 2]",146,2.8792e-5,495008,0.019861375,77435024,NaN,0,0.019890167,77930032,265.5950779914856,654193152
8,81,"[2, 0, 3, 3]",145,2.9792e-5,495040,0.024683917,69046128,NaN,0,0.024713709,69541168,265.6197988986969,723741184
8,82,"[2, 0, 2, 4]",144,3.3583e-5,495072,0.0189255,77434736,NaN,0,0.018959083,77929808,265.63876700401306,801677856
8,83,"[2, 0, 1, 5]",143,2.9417e-5,495104,0.022036167,71667568,NaN,0,0.022065584,72162672,265.6608409881592,873847392
8,84,"[2, 0, 0, 6]",142,1.475e-5,247728,0.028091708,80875696,NaN,0,0.028106458,81123424,265.6889548301697,589135200
8,85,"[1, 7, 0, 0]",-2,NaN,0,NaN,0,1.0917e-5,98752,1.0917e-5,98752,265.688973903656,589240816
8,86,"[1, 6, 1, 0]",-7,NaN,0,NaN,0,9.708e-6,98752,9.708e-6,98752,265.68898582458496,589346368
8,87,"[1, 6, 0, 1]",-6,NaN,0,NaN,0,9.5e-6,98752,9.5e-6,98752,265.6889989376068,589451920
8,88,"[1, 5, 2, 0]",-16,NaN,0,NaN,0,7.916e-6,98752,7.916e-6,98752,265.68900895118713,589557472
8,89,"[1, 5, 1, 1]",-15,NaN,0,NaN,0,9.167e-6,98752,9.167e-6,98752,265.6890208721161,589663024
8,90,"[1, 5, 0, 2]",-14,NaN,0,NaN,0,9.333e-6,98752,9.333e-6,98752,265.6890330314636,589768576
8,91,"[1, 4, 3, 0]",-30,NaN,0,NaN,0,9.333e-6,98752,9.333e-6,98752,265.6890449523926,589874128
8,92,"[1, 4, 2, 1]",-29,NaN,0,NaN,0,8.542e-6,98752,8.542e-6,98752,265.6890559196472,589979680
8,93,"[1, 4, 1, 2]",-28,NaN,0,NaN,0,7.834e-6,98752,7.834e-6,98752,265.68906688690186,590085232
8,94,"[1, 4, 0, 3]",-27,NaN,0,NaN,0,9.208e-6,98752,9.208e-6,98752,265.6890788078308,590190784
8,95,"[1, 3, 4, 0]",-50,NaN,0,NaN,0,9.292e-6,98752,9.292e-6,98752,265.68909096717834,590296336
8,96,"[1, 3, 3, 1]",-49,NaN,0,NaN,0,9.25e-6,98752,9.25e-6,98752,265.6891028881073,590401888
8,97,"[1, 3, 2, 2]",-48,NaN,0,NaN,0,7.208e-6,98752,7.208e-6,98752,265.6891129016876,590507440
8,98,"[1, 3, 1, 3]",-47,NaN,0,NaN,0,9.0e-6,98752,9.0e-6,98752,265.68912386894226,590612992
8,99,"[1, 3, 0, 4]",-46,NaN,0,NaN,0,9.292e-6,98752,9.292e-6,98752,265.6891360282898,590718544
8,100,"[1, 2, 5, 0]",-77,NaN,0,NaN,0,9.292e-6,98752,9.292e-6,98752,265.68914794921875,590824096
8,101,"[1, 2, 4, 1]",-76,NaN,0,NaN,0,8.917e-6,98752,8.917e-6,98752,265.6891598701477,590929664
8,102,"[1, 2, 3, 2]",-75,NaN,0,NaN,0,7.75e-6,98752,7.75e-6,98752,265.689169883728,591035216
8,103,"[1, 2, 2, 3]",-74,NaN,0,NaN,0,9.333e-6,98752,9.333e-6,98752,265.6891829967499,591140768
8,104,"[1, 2, 1, 4]",-73,NaN,0,NaN,0,1.1834e-5,98752,1.1834e-5,98752,265.68919682502747,591246320
8,105,"[1, 2, 0, 5]",-72,NaN,0,NaN,0,9.375e-6,98752,9.375e-6,98752,265.689208984375,591351888
8,106,"[1, 1, 6, 0]",112,1.55e-5,247648,0.021830583,69046128,NaN,0,0.021846083000000002,69293776,265.71105694770813,660652464
8,107,"[1, 1, 5, 1]",111,2.9625e-5,495760,0.025046833,77435168,NaN,0,0.025076458,77930928,265.7361400127411,550501488
8,108,"[1, 1, 4, 2]",110,3.1458e-5,495792,0.017708959,69046128,NaN,0,0.017740417,69541920,265.7538969516754,620050272
8,109,"[1, 1, 3, 3]",109,3.2542e-5,495824,0.012538084,45349328,NaN,0,0.012570626,45845152,265.7664818763733,665902288
8,110,"[1, 1, 2, 4]",-108,NaN,0,NaN,0,1.0084e-5,98752,1.0084e-5,98752,265.76650190353394,666007904
8,111,"[1, 1, 1, 5]",-107,NaN,0,NaN,0,7.042e-6,98752,7.042e-6,98752,265.76651191711426,666113472
8,112,"[1, 1, 0, 6]",-106,NaN,0,NaN,0,7.792e-6,98752,7.792e-6,98752,265.7665228843689,666219040
8,113,"[1, 0, 7, 0]",156,1.6916e-5,247744,0.026838708,107052480,NaN,0,0.026855623999999998,107300224,265.7933819293976,584474608
8,114,"[1, 0, 6, 1]",155,3.1791e-5,495952,0.028900375,97713488,NaN,0,0.028932166,98209440,265.8223309516907,562711584
8,115,"[1, 0, 5, 2]",154,3.0416e-5,495984,0.03022825,106102096,NaN,0,0.030258666,106598080,265.852600812912,571100192
8,116,"[1, 0, 4, 3]",153,2.925e-5,496016,0.028426541,97713792,NaN,0,0.028455791,98209808,265.8810667991638,549127760
8,117,"[1, 0, 3, 4]",152,3.0208e-5,496048,0.013865083,46840272,NaN,0,0.013895291,47336320,265.8949749469757,596470944
8,118,"[1, 0, 2, 5]",151,3.0542e-5,496080,0.04247175,106102160,NaN,0,0.042502292000000004,106598240,265.9374840259552,555817760
8,119,"[1, 0, 1, 6]",150,3.5375e-5,496112,0.116673417,97713440,NaN,0,0.116708792,98209552,266.0542109012604,567604896
8,120,"[1, 0, 0, 7]",149,1.85e-5,248288,0.034786166,106102000,NaN,0,0.034804666,106350288,266.08903098106384,673962048
8,121,"[0, 8, 0, 0]",-1,NaN,0,NaN,0,9.625e-6,98752,9.625e-6,98752,266.0890510082245,674067664
8,122,"[0, 7, 1, 0]",-4,NaN,0,NaN,0,8.958e-6,98752,8.958e-6,98752,266.08906292915344,674173216
8,123,"[0, 7, 0, 1]",-3,NaN,0,NaN,0,8.834e-6,98752,8.834e-6,98752,266.0890748500824,674278768
8,124,"[0, 6, 2, 0]",-10,NaN,0,NaN,0,9.583e-6,98752,9.583e-6,98752,266.08908700942993,674384320
8,125,"[0, 6, 1, 1]",-9,NaN,0,NaN,0,1.0291e-5,98752,1.0291e-5,98752,266.0890998840332,674489888
8,126,"[0, 6, 0, 2]",-8,NaN,0,NaN,0,8.916e-6,98752,8.916e-6,98752,266.08911180496216,674595456
8,127,"[0, 5, 3, 0]",-20,NaN,0,NaN,0,1.4375e-5,98752,1.4375e-5,98752,266.08912897109985,674701008
8,128,"[0, 5, 2, 1]",-19,NaN,0,NaN,0,1.5125e-5,98752,1.5125e-5,98752,266.0891468524933,674806576
8,129,"[0, 5, 1, 2]",-18,NaN,0,NaN,0,1.4833e-5,98752,1.4833e-5,98752,266.0891649723053,674912144
8,130,"[0, 5, 0, 3]",-17,NaN,0,NaN,0,1.6292e-5,98752,1.6292e-5,98752,266.08918285369873,675017712
8,131,"[0, 4, 4, 0]",-35,NaN,0,NaN,0,9.292e-6,98752,9.292e-6,98752,266.08919501304626,675123280
8,132,"[0, 4, 3, 1]",-34,NaN,0,NaN,0,8.834e-6,98752,8.834e-6,98752,266.0892069339752,675228848
8,133,"[0, 4, 2, 2]",-33,NaN,0,NaN,0,8.75e-6,98752,8.75e-6,98752,266.08921790122986,675334400
8,134,"[0, 4, 1, 3]",-32,NaN,0,NaN,0,8.084e-6,98752,8.084e-6,98752,266.0892288684845,675439952
8,135,"[0, 4, 0, 4]",-31,NaN,0,NaN,0,8.958e-6,98752,8.958e-6,98752,266.08924102783203,675545504
8,136,"[0, 3, 5, 0]",-56,NaN,0,NaN,0,8.666e-6,98752,8.666e-6,98752,266.08925199508667,675651072
8,137,"[0, 3, 4, 1]",-55,NaN,0,NaN,0,1.1375e-5,98752,1.1375e-5,98752,266.08926582336426,675756640
8,138,"[0, 3, 3, 2]",-54,NaN,0,NaN,0,8.334e-6,98752,8.334e-6,98752,266.0892779827118,675862208
8,139,"[0, 3, 2, 3]",-53,NaN,0,NaN,0,7.667e-6,98752,7.667e-6,98752,266.0892879962921,675967760
8,140,"[0, 3, 1, 4]",-52,NaN,0,NaN,0,9.083e-6,98752,9.083e-6,98752,266.08929896354675,676073312
8,141,"[0, 3, 0, 5]",-51,NaN,0,NaN,0,1.2208e-5,98752,1.2208e-5,98752,266.08931398391724,676178880
8,142,"[0, 2, 6, 0]",-84,NaN,0,NaN,0,9.417e-6,98752,9.417e-6,98752,266.0893259048462,676284448
8,143,"[0, 2, 5, 1]",-83,NaN,0,NaN,0,7.584e-6,98752,7.584e-6,98752,266.0893359184265,676390000
8,144,"[0, 2, 4, 2]",-82,NaN,0,NaN,0,9.125e-6,98752,9.125e-6,98752,266.08934783935547,676495552
8,145,"[0, 2, 3, 3]",-81,NaN,0,NaN,0,9.125e-6,98752,9.125e-6,98752,266.089359998703,676601120
8,146,"[0, 2, 2, 4]",-80,NaN,0,NaN,0,9.5e-6,98752,9.5e-6,98752,266.08937191963196,676706672
8,147,"[0, 2, 1, 5]",-79,NaN,0,NaN,0,8.667e-6,98752,8.667e-6,98752,266.0893838405609,676812224
8,148,"[0, 2, 0, 6]",-78,NaN,0,NaN,0,7.916e-6,98752,7.916e-6,98752,266.08939385414124,676917776
8,149,"[0, 1, 7, 0]",-120,NaN,0,NaN,0,8.75e-6,98752,8.75e-6,98752,266.08940601348877,677023344
8,150,"[0, 1, 6, 1]",-119,NaN,0,NaN,0,8.709e-6,98752,8.709e-6,98752,266.0894169807434,677128896
8,151,"[0, 1, 5, 2]",-118,NaN,0,NaN,0,1.8792e-5,98752,1.8792e-5,98752,266.0894389152527,677234464
8,152,"[0, 1, 4, 3]",-117,NaN,0,NaN,0,1.475e-5,98752,1.475e-5,98752,266.0894567966461,677340032
8,153,"[0, 1, 3, 4]",-116,NaN,0,NaN,0,1.2458e-5,98752,1.2458e-5,98752,266.0894718170166,677445600
8,154,"[0, 1, 2, 5]",-115,NaN,0,NaN,0,1.3834e-5,98752,1.3834e-5,98752,266.08948802948,677551168
8,155,"[0, 1, 1, 6]",-114,NaN,0,NaN,0,1.6166e-5,98752,1.6166e-5,98752,266.08950686454773,677656736
8,156,"[0, 1, 0, 7]",-113,NaN,0,NaN,0,1.4042e-5,98752,1.4042e-5,98752,266.08952283859253,677762304
8,157,"[0, 0, 8, 0]",165,1.725e-5,248304,0.022134792,70684528,NaN,0,0.022152042,70932832,266.11167788505554,748701952
8,158,"[0, 0, 7, 1]",164,3.2792e-5,497200,0.026961417,85823632,NaN,0,0.026994209,86320832,266.138680934906,835029648
8,159,"[0, 0, 6, 2]",163,3.3209e-5,497232,0.024315083,79155376,NaN,0,0.024348292,79652608,266.1630380153656,579185952
8,160,"[0, 0, 5, 3]",162,3.3333e-5,497264,0.018392833,77434736,NaN,0,0.018426166,77932000,266.181480884552,657124816
8,161,"[0, 0, 4, 4]",161,3.2583e-5,497296,0.014779833,43874768,NaN,0,0.014812415999999998,44372064,266.19630193710327,701503744
8,162,"[0, 0, 3, 5]",-160,NaN,0,NaN,0,1.2583e-5,98752,1.2583e-5,98752,266.1963288784027,701609376
8,163,"[0, 0, 2, 6]",-159,NaN,0,NaN,0,9.834e-6,98752,9.834e-6,98752,266.1963429450989,701714944
8,164,"[0, 0, 1, 7]",-158,NaN,0,NaN,0,8.791e-6,98752,8.791e-6,98752,266.1963539123535,701820512
8,165,"[0, 0, 0, 8]",-157,NaN,0,NaN,0,1.5291e-5,98752,1.5291e-5,98752,266.19637179374695,701926080
9,1,"[9, 0, 0, 0]",166,5.42e-7,0,0.021171584,63033200,NaN,0,0.021172126,63033200,628.4705579280853,534996656
9,2,"[8, 1, 0, 0]",121,3.75e-7,0,0.019603708,77434816,NaN,0,0.019604083,77434816,628.4901809692383,540712752
9,3,"[8, 0, 1, 0]",168,1.5875e-5,246512,0.026669167,70684880,NaN,0,0.026685042,70931392,628.5168838500977,543870080
9,4,"[8, 0, 0, 1]",167,1.5625e-5,246528,0.02406175,79105952,NaN,0,0.024077374999999998,79352480,628.5409779548645,561911584
9,5,"[7, 2, 0, 0]",85,1.66e-7,0,0.12506325,69046192,NaN,0,0.12506341599999998,69046192,628.6660559177399,541003616
9,6,"[7, 1, 1, 0]",123,1.5958e-5,246528,0.022277125,79073136,NaN,0,0.022293082999999998,79319664,628.688364982605,620330112
9,7,"[7, 1, 0, 1]",122,1.5083e-5,246576,0.027183958,74944368,NaN,0,0.027199041,75190944,628.715577840805,695527920
9,8,"[7, 0, 2, 0]",171,1.4208e-5,246544,0.024215583,78221168,NaN,0,0.024229791,78467712,628.7398178577423,774002496
9,9,"[7, 0, 1, 1]",170,2.8459e-5,493152,0.022423459,69832848,NaN,0,0.022451918,70326000,628.762286901474,844335360
9,10,"[7, 0, 0, 2]",169,1.5e-5,246608,0.027920625,78221488,NaN,0,0.027935625000000002,78468096,628.7902328968048,573880336
9,11,"[6, 3, 0, 0]",57,2.5e-7,0,0.021268291,69046128,NaN,0,0.021268541000000002,69046128,628.8115108013153,642933328
9,12,"[6, 2, 1, 0]",87,1.5417e-5,246576,0.026444167,77434736,NaN,0,0.026459584,77681312,628.8379769325256,720621472
9,13,"[6, 2, 0, 1]",86,1.4292e-5,246672,0.024354458,69046128,NaN,0,0.024368749999999998,69292800,628.862352848053,789921136
9,14,"[6, 1, 2, 0]",126,1.5417e-5,246592,0.026358792,79089520,NaN,0,0.026374209,79336112,628.8887360095978,869264112
9,15,"[6, 1, 1, 1]",125,2.7125e-5,493296,0.023382583,77287568,NaN,0,0.023409707999999998,77780864,628.9121539592743,947051840
9,16,"[6, 1, 0, 2]",124,1.4958e-5,246704,0.026036541,79155440,NaN,0,0.026051499,79402144,628.9382150173187,601594816
9,17,"[6, 0, 3, 0]",175,1.4959e-5,246624,0.022696667,69046128,NaN,0,0.022711626,69292752,628.9609348773956,670894432
9,18,"[6, 0, 2, 1]",174,2.775e-5,493360,0.017770417,77434736,NaN,0,0.017798167,77928096,628.9787409305573,748829392
9,19,"[6, 0, 1, 2]",173,2.7459e-5,493392,0.023290167,69046320,NaN,0,0.023317626,69539712,629.0020689964294,576793888
9,20,"[6, 0, 0, 3]",172,1.425e-5,246752,0.019675583,77434736,NaN,0,0.019689833,77681488,629.0217659473419,654482240
9,21,"[5, 4, 0, 0]",36,8.4e-8,0,0.027745667,78572000,NaN,0,0.027745751000000003,78572000,629.0495188236237,573859824
9,22,"[5, 3, 1, 0]",59,1.6167e-5,246672,0.02104475,77434816,NaN,0,0.021060917000000002,77681488,629.070592880249,546473104
9,23,"[5, 3, 0, 1]",58,1.4167e-5,246832,0.020250333,78571584,NaN,0,0.020264499999999998,78818416,629.0908658504486,625298384
9,24,"[5, 2, 2, 0]",90,1.5333e-5,246688,0.024421375,77434848,NaN,0,0.024436707999999998,77681536,629.1153140068054,564653264
9,25,"[5, 2, 1, 1]",89,2.7417e-5,493552,0.021512584,69046192,NaN,0,0.021540001,69539744,629.1368658542633,550498816
9,26,"[5, 2, 0, 2]",88,1.75e-5,246864,0.022065292,86960272,NaN,0,0.022082792,87207136,629.1589658260345,534911472
9,27,"[5, 1, 3, 0]",130,1.4541e-5,246720,0.0234365,69046480,NaN,0,0.023451041,69293200,629.1824278831482,538084912
9,28,"[5, 1, 2, 1]",129,2.7417e-5,493616,0.024232959,77434784,NaN,0,0.024260375999999997,77928400,629.2066979408264,554291408
9,29,"[5, 1, 1, 2]",128,0.001362625,493712,0.021300125,77434736,NaN,0,0.02266275,77928448,629.2293729782104,549394208
9,30,"[5, 1, 0, 3]",127,0.015417,246976,0.116416834,78571584,NaN,0,0.13183383399999998,78818560,629.3612158298492,535208144
9,31,"[5, 0, 4, 0]",180,1.5292e-5,246768,0.019839625,77434736,NaN,0,0.019854917,77681504,629.3810830116272,612896512
9,32,"[5, 0, 3, 1]",179,2.8083e-5,493712,0.021486709,69046128,NaN,0,0.021514792,69539840,629.4026069641113,682443216
9,33,"[5, 0, 2, 2]",178,2.75e-5,493744,0.026215667,77435024,NaN,0,0.026243167,77928768,629.4288589954376,760378848
9,34,"[5, 0, 1, 3]",177,2.7583e-5,493776,0.020714875,70700912,NaN,0,0.020742458000000002,71194688,629.4496088027954,831580400
9,35,"[5, 0, 0, 4]",176,1.5292e-5,246976,0.024442459,91892096,NaN,0,0.024457751,92139072,629.4740738868713,591245808
9,36,"[4, 5, 0, 0]",-21,NaN,0,NaN,0,1.075e-5,98752,1.075e-5,98752,629.4741058349609,591351424
9,37,"[4, 4, 1, 0]",38,1.6792e-5,246832,0.025074709,78571584,NaN,0,0.025091501000000002,78818416,629.4992008209229,670176640
9,38,"[4, 4, 0, 1]",-37,NaN,0,NaN,0,9.833e-6,98752,9.833e-6,98752,629.4992218017578,670282256
9,39,"[4, 3, 2, 0]",62,1.6167e-5,246848,0.019745375,77434736,NaN,0,0.019761542,77681584,629.5189878940582,747970640
9,40,"[4, 3, 1, 1]",61,2.7541e-5,493952,0.023052,80685120,NaN,0,0.023079541,81179072,629.5420758724213,829156576
9,41,"[4, 3, 0, 2]",60,1.4584e-5,247104,0.042633542,97938032,NaN,0,0.042648126,98185136,629.584734916687,558743824
9,42,"[4, 2, 3, 0]",94,1.575e-5,246880,0.020679125,69046128,NaN,0,0.020694874999999998,69293008,629.6054489612579,628043696
9,43,"[4, 2, 2, 1]",93,2.825e-5,494016,0.020408375,77434736,NaN,0,0.020436625,77928752,629.6258969306946,705979312
9,44,"[4, 2, 1, 2]",92,3.325e-5,494048,0.025490209,78571776,NaN,0,0.025523459,79065824,629.6514368057251,542083168
9,45,"[4, 2, 0, 3]",91,1.5083e-5,247152,0.031063291,86960192,NaN,0,0.031078374,87207344,629.6825268268585,629297376
9,46,"[4, 1, 4, 0]",135,1.8584e-5,246928,0.017586708,69046128,NaN,0,0.017605291999999998,69293056,629.7001528739929,698597296
9,47,"[4, 1, 3, 1]",134,3.1208e-5,494112,0.021695625,77435200,NaN,0,0.021726833,77929312,629.7218999862671,586918880
9,48,"[4, 1, 2, 2]",133,3.1416e-5,494144,0.01912625,69046208,NaN,0,0.019157666,69540352,629.7410748004913,537215888
9,49,"[4, 1, 1, 3]",132,2.875e-5,494176,0.041215083,86960192,NaN,0,0.041243833,87454368,629.7823359966278,624677120
9,50,"[4, 1, 0, 4]",131,1.7125e-5,247216,0.024337417,78571696,NaN,0,0.024354542,78818912,629.8067028522491,574728016
9,51,"[4, 0, 5, 0]",186,1.575e-5,246992,0.019559209,77434816,NaN,0,0.019574959,77681808,629.826287984848,540706976
9,52,"[4, 0, 4, 1]",185,3.0208e-5,494240,0.0186865,69046192,NaN,0,0.018716708000000002,69540432,629.8450210094452,537216304
9,53,"[4, 0, 3, 2]",184,2.8625e-5,494272,0.022853916,77435088,NaN,0,0.022882541,77929360,629.8679168224335,545845040
9,54,"[4, 0, 2, 3]",183,2.7459e-5,494304,0.035088291,77434784,NaN,0,0.03511575,77929088,629.9030430316925,549393664
9,55,"[4, 0, 1, 4]",182,0.000596083,494400,0.021916459,78571600,NaN,0,0.022512542,79066000,629.9255759716034,526523504
9,56,"[4, 0, 0, 5]",181,1.6417e-5,247296,0.021907542,86960256,NaN,0,0.021923959,87207552,629.9475138187408,534912608
9,57,"[3, 6, 0, 0]",-11,NaN,0,NaN,0,1.0375e-5,98752,1.0375e-5,98752,629.947536945343,535018224
9,58,"[3, 5, 1, 0]",-23,NaN,0,NaN,0,1.0042e-5,98752,1.0042e-5,98752,629.9475498199463,535123776
9,59,"[3, 5, 0, 1]",-22,NaN,0,NaN,0,9.333e-6,98752,9.333e-6,98752,629.9475619792938,535229344
9,60,"[3, 4, 2, 0]",-41,NaN,0,NaN,0,1.0333e-5,98752,1.0333e-5,98752,629.9475748538971,535334896
9,61,"[3, 4, 1, 1]",-40,NaN,0,NaN,0,8.625e-6,98752,8.625e-6,98752,629.9475870132446,535440464
9,62,"[3, 4, 0, 2]",-39,NaN,0,NaN,0,8.708e-6,98752,8.708e-6,98752,629.9475979804993,535546016
9,63,"[3, 3, 3, 0]",66,1.5375e-5,247120,0.021863875,69046160,NaN,0,0.021879250000000003,69293280,629.9694797992706,546833952
9,64,"[3, 3, 2, 1]",65,3.0583e-5,494592,0.12748725,86960272,NaN,0,0.127517833,87454864,630.0970149040222,543596496
9,65,"[3, 3, 1, 2]",-64,NaN,0,NaN,0,8.708e-6,98752,8.708e-6,98752,630.0970349311829,543702112
9,66,"[3, 3, 0, 3]",-63,NaN,0,NaN,0,9.208e-6,98752,9.208e-6,98752,630.0970478057861,543807664
9,67,"[3, 2, 4, 0]",99,1.5667e-5,247168,0.022505375,69046416,NaN,0,0.022521042,69293584,630.1195719242096,613108048
9,68,"[3, 2, 3, 1]",98,2.975e-5,494688,0.019547125,77434736,NaN,0,0.019576874999999997,77929424,630.1391589641571,691044336
9,69,"[3, 2, 2, 2]",97,3.1875e-5,494720,0.019895333,78571584,NaN,0,0.019927208000000002,79066304,630.1591029167175,770117504
9,70,"[3, 2, 1, 3]",96,3.025e-5,494752,0.023487666,93497408,NaN,0,0.023517916,93992160,630.1826329231262,864116528
9,71,"[3, 2, 0, 4]",95,1.85e-5,247552,0.019838791,70766768,NaN,0,0.019857291000000003,71014320,630.2025108337402,590913760
9,72,"[3, 1, 5, 0]",141,1.5417e-5,247232,0.019680417,77434736,NaN,0,0.019695834,77681968,630.2222199440002,668602592
9,73,"[3, 1, 4, 1]",140,2.8709e-5,494816,0.022602583,69046416,NaN,0,0.022631291999999997,69541232,630.2448589801788,738150688
9,74,"[3, 1, 3, 2]",139,2.9541e-5,494848,0.023892,77598576,NaN,0,0.023921541,78093424,630.2687878608704,816250976
9,75,"[3, 1, 2, 3]",138,2.9791e-5,494880,0.024000541,87484752,NaN,0,0.024030332,87979632,630.2928259372711,547751072
9,76,"[3, 1, 1, 4]",137,2.7375e-5,494912,0.02029575,86960192,NaN,0,0.020323125,87455104,630.3131608963013,635213040
9,77,"[3, 1, 0, 5]",136,1.6e-5,247632,0.022704041,69046128,NaN,0,0.022720041,69293760,630.3358888626099,704513664
9,78,"[3, 0, 6, 0]",193,1.5291e-5,247312,0.0266,77434928,NaN,0,0.026615291,77682240,630.3625118732452,557136192
9,79,"[3, 0, 5, 1]",192,2.7666e-5,494976,0.023160625,69046416,NaN,0,0.023188291,69541392,630.3857088088989,626684448
9,80,"[3, 0, 4, 2]",191,2.8792e-5,495008,0.0209285,77434736,NaN,0,0.020957292,77929744,630.4066729545593,704621056
9,81,"[3, 0, 3, 3]",190,2.8875e-5,495040,0.022043083,69046304,NaN,0,0.022071958000000003,69541344,630.4287528991699,569231712
9,82,"[3, 0, 2, 4]",189,2.7917e-5,495072,0.026243875,86960272,NaN,0,0.026271792,87455344,630.45503282547,539809008
9,83,"[3, 0, 1, 5]",188,2.9167e-5,495104,0.021726833,78571584,NaN,0,0.021756,79066688,630.4767990112305,618882560
9,84,"[3, 0, 0, 6]",187,1.5292e-5,247728,0.019142042,77434848,NaN,0,0.019157334,77682576,630.4959650039673,574459664
9,85,"[2, 7, 0, 0]",-5,NaN,0,NaN,0,1.0917e-5,98752,1.0917e-5,98752,630.4959828853607,574565280
9,86,"[2, 6, 1, 0]",-13,NaN,0,NaN,0,9.875e-6,98752,9.875e-6,98752,630.4959959983826,574670832
9,87,"[2, 6, 0, 1]",-12,NaN,0,NaN,0,1.225e-5,98752,1.225e-5,98752,630.496011018753,574776384
9,88,"[2, 5, 2, 0]",-26,NaN,0,NaN,0,8.166e-6,98752,8.166e-6,98752,630.4960219860077,574881936
9,89,"[2, 5, 1, 1]",-25,NaN,0,NaN,0,8.791e-6,98752,8.791e-6,98752,630.4960329532623,574987488
9,90,"[2, 5, 0, 2]",-24,NaN,0,NaN,0,1.2417e-5,98752,1.2417e-5,98752,630.4960479736328,575093040
9,91,"[2, 4, 3, 0]",-45,NaN,0,NaN,0,9.333e-6,98752,9.333e-6,98752,630.4960598945618,575198608
9,92,"[2, 4, 2, 1]",-44,NaN,0,NaN,0,8.583e-6,98752,8.583e-6,98752,630.4960708618164,575304160
9,93,"[2, 4, 1, 2]",-43,NaN,0,NaN,0,1.1042e-5,98752,1.1042e-5,98752,630.4960858821869,575409712
9,94,"[2, 4, 0, 3]",-42,NaN,0,NaN,0,8.917e-6,98752,8.917e-6,98752,630.4960968494415,575515280
9,95,"[2, 3, 4, 0]",-71,NaN,0,NaN,0,9.5e-6,98752,9.5e-6,98752,630.4961090087891,575620832
9,96,"[2, 3, 3, 1]",-70,NaN,0,NaN,0,1.175e-5,98752,1.175e-5,98752,630.4961240291595,575726384
9,97,"[2, 3, 2, 2]",-69,NaN,0,NaN,0,7.5e-6,98752,7.5e-6,98752,630.4961338043213,575831936
9,98,"[2, 3, 1, 3]",-68,NaN,0,NaN,0,9.208e-6,98752,9.208e-6,98752,630.4961459636688,575937488
9,99,"[2, 3, 0, 4]",-67,NaN,0,NaN,0,9.042e-6,98752,9.042e-6,98752,630.4961578845978,576043040
9,100,"[2, 2, 5, 0]",105,1.5083e-5,247568,0.022965958,69046480,NaN,0,0.022981041,69294048,630.519140958786,559436704
9,101,"[2, 2, 4, 1]",104,2.8667e-5,495600,0.019379959,77434816,NaN,0,0.019408626,77930416,630.5385599136353,540707296
9,102,"[2, 2, 3, 2]",103,3.0e-5,495632,0.020835625,78571632,NaN,0,0.020865625,79067264,630.5594408512115,540107168
9,103,"[2, 2, 2, 3]",-102,NaN,0,NaN,0,1.8083e-5,98752,1.8083e-5,98752,630.5594699382782,540212784
9,104,"[2, 2, 1, 4]",-101,NaN,0,NaN,0,9.084e-6,98752,9.084e-6,98752,630.5594818592072,540318352
9,105,"[2, 2, 0, 5]",-100,NaN,0,NaN,0,8.834e-6,98752,8.834e-6,98752,630.5594940185547,540423920
9,106,"[2, 1, 6, 0]",148,1.625e-5,247648,0.023296792,77434816,NaN,0,0.023313042,77682464,630.582808971405,540947872
9,107,"[2, 1, 5, 1]",147,2.925e-5,495760,0.023626375,69046176,NaN,0,0.023655625000000003,69541936,630.6064748764038,541005824
9,108,"[2, 1, 4, 2]",146,2.9167e-5,495792,0.023368958,77434816,NaN,0,0.023398125,77930608,630.6298828125,540708640
9,109,"[2, 1, 3, 3]",145,2.8e-5,495824,0.036782833,78571936,NaN,0,0.036810833,79067760,630.6667017936707,526523856
9,110,"[2, 1, 2, 4]",144,3.2833e-5,495856,0.115900167,86960240,NaN,0,0.115933,87456096,630.7826488018036,549362592
9,111,"[2, 1, 1, 5]",143,2.9959e-5,495888,0.019372583,69046128,NaN,0,0.019402542,69542016,630.8020629882812,618911472
9,112,"[2, 1, 0, 6]",142,1.6833e-5,248176,0.028503834,77434736,NaN,0,0.028520667,77682912,630.830591917038,696601248
9,113,"[2, 0, 7, 0]",201,1.5125e-5,247744,0.022422167,69046128,NaN,0,0.022437292,69293872,630.8530359268188,765901984
9,114,"[2, 0, 6, 1]",200,3.0292e-5,495952,0.025003625,79089520,NaN,0,0.025033917000000003,79585472,630.8780779838562,845494320
9,115,"[2, 0, 5, 2]",199,3.0792e-5,495984,0.021116334,72339920,NaN,0,0.021147126000000002,72835904,630.8992319107056,582400736
9,116,"[2, 0, 4, 3]",198,2.9709e-5,496016,0.021437209,77434736,NaN,0,0.021466917999999998,77930752,630.920706987381,660338352
9,117,"[2, 0, 3, 4]",197,3.15e-5,496048,0.027107,78571584,NaN,0,0.0271385,79067632,630.9478528499603,739412848
9,118,"[2, 0, 2, 5]",196,3.3458e-5,496080,0.020342083,88369216,NaN,0,0.020375541,88865296,630.9691038131714,828284992
9,119,"[2, 0, 1, 6]",195,3.1167e-5,496112,0.029304125,77484160,NaN,0,0.029335292,77980272,630.9984488487244,556019872
9,120,"[2, 0, 0, 7]",194,1.8417e-5,248288,0.018514083,77434736,NaN,0,0.0185325,77683024,631.0169999599457,633709760
9,121,"[1, 8, 0, 0]",-2,NaN,0,NaN,0,1.0291e-5,98752,1.0291e-5,98752,631.0170209407806,633815376
9,122,"[1, 7, 1, 0]",-7,NaN,0,NaN,0,9.667e-6,98752,9.667e-6,98752,631.0170328617096,633920944
9,123,"[1, 7, 0, 1]",-6,NaN,0,NaN,0,9.083e-6,98752,9.083e-6,98752,631.0170450210571,634026496
9,124,"[1, 6, 2, 0]",-16,NaN,0,NaN,0,9.083e-6,98752,9.083e-6,98752,631.0170569419861,634132048
9,125,"[1, 6, 1, 1]",-15,NaN,0,NaN,0,7.959e-6,98752,7.959e-6,98752,631.0170669555664,634237600
9,126,"[1, 6, 0, 2]",-14,NaN,0,NaN,0,1.2791e-5,98752,1.2791e-5,98752,631.0170829296112,634343152
9,127,"[1, 5, 3, 0]",-30,NaN,0,NaN,0,9.042e-6,98752,9.042e-6,98752,631.0170948505402,634448720
9,128,"[1, 5, 2, 1]",-29,NaN,0,NaN,0,9.125e-6,98752,9.125e-6,98752,631.0171070098877,634554272
9,129,"[1, 5, 1, 2]",-28,NaN,0,NaN,0,1.2375e-5,98752,1.2375e-5,98752,631.0171220302582,634659824
9,130,"[1, 5, 0, 3]",-27,NaN,0,NaN,0,7.792e-6,98752,7.792e-6,98752,631.0171318054199,634765392
9,131,"[1, 4, 4, 0]",-50,NaN,0,NaN,0,8.958e-6,98752,8.958e-6,98752,631.0171439647675,634870944
9,132,"[1, 4, 3, 1]",-49,NaN,0,NaN,0,8.833e-6,98752,8.833e-6,98752,631.0171558856964,634976496
9,133,"[1, 4, 2, 2]",-48,NaN,0,NaN,0,1.2458e-5,98752,1.2458e-5,98752,631.0171709060669,635082048
9,134,"[1, 4, 1, 3]",-47,NaN,0,NaN,0,7.291e-6,98752,7.291e-6,98752,631.0171809196472,635187616
9,135,"[1, 4, 0, 4]",-46,NaN,0,NaN,0,9.125e-6,98752,9.125e-6,98752,631.0171918869019,635293168
9,136,"[1, 3, 5, 0]",-77,NaN,0,NaN,0,9.5e-6,98752,9.5e-6,98752,631.0172049999237,635398720
9,137,"[1, 3, 4, 1]",-76,NaN,0,NaN,0,9.084e-6,98752,9.084e-6,98752,631.0172169208527,635504272
9,138,"[1, 3, 3, 2]",-75,NaN,0,NaN,0,1.175e-5,98752,1.175e-5,98752,631.0172309875488,635609824
9,139,"[1, 3, 2, 3]",-74,NaN,0,NaN,0,7.708e-6,98752,7.708e-6,98752,631.0172410011292,635715376
9,140,"[1, 3, 1, 4]",-73,NaN,0,NaN,0,1.3083e-5,98752,1.3083e-5,98752,631.017256975174,635820928
9,141,"[1, 3, 0, 5]",-72,NaN,0,NaN,0,8.959e-6,98752,8.959e-6,98752,631.0172688961029,635926496
9,142,"[1, 2, 6, 0]",-112,NaN,0,NaN,0,9.75e-6,98752,9.75e-6,98752,631.0172808170319,636032048
9,143,"[1, 2, 5, 1]",-111,NaN,0,NaN,0,1.0709e-5,98752,1.0709e-5,98752,631.0172939300537,636137600
9,144,"[1, 2, 4, 2]",-110,NaN,0,NaN,0,8.791e-6,98752,8.791e-6,98752,631.0173058509827,636243168
9,145,"[1, 2, 3, 3]",-109,NaN,0,NaN,0,9.041e-6,98752,9.041e-6,98752,631.0173180103302,636348736
9,146,"[1, 2, 2, 4]",-108,NaN,0,NaN,0,9.667e-6,98752,9.667e-6,98752,631.0173299312592,636454304
9,147,"[1, 2, 1, 5]",-107,NaN,0,NaN,0,1.175e-5,98752,1.175e-5,98752,631.0173449516296,636559872
9,148,"[1, 2, 0, 6]",-106,NaN,0,NaN,0,7.583e-6,98752,7.583e-6,98752,631.01735496521,636665440
9,149,"[1, 1, 7, 0]",156,1.6875e-5,248192,0.018098917,69046416,NaN,0,0.018115792,69294608,631.0354738235474,705966848
9,150,"[1, 1, 6, 1]",155,3.1875e-5,496976,0.022211541,77434928,NaN,0,0.022243416000000002,77931904,631.0577249526978,555398544
9,151,"[1, 1, 5, 2]",154,3.1875e-5,497008,0.02083775,69046128,NaN,0,0.020869625,69543136,631.0786030292511,624948544
9,152,"[1, 1, 4, 3]",153,3.1417e-5,497040,0.026378916,86960192,NaN,0,0.026410332999999998,87457232,631.1050209999084,712412640
9,153,"[1, 1, 3, 4]",-152,NaN,0,NaN,0,8.75e-6,98752,8.75e-6,98752,631.1050369739532,712518256
9,154,"[1, 1, 2, 5]",-151,NaN,0,NaN,0,9.417e-6,98752,9.417e-6,98752,631.1050498485565,712623808
9,155,"[1, 1, 1, 6]",-150,NaN,0,NaN,0,9.042e-6,98752,9.042e-6,98752,631.1050608158112,712729376
9,156,"[1, 1, 0, 7]",-149,NaN,0,NaN,0,9.208e-6,98752,9.208e-6,98752,631.1050729751587,712834944
9,157,"[1, 0, 8, 0]",210,1.7125e-5,248304,0.029397292,98401696,NaN,0,0.029414416999999998,98650000,631.1344900131226,607017728
9,158,"[1, 0, 7, 1]",209,3.1958e-5,497200,0.027225625,106790224,NaN,0,0.027257583,107287424,631.1617579460144,604822272
9,159,"[1, 0, 6, 2]",208,3.2e-5,497232,0.026699042,98401952,NaN,0,0.026731042,98899184,631.1885008811951,549127360
9,160,"[1, 0, 5, 3]",207,3.1416e-5,497264,0.028057583,106790208,NaN,0,0.028088999,107287472,631.2165989875793,571100144
9,161,"[1, 0, 4, 4]",206,3.0958e-5,497296,0.023965417,78571664,NaN,0,0.023996375,79068960,631.2406058311462,526763600
9,162,"[1, 0, 3, 5]",205,3.3667e-5,497328,0.039489458,86960272,NaN,0,0.039523125,87457600,631.2801480293274,503863392
9,163,"[1, 0, 2, 6]",204,3.3916e-5,497360,0.117464916,98401552,NaN,0,0.117498832,98898912,631.3976588249207,573147152
9,164,"[1, 0, 1, 7]",203,3.1375e-5,497392,0.029566958,106790128,NaN,0,0.029598333,107287520,631.4272689819336,680441536
9,165,"[1, 0, 0, 8]",202,1.7542e-5,248992,0.027035292,102120976,NaN,0,0.027052833999999998,102369968,631.4543318748474,782818368
9,166,"[0, 9, 0, 0]",-1,NaN,0,NaN,0,1.0041e-5,98752,1.0041e-5,98752,631.4543509483337,782924000
9,167,"[0, 8, 1, 0]",-4,NaN,0,NaN,0,7.875e-6,98752,7.875e-6,98752,631.4543619155884,783029568
9,168,"[0, 8, 0, 1]",-3,NaN,0,NaN,0,8.792e-6,98752,8.792e-6,98752,631.4543738365173,783135120
9,169,"[0, 7, 2, 0]",-10,NaN,0,NaN,0,1.5625e-5,98752,1.5625e-5,98752,631.4543919563293,783240672
9,170,"[0, 7, 1, 1]",-9,NaN,0,NaN,0,1.4625e-5,98752,1.4625e-5,98752,631.4544088840485,783346240
9,171,"[0, 7, 0, 2]",-8,NaN,0,NaN,0,1.6958e-5,98752,1.6958e-5,98752,631.4544289112091,783451808
9,172,"[0, 6, 3, 0]",-20,NaN,0,NaN,0,1.4667e-5,98752,1.4667e-5,98752,631.4544458389282,783557376
9,173,"[0, 6, 2, 1]",-19,NaN,0,NaN,0,1.6542e-5,98752,1.6542e-5,98752,631.4544649124146,783662944
9,174,"[0, 6, 1, 2]",-18,NaN,0,NaN,0,1.4292e-5,98752,1.4292e-5,98752,631.4544818401337,783768512
9,175,"[0, 6, 0, 3]",-17,NaN,0,NaN,0,1.2083e-5,98752,1.2083e-5,98752,631.4544968605042,783874080
9,176,"[0, 5, 4, 0]",-35,NaN,0,NaN,0,8.083e-6,98752,8.083e-6,98752,631.4545068740845,783979648
9,177,"[0, 5, 3, 1]",-34,NaN,0,NaN,0,8.792e-6,98752,8.792e-6,98752,631.4545187950134,784085200
9,178,"[0, 5, 2, 2]",-33,NaN,0,NaN,0,8.958e-6,98752,8.958e-6,98752,631.4545300006866,784190752
9,179,"[0, 5, 1, 3]",-32,NaN,0,NaN,0,9.0e-6,98752,9.0e-6,98752,631.4545419216156,784296304
9,180,"[0, 5, 0, 4]",-31,NaN,0,NaN,0,7.084e-6,98752,7.084e-6,98752,631.4545519351959,784401856
9,181,"[0, 4, 5, 0]",-56,NaN,0,NaN,0,9.5e-6,98752,9.5e-6,98752,631.4545638561249,784507408
9,182,"[0, 4, 4, 1]",-55,NaN,0,NaN,0,8.709e-6,98752,8.709e-6,98752,631.4545748233795,784612960
9,183,"[0, 4, 3, 2]",-54,NaN,0,NaN,0,8.583e-6,98752,8.583e-6,98752,631.4545860290527,784718512
9,184,"[0, 4, 2, 3]",-53,NaN,0,NaN,0,1.0542e-5,98752,1.0542e-5,98752,631.454598903656,784824064
9,185,"[0, 4, 1, 4]",-52,NaN,0,NaN,0,8.5e-6,98752,8.5e-6,98752,631.4546098709106,784929632
9,186,"[0, 4, 0, 5]",-51,NaN,0,NaN,0,8.833e-6,98752,8.833e-6,98752,631.4546220302582,785035184
9,187,"[0, 3, 6, 0]",-84,NaN,0,NaN,0,1.2083e-5,98752,1.2083e-5,98752,631.4546368122101,785140736
9,188,"[0, 3, 5, 1]",-83,NaN,0,NaN,0,8.625e-6,98752,8.625e-6,98752,631.4546480178833,785246304
9,189,"[0, 3, 4, 2]",-82,NaN,0,NaN,0,8.125e-6,98752,8.125e-6,98752,631.4546589851379,785351856
9,190,"[0, 3, 3, 3]",-81,NaN,0,NaN,0,7.917e-6,98752,7.917e-6,98752,631.4546689987183,785457408
9,191,"[0, 3, 2, 4]",-80,NaN,0,NaN,0,8.75e-6,98752,8.75e-6,98752,631.4546809196472,785562960
9,192,"[0, 3, 1, 5]",-79,NaN,0,NaN,0,8.75e-6,98752,8.75e-6,98752,631.4546918869019,785668512
9,193,"[0, 3, 0, 6]",-78,NaN,0,NaN,0,1.1792e-5,98752,1.1792e-5,98752,631.4547069072723,785774064
9,194,"[0, 2, 7, 0]",-120,NaN,0,NaN,0,7.667e-6,98752,7.667e-6,98752,631.4547169208527,785879632
9,195,"[0, 2, 6, 1]",-119,NaN,0,NaN,0,1.5625e-5,98752,1.5625e-5,98752,631.4547348022461,785985200
9,196,"[0, 2, 5, 2]",-118,NaN,0,NaN,0,1.4042e-5,98752,1.4042e-5,98752,631.4547519683838,786090768
9,197,"[0, 2, 4, 3]",-117,NaN,0,NaN,0,1.7625e-5,98752,1.7625e-5,98752,631.4547719955444,786196336
9,198,"[0, 2, 3, 4]",-116,NaN,0,NaN,0,1.3709e-5,98752,1.3709e-5,98752,631.4547889232635,786301904
9,199,"[0, 2, 2, 5]",-115,NaN,0,NaN,0,1.3334e-5,98752,1.3334e-5,98752,631.4548048973083,786407472
9,200,"[0, 2, 1, 6]",-114,NaN,0,NaN,0,1.4292e-5,98752,1.4292e-5,98752,631.4548208713531,786513040
9,201,"[0, 2, 0, 7]",-113,NaN,0,NaN,0,1.7958e-5,98752,1.7958e-5,98752,631.4548418521881,786618608
9,202,"[0, 1, 8, 0]",-165,NaN,0,NaN,0,1.3833e-5,98752,1.3833e-5,98752,631.4548578262329,786724176
9,203,"[0, 1, 7, 1]",-164,NaN,0,NaN,0,1.3542e-5,98752,1.3542e-5,98752,631.4548738002777,786829744
9,204,"[0, 1, 6, 2]",-163,NaN,0,NaN,0,1.4125e-5,98752,1.4125e-5,98752,631.4548909664154,786935312
9,205,"[0, 1, 5, 3]",-162,NaN,0,NaN,0,4.0875e-5,98752,4.0875e-5,98752,631.4549338817596,787040880
9,206,"[0, 1, 4, 4]",-161,NaN,0,NaN,0,1.4834e-5,98752,1.4834e-5,98752,631.4549520015717,787146448
9,207,"[0, 1, 3, 5]",-160,NaN,0,NaN,0,1.8375e-5,98752,1.8375e-5,98752,631.4549729824066,787252016
9,208,"[0, 1, 2, 6]",-159,NaN,0,NaN,0,1.325e-5,98752,1.325e-5,98752,631.4549880027771,787357584
9,209,"[0, 1, 1, 7]",-158,NaN,0,NaN,0,1.4041e-5,98752,1.4041e-5,98752,631.4550049304962,787463152
9,210,"[0, 1, 0, 8]",-157,NaN,0,NaN,0,1.3459e-5,98752,1.3459e-5,98752,631.455020904541,787568720
9,211,"[0, 0, 9, 0]",220,1.7625e-5,249008,0.024883667,86069104,NaN,0,0.024901292000000002,86318112,631.4799249172211,873893648
9,212,"[0, 0, 8, 1]",219,3.3458e-5,498752,0.024238166,70766800,NaN,0,0.024271624,71265552,631.5042049884796,607039312
9,213,"[0, 0, 7, 2]",218,3.3083e-5,498784,0.022339709,77434736,NaN,0,0.022372792,77933520,631.5265848636627,684979696
9,214,"[0, 0, 6, 3]",217,3.25e-5,498816,0.018251167,69046128,NaN,0,0.018283667,69544944,631.5448768138885,754531504
9,215,"[0, 0, 5, 4]",216,3.4417e-5,498848,0.019892125,88533056,NaN,0,0.019926542,89031904,631.5648097991943,843570272
9,216,"[0, 0, 4, 5]",-215,NaN,0,NaN,0,9.625e-6,98752,9.625e-6,98752,631.5648279190063,843675888
9,217,"[0, 0, 3, 6]",-214,NaN,0,NaN,0,8.042e-6,98752,8.042e-6,98752,631.5648398399353,843781456
9,218,"[0, 0, 2, 7]",-213,NaN,0,NaN,0,8.708e-6,98752,8.708e-6,98752,631.5648508071899,843887024
9,219,"[0, 0, 1, 8]",-212,NaN,0,NaN,0,1.0458e-5,98752,1.0458e-5,98752,631.5648639202118,843992592
9,220,"[0, 0, 0, 9]",-211,NaN,0,NaN,0,8.834e-6,98752,8.834e-6,98752,631.5648758411407,844098160
10,1,"[10, 0, 0, 0]",221,5.42e-7,0,0.021068583,63033216,NaN,0,0.021069124999999998,63033216,1441.1811578273773,526320432
10,2,"[9, 1, 0, 0]",166,5.0e-7,0,0.047823458,77434800,NaN,0,0.047823958,77434800,1441.2290008068085,545610896
10,3,"[9, 0, 1, 0]",223,1.7292e-5,246512,0.116000167,69046176,NaN,0,0.116017459,69292688,1441.3450419902802,545901104
10,4,"[9, 0, 0, 1]",222,1.5583e-5,246528,0.01873325,77434736,NaN,0,0.018748833,77681264,1441.3638098239899,623589232
10,5,"[8, 2, 0, 0]",121,4.17e-7,0,0.018971333,69046128,NaN,0,0.01897175,69046128,1441.3827970027924,692642224
10,6,"[8, 1, 1, 0]",168,1.725e-5,246528,0.021968833,77598864,NaN,0,0.021986083,77845392,1441.404795885086,770494432
10,7,"[8, 1, 0, 1]",167,1.575e-5,246576,0.022581125,75648880,NaN,0,0.022596875,75895456,1441.427407026291,846396752
10,8,"[8, 0, 2, 0]",226,1.5375e-5,246544,0.030403167,80875696,NaN,0,0.030418542,81122240,1441.4578409194946,573879856
10,9,"[8, 0, 1, 1]",225,2.7709e-5,493152,0.021571958,69046128,NaN,0,0.021599667,69539280,1441.479455947876,643426000
10,10,"[8, 0, 0, 2]",224,1.4334e-5,246608,0.02619475,77434736,NaN,0,0.026209084,77681344,1441.5056738853455,721114208
10,11,"[7, 3, 0, 0]",85,2.08e-7,0,0.021840208,69128048,NaN,0,0.021840416,69128048,1441.5275259017944,790249120
10,12,"[7, 2, 1, 0]",123,1.45e-5,246576,0.026461042,78385296,NaN,0,0.026475542,78631872,1441.5540130138397,868887808
10,13,"[7, 2, 0, 1]",122,1.4042e-5,246672,0.023678917,77287280,NaN,0,0.023692959,77533952,1441.577714920044,946428624
10,14,"[7, 1, 2, 0]",171,1.9458e-5,246592,0.020447917,86610176,NaN,0,0.020467375,86856768,1441.598198890686,572706944
10,15,"[7, 1, 1, 1]",170,2.7666e-5,493296,0.021997292,69046128,NaN,0,0.022024958,69539424,1441.6202418804169,642253232
10,16,"[7, 1, 0, 2]",169,1.625e-5,246704,0.038197292,77434736,NaN,0,0.038213542,77681440,1441.6584689617157,719941536
10,17,"[7, 0, 3, 0]",230,1.8e-5,246624,0.019293667,69128240,NaN,0,0.019311667,69374864,1441.6777999401093,547010704
10,18,"[7, 0, 2, 1]",229,2.8625e-5,493360,0.018750042,77435024,NaN,0,0.018778667000000002,77928384,1441.6965959072113,624945952
10,19,"[7, 0, 1, 2]",228,3.3083e-5,493392,0.067266375,69046128,NaN,0,0.067299458,69539520,1441.7639129161835,694492352
10,20,"[7, 0, 0, 3]",227,1.6417e-5,246752,0.022405375,77516832,NaN,0,0.022421792000000003,77763584,1441.7863519191742,577701856
10,21,"[6, 4, 0, 0]",57,3.33e-7,0,0.023113,69046208,NaN,0,0.023113333000000003,69046208,1441.8094778060913,537216272
10,22,"[6, 3, 1, 0]",87,1.55e-5,246672,0.0200745,77434736,NaN,0,0.02009,77681408,1441.8295769691467,614904512
10,23,"[6, 3, 0, 1]",86,1.5541e-5,246832,0.023434708,69046240,NaN,0,0.023450249,69293072,1441.8530359268188,555396432
10,24,"[6, 2, 2, 0]",126,1.35e-5,246688,0.02342925,77435088,NaN,0,0.02344275,77681776,1441.876485824585,554291408
10,25,"[6, 2, 1, 1]",125,2.8042e-5,493552,0.020492083,77434816,NaN,0,0.020520125,77928368,1441.8970158100128,540707360
10,26,"[6, 2, 0, 2]",124,1.3542e-5,246864,0.027989084,69046192,NaN,0,0.028002626,69293056,1441.9250259399414,537216688
10,27,"[6, 1, 3, 0]",175,1.375e-5,246720,0.035799917,77434784,NaN,0,0.035813667,77681504,1441.9608488082886,554290160
10,28,"[6, 1, 2, 1]",174,0.091801042,493680,0.019095583,77434736,NaN,0,0.110896625,77928416,1442.0717639923096,575585136
10,29,"[6, 1, 1, 2]",173,2.9167e-5,493648,0.023932333,69046128,NaN,0,0.0239615,69539776,1442.0957388877869,645131776
10,30,"[6, 1, 0, 3]",172,1.4167e-5,246912,0.023401125,77516944,NaN,0,0.023415291999999997,77763856,1442.1191627979279,722902496
10,31,"[6, 0, 4, 0]",235,1.5333e-5,246768,0.01884975,69996400,NaN,0,0.018865082999999998,70243168,1442.1380398273468,793152544
10,32,"[6, 0, 3, 1]",234,2.8292e-5,493712,0.02609225,84938880,NaN,0,0.026120542,85432592,1442.164167881012,562672064
10,33,"[6, 0, 2, 2]",233,2.6791e-5,493744,0.020630083,69046128,NaN,0,0.020656874000000002,69539872,1442.1848359107971,632218800
10,34,"[6, 0, 1, 3]",232,2.8208e-5,493776,0.019901458,77434736,NaN,0,0.019929666,77928512,1442.2047748565674,710154192
10,35,"[6, 0, 0, 4]",231,1.5417e-5,246976,0.024680875,69128048,NaN,0,0.024696292,69375024,1442.2294778823853,779536080
10,36,"[5, 5, 0, 0]",36,1.67e-7,0,0.016921042,50756336,NaN,0,0.016921209,50756336,1442.2464067935944,830299280
10,37,"[5, 4, 1, 0]",59,1.5166e-5,246832,0.023764416,85872496,NaN,0,0.023779582,86119328,1442.270192861557,916425424
10,38,"[5, 4, 0, 1]",58,1.6958e-5,247072,0.019697583,74207456,NaN,0,0.019714541000000002,74454528,1442.2899239063263,591648160
10,39,"[5, 3, 2, 0]",90,1.5167e-5,246848,0.032458709,77434736,NaN,0,0.032473876000000006,77681584,1442.322408914566,669336608
10,40,"[5, 3, 1, 1]",89,2.8625e-5,493952,0.020104542,69046128,NaN,0,0.020133167,69540080,1442.34255194664,738883552
10,41,"[5, 3, 0, 2]",88,1.475e-5,247104,0.020063375,77434928,NaN,0,0.020078125000000002,77682032,1442.3626368045807,577620304
10,42,"[5, 2, 3, 0]",130,1.5041e-5,246880,0.021137667,69046416,NaN,0,0.021152708,69293296,1442.3837988376617,646920464
10,43,"[5, 2, 2, 1]",129,2.725e-5,494016,0.020541291,77434864,NaN,0,0.020568541,77928880,1442.4043748378754,572722848
10,44,"[5, 2, 1, 2]",128,2.725e-5,494048,0.022375459,69046208,NaN,0,0.022402709,69540256,1442.426784992218,537216016
10,45,"[5, 2, 0, 3]",127,1.3292e-5,247152,0.019996834,77434736,NaN,0,0.020010126000000003,77681888,1442.4468038082123,614904768
10,46,"[5, 1, 4, 0]",180,1.85e-5,246928,0.019266792,69046240,NaN,0,0.019285292000000002,69293168,1442.466106891632,555396176
10,47,"[5, 1, 3, 1]",179,2.7084e-5,494112,0.019090125,77434800,NaN,0,0.019117209,77928912,1442.4852340221405,554291152
10,48,"[5, 1, 2, 2]",178,3.175e-5,494144,0.019065375,77435104,NaN,0,0.019097125,77929248,1442.5043478012085,540707104
10,49,"[5, 1, 1, 3]",177,2.7667e-5,494176,0.02432275,69046192,NaN,0,0.024350417,69540368,1442.5287079811096,537216432
10,50,"[5, 1, 0, 4]",176,1.4541e-5,247216,0.024024083,77434784,NaN,0,0.024038624,77682000,1442.5527539253235,554291280
10,51,"[5, 0, 5, 0]",241,1.4125e-5,246992,0.019262375,77434800,NaN,0,0.019276500000000002,77681792,1442.572037935257,549393792
10,52,"[5, 0, 4, 1]",240,0.014648625,494304,0.117806334,69046128,NaN,0,0.132454959,69540432,1442.7045028209686,541003616
10,53,"[5, 0, 3, 2]",239,2.9875e-5,494272,0.022880416,77434736,NaN,0,0.022910291,77929008,1442.7274248600006,618939488
10,54,"[5, 0, 2, 3]",238,2.85e-5,494304,0.026150166,69046416,NaN,0,0.026178666,69540720,1442.7536118030548,688487072
10,55,"[5, 0, 1, 4]",237,2.9375e-5,494336,0.02181225,77516656,NaN,0,0.021841625,78010992,1442.7754619121552,766504928
10,56,"[5, 0, 0, 5]",236,1.9959e-5,247296,0.019771667,70700912,NaN,0,0.019791626,70948208,1442.795292854309,837460000
10,57,"[4, 6, 0, 0]",-21,NaN,0,NaN,0,1.3709e-5,98752,1.3709e-5,98752,1442.7953219413757,837565616
10,58,"[4, 5, 1, 0]",-38,NaN,0,NaN,0,1.2375e-5,98752,1.2375e-5,98752,1442.7953379154205,837671184
10,59,"[4, 5, 0, 1]",-37,NaN,0,NaN,0,1.975e-5,98752,1.975e-5,98752,1442.7953598499298,837776752
10,60,"[4, 4, 2, 0]",62,1.6584e-5,247088,0.021208042,84037808,NaN,0,0.021224626,84284896,1442.8165888786316,574617456
10,61,"[4, 4, 1, 1]",61,2.8375e-5,494528,0.016942542,47528400,NaN,0,0.016970917000000002,48022928,1442.8335678577423,622647248
10,62,"[4, 4, 0, 2]",-60,NaN,0,NaN,0,1.6833e-5,98752,1.6833e-5,98752,1442.8335909843445,622752864
10,63,"[4, 3, 3, 0]",94,1.5417e-5,247120,0.022968208,69046128,NaN,0,0.022983625,69293248,1442.8565788269043,692052928
10,64,"[4, 3, 2, 1]",93,2.8458e-5,494592,0.021125833,77598864,NaN,0,0.021154291,78093456,1442.8777389526367,770153248
10,65,"[4, 3, 1, 2]",92,2.9292e-5,494624,0.027160708,71602032,NaN,0,0.02719,72096656,1442.904937028885,842256768
10,66,"[4, 3, 0, 3]",91,1.8584e-5,247488,0.023957542,86806704,NaN,0,0.023976125999999997,87054192,1442.9289219379425,579982720
10,67,"[4, 2, 4, 0]",135,1.5167e-5,247168,0.020983042,69046128,NaN,0,0.020998209,69293296,1442.9499309062958,649282880
10,68,"[4, 2, 3, 1]",134,2.9e-5,494688,0.018286334,77434736,NaN,0,0.018315334000000003,77929424,1442.9682528972626,727219168
10,69,"[4, 2, 2, 2]",133,3.1917e-5,494720,0.020783875,69128240,NaN,0,0.020815792,69622960,1442.9890868663788,555696656
10,70,"[4, 2, 1, 3]",132,2.8708e-5,494752,0.020086958,77435024,NaN,0,0.020115665999999997,77929776,1443.0092129707336,633633296
10,71,"[4, 2, 0, 4]",131,1.8917e-5,247552,0.019584792,69046272,NaN,0,0.019603709,69293824,1443.0288338661194,542353632
10,72,"[4, 1, 5, 0]",186,1.4875e-5,247232,0.023961292,77434736,NaN,0,0.023976167,77681968,1443.0528178215027,620042464
10,73,"[4, 1, 4, 1]",185,2.95e-5,494816,0.02520525,69046240,NaN,0,0.025234749999999997,69541056,1443.0780639648438,564334096
10,74,"[4, 1, 3, 2]",184,2.8917e-5,494848,0.025101791,77434816,NaN,0,0.025130707999999998,77929664,1443.1032040119171,545604592
10,75,"[4, 1, 2, 3]",183,2.7208e-5,494880,0.021050166,69046128,NaN,0,0.021077374,69541008,1443.1242878437042,615152480
10,76,"[4, 1, 1, 4]",182,2.9792e-5,494912,0.019856417,77435152,NaN,0,0.019886209000000002,77930064,1443.1441819667816,540707072
10,77,"[4, 1, 0, 5]",181,1.5042e-5,247632,0.026312708,69046192,NaN,0,0.02632775,69293824,1443.1705169677734,537216400
10,78,"[4, 0, 6, 0]",248,1.4125e-5,247312,0.021064625,77434784,NaN,0,0.02107875,77682096,1443.1916019916534,554291248
10,79,"[4, 0, 5, 1]",247,0.015036584,495040,0.115044875,77434736,NaN,0,0.130081459,77929776,1443.3216907978058,549392224
10,80,"[4, 0, 4, 2]",246,3.025e-5,495008,0.02170475,69046128,NaN,0,0.021734999999999997,69541136,1443.3434369564056,618940224
10,81,"[4, 0, 3, 3]",245,3.0417e-5,495040,0.026535917,77434736,NaN,0,0.026566334,77929776,1443.3700108528137,696876864
10,82,"[4, 0, 2, 4]",244,2.9417e-5,495072,0.028440791,69128336,NaN,0,0.028470208,69623408,1443.398488998413,766507136
10,83,"[4, 0, 1, 5]",243,2.975e-5,495104,0.021846458,79089520,NaN,0,0.021876207999999998,79584624,1443.4203729629517,846098624
10,84,"[4, 0, 0, 6]",242,1.4583e-5,247728,0.025173833,75649200,NaN,0,0.025188415999999998,75896928,1443.445566892624,572463392
10,85,"[3, 7, 0, 0]",-11,NaN,0,NaN,0,1.4e-5,98752,1.4e-5,98752,1443.4455888271332,572569008
10,86,"[3, 6, 1, 0]",-23,NaN,0,NaN,0,1.6e-5,98752,1.6e-5,98752,1443.4456079006195,572674560
10,87,"[3, 6, 0, 1]",-22,NaN,0,NaN,0,1.1834e-5,98752,1.1834e-5,98752,1443.44562292099,572780112
10,88,"[3, 5, 2, 0]",-41,NaN,0,NaN,0,1.4209e-5,98752,1.4209e-5,98752,1443.445639848709,572885680
10,89,"[3, 5, 1, 1]",-40,NaN,0,NaN,0,1.2e-5,98752,1.2e-5,98752,1443.4456548690796,572991248
10,90,"[3, 5, 0, 2]",-39,NaN,0,NaN,0,1.1166e-5,98752,1.1166e-5,98752,1443.4456679821014,573096800
10,91,"[3, 4, 3, 0]",-66,NaN,0,NaN,0,1.1583e-5,98752,1.1583e-5,98752,1443.445683002472,573202368
10,92,"[3, 4, 2, 1]",-65,NaN,0,NaN,0,1.1541e-5,98752,1.1541e-5,98752,1443.4456968307495,573307936
10,93,"[3, 4, 1, 2]",-64,NaN,0,NaN,0,9.958e-6,98752,9.958e-6,98752,1443.4457099437714,573413504
10,94,"[3, 4, 0, 3]",-63,NaN,0,NaN,0,1.1542e-5,98752,1.1542e-5,98752,1443.4457240104675,573519072
10,95,"[3, 3, 4, 0]",99,1.475e-5,247504,0.022486458,77434736,NaN,0,0.022501208,77682240,1443.4682278633118,651208128
10,96,"[3, 3, 3, 1]",98,2.8584e-5,495472,0.024171125,69046128,NaN,0,0.024199709000000003,69541600,1443.4924340248108,720756592
10,97,"[3, 3, 2, 2]",97,3.0083e-5,495504,0.0192385,47774160,NaN,0,0.019268583,48269664,1443.5117089748383,769033120
10,98,"[3, 3, 1, 3]",-96,NaN,0,NaN,0,1.3625e-5,98752,1.3625e-5,98752,1443.5117268562317,769138736
10,99,"[3, 3, 0, 4]",-95,NaN,0,NaN,0,1.3333e-5,98752,1.3333e-5,98752,1443.5117440223694,769244304
10,100,"[3, 2, 5, 0]",141,1.4542e-5,247568,0.018365792,79990928,NaN,0,0.018380333999999998,80238496,1443.5301280021667,849489616
10,101,"[3, 2, 4, 1]",140,3.3459e-5,495600,0.022832458,77484208,NaN,0,0.022865917,77979808,1443.5530109405518,570742336
10,102,"[3, 2, 3, 2]",139,2.9375e-5,495632,0.025705791,77434736,NaN,0,0.025735166,77930368,1443.578754901886,648679568
10,103,"[3, 2, 2, 3]",138,3.0792e-5,495664,0.02814175,69046128,NaN,0,0.028172542000000002,69541792,1443.6069378852844,718228224
10,104,"[3, 2, 1, 4]",137,3.3208e-5,495696,0.019948833,77516848,NaN,0,0.019982041,78012544,1443.626937866211,564085744
10,105,"[3, 2, 0, 5]",136,1.6542e-5,248080,0.019110666,69046128,NaN,0,0.019127208,69294208,1443.6460750102997,633386816
10,106,"[3, 1, 6, 0]",193,1.525e-5,247648,0.021845458,77435152,NaN,0,0.021860708000000003,77682800,1443.6679418087006,559188384
10,107,"[3, 1, 5, 1]",192,2.8709e-5,495760,0.019526959,77434736,NaN,0,0.019555668,77930496,1443.6875038146973,637125760
10,108,"[3, 1, 4, 2]",191,2.9542e-5,495792,0.022987792,69046256,NaN,0,0.023017334,69542048,1443.7105288505554,571896528
10,109,"[3, 1, 3, 3]",190,2.9458e-5,495824,0.023296708,77434800,NaN,0,0.023326166,77930624,1443.7338619232178,554291152
10,110,"[3, 1, 2, 4]",189,2.8417e-5,495856,0.02021075,77434800,NaN,0,0.020239167,77930656,1443.7541098594666,554291152
10,111,"[3, 1, 1, 5]",188,3.1833e-5,495888,0.019977083,77434816,NaN,0,0.020008915999999998,77930704,1443.7741348743439,540707104
10,112,"[3, 1, 0, 6]",187,1.6292e-5,248176,0.020433542,69046480,NaN,0,0.020449834,69294656,1443.7945938110352,537216432
10,113,"[3, 0, 7, 0]",256,1.5334e-5,247744,0.024634834,77434784,NaN,0,0.024650168,77682528,1443.8192539215088,554291280
10,114,"[3, 0, 6, 1]",255,0.000916416,496016,0.037589916,77434736,NaN,0,0.038506332000000004,77930752,1443.8577690124512,549393024
10,115,"[3, 0, 5, 2]",254,0.090330875,496048,0.02194025,69046128,NaN,0,0.112271125,69542176,1443.9700548648834,567444736
10,116,"[3, 0, 4, 3]",253,3.125e-5,496016,0.023235583,77434736,NaN,0,0.023266833,77930752,1443.993330001831,645382352
10,117,"[3, 0, 3, 4]",252,2.9917e-5,496048,0.024967708,69128048,NaN,0,0.024997625000000002,69624096,1444.01833486557,715013312
10,118,"[3, 0, 2, 5]",251,2.9917e-5,496080,0.025610125,78385296,NaN,0,0.025640042000000002,78881376,1444.0439820289612,793901552
10,119,"[3, 0, 1, 6]",250,2.9541e-5,496112,0.0304935,76550272,NaN,0,0.030523041,77046384,1444.0745108127594,554283424
10,120,"[3, 0, 0, 7]",249,1.5375e-5,248288,0.020379917,77434736,NaN,0,0.020395292000000002,77683024,1444.0949139595032,631973312
10,121,"[2, 8, 0, 0]",-5,NaN,0,NaN,0,1.3625e-5,98752,1.3625e-5,98752,1444.094932794571,632078944
10,122,"[2, 7, 1, 0]",-13,NaN,0,NaN,0,1.2792e-5,98752,1.2792e-5,98752,1444.0949490070343,632184512
10,123,"[2, 7, 0, 1]",-12,NaN,0,NaN,0,1.1667e-5,98752,1.1667e-5,98752,1444.0949640274048,632290080
10,124,"[2, 6, 2, 0]",-26,NaN,0,NaN,0,1.3625e-5,98752,1.3625e-5,98752,1444.0949800014496,632395648
10,125,"[2, 6, 1, 1]",-25,NaN,0,NaN,0,9.708e-6,98752,9.708e-6,98752,1444.0949928760529,632501216
10,126,"[2, 6, 0, 2]",-24,NaN,0,NaN,0,1.4667e-5,98752,1.4667e-5,98752,1444.095009803772,632606784
10,127,"[2, 5, 3, 0]",-45,NaN,0,NaN,0,1.8458e-5,98752,1.8458e-5,98752,1444.0950310230255,632712352
10,128,"[2, 5, 2, 1]",-44,NaN,0,NaN,0,1.5792e-5,98752,1.5792e-5,98752,1444.0950498580933,632817920
10,129,"[2, 5, 1, 2]",-43,NaN,0,NaN,0,1.175e-5,98752,1.175e-5,98752,1444.0950639247894,632923488
10,130,"[2, 5, 0, 3]",-42,NaN,0,NaN,0,9.25e-6,98752,9.25e-6,98752,1444.0950758457184,633029056
10,131,"[2, 4, 4, 0]",-71,NaN,0,NaN,0,1.1375e-5,98752,1.1375e-5,98752,1444.0950899124146,633134608
10,132,"[2, 4, 3, 1]",-70,NaN,0,NaN,0,1.175e-5,98752,1.175e-5,98752,1444.0951039791107,633240176
10,133,"[2, 4, 2, 2]",-69,NaN,0,NaN,0,1.225e-5,98752,1.225e-5,98752,1444.0951189994812,633345744
10,134,"[2, 4, 1, 3]",-68,NaN,0,NaN,0,9.209e-6,98752,9.209e-6,98752,1444.0951309204102,633451312
10,135,"[2, 4, 0, 4]",-67,NaN,0,NaN,0,1.1209e-5,98752,1.1209e-5,98752,1444.0951437950134,633556880
10,136,"[2, 3, 5, 0]",-105,NaN,0,NaN,0,1.0917e-5,98752,1.0917e-5,98752,1444.0951578617096,633662448
10,137,"[2, 3, 4, 1]",-104,NaN,0,NaN,0,1.1167e-5,98752,1.1167e-5,98752,1444.09517288208,633768016
10,138,"[2, 3, 3, 2]",-103,NaN,0,NaN,0,1.0209e-5,98752,1.0209e-5,98752,1444.095184803009,633873584
10,139,"[2, 3, 2, 3]",-102,NaN,0,NaN,0,9.584e-6,98752,9.584e-6,98752,1444.0951979160309,633979152
10,140,"[2, 3, 1, 4]",-101,NaN,0,NaN,0,1.1542e-5,98752,1.1542e-5,98752,1444.095211982727,634084720
10,141,"[2, 3, 0, 5]",-100,NaN,0,NaN,0,1.1583e-5,98752,1.1583e-5,98752,1444.0952258110046,634190288
10,142,"[2, 2, 6, 0]",148,1.5833e-5,248096,0.025295125,69046128,NaN,0,0.025310958,69294224,1444.1205389499664,703491328
10,143,"[2, 2, 5, 1]",147,3.0167e-5,496784,0.0329175,77516656,NaN,0,0.032947667,78013440,1444.1534938812256,781511632
10,144,"[2, 2, 4, 2]",146,3.1709e-5,496816,0.024840917,69996400,NaN,0,0.024872626000000002,70493216,1444.1783769130707,852011712
10,145,"[2, 2, 3, 3]",145,3.275e-5,496848,0.015888917,56769264,NaN,0,0.015921667,57266112,1444.1943049430847,909284704
10,146,"[2, 2, 2, 4]",-144,NaN,0,NaN,0,1.3666e-5,98752,1.3666e-5,98752,1444.194324016571,909390320
10,147,"[2, 2, 1, 5]",-143,NaN,0,NaN,0,1.65e-5,98752,1.65e-5,98752,1444.194343805313,909495888
10,148,"[2, 2, 0, 6]",-142,NaN,0,NaN,0,9.959e-6,98752,9.959e-6,98752,1444.194356918335,909601440
10,149,"[2, 1, 7, 0]",201,1.575e-5,248192,0.026450584,79155424,NaN,0,0.026466333999999998,79403616,1444.2208259105682,607746560
10,150,"[2, 1, 6, 1]",200,3.1166e-5,496976,0.022661083,69046128,NaN,0,0.022692248999999998,69543104,1444.243525981903,677296544
10,151,"[2, 1, 5, 2]",199,3.0834e-5,497008,0.023724625,77434880,NaN,0,0.023755459,77931888,1444.2672889232635,550501840
10,152,"[2, 1, 4, 3]",198,2.9167e-5,497040,0.023431042,69046128,NaN,0,0.023460209,69543168,1444.2907547950745,620051872
10,153,"[2, 1, 3, 4]",197,3.0833e-5,497072,0.020915708,77434736,NaN,0,0.020946541000000003,77931808,1444.3117098808289,697990544
10,154,"[2, 1, 2, 5]",196,3.5584e-5,497104,0.020802791,69046592,NaN,0,0.020838375000000003,69543696,1444.33256483078,576793664
10,155,"[2, 1, 1, 6]",195,3.2375e-5,497136,0.020784416,77434816,NaN,0,0.020816791,77931952,1444.3533909320831,545604832
10,156,"[2, 1, 0, 7]",194,1.5292e-5,248864,0.021334209,69046128,NaN,0,0.021349501,69294992,1444.374747991562,614906688
10,157,"[2, 0, 8, 0]",265,1.7583e-5,248304,0.019656417,77434848,NaN,0,0.019674,77683152,1444.3944308757782,563784992
10,158,"[2, 0, 7, 1]",264,3.1625e-5,497200,0.02180275,69046192,NaN,0,0.021834375,69543392,1444.4162738323212,559436848
10,159,"[2, 0, 6, 2]",263,3.0334e-5,497232,0.021928584,77434816,NaN,0,0.021958918,77932048,1444.4382388591766,540707312
10,160,"[2, 0, 5, 3]",262,3.2333e-5,497264,0.024308,69046480,NaN,0,0.024340333,69543744,1444.4625878334045,537456768
10,161,"[2, 0, 4, 4]",261,3.1125e-5,497296,0.023377917,77434800,NaN,0,0.023409042,77932096,1444.4860060214996,540707760
10,162,"[2, 0, 3, 5]",260,2.9625e-5,497328,0.022635333,69046176,NaN,0,0.022664958,69543504,1444.5086770057678,545903328
10,163,"[2, 0, 2, 6]",259,3.0e-5,497360,0.125829917,77434816,NaN,0,0.12585991700000002,77932176,1444.6345438957214,540705984
10,164,"[2, 0, 1, 7]",258,3.2417e-5,497392,0.019181625,69046128,NaN,0,0.019214042,69543520,1444.653767824173,610256368
10,165,"[2, 0, 0, 8]",257,1.6833e-5,248992,0.024788834,77434736,NaN,0,0.024805667,77683728,1444.6785809993744,687946960
10,166,"[1, 9, 0, 0]",-2,NaN,0,NaN,0,1.4167e-5,98752,1.4167e-5,98752,1444.6786019802094,688052576
10,167,"[1, 8, 1, 0]",-7,NaN,0,NaN,0,1.0208e-5,98752,1.0208e-5,98752,1444.678615808487,688158144
10,168,"[1, 8, 0, 1]",-6,NaN,0,NaN,0,1.1458e-5,98752,1.1458e-5,98752,1444.678629875183,688263712
10,169,"[1, 7, 2, 0]",-16,NaN,0,NaN,0,1.4083e-5,98752,1.4083e-5,98752,1444.6786468029022,688369280
10,170,"[1, 7, 1, 1]",-15,NaN,0,NaN,0,1.1333e-5,98752,1.1333e-5,98752,1444.6786608695984,688474848
10,171,"[1, 7, 0, 2]",-14,NaN,0,NaN,0,1.625e-5,98752,1.625e-5,98752,1444.6786799430847,688580416
10,172,"[1, 6, 3, 0]",-30,NaN,0,NaN,0,1.8417e-5,98752,1.8417e-5,98752,1444.678701877594,688685984
10,173,"[1, 6, 2, 1]",-29,NaN,0,NaN,0,1.7792e-5,98752,1.7792e-5,98752,1444.6787219047546,688791552
10,174,"[1, 6, 1, 2]",-28,NaN,0,NaN,0,1.7292e-5,98752,1.7292e-5,98752,1444.6787419319153,688897120
10,175,"[1, 6, 0, 3]",-27,NaN,0,NaN,0,1.6917e-5,98752,1.6917e-5,98752,1444.6787610054016,689002688
10,176,"[1, 5, 4, 0]",-50,NaN,0,NaN,0,1.525e-5,98752,1.525e-5,98752,1444.678778886795,689108256
10,177,"[1, 5, 3, 1]",-49,NaN,0,NaN,0,1.5958e-5,98752,1.5958e-5,98752,1444.6787979602814,689213824
10,178,"[1, 5, 2, 2]",-48,NaN,0,NaN,0,1.1916e-5,98752,1.1916e-5,98752,1444.6788120269775,689319392
10,179,"[1, 5, 1, 3]",-47,NaN,0,NaN,0,1.0958e-5,98752,1.0958e-5,98752,1444.6788258552551,689424960
10,180,"[1, 5, 0, 4]",-46,NaN,0,NaN,0,9.458e-6,98752,9.458e-6,98752,1444.6788380146027,689530528
10,181,"[1, 4, 5, 0]",-77,NaN,0,NaN,0,1.1916e-5,98752,1.1916e-5,98752,1444.6788518428802,689636096
10,182,"[1, 4, 4, 1]",-76,NaN,0,NaN,0,1.15e-5,98752,1.15e-5,98752,1444.6788668632507,689741664
10,183,"[1, 4, 3, 2]",-75,NaN,0,NaN,0,1.1791e-5,98752,1.1791e-5,98752,1444.678880929947,689847216
10,184,"[1, 4, 2, 3]",-74,NaN,0,NaN,0,1.2125e-5,98752,1.2125e-5,98752,1444.6788959503174,689952784
10,185,"[1, 4, 1, 4]",-73,NaN,0,NaN,0,1.0416e-5,98752,1.0416e-5,98752,1444.6789088249207,690058352
10,186,"[1, 4, 0, 5]",-72,NaN,0,NaN,0,1.3125e-5,98752,1.3125e-5,98752,1444.6789247989655,690163920
10,187,"[1, 3, 6, 0]",-112,NaN,0,NaN,0,1.7333e-5,98752,1.7333e-5,98752,1444.678944826126,690269488
10,188,"[1, 3, 5, 1]",-111,NaN,0,NaN,0,1.3875e-5,98752,1.3875e-5,98752,1444.678960800171,690375056
10,189,"[1, 3, 4, 2]",-110,NaN,0,NaN,0,1.275e-5,98752,1.275e-5,98752,1444.6789770126343,690480624
10,190,"[1, 3, 3, 3]",-109,NaN,0,NaN,0,1.0334e-5,98752,1.0334e-5,98752,1444.6789898872375,690586192
10,191,"[1, 3, 2, 4]",-108,NaN,0,NaN,0,1.2584e-5,98752,1.2584e-5,98752,1444.679004907608,690691760
10,192,"[1, 3, 1, 5]",-107,NaN,0,NaN,0,1.5709e-5,98752,1.5709e-5,98752,1444.67902302742,690797328
10,193,"[1, 3, 0, 6]",-106,NaN,0,NaN,0,1.3166e-5,98752,1.3166e-5,98752,1444.6790390014648,690902896
10,194,"[1, 2, 7, 0]",-156,NaN,0,NaN,0,1.0333e-5,98752,1.0333e-5,98752,1444.6790518760681,691008464
10,195,"[1, 2, 6, 1]",-155,NaN,0,NaN,0,1.2375e-5,98752,1.2375e-5,98752,1444.6790668964386,691114032
10,196,"[1, 2, 5, 2]",-154,NaN,0,NaN,0,1.2916e-5,98752,1.2916e-5,98752,1444.679081916809,691219600
10,197,"[1, 2, 4, 3]",-153,NaN,0,NaN,0,1.3e-5,98752,1.3e-5,98752,1444.6790978908539,691325168
10,198,"[1, 2, 3, 4]",-152,NaN,0,NaN,0,1.7833e-5,98752,1.7833e-5,98752,1444.6791179180145,691430720
10,199,"[1, 2, 2, 5]",-151,NaN,0,NaN,0,1.9291e-5,98752,1.9291e-5,98752,1444.6791398525238,691536288
10,200,"[1, 2, 1, 6]",-150,NaN,0,NaN,0,2.3209e-5,98752,2.3209e-5,98752,1444.6795070171356,691641856
10,201,"[1, 2, 0, 7]",-149,NaN,0,NaN,0,1.8084e-5,98752,1.8084e-5,98752,1444.6795330047607,691747424
10,202,"[1, 1, 8, 0]",210,1.8584e-5,248880,0.02058275,69128336,NaN,0,0.020601334,69377216,1444.7001378536224,761131456
10,203,"[1, 1, 7, 1]",209,3.2708e-5,498496,0.020360708,79089520,NaN,0,0.020393416,79588016,1444.7205369472504,840726336
10,204,"[1, 1, 6, 2]",208,3.3459e-5,498528,0.027024,78221488,NaN,0,0.027057459,78720016,1444.7475998401642,559181072
10,205,"[1, 1, 5, 3]",207,3.1917e-5,498560,0.020759041,77434736,NaN,0,0.020790958,77933296,1444.768397808075,637121232
10,206,"[1, 1, 4, 4]",206,3.2875e-5,498592,0.018070917,46037456,NaN,0,0.018103792,46536048,1444.786507844925,683664144
10,207,"[1, 1, 3, 5]",-205,NaN,0,NaN,0,1.4834e-5,98752,1.4834e-5,98752,1444.7865278720856,683769760
10,208,"[1, 1, 2, 6]",-204,NaN,0,NaN,0,9.125e-6,98752,9.125e-6,98752,1444.786540031433,683875328
10,209,"[1, 1, 1, 7]",-203,NaN,0,NaN,0,1.2458e-5,98752,1.2458e-5,98752,1444.786556005478,683980896
10,210,"[1, 1, 0, 8]",-202,NaN,0,NaN,0,1.2084e-5,98752,1.2084e-5,98752,1444.7865710258484,684086464
10,211,"[1, 0, 9, 0]",275,1.6542e-5,249008,0.030723792,100220144,NaN,0,0.030740334,100469152,1444.8173139095306,784562432
10,212,"[1, 0, 8, 1]",274,3.4375e-5,498752,0.028097625,121339728,NaN,0,0.028132,121838480,1444.8454530239105,595896464
10,213,"[1, 0, 7, 2]",273,3.15e-5,498784,0.031040959,97713392,NaN,0,0.031072459,98212176,1444.8765349388123,694115504
10,214,"[1, 0, 6, 3]",272,3.4084e-5,498816,0.031528167,106102000,NaN,0,0.031562251,106600816,1444.9081089496613,800723184
10,215,"[1, 0, 5, 4]",271,3.5041e-5,498848,0.03289275,99368416,NaN,0,0.032927791,99867264,1444.9410469532013,614755024
10,216,"[1, 0, 4, 5]",270,3.3834e-5,498880,0.014973917,46840272,NaN,0,0.015007751,47339152,1444.956064939499,662101040
10,217,"[1, 0, 3, 6]",269,3.6458e-5,498912,0.029554416,106102160,NaN,0,0.029590874,106601072,1444.9856638908386,611825536
10,218,"[1, 0, 2, 7]",268,3.3292e-5,498944,0.032109875,97713776,NaN,0,0.032143167,98212720,1445.0178158283234,579922320
10,219,"[1, 0, 1, 8]",267,3.4875e-5,498976,0.025474167,106102144,NaN,0,0.025509042,106601120,1445.0433368682861,557516672
10,220,"[1, 0, 0, 9]",266,1.7875e-5,249856,0.031182625,97713488,NaN,0,0.0312005,97963344,1445.0745468139648,560209776
10,221,"[0, 10, 0, 0]",-1,NaN,0,NaN,0,1.7459e-5,98752,1.7459e-5,98752,1445.0745759010315,560315392
10,222,"[0, 9, 1, 0]",-4,NaN,0,NaN,0,9.959e-6,98752,9.959e-6,98752,1445.0745890140533,560420960
10,223,"[0, 9, 0, 1]",-3,NaN,0,NaN,0,1.2625e-5,98752,1.2625e-5,98752,1445.0746049880981,560526528
10,224,"[0, 8, 2, 0]",-10,NaN,0,NaN,0,1.1917e-5,98752,1.1917e-5,98752,1445.0746200084686,560632096
10,225,"[0, 8, 1, 1]",-9,NaN,0,NaN,0,1.1292e-5,98752,1.1292e-5,98752,1445.0746338367462,560737664
10,226,"[0, 8, 0, 2]",-8,NaN,0,NaN,0,1.8667e-5,98752,1.8667e-5,98752,1445.0746548175812,560843232
10,227,"[0, 7, 3, 0]",-20,NaN,0,NaN,0,1.5959e-5,98752,1.5959e-5,98752,1445.0746729373932,560948800
10,228,"[0, 7, 2, 1]",-19,NaN,0,NaN,0,1.7333e-5,98752,1.7333e-5,98752,1445.0746929645538,561054368
10,229,"[0, 7, 1, 2]",-18,NaN,0,NaN,0,1.6542e-5,98752,1.6542e-5,98752,1445.0747117996216,561159936
10,230,"[0, 7, 0, 3]",-17,NaN,0,NaN,0,2.1167e-5,98752,2.1167e-5,98752,1445.074735879898,561265504
10,231,"[0, 6, 4, 0]",-35,NaN,0,NaN,0,1.5292e-5,98752,1.5292e-5,98752,1445.07475399971,561371072
10,232,"[0, 6, 3, 1]",-34,NaN,0,NaN,0,1.8542e-5,98752,1.8542e-5,98752,1445.074774980545,561476640
10,233,"[0, 6, 2, 2]",-33,NaN,0,NaN,0,1.0875e-5,98752,1.0875e-5,98752,1445.0747878551483,561582208
10,234,"[0, 6, 1, 3]",-32,NaN,0,NaN,0,1.1167e-5,98752,1.1167e-5,98752,1445.0748019218445,561687776
10,235,"[0, 6, 0, 4]",-31,NaN,0,NaN,0,1.1292e-5,98752,1.1292e-5,98752,1445.0748147964478,561793344
10,236,"[0, 5, 5, 0]",-56,NaN,0,NaN,0,9.625e-6,98752,9.625e-6,98752,1445.0748279094696,561898912
10,237,"[0, 5, 4, 1]",-55,NaN,0,NaN,0,1.1708e-5,98752,1.1708e-5,98752,1445.0748419761658,562004480
10,238,"[0, 5, 3, 2]",-54,NaN,0,NaN,0,1.1416e-5,98752,1.1416e-5,98752,1445.0748558044434,562110048
10,239,"[0, 5, 2, 3]",-53,NaN,0,NaN,0,1.1e-5,98752,1.1e-5,98752,1445.0748689174652,562215616
10,240,"[0, 5, 1, 4]",-52,NaN,0,NaN,0,9.291e-6,98752,9.291e-6,98752,1445.0748808383942,562321168
10,241,"[0, 5, 0, 5]",-51,NaN,0,NaN,0,1.1042e-5,98752,1.1042e-5,98752,1445.074893951416,562426736
10,242,"[0, 4, 6, 0]",-84,NaN,0,NaN,0,1.2792e-5,98752,1.2792e-5,98752,1445.0749099254608,562532304
10,243,"[0, 4, 5, 1]",-83,NaN,0,NaN,0,1.2125e-5,98752,1.2125e-5,98752,1445.074923992157,562637872
10,244,"[0, 4, 4, 2]",-82,NaN,0,NaN,0,1.175e-5,98752,1.175e-5,98752,1445.0749378204346,562743440
10,245,"[0, 4, 3, 3]",-81,NaN,0,NaN,0,9.5e-6,98752,9.5e-6,98752,1445.0749509334564,562849008
10,246,"[0, 4, 2, 4]",-80,NaN,0,NaN,0,1.1792e-5,98752,1.1792e-5,98752,1445.0749650001526,562954560
10,247,"[0, 4, 1, 5]",-79,NaN,0,NaN,0,1.1625e-5,98752,1.1625e-5,98752,1445.0749788284302,563060128
10,248,"[0, 4, 0, 6]",-78,NaN,0,NaN,0,1.2042e-5,98752,1.2042e-5,98752,1445.0749938488007,563165696
10,249,"[0, 3, 7, 0]",-120,NaN,0,NaN,0,1.2e-5,98752,1.2e-5,98752,1445.0750088691711,563271264
10,250,"[0, 3, 6, 1]",-119,NaN,0,NaN,0,9.5e-6,98752,9.5e-6,98752,1445.0750210285187,563376816
10,251,"[0, 3, 5, 2]",-118,NaN,0,NaN,0,1.1875e-5,98752,1.1875e-5,98752,1445.0750348567963,563482368
10,252,"[0, 3, 4, 3]",-117,NaN,0,NaN,0,1.4792e-5,98752,1.4792e-5,98752,1445.0750529766083,563587936
10,253,"[0, 3, 3, 4]",-116,NaN,0,NaN,0,1.9584e-5,98752,1.9584e-5,98752,1445.0750749111176,563693504
10,254,"[0, 3, 2, 5]",-115,NaN,0,NaN,0,1.8084e-5,98752,1.8084e-5,98752,1445.0750958919525,563799072
10,255,"[0, 3, 1, 6]",-114,NaN,0,NaN,0,1.6958e-5,98752,1.6958e-5,98752,1445.0751149654388,563904640
10,256,"[0, 3, 0, 7]",-113,NaN,0,NaN,0,2.0291e-5,98752,2.0291e-5,98752,1445.0751368999481,564010208
10,257,"[0, 2, 8, 0]",-165,NaN,0,NaN,0,2.0833e-5,98752,2.0833e-5,98752,1445.0751609802246,564115776
10,258,"[0, 2, 7, 1]",-164,NaN,0,NaN,0,2.1458e-5,98752,2.1458e-5,98752,1445.0751848220825,564221344
10,259,"[0, 2, 6, 2]",-163,NaN,0,NaN,0,1.4917e-5,98752,1.4917e-5,98752,1445.0752019882202,564326912
10,260,"[0, 2, 5, 3]",-162,NaN,0,NaN,0,2.0125e-5,98752,2.0125e-5,98752,1445.0752239227295,564432480
10,261,"[0, 2, 4, 4]",-161,NaN,0,NaN,0,1.7375e-5,98752,1.7375e-5,98752,1445.0752439498901,564538048
10,262,"[0, 2, 3, 5]",-160,NaN,0,NaN,0,1.6709e-5,98752,1.6709e-5,98752,1445.0752639770508,564643616
10,263,"[0, 2, 2, 6]",-159,NaN,0,NaN,0,1.4417e-5,98752,1.4417e-5,98752,1445.0752799510956,564749184
10,264,"[0, 2, 1, 7]",-158,NaN,0,NaN,0,1.1834e-5,98752,1.1834e-5,98752,1445.075294971466,564854752
10,265,"[0, 2, 0, 8]",-157,NaN,0,NaN,0,1.1542e-5,98752,1.1542e-5,98752,1445.0753087997437,564960320
10,266,"[0, 1, 9, 0]",-220,NaN,0,NaN,0,1.2416e-5,98752,1.2416e-5,98752,1445.0753238201141,565065888
10,267,"[0, 1, 8, 1]",-219,NaN,0,NaN,0,1.25e-5,98752,1.25e-5,98752,1445.0753388404846,565171456
10,268,"[0, 1, 7, 2]",-218,NaN,0,NaN,0,1.0042e-5,98752,1.0042e-5,98752,1445.0753509998322,565277024
10,269,"[0, 1, 6, 3]",-217,NaN,0,NaN,0,1.2625e-5,98752,1.2625e-5,98752,1445.0753660202026,565382592
10,270,"[0, 1, 5, 4]",-216,NaN,0,NaN,0,1.2125e-5,98752,1.2125e-5,98752,1445.0753808021545,565488160
10,271,"[0, 1, 4, 5]",-215,NaN,0,NaN,0,1.2292e-5,98752,1.2292e-5,98752,1445.075395822525,565593728
10,272,"[0, 1, 3, 6]",-214,NaN,0,NaN,0,1.35e-5,98752,1.35e-5,98752,1445.0754117965698,565699296
10,273,"[0, 1, 2, 7]",-213,NaN,0,NaN,0,1.025e-5,98752,1.025e-5,98752,1445.0754249095917,565804864
10,274,"[0, 1, 1, 8]",-212,NaN,0,NaN,0,1.4e-5,98752,1.4e-5,98752,1445.0754418373108,565910432
10,275,"[0, 1, 0, 9]",-211,NaN,0,NaN,0,1.2542e-5,98752,1.2542e-5,98752,1445.0754568576813,566015984
10,276,"[0, 0, 10, 0]",286,1.8375e-5,249872,0.036421166,77434800,NaN,0,0.036439541,77684672,1445.1118988990784,546650528
10,277,"[0, 0, 9, 1]",285,3.7959e-5,500640,0.111765791,69046176,NaN,0,0.11180375000000001,69546816,1445.223716020584,545901104
10,278,"[0, 0, 8, 2]",284,3.6e-5,500672,0.019540958,77434736,NaN,0,0.019576958000000002,77935408,1445.2433018684387,623843376
10,279,"[0, 0, 7, 3]",283,3.6042e-5,500704,0.029082792,69046416,NaN,0,0.029118834,69547120,1445.2724289894104,693397360
10,280,"[0, 0, 6, 4]",282,3.75e-5,500736,0.020481417,77516656,NaN,0,0.020518916999999998,78017392,1445.292953968048,771421616
10,281,"[0, 0, 5, 5]",281,3.875e-5,500768,0.012558125,48937424,NaN,0,0.012596875,49438192,1445.3055679798126,820866672
10,282,"[0, 0, 4, 6]",-280,NaN,0,NaN,0,1.3959e-5,98752,1.3959e-5,98752,1445.3055889606476,820972288
10,283,"[0, 0, 3, 7]",-279,NaN,0,NaN,0,1.425e-5,98752,1.425e-5,98752,1445.305606842041,821077856
10,284,"[0, 0, 2, 8]",-278,NaN,0,NaN,0,1.3833e-5,98752,1.3833e-5,98752,1445.3056228160858,821183424
10,285,"[0, 0, 1, 9]",-277,NaN,0,NaN,0,1.6541e-5,98752,1.6541e-5,98752,1445.3056428432465,821288992
10,286,"[0, 0, 0, 10]",-276,NaN,0,NaN,0,1.0667e-5,98752,1.0667e-5,98752,1445.3056569099426,821394560
11,1,"[11, 0, 0, 0]",287,4.17e-7,0,0.020442,63033200,NaN,0,0.020442416999999997,63033200,3047.258744955063,535009504
11,2,"[10, 1, 0, 0]",221,5.84e-7,0,0.049235208,77434816,NaN,0,0.049235792,77434816,3047.307998895645,540718912
11,3,"[10, 0, 1, 0]",289,1.7667e-5,246512,0.113626667,70684576,NaN,0,0.113644334,70931088,3047.421665906906,547539504
11,4,"[10, 0, 0, 1]",288,1.5791e-5,246528,0.025055959,78368912,NaN,0,0.02507175,78615440,3047.446755886078,626161808
11,5,"[9, 2, 0, 0]",166,2.5e-7,0,0.019983292,72486768,NaN,0,0.019983542,72486768,3047.4667558670044,698655440
11,6,"[9, 1, 1, 0]",223,1.6166e-5,246528,0.0234885,78221168,NaN,0,0.023504666,78467696,3047.49027299881,777129952
11,7,"[9, 1, 0, 1]",222,1.475e-5,246576,0.026920417,69832560,NaN,0,0.026935167,70079136,3047.517217874527,847215952
11,8,"[9, 0, 2, 0]",292,1.6125e-5,246544,0.021820083,78221504,NaN,0,0.021836208,78468048,3047.53906583786,565433744
11,9,"[9, 0, 1, 1]",291,2.675e-5,493152,0.025868958,69046128,NaN,0,0.025895708,69539280,3047.5649688243866,634979888
11,10,"[9, 0, 0, 2]",290,1.5125e-5,246608,0.031262125,77435024,NaN,0,0.03127725,77681632,3047.596254825592,712668384
11,11,"[8, 3, 0, 0]",121,2.09e-7,0,0.020602291,69046128,NaN,0,0.0206025,69046128,3047.6168689727783,781721376
11,12,"[8, 2, 1, 0]",168,1.7042e-5,246576,0.023098416,78303088,NaN,0,0.023115458,78549664,3047.639992952347,860277856
11,13,"[8, 2, 0, 1]",167,1.5542e-5,246672,0.027659375,74682224,NaN,0,0.027674917,74928896,3047.667676925659,935213616
11,14,"[8, 1, 2, 0]",226,1.8e-5,246592,0.019186,84971744,NaN,0,0.019204000000000002,85218336,3047.6868999004364,585749456
11,15,"[8, 1, 1, 1]",225,2.75e-5,493296,0.019371333,69046128,NaN,0,0.019398833,69539424,3047.7063097953796,655295744
11,16,"[8, 1, 0, 2]",224,1.5375e-5,246704,0.0229225,77435024,NaN,0,0.022937875,77681728,3047.729255914688,732984336
11,17,"[8, 0, 3, 0]",296,1.6041e-5,246624,0.037809584,69046320,NaN,0,0.037825625,69292944,3047.76708984375,560293056
11,18,"[8, 0, 2, 1]",295,3.0083e-5,493360,0.020853875,77434736,NaN,0,0.020883958,77928096,3047.787992954254,638228016
11,19,"[8, 0, 1, 2]",294,2.8792e-5,493392,0.021407959,69046272,NaN,0,0.021436751,69539664,3047.809443950653,542353312
11,20,"[8, 0, 0, 3]",293,1.6708e-5,246752,0.018182917,77434736,NaN,0,0.018199625,77681488,3047.8276607990265,620041664
11,21,"[7, 4, 0, 0]",85,3.33e-7,0,0.019901041,69046240,NaN,0,0.019901374000000003,69046240,3047.8475790023804,564333776
11,22,"[7, 3, 1, 0]",123,1.6791e-5,246672,0.027128292,77435104,NaN,0,0.027145082999999997,77681776,3047.87473487854,545604272
11,23,"[7, 3, 0, 1]",122,1.6291e-5,246832,0.021083791,69046128,NaN,0,0.021100082000000003,69292960,3047.8958508968353,614904096
11,24,"[7, 2, 2, 0]",171,1.5875e-5,246688,0.021419333,77434864,NaN,0,0.021435207999999997,77681552,3047.917296886444,540706752
11,25,"[7, 2, 1, 1]",170,3.0542e-5,493552,0.023309125,69046192,NaN,0,0.023339667,69539744,3047.94065284729,537216080
11,26,"[7, 2, 0, 2]",169,1.6375e-5,246864,0.021348959,77434800,NaN,0,0.021365334,77681664,3047.9620349407196,545844816
11,27,"[7, 1, 3, 0]",230,1.6167e-5,246720,0.123761458,77434800,NaN,0,0.123777625,77681520,3048.0858240127563,540946112
11,28,"[7, 1, 2, 1]",229,2.9958e-5,493616,0.019594708,69046416,NaN,0,0.019624666,69540032,3048.105460882187,610493008
11,29,"[7, 1, 1, 2]",228,3.0125e-5,493648,0.018632,77434736,NaN,0,0.018662124999999998,77928384,3048.124140024185,688428256
11,30,"[7, 1, 0, 3]",227,1.6417e-5,246912,0.0221495,69046128,NaN,0,0.022165917,69293040,3048.1463158130646,757728160
11,31,"[7, 0, 4, 0]",301,1.5541e-5,246768,0.02548225,78303088,NaN,0,0.025497791000000002,78549856,3048.1718249320984,836284880
11,32,"[7, 0, 3, 1]",300,3.0584e-5,493712,0.019571333,73748640,NaN,0,0.019601917,74242352,3048.191445827484,567130320
11,33,"[7, 0, 2, 2]",299,2.9916e-5,493744,0.019125,77434736,NaN,0,0.019154916,77928480,3048.210618019104,645065664
11,34,"[7, 0, 1, 3]",298,2.9125e-5,493776,0.018148209,69046416,NaN,0,0.018177334,69540192,3048.2288048267365,714612720
11,35,"[7, 0, 0, 4]",297,1.6542e-5,246976,0.02605275,77434736,NaN,0,0.026069292,77681712,3048.2548818588257,792301296
11,36,"[6, 5, 0, 0]",57,8.4e-8,0,0.021770166,80144448,NaN,0,0.02177025,80144448,3048.2766609191895,872452608
11,37,"[6, 4, 1, 0]",87,1.5792e-5,246832,0.022611709,79794352,NaN,0,0.022627501,80041184,3048.2992990016937,589855872
11,38,"[6, 4, 0, 1]",86,1.5292e-5,247072,0.020790625,78571584,NaN,0,0.020805917,78818656,3048.320114850998,668681392
11,39,"[6, 3, 2, 0]",126,1.5666e-5,246848,0.022234083,77434736,NaN,0,0.022249749000000003,77681584,3048.3423738479614,746369840
11,40,"[6, 3, 1, 1]",125,2.975e-5,493952,0.023231458,69046608,NaN,0,0.023261208,69540560,3048.3656418323517,577661680
11,41,"[6, 3, 0, 2]",124,1.675e-5,247104,0.019551166,86960192,NaN,0,0.019567915999999998,87207296,3048.385227918625,664875840
11,42,"[6, 2, 3, 0]",175,1.6083e-5,246880,0.019656292,69046256,NaN,0,0.019672375,69293136,3048.404910802841,572764640
11,43,"[6, 2, 2, 1]",174,2.8041e-5,494016,0.026995583,77434816,NaN,0,0.027023624,77928832,3048.4319429397583,545604432
11,44,"[6, 2, 1, 2]",173,2.6417e-5,494048,0.035024917,69046128,NaN,0,0.035051334,69540176,3048.467001914978,615151472
11,45,"[6, 2, 0, 3]",172,1.6375e-5,247152,0.022784,86960304,NaN,0,0.022800374999999998,87207456,3048.4898109436035,558075232
11,46,"[6, 1, 4, 0]",235,1.5584e-5,246928,0.024537625,69046480,NaN,0,0.024553209,69293408,3048.5143718719482,560304800
11,47,"[6, 1, 3, 1]",234,2.8084e-5,494112,0.026027042,77434816,NaN,0,0.026055126,77928928,3048.540436029434,540706912
11,48,"[6, 1, 2, 2]",233,2.8125e-5,494144,0.026841583,69046192,NaN,0,0.026869708,69540336,3048.567312002182,537216240
11,49,"[6, 1, 1, 3]",232,2.6833e-5,494176,0.022774375,77434784,NaN,0,0.022801208,77928960,3048.590122938156,554291088
11,50,"[6, 1, 0, 4]",231,1.4708e-5,247216,0.042669084,86960272,NaN,0,0.042683792000000005,87207488,3048.6328139305115,534911600
11,51,"[6, 0, 5, 0]",307,1.75e-5,246992,0.019692542,69046160,NaN,0,0.019710042,69293152,3048.6525428295135,548356720
11,52,"[6, 0, 4, 1]",306,2.9583e-5,494240,0.124103375,77435120,NaN,0,0.124132958,77929360,3048.776687860489,540706016
11,53,"[6, 0, 3, 2]",305,2.9042e-5,494272,0.0190415,69046128,NaN,0,0.019070542,69540400,3048.795769929886,610253280
11,54,"[6, 0, 2, 3]",304,3.1625e-5,494304,0.01995475,77434736,NaN,0,0.019986375,77929040,3048.815773963928,688189184
11,55,"[6, 0, 1, 4]",303,3.0041e-5,494336,0.038689834,69046128,NaN,0,0.038719875,69540464,3048.8545019626617,757736512
11,56,"[6, 0, 0, 5]",302,1.6291e-5,247296,0.020202958,89237568,NaN,0,0.020219249,89484864,3048.874730825424,847228240
11,57,"[5, 6, 0, 0]",-36,NaN,0,NaN,0,1.125e-5,98752,1.125e-5,98752,3048.874760866165,847333856
11,58,"[5, 5, 1, 0]",59,1.675e-5,247072,0.02236525,89352576,NaN,0,0.022382,89599648,3048.8971469402313,553756528
11,59,"[5, 5, 0, 1]",-58,NaN,0,NaN,0,1.0708e-5,98752,1.0708e-5,98752,3048.8971688747406,553862144
11,60,"[5, 4, 2, 0]",90,1.9291e-5,247088,0.025451125,77435024,NaN,0,0.025470416000000003,77682112,3048.9226429462433,631551072
11,61,"[5, 4, 1, 1]",89,3.1666e-5,494528,0.019806208,78571584,NaN,0,0.019837874,79066112,3048.9424998760223,710624048
11,62,"[5, 4, 0, 2]",88,1.8583e-5,247440,0.019881,86960192,NaN,0,0.019899583,87207632,3048.962415933609,797838544
11,63,"[5, 3, 3, 0]",130,1.6959e-5,247120,0.023115125,72028272,NaN,0,0.023132084,72275392,3048.985559940338,555218064
11,64,"[5, 3, 2, 1]",129,2.7209e-5,494592,0.019291625,77434736,NaN,0,0.019318834,77929328,3049.004886865616,633154256
11,65,"[5, 3, 1, 2]",128,3.5125e-5,494624,0.0237355,78571584,NaN,0,0.023770625,79066208,3049.0286660194397,712227328
11,66,"[5, 3, 0, 3]",127,1.8e-5,247488,0.022523542,86960672,NaN,0,0.022541542,87208160,3049.0512239933014,550472176
11,67,"[5, 2, 4, 0]",180,1.5584e-5,247168,0.020489917,69046128,NaN,0,0.020505501,69293296,3049.0717430114746,619772336
11,68,"[5, 2, 3, 1]",179,3.1125e-5,494688,0.018621416,77434736,NaN,0,0.018652540999999998,77929424,3049.0904109477997,697708624
11,69,"[5, 2, 2, 2]",178,3.1292e-5,494720,0.022419208,69046304,NaN,0,0.022450499999999998,69541024,3049.112874031067,570100160
11,70,"[5, 2, 1, 3]",177,2.8417e-5,494752,0.021693125,86960272,NaN,0,0.021721542,87455024,3049.134605884552,539808976
11,71,"[5, 2, 0, 4]",176,1.4666e-5,247552,0.023903625,78571584,NaN,0,0.023918291,78819136,3049.158533811569,618634976
11,72,"[5, 1, 5, 0]",241,1.5584e-5,247232,0.022069917,77435136,NaN,0,0.022085501,77682368,3049.180629014969,574459632
11,73,"[5, 1, 4, 1]",240,2.7583e-5,494816,0.019142625,69046192,NaN,0,0.019170208,69541008,3049.1998059749603,559436960
11,74,"[5, 1, 3, 2]",239,2.8917e-5,494848,0.04508175,77434816,NaN,0,0.045110667,77929664,3049.244926929474,540707216
11,75,"[5, 1, 2, 3]",238,2.925e-5,494880,0.01993825,69046192,NaN,0,0.019967500000000003,69541072,3049.264904975891,537456672
11,76,"[5, 1, 1, 4]",237,2.7792e-5,494912,0.026847083,86960272,NaN,0,0.026874875,87455184,3049.291788816452,503864176
11,77,"[5, 1, 0, 5]",236,1.5834e-5,247632,0.025475708,86960208,NaN,0,0.025491542,87207840,3049.317291021347,545373936
11,78,"[5, 0, 6, 0]",314,1.5208e-5,247312,0.022313791,69046464,NaN,0,0.022328999,69293776,3049.3396289348602,557233664
11,79,"[5, 0, 5, 1]",313,2.8667e-5,494976,0.03862525,77434816,NaN,0,0.038653917,77929792,3049.3782889842987,551169408
11,80,"[5, 0, 4, 2]",312,3.2416e-5,495008,0.110261709,69046208,NaN,0,0.11029412499999999,69541216,3049.4885969161987,551666912
11,81,"[5, 0, 3, 3]",311,3.0667e-5,495040,0.02120075,77434736,NaN,0,0.021231417000000002,77929776,3049.509838819504,629603552
11,82,"[5, 0, 2, 4]",310,3.025e-5,495072,0.019493125,69046128,NaN,0,0.019523375,69541200,3049.529369831085,699151616
11,83,"[5, 0, 1, 5]",309,3.1125e-5,495104,0.025948,86960192,NaN,0,0.025979125,87455296,3049.5553658008575,786613776
11,84,"[5, 0, 0, 6]",308,1.8541e-5,247728,0.019917208,83929440,NaN,0,0.019935749,84177168,3049.575318813324,870797808
11,85,"[4, 7, 0, 0]",-21,NaN,0,NaN,0,1.4083e-5,98752,1.4083e-5,98752,3049.5753428936005,870903424
11,86,"[4, 6, 1, 0]",-38,NaN,0,NaN,0,1.2166e-5,98752,1.2166e-5,98752,3049.575357913971,871008992
11,87,"[4, 6, 0, 1]",-37,NaN,0,NaN,0,1.1792e-5,98752,1.1792e-5,98752,3049.5753729343414,871114560
11,88,"[4, 5, 2, 0]",-62,NaN,0,NaN,0,9.625e-6,98752,9.625e-6,98752,3049.5753858089447,871220128
11,89,"[4, 5, 1, 1]",-61,NaN,0,NaN,0,1.1667e-5,98752,1.1667e-5,98752,3049.575399875641,871325696
11,90,"[4, 5, 0, 2]",-60,NaN,0,NaN,0,1.5834e-5,98752,1.5834e-5,98752,3049.575418949127,871431264
11,91,"[4, 4, 3, 0]",94,1.5875e-5,247456,0.023114959,82596016,NaN,0,0.023130834,82843472,3049.598552942276,592591616
11,92,"[4, 4, 2, 1]",93,3.1708e-5,495376,0.0204375,78571584,NaN,0,0.020469208,79066960,3049.6190378665924,671665440
11,93,"[4, 4, 1, 2]",-92,NaN,0,NaN,0,1.2959e-5,98752,1.2959e-5,98752,3049.6190598011017,671771056
11,94,"[4, 4, 0, 3]",-91,NaN,0,NaN,0,1.35e-5,98752,1.35e-5,98752,3049.6190769672394,671876624
11,95,"[4, 3, 4, 0]",135,1.6333e-5,247504,0.019389375,77434736,NaN,0,0.019405708,77682240,3049.6384859085083,749565664
11,96,"[4, 3, 3, 1]",134,2.9458e-5,495472,0.040702459,69046128,NaN,0,0.040731917000000006,69541600,3049.6792249679565,819114128
11,97,"[4, 3, 2, 2]",133,3.2167e-5,495504,0.022553583,93956432,NaN,0,0.022585749999999998,94451936,3049.7018299102783,557247344
11,98,"[4, 3, 1, 3]",132,3.35e-5,495536,0.0221,86960480,NaN,0,0.0221335,87456016,3049.7239739894867,644710240
11,99,"[4, 3, 0, 4]",131,1.6583e-5,248000,0.018792583,69046128,NaN,0,0.018809166000000002,69294128,3049.7427937984467,714011216
11,100,"[4, 2, 5, 0]",186,1.625e-5,247568,0.021363125,77434912,NaN,0,0.021379375,77682480,3049.7641808986664,579356080
11,101,"[4, 2, 4, 1]",185,2.775e-5,495600,0.024637667,69046128,NaN,0,0.024665417,69541728,3049.7888538837433,648904672
11,102,"[4, 2, 3, 2]",184,3.2625e-5,495632,0.022890083,77434864,NaN,0,0.022922708,77930496,3049.8117818832397,572722256
11,103,"[4, 2, 2, 3]",183,2.875e-5,495664,0.021964333,78571664,NaN,0,0.021993083,79067328,3049.8337829113007,531419744
11,104,"[4, 2, 1, 4]",182,2.8958e-5,495696,0.02464875,86960480,NaN,0,0.024677708,87456176,3049.8584678173065,618882784
11,105,"[4, 2, 0, 5]",181,1.6e-5,248080,0.02084375,69046240,NaN,0,0.02085975,69294320,3049.879334926605,566070528
11,106,"[4, 1, 6, 0]",248,1.4209e-5,247648,0.020476375,77434816,NaN,0,0.020490584000000003,77682464,3049.899833917618,540706592
11,107,"[4, 1, 5, 1]",247,2.95e-5,495760,0.037373667,69046192,NaN,0,0.037403167,69541952,3049.9372458457947,537215920
11,108,"[4, 1, 4, 2]",246,3.0958e-5,495792,0.01807725,77434800,NaN,0,0.018108208,77930592,3049.955370903015,545844656
11,109,"[4, 1, 3, 3]",245,2.9917e-5,495824,0.019540667,77434784,NaN,0,0.019570584000000002,77930608,3049.974951028824,549393280
11,110,"[4, 1, 2, 4]",244,0.000613083,495920,0.033891208,78571888,NaN,0,0.034504291,79067808,3050.0094718933105,526522512
11,111,"[4, 1, 1, 5]",243,3.2583e-5,495888,0.117288334,86960240,NaN,0,0.117320917,87456128,3050.1268060207367,549362592
11,112,"[4, 1, 0, 6]",242,1.65e-5,248176,0.019599,69046128,NaN,0,0.019615499999999998,69294304,3050.1464319229126,618663760
11,113,"[4, 0, 7, 0]",322,1.6584e-5,247744,0.025014375,77434736,NaN,0,0.025030959,77682480,3050.1714730262756,696353104
11,114,"[4, 0, 6, 1]",321,3.0666e-5,495952,0.022187125,69046128,NaN,0,0.022217790999999997,69542080,3050.1936979293823,765902048
11,115,"[4, 0, 5, 2]",320,3.1458e-5,495984,0.020545375,78303088,NaN,0,0.020576833000000003,78799072,3050.2142808437347,844708000
11,116,"[4, 0, 4, 3]",319,3.5375e-5,496016,0.021970209,72143312,NaN,0,0.022005584,72639328,3050.2363069057465,582204128
11,117,"[4, 0, 3, 4]",318,3.3833e-5,496048,0.018567625,77434736,NaN,0,0.018601458,77930784,3050.254925966263,660141776
11,118,"[4, 0, 2, 5]",317,3.3958e-5,496080,0.019757083,78571584,NaN,0,0.019791041000000002,79067664,3050.274735927582,739216304
11,119,"[4, 0, 1, 6]",316,3.225e-5,496112,0.021278459,88369216,NaN,0,0.021310709,88865328,3050.296055793762,828088512
11,120,"[4, 0, 0, 7]",315,1.6625e-5,248288,0.028181291,75763840,NaN,0,0.028197916,76012128,3050.324261903763,556019872
11,121,"[3, 8, 0, 0]",-11,NaN,0,NaN,0,1.1875e-5,98752,1.1875e-5,98752,3050.3242909908295,556125488
11,122,"[3, 7, 1, 0]",-23,NaN,0,NaN,0,9.958e-6,98752,9.958e-6,98752,3050.3243038654327,556231056
11,123,"[3, 7, 0, 1]",-22,NaN,0,NaN,0,9.667e-6,98752,9.667e-6,98752,3050.3243169784546,556336624
11,124,"[3, 6, 2, 0]",-41,NaN,0,NaN,0,9.125e-6,98752,9.125e-6,98752,3050.3243288993835,556442192
11,125,"[3, 6, 1, 1]",-40,NaN,0,NaN,0,8.5e-6,98752,8.5e-6,98752,3050.324339866638,556547760
11,126,"[3, 6, 0, 2]",-39,NaN,0,NaN,0,9.583e-6,98752,9.583e-6,98752,3050.3243520259857,556653312
11,127,"[3, 5, 3, 0]",-66,NaN,0,NaN,0,9.417e-6,98752,9.417e-6,98752,3050.3243639469147,556758880
11,128,"[3, 5, 2, 1]",-65,NaN,0,NaN,0,9.75e-6,98752,9.75e-6,98752,3050.3243758678436,556864448
11,129,"[3, 5, 1, 2]",-64,NaN,0,NaN,0,8.541e-6,98752,8.541e-6,98752,3050.324388027191,556970000
11,130,"[3, 5, 0, 3]",-63,NaN,0,NaN,0,7.959e-6,98752,7.959e-6,98752,3050.324397802353,557075568
11,131,"[3, 4, 4, 0]",-99,NaN,0,NaN,0,9.542e-6,98752,9.542e-6,98752,3050.3244109153748,557181136
11,132,"[3, 4, 3, 1]",-98,NaN,0,NaN,0,9.333e-6,98752,9.333e-6,98752,3050.3244218826294,557286704
11,133,"[3, 4, 2, 2]",-97,NaN,0,NaN,0,9.458e-6,98752,9.458e-6,98752,3050.3244349956512,557392272
11,134,"[3, 4, 1, 3]",-96,NaN,0,NaN,0,8.417e-6,98752,8.417e-6,98752,3050.3244450092316,557497840
11,135,"[3, 4, 0, 4]",-95,NaN,0,NaN,0,9.541e-6,98752,9.541e-6,98752,3050.324457883835,557603408
11,136,"[3, 3, 5, 0]",141,1.8e-5,248016,0.018637666,77434736,NaN,0,0.018655666,77682752,3050.3431158065796,635292976
11,137,"[3, 3, 4, 1]",140,3.1625e-5,496624,0.02053575,69046416,NaN,0,0.020567375,69543040,3050.363691806793,704842880
11,138,"[3, 3, 3, 2]",139,3.0709e-5,496656,0.028691083,86960384,NaN,0,0.028721792,87457040,3050.392418861389,549602784
11,139,"[3, 3, 2, 3]",-138,NaN,0,NaN,0,1.0e-5,98752,1.0e-5,98752,3050.3924379348755,549708400
11,140,"[3, 3, 1, 4]",-137,NaN,0,NaN,0,1.0166e-5,98752,1.0166e-5,98752,3050.3924520015717,549813952
11,141,"[3, 3, 0, 5]",-136,NaN,0,NaN,0,1.2e-5,98752,1.2e-5,98752,3050.392467021942,549919520
11,142,"[3, 2, 6, 0]",193,1.5792e-5,248096,0.020570917,69046128,NaN,0,0.020586709,69294224,3050.413055896759,619220544
11,143,"[3, 2, 5, 1]",192,3.0417e-5,496784,0.021727208,77434736,NaN,0,0.021757625000000003,77931520,3050.4348208904266,697158928
11,144,"[3, 2, 4, 2]",191,3.1792e-5,496816,0.030234208,69046304,NaN,0,0.030265999999999998,69543120,3050.465094804764,570099872
11,145,"[3, 2, 3, 3]",190,3.3583e-5,496848,0.022041208,86960272,NaN,0,0.022074791,87457120,3050.4871900081635,539808816
11,146,"[3, 2, 2, 4]",189,3.2834e-5,496880,0.018924167,78571872,NaN,0,0.018957000999999998,79068752,3050.5061638355255,618884432
11,147,"[3, 2, 1, 5]",188,3.3291e-5,496912,0.025470208,77434848,NaN,0,0.025503499000000002,77931760,3050.531678915024,574459392
11,148,"[3, 2, 0, 6]",187,1.7208e-5,248752,0.026046541,69046192,NaN,0,0.026063749,69294944,3050.5577528476715,559436672
11,149,"[3, 1, 7, 0]",256,1.5708e-5,248192,0.021202,77434816,NaN,0,0.021217708,77683008,3050.5789778232574,540707056
11,150,"[3, 1, 6, 1]",255,3.0083e-5,496976,0.02134575,69046192,NaN,0,0.021375833,69543168,3050.6003608703613,537216384
11,151,"[3, 1, 5, 2]",254,3.6541e-5,497008,0.038323792,77434784,NaN,0,0.038360333,77931792,3050.6387288570404,554291232
11,152,"[3, 1, 4, 3]",253,0.000620334,497104,0.023106375,77435024,NaN,0,0.023726709,77932128,3050.662467956543,549394032
11,153,"[3, 1, 3, 4]",252,0.014664834,497136,0.112194375,78571584,NaN,0,0.126859209,79068720,3050.7893438339233,539890688
11,154,"[3, 1, 2, 5]",251,3.3625e-5,497104,0.02041625,86960192,NaN,0,0.020449875,87457296,3050.8098118305206,627354848
11,155,"[3, 1, 1, 6]",250,3.3167e-5,497136,0.026084416,69046128,NaN,0,0.026117583,69543264,3050.835942029953,696904976
11,156,"[3, 1, 0, 7]",249,1.7416e-5,248864,0.01854525,77434736,NaN,0,0.018562666,77683600,3050.8545138835907,774595440
11,157,"[3, 0, 8, 0]",331,1.7709e-5,248304,0.025785667,72028016,NaN,0,0.025803376000000003,72276320,3050.8803248405457,846878624
11,158,"[3, 0, 7, 1]",330,3.275e-5,497200,0.026650459,79942096,NaN,0,0.026683209000000003,80439296,3050.9070148468018,590871376
11,159,"[3, 0, 6, 2]",329,3.1333e-5,497232,0.023250708,69046128,NaN,0,0.023282041,69543360,3050.930305957794,660421616
11,160,"[3, 0, 5, 3]",328,3.5167e-5,497264,0.0181425,77434736,NaN,0,0.018177666999999998,77932000,3050.9485030174255,738360480
11,161,"[3, 0, 4, 4]",327,3.4583e-5,497296,0.017688458,69046128,NaN,0,0.017723041000000002,69543424,3050.9662408828735,807910768
11,162,"[3, 0, 3, 5]",326,3.6834e-5,497328,0.02290975,92399952,NaN,0,0.022946584,92897280,3050.9892048835754,555205232
11,163,"[3, 0, 2, 6]",325,3.1125e-5,497360,0.024171334,78571584,NaN,0,0.024202459,79068944,3051.013419866562,634281040
11,164,"[3, 0, 1, 7]",324,3.3584e-5,497392,0.024358542,77435024,NaN,0,0.024392126,77932416,3051.0378229618073,712220320
11,165,"[3, 0, 0, 8]",323,1.7333e-5,248992,0.022774958,69046320,NaN,0,0.022792291000000003,69295312,3051.060623884201,548747024
11,166,"[2, 9, 0, 0]",-5,NaN,0,NaN,0,1.3875e-5,98752,1.3875e-5,98752,3051.060644865036,548852656
11,167,"[2, 8, 1, 0]",-13,NaN,0,NaN,0,9.084e-6,98752,9.084e-6,98752,3051.0606570243835,548958224
11,168,"[2, 8, 0, 1]",-12,NaN,0,NaN,0,9.208e-6,98752,9.208e-6,98752,3051.0606689453125,549063792
11,169,"[2, 7, 2, 0]",-26,NaN,0,NaN,0,9.75e-6,98752,9.75e-6,98752,3051.0606818199158,549169360
11,170,"[2, 7, 1, 1]",-25,NaN,0,NaN,0,9.375e-6,98752,9.375e-6,98752,3051.0606939792633,549274912
11,171,"[2, 7, 0, 2]",-24,NaN,0,NaN,0,8.375e-6,98752,8.375e-6,98752,3051.060704946518,549380480
11,172,"[2, 6, 3, 0]",-45,NaN,0,NaN,0,1.6792e-5,98752,1.6792e-5,98752,3051.0607240200043,549486048
11,173,"[2, 6, 2, 1]",-44,NaN,0,NaN,0,1.4916e-5,98752,1.4916e-5,98752,3051.0607419013977,549591616
11,174,"[2, 6, 1, 2]",-43,NaN,0,NaN,0,1.5125e-5,98752,1.5125e-5,98752,3051.0607600212097,549697184
11,175,"[2, 6, 0, 3]",-42,NaN,0,NaN,0,1.5375e-5,98752,1.5375e-5,98752,3051.060776948929,549802752
11,176,"[2, 5, 4, 0]",-71,NaN,0,NaN,0,1.3916e-5,98752,1.3916e-5,98752,3051.060793876648,549908320
11,177,"[2, 5, 3, 1]",-70,NaN,0,NaN,0,1.8625e-5,98752,1.8625e-5,98752,3051.060814857483,550013888
11,178,"[2, 5, 2, 2]",-69,NaN,0,NaN,0,1.5666e-5,98752,1.5666e-5,98752,3051.060832977295,550119456
11,179,"[2, 5, 1, 3]",-68,NaN,0,NaN,0,1.5417e-5,98752,1.5417e-5,98752,3051.0608508586884,550225024
11,180,"[2, 5, 0, 4]",-67,NaN,0,NaN,0,1.3667e-5,98752,1.3667e-5,98752,3051.060866832733,550330592
11,181,"[2, 4, 5, 0]",-105,NaN,0,NaN,0,1.3541e-5,98752,1.3541e-5,98752,3051.060882806778,550436160
11,182,"[2, 4, 4, 1]",-104,NaN,0,NaN,0,9.75e-6,98752,9.75e-6,98752,3051.0608949661255,550541728
11,183,"[2, 4, 3, 2]",-103,NaN,0,NaN,0,9.333e-6,98752,9.333e-6,98752,3051.0609078407288,550647296
11,184,"[2, 4, 2, 3]",-102,NaN,0,NaN,0,1.0334e-5,98752,1.0334e-5,98752,3051.0609209537506,550752864
11,185,"[2, 4, 1, 4]",-101,NaN,0,NaN,0,9.333e-6,98752,9.333e-6,98752,3051.0609328746796,550858432
11,186,"[2, 4, 0, 5]",-100,NaN,0,NaN,0,1.0542e-5,98752,1.0542e-5,98752,3051.0609459877014,550964000
11,187,"[2, 3, 6, 0]",-148,NaN,0,NaN,0,1.0708e-5,98752,1.0708e-5,98752,3051.060959815979,551069568
11,188,"[2, 3, 5, 1]",-147,NaN,0,NaN,0,9.708e-6,98752,9.708e-6,98752,3051.0609719753265,551175136
11,189,"[2, 3, 4, 2]",-146,NaN,0,NaN,0,1.2333e-5,98752,1.2333e-5,98752,3051.060986995697,551280704
11,190,"[2, 3, 3, 3]",-145,NaN,0,NaN,0,8.583e-6,98752,8.583e-6,98752,3051.060998916626,551386272
11,191,"[2, 3, 2, 4]",-144,NaN,0,NaN,0,9.916e-6,98752,9.916e-6,98752,3051.061010837555,551491840
11,192,"[2, 3, 1, 5]",-143,NaN,0,NaN,0,1.0125e-5,98752,1.0125e-5,98752,3051.061023950577,551597408
11,193,"[2, 3, 0, 6]",-142,NaN,0,NaN,0,9.833e-6,98752,9.833e-6,98752,3051.0610358715057,551702976
11,194,"[2, 2, 7, 0]",201,1.7125e-5,248768,0.020096042,77434736,NaN,0,0.020113167,77683504,3051.0811529159546,629393296
11,195,"[2, 2, 6, 1]",200,3.4542e-5,498272,0.018833916,69046128,NaN,0,0.018868457999999998,69544400,3051.1000390052795,698944560
11,196,"[2, 2, 5, 2]",199,3.6625e-5,498304,0.020951,77434912,NaN,0,0.020987625,77933216,3051.121043920517,585181520
11,197,"[2, 2, 4, 3]",198,3.2625e-5,498336,0.020779333,78571648,NaN,0,0.020811958000000002,79069984,3051.1418669223785,540106112
11,198,"[2, 2, 3, 4]",-197,NaN,0,NaN,0,1.3166e-5,98752,1.3166e-5,98752,3051.1418879032135,540211744
11,199,"[2, 2, 2, 5]",-196,NaN,0,NaN,0,9.625e-6,98752,9.625e-6,98752,3051.1419010162354,540317312
11,200,"[2, 2, 1, 6]",-195,NaN,0,NaN,0,1.1167e-5,98752,1.1167e-5,98752,3051.141914844513,540422880
11,201,"[2, 2, 0, 7]",-194,NaN,0,NaN,0,1.1208e-5,98752,1.1208e-5,98752,3051.141928911209,540528448
11,202,"[2, 1, 8, 0]",265,1.7708e-5,248880,0.036666,77435104,NaN,0,0.036683707999999995,77683984,3051.178615808487,546472592
11,203,"[2, 1, 7, 1]",264,3.5584e-5,498496,0.01943925,69046128,NaN,0,0.019474834000000003,69544624,3051.19810795784,616024080
11,204,"[2, 1, 6, 2]",263,3.4292e-5,498528,0.024900209,77434864,NaN,0,0.024934500999999998,77933392,3051.2230520248413,540706720
11,205,"[2, 1, 5, 3]",262,3.3625e-5,498560,0.022543583,69046192,NaN,0,0.022577207999999998,69544752,3051.2456409931183,537216048
11,206,"[2, 1, 4, 4]",261,3.2917e-5,498592,0.022128791,86960256,NaN,0,0.022161708,87458848,3051.2678179740906,534911408
11,207,"[2, 1, 3, 5]",260,3.425e-5,498624,0.037713667,86960240,NaN,0,0.037747917,87458864,3051.3055768013,536497328
11,208,"[2, 1, 2, 6]",259,3.5125e-5,498656,0.018130542,69046448,NaN,0,0.018165667,69545104,3051.3237597942352,548418672
11,209,"[2, 1, 1, 7]",258,3.7375e-5,498688,0.036261625,77434816,NaN,0,0.036299,77933504,3051.360916852951,542354560
11,210,"[2, 1, 0, 8]",257,2.4083e-5,249712,0.111965166,69046208,NaN,0,0.111989249,69295920,3051.4729199409485,545901168
11,211,"[2, 0, 9, 0]",341,1.8417e-5,249008,0.023758583,77434736,NaN,0,0.023777,77683744,3051.4967079162598,623591776
11,212,"[2, 0, 8, 1]",340,3.5167e-5,498752,0.02439,69046128,NaN,0,0.024425166999999998,69544880,3051.5211429595947,693143520
11,213,"[2, 0, 7, 2]",339,3.3833e-5,498784,0.018290584,77434736,NaN,0,0.018324417,77933520,3051.539475917816,771083904
11,214,"[2, 0, 6, 3]",338,3.5958e-5,498816,0.019216833,70652048,NaN,0,0.019252791,71150864,3051.558744907379,842241632
11,215,"[2, 0, 5, 4]",337,3.5334e-5,498848,0.02313475,83808432,NaN,0,0.023170084,84307280,3051.581921815872,577189392
11,216,"[2, 0, 4, 5]",336,3.5042e-5,498880,0.022709125,86960192,NaN,0,0.022744167,87459072,3051.604681968689,664655328
11,217,"[2, 0, 3, 6]",335,3.6583e-5,498912,0.01969825,78571584,NaN,0,0.019734833,79070496,3051.6244349479675,743732688
11,218,"[2, 0, 2, 7]",334,3.3959e-5,498944,0.027683542,77434736,NaN,0,0.027717501,77933680,3051.652158975601,821673232
11,219,"[2, 0, 1, 8]",333,3.5833e-5,498976,0.021613792,72028288,NaN,0,0.021649625,72527264,3051.673817873001,554348896
11,220,"[2, 0, 0, 9]",332,1.7625e-5,249856,0.025256416,77435024,NaN,0,0.025274041,77684880,3051.6991000175476,632040640
11,221,"[1, 10, 0, 0]",-2,NaN,0,NaN,0,1.3167e-5,98752,1.3167e-5,98752,3051.6991209983826,632146256
11,222,"[1, 9, 1, 0]",-7,NaN,0,NaN,0,9.791e-6,98752,9.791e-6,98752,3051.699133872986,632251824
11,223,"[1, 9, 0, 1]",-6,NaN,0,NaN,0,1.1375e-5,98752,1.1375e-5,98752,3051.699147939682,632357376
11,224,"[1, 8, 2, 0]",-16,NaN,0,NaN,0,1.1834e-5,98752,1.1834e-5,98752,3051.6991629600525,632462944
11,225,"[1, 8, 1, 1]",-15,NaN,0,NaN,0,1.0541e-5,98752,1.0541e-5,98752,3051.6991758346558,632568512
11,226,"[1, 8, 0, 2]",-14,NaN,0,NaN,0,1.15e-5,98752,1.15e-5,98752,3051.699189901352,632674080
11,227,"[1, 7, 3, 0]",-30,NaN,0,NaN,0,9.209e-6,98752,9.209e-6,98752,3051.699201822281,632779632
11,228,"[1, 7, 2, 1]",-29,NaN,0,NaN,0,1.125e-5,98752,1.125e-5,98752,3051.699215888977,632885200
11,229,"[1, 7, 1, 2]",-28,NaN,0,NaN,0,1.1167e-5,98752,1.1167e-5,98752,3051.699229955673,632990768
11,230,"[1, 7, 0, 3]",-27,NaN,0,NaN,0,1.1917e-5,98752,1.1917e-5,98752,3051.6992440223694,633096336
11,231,"[1, 6, 4, 0]",-50,NaN,0,NaN,0,1.15e-5,98752,1.15e-5,98752,3051.699257850647,633201904
11,232,"[1, 6, 3, 1]",-49,NaN,0,NaN,0,1.1042e-5,98752,1.1042e-5,98752,3051.699271917343,633307456
11,233,"[1, 6, 2, 2]",-48,NaN,0,NaN,0,1.1042e-5,98752,1.1042e-5,98752,3051.6992859840393,633413024
11,234,"[1, 6, 1, 3]",-47,NaN,0,NaN,0,1.1083e-5,98752,1.1083e-5,98752,3051.699299812317,633518592
11,235,"[1, 6, 0, 4]",-46,NaN,0,NaN,0,1.1417e-5,98752,1.1417e-5,98752,3051.6993129253387,633624160
11,236,"[1, 5, 5, 0]",-77,NaN,0,NaN,0,9.334e-6,98752,9.334e-6,98752,3051.6993248462677,633729728
11,237,"[1, 5, 4, 1]",-76,NaN,0,NaN,0,1.1125e-5,98752,1.1125e-5,98752,3051.699338912964,633835296
11,238,"[1, 5, 3, 2]",-75,NaN,0,NaN,0,1.175e-5,98752,1.175e-5,98752,3051.6993539333344,633940864
11,239,"[1, 5, 2, 3]",-74,NaN,0,NaN,0,1.1875e-5,98752,1.1875e-5,98752,3051.6993680000305,634046432
11,240,"[1, 5, 1, 4]",-73,NaN,0,NaN,0,9.25e-6,98752,9.25e-6,98752,3051.6993799209595,634152000
11,241,"[1, 5, 0, 5]",-72,NaN,0,NaN,0,1.1583e-5,98752,1.1583e-5,98752,3051.6993939876556,634257552
11,242,"[1, 4, 6, 0]",-112,NaN,0,NaN,0,1.2291e-5,98752,1.2291e-5,98752,3051.699409008026,634363120
11,243,"[1, 4, 5, 1]",-111,NaN,0,NaN,0,1.1e-5,98752,1.1e-5,98752,3051.6994228363037,634468688
11,244,"[1, 4, 4, 2]",-110,NaN,0,NaN,0,1.1625e-5,98752,1.1625e-5,98752,3051.699436903,634574240
11,245,"[1, 4, 3, 3]",-109,NaN,0,NaN,0,1.0125e-5,98752,1.0125e-5,98752,3051.6994500160217,634679808
11,246,"[1, 4, 2, 4]",-108,NaN,0,NaN,0,1.3166e-5,98752,1.3166e-5,98752,3051.6994659900665,634785376
11,247,"[1, 4, 1, 5]",-107,NaN,0,NaN,0,1.2875e-5,98752,1.2875e-5,98752,3051.6994819641113,634890944
11,248,"[1, 4, 0, 6]",-106,NaN,0,NaN,0,1.2583e-5,98752,1.2583e-5,98752,3051.699496984482,634996512
11,249,"[1, 3, 7, 0]",-156,NaN,0,NaN,0,1.2416e-5,98752,1.2416e-5,98752,3051.6995120048523,635102080
11,250,"[1, 3, 6, 1]",-155,NaN,0,NaN,0,1.1709e-5,98752,1.1709e-5,98752,3051.69952583313,635207648
11,251,"[1, 3, 5, 2]",-154,NaN,0,NaN,0,1.9542e-5,98752,1.9542e-5,98752,3051.6995480060577,635313216
11,252,"[1, 3, 4, 3]",-153,NaN,0,NaN,0,1.7792e-5,98752,1.7792e-5,98752,3051.6995689868927,635418784
11,253,"[1, 3, 3, 4]",-152,NaN,0,NaN,0,1.8083e-5,98752,1.8083e-5,98752,3051.6995899677277,635524352
11,254,"[1, 3, 2, 5]",-151,NaN,0,NaN,0,1.7875e-5,98752,1.7875e-5,98752,3051.6996099948883,635629920
11,255,"[1, 3, 1, 6]",-150,NaN,0,NaN,0,1.5209e-5,98752,1.5209e-5,98752,3051.6996278762817,635735488
11,256,"[1, 3, 0, 7]",-149,NaN,0,NaN,0,1.6333e-5,98752,1.6333e-5,98752,3051.699646949768,635841056
11,257,"[1, 2, 8, 0]",-210,NaN,0,NaN,0,1.6084e-5,98752,1.6084e-5,98752,3051.6996648311615,635946624
11,258,"[1, 2, 7, 1]",-209,NaN,0,NaN,0,1.5958e-5,98752,1.5958e-5,98752,3051.699683904648,636052192
11,259,"[1, 2, 6, 2]",-208,NaN,0,NaN,0,1.6209e-5,98752,1.6209e-5,98752,3051.699702978134,636157760
11,260,"[1, 2, 5, 3]",-207,NaN,0,NaN,0,1.5959e-5,98752,1.5959e-5,98752,3051.6997208595276,636263328
11,261,"[1, 2, 4, 4]",-206,NaN,0,NaN,0,1.5709e-5,98752,1.5709e-5,98752,3051.699739933014,636368896
11,262,"[1, 2, 3, 5]",-205,NaN,0,NaN,0,1.5791e-5,98752,1.5791e-5,98752,3051.6997578144073,636474464
11,263,"[1, 2, 2, 6]",-204,NaN,0,NaN,0,1.9041e-5,98752,1.9041e-5,98752,3051.699779987335,636580032
11,264,"[1, 2, 1, 7]",-203,NaN,0,NaN,0,1.7e-5,98752,1.7e-5,98752,3051.699798822403,636685600
11,265,"[1, 2, 0, 8]",-202,NaN,0,NaN,0,2.0417e-5,98752,2.0417e-5,98752,3051.699821949005,636791152
11,266,"[1, 1, 9, 0]",275,2.0e-5,249728,0.023900458,69046128,NaN,0,0.023920458,69295856,3051.723744869232,706093824
11,267,"[1, 1, 8, 1]",274,3.4958e-5,500352,0.024150541,77434928,NaN,0,0.024185499000000003,77935280,3051.7479379177094,555398736
11,268,"[1, 1, 7, 2]",273,3.6583e-5,500384,0.018510834,69046128,NaN,0,0.018547417,69546512,3051.7664999961853,624952128
11,269,"[1, 1, 6, 3]",272,3.5416e-5,500416,0.02338,77434736,NaN,0,0.023415416,77935152,3051.789922952652,702894144
11,270,"[1, 1, 5, 4]",271,3.6333e-5,500448,0.027482042,78571760,NaN,0,0.027518375,79072208,3051.8174498081207,578757472
11,271,"[1, 1, 4, 5]",-270,NaN,0,NaN,0,1.6709e-5,98752,1.6709e-5,98752,3051.817477941513,578863088
11,272,"[1, 1, 3, 6]",-269,NaN,0,NaN,0,1.5875e-5,98752,1.5875e-5,98752,3051.8174979686737,578968656
11,273,"[1, 1, 2, 7]",-268,NaN,0,NaN,0,9.292e-6,98752,9.292e-6,98752,3051.8175098896027,579074224
11,274,"[1, 1, 1, 8]",-267,NaN,0,NaN,0,1.1375e-5,98752,1.1375e-5,98752,3051.817523956299,579179792
11,275,"[1, 1, 0, 9]",-266,NaN,0,NaN,0,1.15e-5,98752,1.15e-5,98752,3051.817538022995,579285360
11,276,"[1, 0, 10, 0]",352,2.0584e-5,249872,0.030452708,106790512,NaN,0,0.030473292,107040384,3051.8480138778687,571968272
11,277,"[1, 0, 9, 1]",351,3.5417e-5,500640,0.029884667,98401584,NaN,0,0.029920084,98902224,3051.877944946289,572280176
11,278,"[1, 0, 8, 2]",350,3.6541e-5,500672,0.030256125,106790272,NaN,0,0.030292666,107290944,3051.908247947693,557755936
11,279,"[1, 0, 7, 3]",349,3.5833e-5,500704,0.041115959,98401616,NaN,0,0.041151792,98902320,3051.9494099617004,541485056
11,280,"[1, 0, 6, 4]",348,3.6667e-5,500736,0.122868792,106790176,NaN,0,0.12290545900000001,107290912,3052.072327852249,578348912
11,281,"[1, 0, 5, 5]",347,3.8041e-5,500768,0.020023666,78571584,NaN,0,0.020061706999999998,79072352,3052.092406988144,657428144
11,282,"[1, 0, 4, 6]",346,3.7e-5,500800,0.022180792,88369504,NaN,0,0.022217792,88870304,3052.1146359443665,746305328
11,283,"[1, 0, 3, 7]",345,3.6375e-5,500832,0.03039775,107937008,NaN,0,0.030434125000000003,108437840,3052.1450798511505,854750032
11,284,"[1, 0, 2, 8]",344,3.7042e-5,500864,0.027394083,112688688,NaN,0,0.027431125,113189552,3052.172520875931,635494224
11,285,"[1, 0, 1, 9]",343,3.8875e-5,500896,0.031084291,98401520,NaN,0,0.031123166,98902416,3052.2036559581757,734403504
11,286,"[1, 0, 0, 10]",342,2.1166e-5,250896,0.028812916,111213808,NaN,0,0.028834082,111464704,3052.2325019836426,845875072
11,287,"[0, 11, 0, 0]",-1,NaN,0,NaN,0,1.2875e-5,98752,1.2875e-5,98752,3052.2325258255005,845980688
11,288,"[0, 10, 1, 0]",-4,NaN,0,NaN,0,1.2084e-5,98752,1.2084e-5,98752,3052.2325417995453,846086256
11,289,"[0, 10, 0, 1]",-3,NaN,0,NaN,0,1.1917e-5,98752,1.1917e-5,98752,3052.2325558662415,846191824
11,290,"[0, 9, 2, 0]",-10,NaN,0,NaN,0,1.8667e-5,98752,1.8667e-5,98752,3052.2325768470764,846297392
11,291,"[0, 9, 1, 1]",-9,NaN,0,NaN,0,1.5125e-5,98752,1.5125e-5,98752,3052.2325949668884,846402960
11,292,"[0, 9, 0, 2]",-8,NaN,0,NaN,0,1.6042e-5,98752,1.6042e-5,98752,3052.232613801956,846508528
11,293,"[0, 8, 3, 0]",-20,NaN,0,NaN,0,1.6792e-5,98752,1.6792e-5,98752,3052.2326328754425,846614096
11,294,"[0, 8, 2, 1]",-19,NaN,0,NaN,0,2.2e-5,98752,2.2e-5,98752,3052.2326579093933,846719664
11,295,"[0, 8, 1, 2]",-18,NaN,0,NaN,0,1.65e-5,98752,1.65e-5,98752,3052.2326769828796,846825216
11,296,"[0, 8, 0, 3]",-17,NaN,0,NaN,0,1.2542e-5,98752,1.2542e-5,98752,3052.23269200325,846930768
11,297,"[0, 7, 4, 0]",-35,NaN,0,NaN,0,1.0959e-5,98752,1.0959e-5,98752,3052.2327058315277,847036336
11,298,"[0, 7, 3, 1]",-34,NaN,0,NaN,0,1.275e-5,98752,1.275e-5,98752,3052.232720851898,847141904
11,299,"[0, 7, 2, 2]",-33,NaN,0,NaN,0,1.1834e-5,98752,1.1834e-5,98752,3052.2327358722687,847247472
11,300,"[0, 7, 1, 3]",-32,NaN,0,NaN,0,9.791e-6,98752,9.791e-6,98752,3052.232748031616,847353040
11,301,"[0, 7, 0, 4]",-31,NaN,0,NaN,0,1.1625e-5,98752,1.1625e-5,98752,3052.232762813568,847458608
11,302,"[0, 6, 5, 0]",-56,NaN,0,NaN,0,1.1792e-5,98752,1.1792e-5,98752,3052.2327768802643,847564176
11,303,"[0, 6, 4, 1]",-55,NaN,0,NaN,0,1.1834e-5,98752,1.1834e-5,98752,3052.2327919006348,847669744
11,304,"[0, 6, 3, 2]",-54,NaN,0,NaN,0,1.1375e-5,98752,1.1375e-5,98752,3052.232805967331,847775312
11,305,"[0, 6, 2, 3]",-53,NaN,0,NaN,0,9.875e-6,98752,9.875e-6,98752,3052.232818841934,847880880
11,306,"[0, 6, 1, 4]",-52,NaN,0,NaN,0,1.1959e-5,98752,1.1959e-5,98752,3052.2328329086304,847986448
11,307,"[0, 6, 0, 5]",-51,NaN,0,NaN,0,1.1209e-5,98752,1.1209e-5,98752,3052.2328469753265,848092016
11,308,"[0, 5, 6, 0]",-84,NaN,0,NaN,0,1.1833e-5,98752,1.1833e-5,98752,3052.232861995697,848197584
11,309,"[0, 5, 5, 1]",-83,NaN,0,NaN,0,1.2959e-5,98752,1.2959e-5,98752,3052.232877969742,848303152
11,310,"[0, 5, 4, 2]",-82,NaN,0,NaN,0,1.0334e-5,98752,1.0334e-5,98752,3052.232890844345,848408720
11,311,"[0, 5, 3, 3]",-81,NaN,0,NaN,0,1.35e-5,98752,1.35e-5,98752,3052.23290681839,848514288
11,312,"[0, 5, 2, 4]",-80,NaN,0,NaN,0,1.2292e-5,98752,1.2292e-5,98752,3052.2329218387604,848619840
11,313,"[0, 5, 1, 5]",-79,NaN,0,NaN,0,1.3666e-5,98752,1.3666e-5,98752,3052.232939004898,848725408
11,314,"[0, 5, 0, 6]",-78,NaN,0,NaN,0,1.025e-5,98752,1.025e-5,98752,3052.232950925827,848830976
11,315,"[0, 4, 7, 0]",-120,NaN,0,NaN,0,1.2583e-5,98752,1.2583e-5,98752,3052.2329659461975,848936544
11,316,"[0, 4, 6, 1]",-119,NaN,0,NaN,0,1.5917e-5,98752,1.5917e-5,98752,3052.232985019684,849042112
11,317,"[0, 4, 5, 2]",-118,NaN,0,NaN,0,1.6917e-5,98752,1.6917e-5,98752,3052.233004808426,849147680
11,318,"[0, 4, 4, 3]",-117,NaN,0,NaN,0,2.125e-5,98752,2.125e-5,98752,3052.2330288887024,849253248
11,319,"[0, 4, 3, 4]",-116,NaN,0,NaN,0,1.6625e-5,98752,1.6625e-5,98752,3052.2330479621887,849358816
11,320,"[0, 4, 2, 5]",-115,NaN,0,NaN,0,1.6333e-5,98752,1.6333e-5,98752,3052.2330667972565,849464384
11,321,"[0, 4, 1, 6]",-114,NaN,0,NaN,0,1.6917e-5,98752,1.6917e-5,98752,3052.233085870743,849569952
11,322,"[0, 4, 0, 7]",-113,NaN,0,NaN,0,1.775e-5,98752,1.775e-5,98752,3052.2331058979034,849675520
11,323,"[0, 3, 8, 0]",-165,NaN,0,NaN,0,1.4667e-5,98752,1.4667e-5,98752,3052.2331228256226,849781088
11,324,"[0, 3, 7, 1]",-164,NaN,0,NaN,0,1.7667e-5,98752,1.7667e-5,98752,3052.2331438064575,849886656
11,325,"[0, 3, 6, 2]",-163,NaN,0,NaN,0,2.1166e-5,98752,2.1166e-5,98752,3052.2331669330597,849992224
11,326,"[0, 3, 5, 3]",-162,NaN,0,NaN,0,1.6667e-5,98752,1.6667e-5,98752,3052.233186006546,850097792
11,327,"[0, 3, 4, 4]",-161,NaN,0,NaN,0,1.7459e-5,98752,1.7459e-5,98752,3052.233205795288,850203360
11,328,"[0, 3, 3, 5]",-160,NaN,0,NaN,0,2.0916e-5,98752,2.0916e-5,98752,3052.2332298755646,850308928
11,329,"[0, 3, 2, 6]",-159,NaN,0,NaN,0,1.8542e-5,98752,1.8542e-5,98752,3052.2332508563995,850414496
11,330,"[0, 3, 1, 7]",-158,NaN,0,NaN,0,1.8834e-5,98752,1.8834e-5,98752,3052.2332718372345,850520064
11,331,"[0, 3, 0, 8]",-157,NaN,0,NaN,0,1.775e-5,98752,1.775e-5,98752,3052.233291864395,850625632
11,332,"[0, 2, 9, 0]",-220,NaN,0,NaN,0,2.0417e-5,98752,2.0417e-5,98752,3052.2333149909973,850731200
11,333,"[0, 2, 8, 1]",-219,NaN,0,NaN,0,1.8542e-5,98752,1.8542e-5,98752,3052.2333369255066,850836768
11,334,"[0, 2, 7, 2]",-218,NaN,0,NaN,0,1.7875e-5,98752,1.7875e-5,98752,3052.2333569526672,850942336
11,335,"[0, 2, 6, 3]",-217,NaN,0,NaN,0,1.7458e-5,98752,1.7458e-5,98752,3052.233376979828,851047904
11,336,"[0, 2, 5, 4]",-216,NaN,0,NaN,0,1.8084e-5,98752,1.8084e-5,98752,3052.2333970069885,851153472
11,337,"[0, 2, 4, 5]",-215,NaN,0,NaN,0,1.4959e-5,98752,1.4959e-5,98752,3052.233414888382,851259040
11,338,"[0, 2, 3, 6]",-214,NaN,0,NaN,0,1.675e-5,98752,1.675e-5,98752,3052.2334339618683,851364608
11,339,"[0, 2, 2, 7]",-213,NaN,0,NaN,0,2.2e-5,98752,2.2e-5,98752,3052.233457803726,851470176
11,340,"[0, 2, 1, 8]",-212,NaN,0,NaN,0,1.7708e-5,98752,1.7708e-5,98752,3052.2334790229797,851575728
11,341,"[0, 2, 0, 9]",-211,NaN,0,NaN,0,1.95e-5,98752,1.95e-5,98752,3052.233500957489,851681296
11,342,"[0, 1, 10, 0]",-286,NaN,0,NaN,0,1.5041e-5,98752,1.5041e-5,98752,3052.2335188388824,851786848
11,343,"[0, 1, 9, 1]",-285,NaN,0,NaN,0,2.0167e-5,98752,2.0167e-5,98752,3052.2335419654846,851892416
11,344,"[0, 1, 8, 2]",-284,NaN,0,NaN,0,1.7417e-5,98752,1.7417e-5,98752,3052.2335608005524,851997984
11,345,"[0, 1, 7, 3]",-283,NaN,0,NaN,0,1.7958e-5,98752,1.7958e-5,98752,3052.233582019806,852103552
11,346,"[0, 1, 6, 4]",-282,NaN,0,NaN,0,1.4833e-5,98752,1.4833e-5,98752,3052.233598947525,852209120
11,347,"[0, 1, 5, 5]",-281,NaN,0,NaN,0,1.6417e-5,98752,1.6417e-5,98752,3052.2336180210114,852314688
11,348,"[0, 1, 4, 6]",-280,NaN,0,NaN,0,1.75e-5,98752,1.75e-5,98752,3052.2336378097534,852420256
11,349,"[0, 1, 3, 7]",-279,NaN,0,NaN,0,1.7333e-5,98752,1.7333e-5,98752,3052.233657836914,852525824
11,350,"[0, 1, 2, 8]",-278,NaN,0,NaN,0,2.2458e-5,98752,2.2458e-5,98752,3052.233682870865,852631392
11,351,"[0, 1, 1, 9]",-277,NaN,0,NaN,0,1.5375e-5,98752,1.5375e-5,98752,3052.233700990677,852736960
11,352,"[0, 1, 0, 10]",-276,NaN,0,NaN,0,1.7e-5,98752,1.7e-5,98752,3052.2337198257446,852842528
11,353,"[0, 0, 11, 0]",364,2.1208e-5,250912,0.024259458,75960480,NaN,0,0.024280666000000003,76211392,3052.258003950119,573014160
11,354,"[0, 0, 10, 1]",363,3.6458e-5,502896,0.021384375,77435024,NaN,0,0.021420833,77937920,3052.279433965683,650958960
11,355,"[0, 0, 9, 2]",362,3.9042e-5,502928,0.026102917,69046128,NaN,0,0.026141959,69549056,3052.3055839538574,720514880
11,356,"[0, 0, 8, 3]",361,4.6792e-5,502960,0.029346292,77434928,NaN,0,0.029393084,77937888,3052.3349838256836,555399568
11,357,"[0, 0, 7, 4]",360,3.675e-5,502992,0.01883375,69046128,NaN,0,0.0188705,69549120,3052.353863954544,624955552
11,358,"[0, 0, 6, 5]",359,3.9083e-5,503024,0.029001375,86960320,NaN,0,0.029040457999999998,87463344,3052.382912874222,544707120
11,359,"[0, 0, 5, 6]",-358,NaN,0,NaN,0,2.0958e-5,98752,2.0958e-5,98752,3052.3829419612885,544812752
11,360,"[0, 0, 4, 7]",-357,NaN,0,NaN,0,9.0e-6,98752,9.0e-6,98752,3052.3829538822174,544918320
11,361,"[0, 0, 3, 8]",-356,NaN,0,NaN,0,9.542e-6,98752,9.542e-6,98752,3052.3829658031464,545023872
11,362,"[0, 0, 2, 9]",-355,NaN,0,NaN,0,9.25e-6,98752,9.25e-6,98752,3052.382977962494,545129440
11,363,"[0, 0, 1, 10]",-354,NaN,0,NaN,0,9.791e-6,98752,9.791e-6,98752,3052.382990837097,545234992
11,364,"[0, 0, 0, 11]",-353,NaN,0,NaN,0,1.0208e-5,98752,1.0208e-5,98752,3052.383003950119,545340560
12,1,"[12, 0, 0, 0]",365,4.17e-7,0,0.020644375,63033488,NaN,0,0.020644792,63033488,6259.931207895279,535020736
12,2,"[11, 1, 0, 0]",287,2.92e-7,0,0.020478334,77434816,NaN,0,0.020478626,77434816,6259.9517068862915,540736064
12,3,"[11, 0, 1, 0]",367,1.5125e-5,246512,0.034535916,70487968,NaN,0,0.034551041,70734480,6259.986271858215,547366928
12,4,"[11, 0, 0, 1]",366,1.6875e-5,246528,0.114479334,77434800,NaN,0,0.114496209,77681328,6260.100790023804,567824336
12,5,"[10, 2, 0, 0]",221,3.75e-7,0,0.019986,74633072,NaN,0,0.019986375,74633072,6260.12079501152,642464272
12,6,"[10, 1, 1, 0]",289,1.6667e-5,246528,0.0275605,78221168,NaN,0,0.027577167000000003,78467696,6260.148384809494,720938784
12,7,"[10, 1, 0, 1]",288,1.4625e-5,246576,0.023147416,69832848,NaN,0,0.023162041,70079424,6260.171555995941,791025072
12,8,"[10, 0, 2, 0]",370,1.5375e-5,246544,0.025041042,78221440,NaN,0,0.025056417,78467984,6260.196620941162,560296096
12,9,"[10, 0, 1, 1]",369,2.6167e-5,493152,0.0225015,69046128,NaN,0,0.022527667,69539280,6260.219154834747,629842240
12,10,"[10, 0, 0, 2]",368,1.3666e-5,246608,0.022105958,77434736,NaN,0,0.022119623999999997,77681344,6260.241282939911,707530448
12,11,"[9, 3, 0, 0]",166,3.34e-7,0,0.022209209,69046128,NaN,0,0.022209543,69046128,6260.263510942459,776583456
12,12,"[9, 2, 1, 0]",223,1.6667e-5,246576,0.061888417,81235824,NaN,0,0.061905084,81482400,6260.325436830521,858072672
12,13,"[9, 2, 0, 1]",222,1.8416e-5,246672,0.031873291,77287568,NaN,0,0.031891707,77534240,6260.357348918915,935613776
12,14,"[9, 1, 2, 0]",292,1.6083e-5,246592,0.028229208,80875376,NaN,0,0.028245291,81121968,6260.385607004166,1016742608
12,15,"[9, 1, 1, 1]",291,3.0666e-5,493296,0.034329208,69832992,NaN,0,0.034359874,70326288,6260.419986009598,588820720
12,16,"[9, 1, 0, 2]",290,1.7791e-5,246704,0.018371084,77434736,NaN,0,0.018388875,77681440,6260.43839097023,666509024
12,17,"[9, 0, 3, 0]",374,1.7917e-5,246624,0.018367834,69046128,NaN,0,0.018385751,69292752,6260.456790924072,735808640
12,18,"[9, 0, 2, 1]",373,0.000582667,493552,0.022864875,77434736,NaN,0,0.023447542,77928288,6260.480252981186,585578096
12,19,"[9, 0, 1, 2]",372,3.0208e-5,493392,0.017897458,69046416,NaN,0,0.017927666000000002,69539808,6260.4981989860535,655124768
12,20,"[9, 0, 0, 3]",371,1.5333e-5,246752,0.023019417,77434864,NaN,0,0.02303475,77681616,6260.521243810654,580284448
12,21,"[8, 4, 0, 0]",121,4.16e-7,0,0.019676125,69046208,NaN,0,0.019676541,69046208,6260.540935993195,537215376
12,22,"[8, 3, 1, 0]",168,1.4625e-5,246672,0.02022375,77434736,NaN,0,0.020238375,77681408,6260.561185836792,614903600
12,23,"[8, 3, 0, 1]",167,1.4459e-5,246832,0.028336041,69046240,NaN,0,0.0283505,69293072,6260.58954501152,555395536
12,24,"[8, 2, 2, 0]",226,1.6e-5,246688,0.02560175,77434800,NaN,0,0.025617749999999998,77681488,6260.615175962448,554290512
12,25,"[8, 2, 1, 1]",225,3.2042e-5,493552,0.038671292,77435104,NaN,0,0.038703334000000006,77928656,6260.653892993927,540706464
12,26,"[8, 2, 0, 2]",224,1.6208e-5,246864,0.021545292,69046192,NaN,0,0.0215615,69293056,6260.67547082901,537215792
12,27,"[8, 1, 3, 0]",296,1.525e-5,246720,0.028601583,77434784,NaN,0,0.028616833,77681504,6260.70409989357,554290640
12,28,"[8, 1, 2, 1]",295,0.000733542,493680,0.019080042,77434736,NaN,0,0.019813584,77928416,6260.723923921585,549393440
12,29,"[8, 1, 1, 2]",294,0.000700333,493712,0.018912292,69046128,NaN,0,0.019612625,69539840,6260.743554830551,541005184
12,30,"[8, 1, 0, 3]",293,1.55e-5,246912,0.127632625,77434816,NaN,0,0.127648125,77681728,6260.871213912964,540946112
12,31,"[8, 0, 4, 0]",379,1.5333e-5,246768,0.024561916,69046416,NaN,0,0.024577249,69293184,6260.895802974701,610246160
12,32,"[8, 0, 3, 1]",378,2.9e-5,493712,0.024866458,77434736,NaN,0,0.024895458000000002,77928448,6260.920709848404,688181472
12,33,"[8, 0, 2, 2]",377,3.0708e-5,493744,0.023316625,69046128,NaN,0,0.023347333,69539872,6260.944077014923,757728208
12,34,"[8, 0, 1, 3]",376,3.1625e-5,493776,0.020794542,80367472,NaN,0,0.020826167,80861248,6260.964922904968,838596320
12,35,"[8, 0, 0, 4]",375,1.6083e-5,246976,0.021968083,73781408,NaN,0,0.021984166,74028384,6260.986917972565,566229200
12,36,"[7, 5, 0, 0]",85,2.09e-7,0,0.023574334,77434736,NaN,0,0.023574543,77434736,6261.010500907898,643670800
12,37,"[7, 4, 1, 0]",123,1.7166e-5,246832,0.017465541,69046416,NaN,0,0.017482707,69293248,6261.028000831604,712970864
12,38,"[7, 4, 0, 1]",122,1.6333e-5,247072,0.025258,77434736,NaN,0,0.025274333,77681808,6261.0532858371735,790659536
12,39,"[7, 3, 2, 0]",171,1.5458e-5,246848,0.043594417,71241584,NaN,0,0.043609875000000006,71488432,6261.096903800964,862154832
12,40,"[7, 3, 1, 1]",170,3.4833e-5,493952,0.023219916,80531632,NaN,0,0.023254749,81025584,6261.120177030563,589724800
12,41,"[7, 3, 0, 2]",169,1.55e-5,247104,0.025220292,69046128,NaN,0,0.025235792,69293232,6261.145422935486,659024896
12,42,"[7, 2, 3, 0]",230,1.5125e-5,246880,0.02393325,77434736,NaN,0,0.023948375,77681616,6261.169378995895,736713376
12,43,"[7, 2, 2, 1]",229,2.8875e-5,494016,0.02651775,69046608,NaN,0,0.026546625,69540624,6261.19593501091,576793328
12,44,"[7, 2, 1, 2]",228,2.7792e-5,494048,0.024665417,77434736,NaN,0,0.024693208999999997,77928784,6261.220638990402,654728976
12,45,"[7, 2, 0, 3]",227,1.625e-5,247152,0.027709458,69046256,NaN,0,0.027725707999999998,69293408,6261.248375892639,564334208
12,46,"[7, 1, 4, 0]",301,1.4291e-5,246928,0.022706375,77434816,NaN,0,0.022720666,77681744,6261.271106004715,545604464
12,47,"[7, 1, 3, 1]",300,2.8709e-5,494112,0.017322792,69046128,NaN,0,0.017351501,69540240,6261.288470983505,615151568
12,48,"[7, 1, 2, 2]",299,2.9334e-5,494144,0.024183291,77434848,NaN,0,0.024212624999999998,77928992,6261.312693834305,559188480
12,49,"[7, 1, 1, 3]",298,2.7666e-5,494176,0.023997458,77435088,NaN,0,0.024025124,77929264,6261.33672785759,558887136
12,50,"[7, 1, 0, 4]",297,1.4792e-5,247216,0.024557292,69046208,NaN,0,0.024572084,69293424,6261.361308813095,532318336
12,51,"[7, 0, 5, 0]",385,1.4875e-5,246992,0.0261965,77434800,NaN,0,0.026211375000000002,77681792,6261.387528896332,545845008
12,52,"[7, 0, 4, 1]",384,2.7916e-5,494240,0.022897709,69046192,NaN,0,0.022925624999999998,69540432,6261.410462856293,532558912
12,53,"[7, 0, 3, 2]",383,2.8292e-5,494272,0.019377125,77434800,NaN,0,0.019405416999999998,77929072,6261.429878950119,540707840
12,54,"[7, 0, 2, 3]",382,2.9666e-5,494304,0.032297125,69046176,NaN,0,0.032326791,69540480,6261.462221860886,545902896
12,55,"[7, 0, 1, 4]",381,2.9875e-5,494336,0.113970834,77435088,NaN,0,0.11400070899999999,77929424,6261.576236963272,567824336
12,56,"[7, 0, 0, 5]",380,1.6791e-5,247296,0.017841,69046128,NaN,0,0.017857790999999998,69293424,6261.594107866287,637124624
12,57,"[6, 6, 0, 0]",57,3.34e-7,0,0.019902459,47528400,NaN,0,0.019902793000000002,47528400,6261.614018917084,684659888
12,58,"[6, 5, 1, 0]",87,2.275e-5,247072,0.019505334,78925680,NaN,0,0.019528083999999998,79172752,6261.633553028107,763839472
12,59,"[6, 5, 0, 1]",86,1.4834e-5,247408,0.018596542,75419504,NaN,0,0.018611376,75666912,6261.65217089653,839513248
12,60,"[6, 4, 2, 0]",126,1.5959e-5,247088,0.027091625,83333296,NaN,0,0.027107584,83580384,6261.679286003113,594385328
12,61,"[6, 4, 1, 1]",125,2.7833e-5,494528,0.021901542,69046416,NaN,0,0.021929375,69540944,6261.701221942902,663933136
12,62,"[6, 4, 0, 2]",124,1.5833e-5,247440,0.026395625,77434736,NaN,0,0.026411458,77682176,6261.727640867233,741622176
12,63,"[6, 3, 3, 0]",175,1.5209e-5,247120,0.0282485,69750640,NaN,0,0.028263708999999998,69997760,6261.755911827087,811626800
12,64,"[6, 3, 2, 1]",174,3.2417e-5,494592,0.017948375,79630192,NaN,0,0.017980792,80124784,6261.773909807205,891758448
12,65,"[6, 3, 1, 2]",173,3.0875e-5,494624,0.030211458,69832880,NaN,0,0.030242333,70327504,6261.80416893959,587374432
12,66,"[6, 3, 0, 3]",172,1.8208e-5,247488,0.021605292,77434736,NaN,0,0.0216235,77682224,6261.825811862946,665063520
12,67,"[6, 2, 4, 0]",235,1.6584e-5,247168,0.019962375,69046560,NaN,0,0.019978959,69293728,6261.845803976059,542112768
12,68,"[6, 2, 3, 1]",234,2.8209e-5,494688,0.02178375,77434736,NaN,0,0.021811959000000002,77929424,6261.867623806,620049056
12,69,"[6, 2, 2, 2]",233,3.2666e-5,494720,0.017475291,69046128,NaN,0,0.017507957,69540848,6261.8851499557495,689596768
12,70,"[6, 2, 1, 3]",232,2.9666e-5,494752,0.019987833,77434912,NaN,0,0.020017499,77929664,6261.905175924301,577619696
12,71,"[6, 2, 0, 4]",231,1.5083e-5,247552,0.024850375,69046208,NaN,0,0.024865458,69293760,6261.930048942566,537215536
12,72,"[6, 1, 5, 0]",307,1.5042e-5,247232,0.022043625,77434736,NaN,0,0.022058667,77681968,6261.952116966248,614904368
12,73,"[6, 1, 4, 1]",306,3.1083e-5,494816,0.019816208,69046528,NaN,0,0.019847291,69541344,6261.971980810165,564333648
12,74,"[6, 1, 3, 2]",305,3.05e-5,494848,0.022028708,77434800,NaN,0,0.022059208,77929648,6261.994051933289,567824768
12,75,"[6, 1, 2, 3]",304,2.7458e-5,494880,0.027279708,69046208,NaN,0,0.027307166,69541088,6262.021365880966,532318016
12,76,"[6, 1, 1, 4]",303,2.7833e-5,494912,0.022711291,77434800,NaN,0,0.022739124000000003,77929712,6262.04411482811,545844688
12,77,"[6, 1, 0, 5]",302,1.5583e-5,247632,0.024300583,69046192,NaN,0,0.024316166,69293824,6262.06843996048,532558592
12,78,"[6, 0, 6, 0]",392,1.4625e-5,247312,0.020500833,77434800,NaN,0,0.020515458,77682112,6262.088963031769,540707520
12,79,"[6, 0, 5, 1]",391,3.1958e-5,494976,0.023225625,69046464,NaN,0,0.023257583,69541440,6262.112237930298,545903088
12,80,"[6, 0, 4, 2]",390,2.9709e-5,495008,0.1265935,77434816,NaN,0,0.126623209,77929824,6262.238873004913,540705984
12,81,"[6, 0, 3, 3]",389,2.9958e-5,495040,0.022161833,69046128,NaN,0,0.022191791,69541168,6262.261075019836,610254016
12,82,"[6, 0, 2, 4]",388,2.9917e-5,495072,0.025870917,77434736,NaN,0,0.025900834,77929808,6262.286983966827,688190688
12,83,"[6, 0, 1, 5]",387,2.9667e-5,495104,0.026408042,69046128,NaN,0,0.026437709,69541232,6262.313428878784,757738784
12,84,"[6, 0, 0, 6]",386,1.5875e-5,247728,0.023969291,80367472,NaN,0,0.023985166,80615200,6262.3374218940735,838360848
12,85,"[5, 7, 0, 0]",-36,NaN,0,NaN,0,1.3667e-5,98752,1.3667e-5,98752,6262.337451934814,838466464
12,86,"[5, 6, 1, 0]",-59,NaN,0,NaN,0,1.2584e-5,98752,1.2584e-5,98752,6262.337467908859,838572032
12,87,"[5, 6, 0, 1]",-58,NaN,0,NaN,0,1.2584e-5,98752,1.2584e-5,98752,6262.337483882904,838677600
12,88,"[5, 5, 2, 0]",90,1.6875e-5,247424,0.0201585,77287888,NaN,0,0.020175375,77535312,6262.357661962509,559181072
12,89,"[5, 5, 1, 1]",89,2.8041e-5,495312,0.017013208,47528400,NaN,0,0.017041248999999998,48023712,6262.374711990356,607211648
12,90,"[5, 5, 0, 2]",-88,NaN,0,NaN,0,1.0625e-5,98752,1.0625e-5,98752,6262.374727964401,607317264
12,91,"[5, 4, 3, 0]",130,1.525e-5,247456,0.022364625,77434736,NaN,0,0.022379875,77682192,6262.3971118927,685006272
12,92,"[5, 4, 2, 1]",129,2.9e-5,495376,0.019123291,69046128,NaN,0,0.019152291000000002,69541504,6262.4162719249725,754554640
12,93,"[5, 4, 1, 2]",128,3.1792e-5,495408,0.018206708,79712112,NaN,0,0.018238499999999998,80207520,6262.434527873993,834769024
12,94,"[5, 4, 0, 3]",127,1.8125e-5,247936,0.021471208,77287600,NaN,0,0.021489333,77535536,6262.456032991409,561974336
12,95,"[5, 3, 4, 0]",180,1.5292e-5,247504,0.0202605,77435024,NaN,0,0.020275792,77682528,6262.476318836212,639663728
12,96,"[5, 3, 3, 1]",179,2.8666e-5,495472,0.025622875,69046128,NaN,0,0.025651541,69541600,6262.5019788742065,709212192
12,97,"[5, 3, 2, 2]",178,2.8958e-5,495504,0.023055708,77434928,NaN,0,0.023084666,77930432,6262.525070905685,555399056
12,98,"[5, 3, 1, 3]",177,3.1416e-5,495536,0.018558416,69046128,NaN,0,0.018589832,69541664,6262.54367685318,624947584
12,99,"[5, 3, 0, 4]",176,1.6583e-5,248000,0.0260735,77434736,NaN,0,0.026090083,77682736,6262.569775819778,702637184
12,100,"[5, 2, 5, 0]",241,1.5875e-5,247568,0.025269125,69046304,NaN,0,0.025285,69293872,6262.595067024231,576793392
12,101,"[5, 2, 4, 1]",240,2.9583e-5,495600,0.022725875,77435104,NaN,0,0.022755458,77930704,6262.617829799652,545604112
12,102,"[5, 2, 3, 2]",239,2.8417e-5,495632,0.01808825,69046128,NaN,0,0.018116667,69541760,6262.635955810547,615152736
12,103,"[5, 2, 2, 3]",238,3.2083e-5,495664,0.019758875,77434848,NaN,0,0.019790957999999997,77930512,6262.655762910843,563784272
12,104,"[5, 2, 1, 4]",237,3.0875e-5,495696,0.022306208,69046192,NaN,0,0.022337083,69541888,6262.678110837936,559436128
12,105,"[5, 2, 0, 5]",236,1.4708e-5,248080,0.026942208,77434816,NaN,0,0.026956915999999997,77682896,6262.7050750255585,540706592
12,106,"[5, 1, 6, 0]",314,1.4958e-5,247648,0.022208,69046192,NaN,0,0.022222957999999998,69293840,6262.72730588913,537455984
12,107,"[5, 1, 5, 1]",313,2.9583e-5,495760,0.123635542,77435088,NaN,0,0.123665125,77930848,6262.850979804993,540705984
12,108,"[5, 1, 4, 2]",312,3.0584e-5,495792,0.0198475,69046128,NaN,0,0.019878084,69541920,6262.87086892128,610254768
12,109,"[5, 1, 3, 3]",311,3.1167e-5,495824,0.021776375,77434736,NaN,0,0.021807542,77930560,6262.892684936523,688192192
12,110,"[5, 1, 2, 4]",310,3.4208e-5,495856,0.019103833,69046128,NaN,0,0.019138041,69541984,6262.91184091568,757741040
12,111,"[5, 1, 1, 5]",309,3.0917e-5,495888,0.021817167,80367472,NaN,0,0.021848083999999997,80863360,6262.933697938919,838611264
12,112,"[5, 1, 0, 6]",308,1.9375e-5,248176,0.022015208,77287600,NaN,0,0.022034583,77535776,6262.955749988556,559181072
12,113,"[5, 0, 7, 0]",400,1.8125e-5,247744,0.01929375,77435024,NaN,0,0.019311875,77682768,6262.975077867508,636870704
12,114,"[5, 0, 6, 1]",399,2.9833e-5,495952,0.018595208,69046128,NaN,0,0.018625041,69542080,6262.9937109947205,706419648
12,115,"[5, 0, 5, 2]",398,3.0125e-5,495984,0.026229167,77434736,NaN,0,0.026259292,77930720,6263.019976854324,784357232
12,116,"[5, 0, 4, 3]",397,3.3792e-5,496016,0.017916041,70537072,NaN,0,0.017949833000000002,71033088,6263.037944793701,855397184
12,117,"[5, 0, 3, 4]",396,3.0542e-5,496048,0.025610208,84742320,NaN,0,0.02564075,85238368,6263.063592910767,567569680
12,118,"[5, 0, 2, 5]",395,3.5875e-5,496080,0.021931917,69046128,NaN,0,0.021967792,69542208,6263.085567951202,637118752
12,119,"[5, 0, 1, 6]",394,2.8667e-5,496112,0.023657292,77435024,NaN,0,0.023685959,77931136,6263.109260797501,715056752
12,120,"[5, 0, 0, 7]",393,1.7125e-5,248288,0.022479541,69046320,NaN,0,0.022496666,69294608,6263.131762981415,547010448
12,121,"[4, 8, 0, 0]",-21,NaN,0,NaN,0,1.1041e-5,98752,1.1041e-5,98752,6263.131789922714,547116064
12,122,"[4, 7, 1, 0]",-38,NaN,0,NaN,0,9.375e-6,98752,9.375e-6,98752,6263.131801843643,547221632
12,123,"[4, 7, 0, 1]",-37,NaN,0,NaN,0,9.416e-6,98752,9.416e-6,98752,6263.131814956665,547327200
12,124,"[4, 6, 2, 0]",-62,NaN,0,NaN,0,9.5e-6,98752,9.5e-6,98752,6263.131826877594,547432768
12,125,"[4, 6, 1, 1]",-61,NaN,0,NaN,0,7.917e-6,98752,7.917e-6,98752,6263.131837844849,547538320
12,126,"[4, 6, 0, 2]",-60,NaN,0,NaN,0,8.709e-6,98752,8.709e-6,98752,6263.131848812103,547643888
12,127,"[4, 5, 3, 0]",-94,NaN,0,NaN,0,8.708e-6,98752,8.708e-6,98752,6263.1318600177765,547749456
12,128,"[4, 5, 2, 1]",-93,NaN,0,NaN,0,9.416e-6,98752,9.416e-6,98752,6263.131871938705,547855024
12,129,"[4, 5, 1, 2]",-92,NaN,0,NaN,0,1.2875e-5,98752,1.2875e-5,98752,6263.13188791275,547960592
12,130,"[4, 5, 0, 3]",-91,NaN,0,NaN,0,7.875e-6,98752,7.875e-6,98752,6263.131898880005,548066160
12,131,"[4, 4, 4, 0]",135,1.7125e-5,247952,0.020281375,77434736,NaN,0,0.0202985,77682688,6263.152199983597,625755664
12,132,"[4, 4, 3, 1]",134,3.3708e-5,496496,0.017967584,69046128,NaN,0,0.018001292000000002,69542624,6263.170217990875,695305152
12,133,"[4, 4, 2, 2]",133,3.1375e-5,496528,0.013856167,47528576,NaN,0,0.013887542000000001,48025104,6263.184113025665,555275744
12,134,"[4, 4, 1, 3]",-132,NaN,0,NaN,0,1.0125e-5,98752,1.0125e-5,98752,6263.184129953384,555381376
12,135,"[4, 4, 0, 4]",-131,NaN,0,NaN,0,9.375e-6,98752,9.375e-6,98752,6263.184142827988,555486944
12,136,"[4, 3, 5, 0]",186,1.6625e-5,248016,0.019145,77434816,NaN,0,0.019161624999999998,77682832,6263.20330786705,548397616
12,137,"[4, 3, 4, 1]",185,3.1e-5,496624,0.018381541,69046416,NaN,0,0.018412541,69543040,6263.22173500061,617947520
12,138,"[4, 3, 3, 2]",184,3.1792e-5,496656,0.030905041,77434848,NaN,0,0.030936833,77931504,6263.252679824829,559188464
12,139,"[4, 3, 2, 3]",183,3.05e-5,496688,0.022430625,77434800,NaN,0,0.022461125,77931488,6263.275148868561,558887120
12,140,"[4, 3, 1, 4]",182,2.95e-5,496720,0.019699334,69046208,NaN,0,0.019728833999999997,69542928,6263.29488492012,532318320
12,141,"[4, 3, 0, 5]",181,1.7416e-5,248656,0.024894167,77434800,NaN,0,0.024911582999999998,77683456,6263.319803953171,545604864
12,142,"[4, 2, 6, 0]",248,1.5459e-5,248096,0.019825875,69046176,NaN,0,0.019841334,69294272,6263.339651823044,545902496
12,143,"[4, 2, 5, 1]",247,3.3292e-5,496784,0.123553083,77435104,NaN,0,0.123586375,77931888,6263.464104890823,540705984
12,144,"[4, 2, 4, 2]",246,3.2333e-5,496816,0.022400208,69046128,NaN,0,0.022432541,69542944,6263.48654794693,610255792
12,145,"[4, 2, 3, 3]",245,3.2041e-5,496848,0.024083125,77434736,NaN,0,0.024115166,77931584,6263.510671854019,688194240
12,146,"[4, 2, 2, 4]",244,3.1791e-5,496880,0.020111709,69046128,NaN,0,0.020143499999999998,69543008,6263.530821800232,757744112
12,147,"[4, 2, 1, 5]",243,3.125e-5,496912,0.026769459,80367472,NaN,0,0.026800709,80864384,6263.557629823685,838615376
12,148,"[4, 2, 0, 6]",242,1.9625e-5,248752,0.019782166,77287600,NaN,0,0.019801791,77536352,6263.57744884491,559181072
12,149,"[4, 1, 7, 0]",322,1.5584e-5,248192,0.019167792,77435024,NaN,0,0.019183376,77683216,6263.596639871597,636871152
12,150,"[4, 1, 6, 1]",321,3.0042e-5,496976,0.022008417,69046128,NaN,0,0.022038459,69543104,6263.618685007095,706421120
12,151,"[4, 1, 5, 2]",320,3.1083e-5,497008,0.025946541,77434736,NaN,0,0.025977624,77931744,6263.64466881752,784359728
12,152,"[4, 1, 4, 3]",319,3.6542e-5,497040,0.018410334,70537072,NaN,0,0.018446876,71034112,6263.663123846054,855400704
12,153,"[4, 1, 3, 4]",318,3.2e-5,497072,0.025326209,84742320,NaN,0,0.025358209,85239392,6263.688491821289,567569680
12,154,"[4, 1, 2, 5]",317,3.2625e-5,497104,0.0189055,69046128,NaN,0,0.018938125,69543232,6263.707446813583,637119776
12,155,"[4, 1, 1, 6]",316,3.1958e-5,497136,0.019949833,77435024,NaN,0,0.019981791,77932160,6263.727437019348,715058800
12,156,"[4, 1, 0, 7]",315,1.9166e-5,248864,0.019688291,69046320,NaN,0,0.019707457,69295184,6263.747161865234,547010448
12,157,"[4, 0, 8, 0]",409,1.6875e-5,248304,0.019746208,77434736,NaN,0,0.019763083,77683040,6263.766933917999,624700352
12,158,"[4, 0, 7, 1]",408,3.1416e-5,497200,0.018396542,69046128,NaN,0,0.018427957999999998,69543328,6263.785367965698,694250544
12,159,"[4, 0, 6, 2]",407,3.1792e-5,497232,0.026312417,77434912,NaN,0,0.026344209,77932144,6263.811718940735,585182032
12,160,"[4, 0, 5, 3]",406,3.1416e-5,497264,0.022105792,69046208,NaN,0,0.022137208,69543472,6263.833863973618,537215888
12,161,"[4, 0, 4, 4]",405,2.9334e-5,497296,0.021796125,77435024,NaN,0,0.021825459,77932320,6263.855695962906,615155072
12,162,"[4, 0, 3, 5]",404,3.5333e-5,497328,0.019767584,69046240,NaN,0,0.019802917,69543568,6263.875506877899,564334080
12,163,"[4, 0, 2, 6]",403,3.0458e-5,497360,0.019310458,77434800,NaN,0,0.019340916,77932160,6263.894855976105,567825120
12,164,"[4, 0, 1, 7]",402,3.0833e-5,497392,0.022465792,69046208,NaN,0,0.022496625,69543600,6263.917359828949,532318368
12,165,"[4, 0, 0, 8]",401,2.0375e-5,248992,0.02241875,77434800,NaN,0,0.022439125,77683792,6263.9398148059845,545845040
12,166,"[3, 9, 0, 0]",-11,NaN,0,NaN,0,1.625e-5,98752,1.625e-5,98752,6263.93984079361,545950656
12,167,"[3, 8, 1, 0]",-23,NaN,0,NaN,0,1.1083e-5,98752,1.1083e-5,98752,6263.939854860306,546056208
12,168,"[3, 8, 0, 1]",-22,NaN,0,NaN,0,1.1792e-5,98752,1.1792e-5,98752,6263.939869880676,546161776
12,169,"[3, 7, 2, 0]",-41,NaN,0,NaN,0,1.1042e-5,98752,1.1042e-5,98752,6263.939883947372,546267344
12,170,"[3, 7, 1, 1]",-40,NaN,0,NaN,0,1.1833e-5,98752,1.1833e-5,98752,6263.939898014069,546372912
12,171,"[3, 7, 0, 2]",-39,NaN,0,NaN,0,9.542e-6,98752,9.542e-6,98752,6263.939909934998,546478480
12,172,"[3, 6, 3, 0]",-66,NaN,0,NaN,0,1.4666e-5,98752,1.4666e-5,98752,6263.939926862717,546584048
12,173,"[3, 6, 2, 1]",-65,NaN,0,NaN,0,1.1458e-5,98752,1.1458e-5,98752,6263.939941883087,546689616
12,174,"[3, 6, 1, 2]",-64,NaN,0,NaN,0,1.1083e-5,98752,1.1083e-5,98752,6263.939954996109,546795184
12,175,"[3, 6, 0, 3]",-63,NaN,0,NaN,0,1.1791e-5,98752,1.1791e-5,98752,6263.9399700164795,546900752
12,176,"[3, 5, 4, 0]",-99,NaN,0,NaN,0,9.75e-6,98752,9.75e-6,98752,6263.939981937408,547006320
12,177,"[3, 5, 3, 1]",-98,NaN,0,NaN,0,1.1375e-5,98752,1.1375e-5,98752,6263.939996004105,547111872
12,178,"[3, 5, 2, 2]",-97,NaN,0,NaN,0,1.0625e-5,98752,1.0625e-5,98752,6263.940008878708,547217440
12,179,"[3, 5, 1, 3]",-96,NaN,0,NaN,0,1.1041e-5,98752,1.1041e-5,98752,6263.940022945404,547323008
12,180,"[3, 5, 0, 4]",-95,NaN,0,NaN,0,8.791e-6,98752,8.791e-6,98752,6263.940034866333,547428576
12,181,"[3, 4, 5, 0]",-141,NaN,0,NaN,0,1.1375e-5,98752,1.1375e-5,98752,6263.940048933029,547534144
12,182,"[3, 4, 4, 1]",-140,NaN,0,NaN,0,1.0916e-5,98752,1.0916e-5,98752,6263.940061807632,547639712
12,183,"[3, 4, 3, 2]",-139,NaN,0,NaN,0,1.0709e-5,98752,1.0709e-5,98752,6263.940074920654,547745280
12,184,"[3, 4, 2, 3]",-138,NaN,0,NaN,0,2.0875e-5,98752,2.0875e-5,98752,6263.940099000931,547850848
12,185,"[3, 4, 1, 4]",-137,NaN,0,NaN,0,1.8583e-5,98752,1.8583e-5,98752,6263.940119981766,547956416
12,186,"[3, 4, 0, 5]",-136,NaN,0,NaN,0,1.7958e-5,98752,1.7958e-5,98752,6263.940140008926,548061984
12,187,"[3, 3, 6, 0]",193,1.7209e-5,248672,0.126746584,69046176,NaN,0,0.12676379299999999,69294848,6264.066906929016,541003616
12,188,"[3, 3, 5, 1]",192,3.4042e-5,498080,0.019027875,77435024,NaN,0,0.019061917,77933104,6264.085979938507,618943584
12,189,"[3, 3, 4, 2]",191,3.5041e-5,498112,0.026347459,69046128,NaN,0,0.0263825,69544240,6264.112370967865,688494688
12,190,"[3, 3, 3, 3]",190,4.2708e-5,498144,0.016659208,48232912,NaN,0,0.016701915999999997,48731056,6264.129079818726,737232608
12,191,"[3, 3, 2, 4]",-189,NaN,0,NaN,0,1.3958e-5,98752,1.3958e-5,98752,6264.129098892212,737338240
12,192,"[3, 3, 1, 5]",-188,NaN,0,NaN,0,2.3208e-5,98752,2.3208e-5,98752,6264.129125833511,737443808
12,193,"[3, 3, 0, 6]",-187,NaN,0,NaN,0,1.575e-5,98752,1.575e-5,98752,6264.129143953323,737549376
12,194,"[3, 2, 7, 0]",256,1.6583e-5,248768,0.021676209,81153904,NaN,0,0.021692792,81402672,6264.150839805603,818958864
12,195,"[3, 2, 6, 1]",255,3.3292e-5,498272,0.0198025,78221504,NaN,0,0.019835792,78719776,6264.170684814453,561974272
12,196,"[3, 2, 5, 2]",254,3.4625e-5,498304,0.01875925,77434736,NaN,0,0.018793875,77933040,6264.189493894577,639914176
12,197,"[3, 2, 4, 3]",253,3.2708e-5,498336,0.020583791,69046416,NaN,0,0.020616499,69544752,6264.210116863251,709465792
12,198,"[3, 2, 3, 4]",252,3.3416e-5,498368,0.023012209,77434736,NaN,0,0.023045625,77933104,6264.233168840408,787405760
12,199,"[3, 2, 2, 5]",251,3.2833e-5,498400,0.018561708,70537072,NaN,0,0.018594541,71035472,6264.251768827438,858448096
12,200,"[3, 2, 1, 6]",250,3.6416e-5,498432,0.021470458,84742320,NaN,0,0.021506874000000002,85240752,6264.273293018341,567569776
12,201,"[3, 2, 0, 7]",249,1.7541e-5,249584,0.018239083,69046128,NaN,0,0.018256624,69295712,6264.2915580272675,636872368
12,202,"[3, 1, 8, 0]",331,1.6875e-5,248880,0.019292459,77434736,NaN,0,0.019309334,77683616,6264.310874938965,714562848
12,203,"[3, 1, 7, 1]",330,3.3542e-5,498496,0.029031792,69046608,NaN,0,0.029065334,69545104,6264.339946985245,547010576
12,204,"[3, 1, 6, 2]",329,3.1375e-5,498528,0.022279,77434736,NaN,0,0.022310375,77933264,6264.362265825272,624950704
12,205,"[3, 1, 5, 3]",328,3.3292e-5,498560,0.023541167,69046128,NaN,0,0.023574459000000002,69544688,6264.385848999023,694502256
12,206,"[3, 1, 4, 4]",327,3.8709e-5,498592,0.01949375,77434912,NaN,0,0.019532459000000002,77933504,6264.405397891998,585182128
12,207,"[3, 1, 3, 5]",326,3.5791e-5,498624,0.025743541,69046208,NaN,0,0.025779332000000002,69544832,6264.431186914444,537216080
12,208,"[3, 1, 2, 6]",325,3.2667e-5,498656,0.021385792,77434736,NaN,0,0.021418459,77933392,6264.452613830566,615156352
12,209,"[3, 1, 1, 7]",324,3.7584e-5,498688,0.032276333,69046528,NaN,0,0.032313917,69545216,6264.484934806824,564334272
12,210,"[3, 1, 0, 8]",323,1.9583e-5,249712,0.019185167,77434800,NaN,0,0.01920475,77684512,6264.504149913788,567825312
12,211,"[3, 0, 9, 0]",419,1.9e-5,249008,0.019120375,69046208,NaN,0,0.019139375,69295216,6264.523305892944,532318560
12,212,"[3, 0, 8, 1]",418,3.6125e-5,498752,0.021356,77434800,NaN,0,0.021392125,77933552,6264.544711828232,545845168
12,213,"[3, 0, 7, 2]",417,3.2875e-5,498784,0.129413416,69046192,NaN,0,0.129446291,69544976,6264.6741688251495,532557504
12,214,"[3, 0, 6, 3]",416,3.4416e-5,498816,0.019934833,77434736,NaN,0,0.019969248999999998,77933552,6264.694147825241,610497920
12,215,"[3, 0, 5, 4]",415,3.5083e-5,498848,0.02301125,69046416,NaN,0,0.023046333000000002,69545264,6264.71720290184,680050064
12,216,"[3, 0, 4, 5]",414,3.375e-5,498880,0.018347875,77434736,NaN,0,0.018381625,77933616,6264.735591888428,757990544
12,217,"[3, 0, 3, 6]",413,3.4167e-5,498912,0.019278833,71978864,NaN,0,0.019313,72477776,6264.754910945892,830475184
12,218,"[3, 0, 2, 7]",412,3.3375e-5,498944,0.031365875,84742304,NaN,0,0.031399250000000004,85241248,6264.786315917969,576255984
12,219,"[3, 0, 1, 8]",411,3.2584e-5,498976,0.023309875,77434736,NaN,0,0.023342459,77933712,6264.8096668720245,654196576
12,220,"[3, 0, 0, 9]",410,1.925e-5,249856,0.01854625,69046128,NaN,0,0.0185655,69295984,6264.8282380104065,723499424
12,221,"[2, 10, 0, 0]",-5,NaN,0,NaN,0,1.7666e-5,98752,1.7666e-5,98752,6264.828261852264,723605040
12,222,"[2, 9, 1, 0]",-13,NaN,0,NaN,0,1.1083e-5,98752,1.1083e-5,98752,6264.828275918961,723710608
12,223,"[2, 9, 0, 1]",-12,NaN,0,NaN,0,1.2667e-5,98752,1.2667e-5,98752,6264.828291893005,723816176
12,224,"[2, 8, 2, 0]",-26,NaN,0,NaN,0,1.3e-5,98752,1.3e-5,98752,6264.828306913376,723921744
12,225,"[2, 8, 1, 1]",-25,NaN,0,NaN,0,1.2209e-5,98752,1.2209e-5,98752,6264.828321933746,724027296
12,226,"[2, 8, 0, 2]",-24,NaN,0,NaN,0,1.9209e-5,98752,1.9209e-5,98752,6264.828343868256,724132864
12,227,"[2, 7, 3, 0]",-45,NaN,0,NaN,0,1.5542e-5,98752,1.5542e-5,98752,6264.828361988068,724238432
12,228,"[2, 7, 2, 1]",-44,NaN,0,NaN,0,1.7875e-5,98752,1.7875e-5,98752,6264.828382968903,724344000
12,229,"[2, 7, 1, 2]",-43,NaN,0,NaN,0,1.8458e-5,98752,1.8458e-5,98752,6264.828403949738,724449568
12,230,"[2, 7, 0, 3]",-42,NaN,0,NaN,0,1.7417e-5,98752,1.7417e-5,98752,6264.828423976898,724555136
12,231,"[2, 6, 4, 0]",-71,NaN,0,NaN,0,1.5959e-5,98752,1.5959e-5,98752,6264.828441858292,724660704
12,232,"[2, 6, 3, 1]",-70,NaN,0,NaN,0,2.0583e-5,98752,2.0583e-5,98752,6264.828465938568,724766272
12,233,"[2, 6, 2, 2]",-69,NaN,0,NaN,0,1.3e-5,98752,1.3e-5,98752,6264.828480958939,724871840
12,234,"[2, 6, 1, 3]",-68,NaN,0,NaN,0,1.225e-5,98752,1.225e-5,98752,6264.828495979309,724977392
12,235,"[2, 6, 0, 4]",-67,NaN,0,NaN,0,1.2167e-5,98752,1.2167e-5,98752,6264.82851099968,725082960
12,236,"[2, 5, 5, 0]",-105,NaN,0,NaN,0,9.916e-6,98752,9.916e-6,98752,6264.828523874283,725188528
12,237,"[2, 5, 4, 1]",-104,NaN,0,NaN,0,1.1875e-5,98752,1.1875e-5,98752,6264.828537940979,725294096
12,238,"[2, 5, 3, 2]",-103,NaN,0,NaN,0,1.1875e-5,98752,1.1875e-5,98752,6264.8285529613495,725399664
12,239,"[2, 5, 2, 3]",-102,NaN,0,NaN,0,1.2291e-5,98752,1.2291e-5,98752,6264.82856798172,725505232
12,240,"[2, 5, 1, 4]",-101,NaN,0,NaN,0,9.792e-6,98752,9.792e-6,98752,6264.828579902649,725610800
12,241,"[2, 5, 0, 5]",-100,NaN,0,NaN,0,1.1875e-5,98752,1.1875e-5,98752,6264.828594923019,725716368
12,242,"[2, 4, 6, 0]",-148,NaN,0,NaN,0,1.5833e-5,98752,1.5833e-5,98752,6264.828612804413,725821936
12,243,"[2, 4, 5, 1]",-147,NaN,0,NaN,0,1.4125e-5,98752,1.4125e-5,98752,6264.8286299705505,725927504
12,244,"[2, 4, 4, 2]",-146,NaN,0,NaN,0,1.1709e-5,98752,1.1709e-5,98752,6264.828643798828,726033072
12,245,"[2, 4, 3, 3]",-145,NaN,0,NaN,0,1.6334e-5,98752,1.6334e-5,98752,6264.828662872314,726138640
12,246,"[2, 4, 2, 4]",-144,NaN,0,NaN,0,2.1708e-5,98752,2.1708e-5,98752,6264.828686952591,726244208
12,247,"[2, 4, 1, 5]",-143,NaN,0,NaN,0,2.0458e-5,98752,2.0458e-5,98752,6264.828710794449,726349776
12,248,"[2, 4, 0, 6]",-142,NaN,0,NaN,0,1.8667e-5,98752,1.8667e-5,98752,6264.828732013702,726455344
12,249,"[2, 3, 7, 0]",-201,NaN,0,NaN,0,1.825e-5,98752,1.825e-5,98752,6264.8287518024445,726560912
12,250,"[2, 3, 6, 1]",-200,NaN,0,NaN,0,1.5209e-5,98752,1.5209e-5,98752,6264.8287699222565,726666480
12,251,"[2, 3, 5, 2]",-199,NaN,0,NaN,0,1.7375e-5,98752,1.7375e-5,98752,6264.828790903091,726772048
12,252,"[2, 3, 4, 3]",-198,NaN,0,NaN,0,1.4875e-5,98752,1.4875e-5,98752,6264.828807830811,726877616
12,253,"[2, 3, 3, 4]",-197,NaN,0,NaN,0,1.1667e-5,98752,1.1667e-5,98752,6264.828821897507,726983184
12,254,"[2, 3, 2, 5]",-196,NaN,0,NaN,0,8.25e-6,98752,8.25e-6,98752,6264.828832864761,727088752
12,255,"[2, 3, 1, 6]",-195,NaN,0,NaN,0,9.709e-6,98752,9.709e-6,98752,6264.828845024109,727194304
12,256,"[2, 3, 0, 7]",-194,NaN,0,NaN,0,1.15e-5,98752,1.15e-5,98752,6264.8288588523865,727299872
12,257,"[2, 2, 8, 0]",265,1.7625e-5,249600,0.031808,77435024,NaN,0,0.031825625,77684624,6264.860687017441,804991312
12,258,"[2, 2, 7, 1]",264,3.5792e-5,500096,0.020855375,70537072,NaN,0,0.020891167,71037168,6264.8815858364105,876035344
12,259,"[2, 2, 6, 2]",263,3.4833e-5,500128,0.021326875,78221488,NaN,0,0.021361708,78721616,6264.902956008911,595763408
12,260,"[2, 2, 5, 3]",262,3.3417e-5,500160,0.023843209,69046128,NaN,0,0.023876626,69546288,6264.926838874817,665316560
12,261,"[2, 2, 4, 4]",261,3.6208e-5,500192,0.012671042,47528400,NaN,0,0.01270725,48028592,6264.939553022385,713352016
12,262,"[2, 2, 3, 5]",-260,NaN,0,NaN,0,1.45e-5,98752,1.45e-5,98752,6264.939572811127,713457632
12,263,"[2, 2, 2, 6]",-259,NaN,0,NaN,0,1.0791e-5,98752,1.0791e-5,98752,6264.939586877823,713563184
12,264,"[2, 2, 1, 7]",-258,NaN,0,NaN,0,1.1458e-5,98752,1.1458e-5,98752,6264.939600944519,713668752
12,265,"[2, 2, 0, 8]",-257,NaN,0,NaN,0,1.1041e-5,98752,1.1041e-5,98752,6264.939615011215,713774320
12,266,"[2, 1, 9, 0]",341,1.7375e-5,249728,0.020473,77516848,NaN,0,0.020490375,77766576,6264.960107803345,580495376
12,267,"[2, 1, 8, 1]",340,3.4584e-5,500352,0.018027417,69046416,NaN,0,0.018062001,69546768,6264.978178024292,650049008
12,268,"[2, 1, 7, 2]",339,3.5917e-5,500384,0.024053917,77434864,NaN,0,0.024089834,77935248,6265.002274990082,563785424
12,269,"[2, 1, 6, 3]",338,3.525e-5,500416,0.018793375,69046208,NaN,0,0.018828625,69546624,6265.021112918854,537216624
12,270,"[2, 1, 5, 4]",337,3.7458e-5,500448,0.018035291,77434736,NaN,0,0.018072749,77935184,6265.0392010211945,615158672
12,271,"[2, 1, 4, 5]",336,3.775e-5,500480,0.018661375,69046240,NaN,0,0.018699125,69546720,6265.057914972305,564334736
12,272,"[2, 1, 3, 6]",335,3.6083e-5,500512,0.020635042,77434800,NaN,0,0.020671125,77935312,6265.078594923019,554291760
12,273,"[2, 1, 2, 7]",334,3.475e-5,500544,0.0239245,69046496,NaN,0,0.02395925,69547040,6265.102562904358,532319104
12,274,"[2, 1, 1, 8]",333,3.6875e-5,500576,0.021429667,77434800,NaN,0,0.021466541999999998,77935376,6265.124043941498,545605648
12,275,"[2, 1, 0, 9]",332,1.8833e-5,250736,0.021420458,69046176,NaN,0,0.021439291,69296912,6265.145491838455,545903280
12,276,"[2, 0, 10, 0]",430,1.9625e-5,249872,0.127143708,77434816,NaN,0,0.127163333,77684688,6265.272663831711,540705984
12,277,"[2, 0, 9, 1]",429,3.7292e-5,500640,0.02184775,69046128,NaN,0,0.021885042,69546768,6265.294559955597,610259616
12,278,"[2, 0, 8, 2]",428,3.6958e-5,500672,0.027352125,77434736,NaN,0,0.027389083,77935408,6265.32195687294,688201888
12,279,"[2, 0, 7, 3]",427,3.5542e-5,500704,0.021546542,69046416,NaN,0,0.021582083999999998,69547120,6265.343545913696,757755872
12,280,"[2, 0, 6, 4]",426,3.6083e-5,500736,0.021481708,80367472,NaN,0,0.021517790999999998,80868208,6265.36506986618,838630960
12,281,"[2, 0, 5, 5]",425,3.5041e-5,500768,0.024421459,77287600,NaN,0,0.0244565,77788368,6265.389532804489,559181072
12,282,"[2, 0, 4, 6]",424,3.3416e-5,500800,0.021604708,77434736,NaN,0,0.021638124,77935536,6265.411178827286,637123472
12,283,"[2, 0, 3, 7]",423,3.4583e-5,500832,0.029284291,69046128,NaN,0,0.029318874,69546960,6265.440503835678,706677296
12,284,"[2, 0, 2, 8]",422,3.8084e-5,500864,0.017767083,77434736,NaN,0,0.017805167,77935600,6265.458328962326,784619760
12,285,"[2, 0, 1, 9]",421,3.9875e-5,500896,0.030037666,70537360,NaN,0,0.030077541000000003,71038256,6265.48842382431,855664880
12,286,"[2, 0, 0, 10]",420,2.1083e-5,250896,0.021904334,84742320,NaN,0,0.021925417000000003,84993216,6265.510360956192,567570416
12,287,"[1, 11, 0, 0]",-2,NaN,0,NaN,0,1.6417e-5,98752,1.6417e-5,98752,6265.51038479805,567676048
12,288,"[1, 10, 1, 0]",-7,NaN,0,NaN,0,1.0625e-5,98752,1.0625e-5,98752,6265.510398864746,567781616
12,289,"[1, 10, 0, 1]",-6,NaN,0,NaN,0,9.208e-6,98752,9.208e-6,98752,6265.510411024094,567887184
12,290,"[1, 9, 2, 0]",-16,NaN,0,NaN,0,9.25e-6,98752,9.25e-6,98752,6265.510422945023,567992752
12,291,"[1, 9, 1, 1]",-15,NaN,0,NaN,0,7.833e-6,98752,7.833e-6,98752,6265.510433912277,568098304
12,292,"[1, 9, 0, 2]",-14,NaN,0,NaN,0,1.0416e-5,98752,1.0416e-5,98752,6265.510447025299,568203872
12,293,"[1, 8, 3, 0]",-30,NaN,0,NaN,0,1.0e-5,98752,1.0e-5,98752,6265.510458946228,568309440
12,294,"[1, 8, 2, 1]",-29,NaN,0,NaN,0,9.333e-6,98752,9.333e-6,98752,6265.510470867157,568414992
12,295,"[1, 8, 1, 2]",-28,NaN,0,NaN,0,9.917e-6,98752,9.917e-6,98752,6265.510483980179,568520560
12,296,"[1, 8, 0, 3]",-27,NaN,0,NaN,0,8.083e-6,98752,8.083e-6,98752,6265.5104949474335,568626128
12,297,"[1, 7, 4, 0]",-50,NaN,0,NaN,0,9.375e-6,98752,9.375e-6,98752,6265.510505914688,568731696
12,298,"[1, 7, 3, 1]",-49,NaN,0,NaN,0,9.667e-6,98752,9.667e-6,98752,6265.51051902771,568837264
12,299,"[1, 7, 2, 2]",-48,NaN,0,NaN,0,9.291e-6,98752,9.291e-6,98752,6265.510530948639,568942816
12,300,"[1, 7, 1, 3]",-47,NaN,0,NaN,0,7.667e-6,98752,7.667e-6,98752,6265.510540962219,569048384
12,301,"[1, 7, 0, 4]",-46,NaN,0,NaN,0,9.875e-6,98752,9.875e-6,98752,6265.510552883148,569153952
12,302,"[1, 6, 5, 0]",-77,NaN,0,NaN,0,9.333e-6,98752,9.333e-6,98752,6265.510564804077,569259520
12,303,"[1, 6, 4, 1]",-76,NaN,0,NaN,0,9.542e-6,98752,9.542e-6,98752,6265.510576963425,569365088
12,304,"[1, 6, 3, 2]",-75,NaN,0,NaN,0,8.708e-6,98752,8.708e-6,98752,6265.510588884354,569470656
12,305,"[1, 6, 2, 3]",-74,NaN,0,NaN,0,8.125e-6,98752,8.125e-6,98752,6265.510599851608,569576224
12,306,"[1, 6, 1, 4]",-73,NaN,0,NaN,0,9.833e-6,98752,9.833e-6,98752,6265.510612010956,569681792
12,307,"[1, 6, 0, 5]",-72,NaN,0,NaN,0,9.125e-6,98752,9.125e-6,98752,6265.510623931885,569787360
12,308,"[1, 5, 6, 0]",-112,NaN,0,NaN,0,1.6542e-5,98752,1.6542e-5,98752,6265.510643005371,569892928
12,309,"[1, 5, 5, 1]",-111,NaN,0,NaN,0,1.4458e-5,98752,1.4458e-5,98752,6265.5106608867645,569998496
12,310,"[1, 5, 4, 2]",-110,NaN,0,NaN,0,1.6083e-5,98752,1.6083e-5,98752,6265.5106790065765,570104064
12,311,"[1, 5, 3, 3]",-109,NaN,0,NaN,0,1.45e-5,98752,1.45e-5,98752,6265.510695934296,570209632
12,312,"[1, 5, 2, 4]",-108,NaN,0,NaN,0,1.325e-5,98752,1.325e-5,98752,6265.51071190834,570315184
12,313,"[1, 5, 1, 5]",-107,NaN,0,NaN,0,9.458e-6,98752,9.458e-6,98752,6265.510725021362,570420752
12,314,"[1, 5, 0, 6]",-106,NaN,0,NaN,0,8.167e-6,98752,8.167e-6,98752,6265.510734796524,570526320
12,315,"[1, 4, 7, 0]",-156,NaN,0,NaN,0,9.5e-6,98752,9.5e-6,98752,6265.510747909546,570631888
12,316,"[1, 4, 6, 1]",-155,NaN,0,NaN,0,9.416e-6,98752,9.416e-6,98752,6265.510759830475,570737440
12,317,"[1, 4, 5, 2]",-154,NaN,0,NaN,0,8.959e-6,98752,8.959e-6,98752,6265.5107707977295,570843008
12,318,"[1, 4, 4, 3]",-153,NaN,0,NaN,0,9.209e-6,98752,9.209e-6,98752,6265.510782957077,570948576
12,319,"[1, 4, 3, 4]",-152,NaN,0,NaN,0,7.292e-6,98752,7.292e-6,98752,6265.510792970657,571054144
12,320,"[1, 4, 2, 5]",-151,NaN,0,NaN,0,9.291e-6,98752,9.291e-6,98752,6265.510804891586,571159712
12,321,"[1, 4, 1, 6]",-150,NaN,0,NaN,0,9.333e-6,98752,9.333e-6,98752,6265.510816812515,571265280
12,322,"[1, 4, 0, 7]",-149,NaN,0,NaN,0,9.375e-6,98752,9.375e-6,98752,6265.510828971863,571370848
12,323,"[1, 3, 8, 0]",-210,NaN,0,NaN,0,7.875e-6,98752,7.875e-6,98752,6265.510839939117,571476416
12,324,"[1, 3, 7, 1]",-209,NaN,0,NaN,0,9.583e-6,98752,9.583e-6,98752,6265.510851860046,571581984
12,325,"[1, 3, 6, 2]",-208,NaN,0,NaN,0,9.334e-6,98752,9.334e-6,98752,6265.510864019394,571687552
12,326,"[1, 3, 5, 3]",-207,NaN,0,NaN,0,9.5e-6,98752,9.5e-6,98752,6265.510875940323,571793120
12,327,"[1, 3, 4, 4]",-206,NaN,0,NaN,0,8.667e-6,98752,8.667e-6,98752,6265.510887861252,571898672
12,328,"[1, 3, 3, 5]",-205,NaN,0,NaN,0,7.917e-6,98752,7.917e-6,98752,6265.510897874832,572004240
12,329,"[1, 3, 2, 6]",-204,NaN,0,NaN,0,9.5e-6,98752,9.5e-6,98752,6265.510910987854,572109808
12,330,"[1, 3, 1, 7]",-203,NaN,0,NaN,0,8.667e-6,98752,8.667e-6,98752,6265.510921955109,572215360
12,331,"[1, 3, 0, 8]",-202,NaN,0,NaN,0,1.0167e-5,98752,1.0167e-5,98752,6265.510934829712,572320928
12,332,"[1, 2, 9, 0]",-275,NaN,0,NaN,0,8.708e-6,98752,8.708e-6,98752,6265.510945796967,572426496
12,333,"[1, 2, 8, 1]",-274,NaN,0,NaN,0,9.583e-6,98752,9.583e-6,98752,6265.510957956314,572532064
12,334,"[1, 2, 7, 2]",-273,NaN,0,NaN,0,9.292e-6,98752,9.292e-6,98752,6265.510969877243,572637632
12,335,"[1, 2, 6, 3]",-272,NaN,0,NaN,0,9.042e-6,98752,9.042e-6,98752,6265.510981798172,572743200
12,336,"[1, 2, 5, 4]",-271,NaN,0,NaN,0,9.5e-6,98752,9.5e-6,98752,6265.5109939575195,572848768
12,337,"[1, 2, 4, 5]",-270,NaN,0,NaN,0,8.25e-6,98752,8.25e-6,98752,6265.511004924774,572954320
12,338,"[1, 2, 3, 6]",-269,NaN,0,NaN,0,9.375e-6,98752,9.375e-6,98752,6265.511016845703,573059872
12,339,"[1, 2, 2, 7]",-268,NaN,0,NaN,0,9.125e-6,98752,9.125e-6,98752,6265.511027812958,573165440
12,340,"[1, 2, 1, 8]",-267,NaN,0,NaN,0,9.333e-6,98752,9.333e-6,98752,6265.511039972305,573271008
12,341,"[1, 2, 0, 9]",-266,NaN,0,NaN,0,9.541e-6,98752,9.541e-6,98752,6265.511051893234,573376576
12,342,"[1, 1, 10, 0]",352,1.9291e-5,250752,0.02463825,69046128,NaN,0,0.024657541,69296880,6265.535712957382,642680272
12,343,"[1, 1, 9, 1]",351,3.7666e-5,502576,0.024623917,77434736,NaN,0,0.024661582999999997,77937312,6265.560380935669,720624448
12,344,"[1, 1, 8, 2]",350,3.7666e-5,502608,0.026341666,69046320,NaN,0,0.026379332,69548928,6265.586767911911,547011088
12,345,"[1, 1, 7, 3]",349,3.6083e-5,502640,0.017833708,77434736,NaN,0,0.017869791,77937376,6265.604645013809,624955328
12,346,"[1, 1, 6, 4]",348,3.9333e-5,502672,0.017596458,69046416,NaN,0,0.017635790999999998,69549088,6265.622298955917,694511280
12,347,"[1, 1, 5, 5]",347,4.65e-5,502704,0.012586084,46037632,NaN,0,0.012632584,46540336,6265.634950876236,553786496
12,348,"[1, 1, 4, 6]",-346,NaN,0,NaN,0,1.2416e-5,98752,1.2416e-5,98752,6265.634976863861,553892112
12,349,"[1, 1, 3, 7]",-345,NaN,0,NaN,0,1.0084e-5,98752,1.0084e-5,98752,6265.634990930557,553997680
12,350,"[1, 1, 2, 8]",-344,NaN,0,NaN,0,9.917e-6,98752,9.917e-6,98752,6265.6350038051605,554103248
12,351,"[1, 1, 1, 9]",-343,NaN,0,NaN,0,1.2833e-5,98752,1.2833e-5,98752,6265.635018825531,554208816
12,352,"[1, 1, 0, 10]",-342,NaN,0,NaN,0,1.0e-5,98752,1.0e-5,98752,6265.635031938553,554314384
12,353,"[1, 0, 11, 0]",442,2.1584e-5,250912,0.025189625,106790240,NaN,0,0.025211209000000002,107041152,6265.66024684906,565448064
12,354,"[1, 0, 10, 1]",441,3.9042e-5,502896,0.023850917,99106112,NaN,0,0.023889959,99609008,6265.6841559410095,563417168
12,355,"[1, 0, 9, 2]",440,3.9166e-5,502928,0.025671291,106790240,NaN,0,0.025710457,107293168,6265.7098779678345,557517248
12,356,"[1, 0, 8, 3]",439,3.75e-5,502960,0.02426225,99106112,NaN,0,0.02429975,99609072,6265.734191894531,569361264
12,357,"[1, 0, 7, 4]",438,3.9166e-5,502992,0.13214225,106790480,NaN,0,0.132181416,107293472,6265.866385936737,571096016
12,358,"[1, 0, 6, 5]",437,3.9417e-5,503024,0.027694542,99810544,NaN,0,0.027733959,100313568,6265.89413189888,671416448
12,359,"[1, 0, 5, 6]",436,3.8791e-5,503056,0.013058208,49641936,NaN,0,0.013096999,50144992,6265.907238006592,721568304
12,360,"[1, 0, 4, 7]",435,4.1583e-5,503088,0.032595209,119373040,NaN,0,0.032636792,119876128,6265.939882993698,841451296
12,361,"[1, 0, 3, 8]",434,4.1041e-5,503120,0.029199917,105250384,NaN,0,0.029240957999999997,105753504,6265.969143867493,626013952
12,362,"[1, 0, 2, 9]",433,3.8917e-5,503152,0.026063125,107511024,NaN,0,0.026102042,108014176,6265.995256900787,734035008
12,363,"[1, 0, 1, 10]",432,3.9208e-5,503184,0.034500542,103267856,NaN,0,0.03453975,103771040,6266.029806852341,837812912
12,364,"[1, 0, 0, 11]",431,2.25e-5,252128,0.031116666,121044528,NaN,0,0.031139166000000003,121296656,6266.060958862305,614467440
12,365,"[0, 12, 0, 0]",-1,NaN,0,NaN,0,9.375e-6,98752,9.375e-6,98752,6266.060978889465,614573072
12,366,"[0, 11, 1, 0]",-4,NaN,0,NaN,0,9.417e-6,98752,9.417e-6,98752,6266.060992002487,614678640
12,367,"[0, 11, 0, 1]",-3,NaN,0,NaN,0,9.292e-6,98752,9.292e-6,98752,6266.061003923416,614784208
12,368,"[0, 10, 2, 0]",-10,NaN,0,NaN,0,1.2459e-5,98752,1.2459e-5,98752,6266.061018943787,614889776
12,369,"[0, 10, 1, 1]",-9,NaN,0,NaN,0,9.792e-6,98752,9.792e-6,98752,6266.061030864716,614995344
12,370,"[0, 10, 0, 2]",-8,NaN,0,NaN,0,9.292e-6,98752,9.292e-6,98752,6266.061043024063,615100912
12,371,"[0, 9, 3, 0]",-20,NaN,0,NaN,0,1.1209e-5,98752,1.1209e-5,98752,6266.061056852341,615206480
12,372,"[0, 9, 2, 1]",-19,NaN,0,NaN,0,1.0709e-5,98752,1.0709e-5,98752,6266.061070919037,615312048
12,373,"[0, 9, 1, 2]",-18,NaN,0,NaN,0,1.1125e-5,98752,1.1125e-5,98752,6266.061084985733,615417616
12,374,"[0, 9, 0, 3]",-17,NaN,0,NaN,0,8.0e-6,98752,8.0e-6,98752,6266.061094999313,615523184
12,375,"[0, 8, 4, 0]",-35,NaN,0,NaN,0,9.375e-6,98752,9.375e-6,98752,6266.061106920242,615628736
12,376,"[0, 8, 3, 1]",-34,NaN,0,NaN,0,9.375e-6,98752,9.375e-6,98752,6266.061118841171,615734304
12,377,"[0, 8, 2, 2]",-33,NaN,0,NaN,0,8.958e-6,98752,8.958e-6,98752,6266.061131000519,615839872
12,378,"[0, 8, 1, 3]",-32,NaN,0,NaN,0,9.666e-6,98752,9.666e-6,98752,6266.061142921448,615945440
12,379,"[0, 8, 0, 4]",-31,NaN,0,NaN,0,7.75e-6,98752,7.75e-6,98752,6266.061152935028,616051008
12,380,"[0, 7, 5, 0]",-56,NaN,0,NaN,0,9.667e-6,98752,9.667e-6,98752,6266.061165809631,616156560
12,381,"[0, 7, 4, 1]",-55,NaN,0,NaN,0,9.416e-6,98752,9.416e-6,98752,6266.061177968979,616262128
12,382,"[0, 7, 3, 2]",-54,NaN,0,NaN,0,9.042e-6,98752,9.042e-6,98752,6266.061189889908,616367696
12,383,"[0, 7, 2, 3]",-53,NaN,0,NaN,0,7.709e-6,98752,7.709e-6,98752,6266.061199903488,616473264
12,384,"[0, 7, 1, 4]",-52,NaN,0,NaN,0,9.5e-6,98752,9.5e-6,98752,6266.061211824417,616578832
12,385,"[0, 7, 0, 5]",-51,NaN,0,NaN,0,8.834e-6,98752,8.834e-6,98752,6266.061223983765,616684384
12,386,"[0, 6, 6, 0]",-84,NaN,0,NaN,0,9.667e-6,98752,9.667e-6,98752,6266.061235904694,616789952
12,387,"[0, 6, 5, 1]",-83,NaN,0,NaN,0,8.625e-6,98752,8.625e-6,98752,6266.061246871948,616895520
12,388,"[0, 6, 4, 2]",-82,NaN,0,NaN,0,8.25e-6,98752,8.25e-6,98752,6266.061257839203,617001088
12,389,"[0, 6, 3, 3]",-81,NaN,0,NaN,0,9.667e-6,98752,9.667e-6,98752,6266.06126999855,617106640
12,390,"[0, 6, 2, 4]",-80,NaN,0,NaN,0,1.7875e-5,98752,1.7875e-5,98752,6266.061290979385,617212192
12,391,"[0, 6, 1, 5]",-79,NaN,0,NaN,0,1.4667e-5,98752,1.4667e-5,98752,6266.0613079071045,617317760
12,392,"[0, 6, 0, 6]",-78,NaN,0,NaN,0,1.7875e-5,98752,1.7875e-5,98752,6266.061327934265,617423328
12,393,"[0, 5, 7, 0]",-120,NaN,0,NaN,0,1.3417e-5,98752,1.3417e-5,98752,6266.061344861984,617528896
12,394,"[0, 5, 6, 1]",-119,NaN,0,NaN,0,1.4125e-5,98752,1.4125e-5,98752,6266.061362028122,617634464
12,395,"[0, 5, 5, 2]",-118,NaN,0,NaN,0,1.3833e-5,98752,1.3833e-5,98752,6266.061378002167,617740032
12,396,"[0, 5, 4, 3]",-117,NaN,0,NaN,0,1.4708e-5,98752,1.4708e-5,98752,6266.061394929886,617845600
12,397,"[0, 5, 3, 4]",-116,NaN,0,NaN,0,1.575e-5,98752,1.575e-5,98752,6266.061414003372,617951168
12,398,"[0, 5, 2, 5]",-115,NaN,0,NaN,0,1.4625e-5,98752,1.4625e-5,98752,6266.061430931091,618056736
12,399,"[0, 5, 1, 6]",-114,NaN,0,NaN,0,1.5084e-5,98752,1.5084e-5,98752,6266.06144785881,618162304
12,400,"[0, 5, 0, 7]",-113,NaN,0,NaN,0,1.4583e-5,98752,1.4583e-5,98752,6266.061465024948,618267872
12,401,"[0, 4, 8, 0]",-165,NaN,0,NaN,0,1.5375e-5,98752,1.5375e-5,98752,6266.061482906342,618373440
12,402,"[0, 4, 7, 1]",-164,NaN,0,NaN,0,1.3333e-5,98752,1.3333e-5,98752,6266.061498880386,618479008
12,403,"[0, 4, 6, 2]",-163,NaN,0,NaN,0,1.375e-5,98752,1.375e-5,98752,6266.0615158081055,618584576
12,404,"[0, 4, 5, 3]",-162,NaN,0,NaN,0,1.4541e-5,98752,1.4541e-5,98752,6266.061532974243,618690144
12,405,"[0, 4, 4, 4]",-161,NaN,0,NaN,0,1.9625e-5,98752,1.9625e-5,98752,6266.061554908752,618795712
12,406,"[0, 4, 3, 5]",-160,NaN,0,NaN,0,1.4e-5,98752,1.4e-5,98752,6266.061570882797,618901280
12,407,"[0, 4, 2, 6]",-159,NaN,0,NaN,0,1.4833e-5,98752,1.4833e-5,98752,6266.061589002609,619006832
12,408,"[0, 4, 1, 7]",-158,NaN,0,NaN,0,1.4541e-5,98752,1.4541e-5,98752,6266.061605930328,619112400
12,409,"[0, 4, 0, 8]",-157,NaN,0,NaN,0,1.3667e-5,98752,1.3667e-5,98752,6266.061621904373,619217968
12,410,"[0, 3, 9, 0]",-220,NaN,0,NaN,0,1.5625e-5,98752,1.5625e-5,98752,6266.061640024185,619323536
12,411,"[0, 3, 8, 1]",-219,NaN,0,NaN,0,1.2959e-5,98752,1.2959e-5,98752,6266.061654806137,619429104
12,412,"[0, 3, 7, 2]",-218,NaN,0,NaN,0,1.7e-5,98752,1.7e-5,98752,6266.061673879623,619534672
12,413,"[0, 3, 6, 3]",-217,NaN,0,NaN,0,1.4834e-5,98752,1.4834e-5,98752,6266.061691999435,619640224
12,414,"[0, 3, 5, 4]",-216,NaN,0,NaN,0,1.5583e-5,98752,1.5583e-5,98752,6266.061709880829,619745792
12,415,"[0, 3, 4, 5]",-215,NaN,0,NaN,0,1.45e-5,98752,1.45e-5,98752,6266.061726808548,619851360
12,416,"[0, 3, 3, 6]",-214,NaN,0,NaN,0,1.325e-5,98752,1.325e-5,98752,6266.0617418289185,619956912
12,417,"[0, 3, 2, 7]",-213,NaN,0,NaN,0,1.5333e-5,98752,1.5333e-5,98752,6266.0617599487305,620062480
12,418,"[0, 3, 1, 8]",-212,NaN,0,NaN,0,1.5417e-5,98752,1.5417e-5,98752,6266.061777830124,620168048
12,419,"[0, 3, 0, 9]",-211,NaN,0,NaN,0,1.4875e-5,98752,1.4875e-5,98752,6266.061794996262,620273616
12,420,"[0, 2, 10, 0]",-286,NaN,0,NaN,0,1.35e-5,98752,1.35e-5,98752,6266.061810970306,620379184
12,421,"[0, 2, 9, 1]",-285,NaN,0,NaN,0,1.5042e-5,98752,1.5042e-5,98752,6266.0618288517,620484752
12,422,"[0, 2, 8, 2]",-284,NaN,0,NaN,0,1.5166e-5,98752,1.5166e-5,98752,6266.061846971512,620590320
12,423,"[0, 2, 7, 3]",-283,NaN,0,NaN,0,1.4209e-5,98752,1.4209e-5,98752,6266.061863899231,620695888
12,424,"[0, 2, 6, 4]",-282,NaN,0,NaN,0,1.5792e-5,98752,1.5792e-5,98752,6266.061882019043,620801456
12,425,"[0, 2, 5, 5]",-281,NaN,0,NaN,0,1.3333e-5,98752,1.3333e-5,98752,6266.061896800995,620907024
12,426,"[0, 2, 4, 6]",-280,NaN,0,NaN,0,1.45e-5,98752,1.45e-5,98752,6266.061913967133,621012592
12,427,"[0, 2, 3, 7]",-279,NaN,0,NaN,0,1.6375e-5,98752,1.6375e-5,98752,6266.0619328022,621118144
12,428,"[0, 2, 2, 8]",-278,NaN,0,NaN,0,1.4917e-5,98752,1.4917e-5,98752,6266.061949968338,621223712
12,429,"[0, 2, 1, 9]",-277,NaN,0,NaN,0,1.3458e-5,98752,1.3458e-5,98752,6266.061965942383,621329280
12,430,"[0, 2, 0, 10]",-276,NaN,0,NaN,0,1.5292e-5,98752,1.5292e-5,98752,6266.061983823776,621434848
12,431,"[0, 1, 11, 0]",-364,NaN,0,NaN,0,1.4333e-5,98752,1.4333e-5,98752,6266.062000989914,621540416
12,432,"[0, 1, 10, 1]",-363,NaN,0,NaN,0,1.4875e-5,98752,1.4875e-5,98752,6266.062017917633,621645984
12,433,"[0, 1, 9, 2]",-362,NaN,0,NaN,0,1.3917e-5,98752,1.3917e-5,98752,6266.062034845352,621751552
12,434,"[0, 1, 8, 3]",-361,NaN,0,NaN,0,1.5167e-5,98752,1.5167e-5,98752,6266.06205201149,621857120
12,435,"[0, 1, 7, 4]",-360,NaN,0,NaN,0,1.5083e-5,98752,1.5083e-5,98752,6266.062069892883,621962688
12,436,"[0, 1, 6, 5]",-359,NaN,0,NaN,0,1.7458e-5,98752,1.7458e-5,98752,6266.062089920044,622068256
12,437,"[0, 1, 5, 6]",-358,NaN,0,NaN,0,3.7167e-5,98752,3.7167e-5,98752,6266.062129974365,622173824
12,438,"[0, 1, 4, 7]",-357,NaN,0,NaN,0,1.575e-5,98752,1.575e-5,98752,6266.062147855759,622279392
12,439,"[0, 1, 3, 8]",-356,NaN,0,NaN,0,1.4125e-5,98752,1.4125e-5,98752,6266.0621638298035,622384960
12,440,"[0, 1, 2, 9]",-355,NaN,0,NaN,0,1.5625e-5,98752,1.5625e-5,98752,6266.0621819496155,622490528
12,441,"[0, 1, 1, 10]",-354,NaN,0,NaN,0,1.5292e-5,98752,1.5292e-5,98752,6266.062199831009,622596096
12,442,"[0, 1, 0, 11]",-353,NaN,0,NaN,0,1.8625e-5,98752,1.8625e-5,98752,6266.062220811844,622701664
12,443,"[0, 0, 12, 0]",455,2.1375e-5,252144,0.021180542,69046128,NaN,0,0.021201917,69298272,6266.083424806595,692006752
12,444,"[0, 0, 11, 1]",454,4.05e-5,505552,0.019120584,77434736,NaN,0,0.019161084,77940288,6266.1025948524475,769953904
12,445,"[0, 0, 10, 2]",453,4.1459e-5,505584,0.028310417,69046320,NaN,0,0.028351876,69551904,6266.130954027176,555696912
12,446,"[0, 0, 9, 3]",452,3.9417e-5,505616,0.022389833,77434736,NaN,0,0.02242925,77940352,6266.153391838074,633644128
12,447,"[0, 0, 8, 4]",451,4.0459e-5,505648,0.027343792,69046544,NaN,0,0.027384251,69552192,6266.180782794952,550799840
12,448,"[0, 0, 7, 5]",450,4.0042e-5,505680,0.022322125,77434736,NaN,0,0.022362167000000002,77940416,6266.203152894974,628747120
12,449,"[0, 0, 6, 6]",449,4.3709e-5,505712,0.019345792,43874896,NaN,0,0.019389501,44380608,6266.222553014755,546725200
12,450,"[0, 0, 5, 7]",-448,NaN,0,NaN,0,1.2125e-5,98752,1.2125e-5,98752,6266.222570896149,546830816
12,451,"[0, 0, 4, 8]",-447,NaN,0,NaN,0,9.375e-6,98752,9.375e-6,98752,6266.2225840091705,546936384
12,452,"[0, 0, 3, 9]",-446,NaN,0,NaN,0,9.792e-6,98752,9.792e-6,98752,6266.222596883774,547041952
12,453,"[0, 0, 2, 10]",-445,NaN,0,NaN,0,8.125e-6,98752,8.125e-6,98752,6266.222606897354,547147520
12,454,"[0, 0, 1, 11]",-444,NaN,0,NaN,0,1.0708e-5,98752,1.0708e-5,98752,6266.222673892975,547253088
12,455,"[0, 0, 0, 12]",-443,NaN,0,NaN,0,1.2792e-5,98752,1.2792e-5,98752,6266.22268986702,547358656
13,1,"[13, 0, 0, 0]",456,3.75e-7,0,0.020741292,63033200,NaN,0,0.020741667000000002,63033200,12117.132220029831,548560432
13,2,"[12, 1, 0, 0]",365,5.42e-7,0,0.026197292,77434800,NaN,0,0.026197834,77434800,12117.1584379673,549428288
13,3,"[12, 0, 1, 0]",458,1.7458e-5,246512,0.022903791,69046192,NaN,0,0.022921249,69292704,12117.181377887726,541040128
13,4,"[12, 0, 0, 1]",457,1.8166e-5,246528,0.020677792,77435104,NaN,0,0.020695958,77681632,12117.202092885971,540742944
13,5,"[11, 2, 0, 0]",287,2.5e-7,0,0.022471375,71421856,NaN,0,0.022471625,71421856,12117.224581003189,548314192
13,6,"[11, 1, 1, 0]",367,1.6584e-5,246528,0.1253005,77434816,NaN,0,0.125317084,77681344,12117.349915027618,540705984
13,7,"[11, 1, 0, 1]",366,1.5125e-5,246576,0.022901208,71421808,NaN,0,0.022916333,71668384,12117.372845888138,612381232
13,8,"[11, 0, 2, 0]",461,1.4833e-5,246544,0.026186709,83332976,NaN,0,0.026201541999999998,83579520,12117.399056911469,695967616
13,9,"[11, 0, 1, 1]",460,2.7417e-5,493152,0.026056584,69832560,NaN,0,0.026084001,70325712,12117.425148010254,766300208
13,10,"[11, 0, 0, 2]",459,1.5792e-5,246608,0.034842666,78221456,NaN,0,0.034858458,78468064,12117.460016012192,844775136
13,11,"[10, 3, 0, 0]",221,2.5e-7,0,0.024601083,69832880,NaN,0,0.024601333,69832880,12117.484629869461,556805392
13,12,"[10, 2, 1, 0]",289,1.4875e-5,246576,0.022147583,77434736,NaN,0,0.022162458,77681312,12117.506801843643,634493536
13,13,"[10, 2, 0, 1]",288,1.5209e-5,246672,0.024480834,69046128,NaN,0,0.024496043,69292800,12117.53130698204,703793200
13,14,"[10, 1, 2, 0]",370,1.4125e-5,246592,0.023536416,77434736,NaN,0,0.023550541,77681328,12117.554865837097,781481392
13,15,"[10, 1, 1, 1]",369,2.7667e-5,493296,0.0198865,71438192,NaN,0,0.019914167,71931488,12117.574788808823,853419744
13,16,"[10, 1, 0, 2]",368,1.5167e-5,246704,0.022905958,84742288,NaN,0,0.022921125,84988992,12117.597718000412,938415600
13,17,"[10, 0, 3, 0]",465,1.4e-5,246624,0.023312625,70766816,NaN,0,0.023326625,71013440,12117.621052026749,593206176
13,18,"[10, 0, 2, 1]",464,2.6875e-5,493360,0.020140333,77434736,NaN,0,0.020167208,77928096,12117.641227006912,671141136
13,19,"[10, 0, 1, 2]",463,2.6958e-5,493392,0.022515333,69046128,NaN,0,0.022542291,69539520,12117.663776874542,740687520
13,20,"[10, 0, 0, 3]",462,1.7083e-5,246752,0.019148041,77434928,NaN,0,0.019165124000000002,77681680,12117.682958841324,585182496
13,21,"[9, 4, 0, 0]",166,8.3e-8,0,0.022920208,69046128,NaN,0,0.022920291000000002,69046128,12117.705889940262,654235504
13,22,"[9, 3, 1, 0]",223,1.6e-5,246672,0.02347225,77435152,NaN,0,0.02348825,77681824,12117.729385852814,572723008
13,23,"[9, 3, 0, 1]",222,1.45e-5,246832,0.020644541,69046208,NaN,0,0.020659041,69293040,12117.750053882599,537216176
13,24,"[9, 2, 2, 0]",292,1.3208e-5,246688,0.025562083,77434736,NaN,0,0.025575291,77681424,12117.775636911392,614904464
13,25,"[9, 2, 1, 1]",291,2.7917e-5,493552,0.022897958,69046240,NaN,0,0.022925875,69539792,12117.798571825027,555396336
13,26,"[9, 2, 0, 2]",290,1.4375e-5,246864,0.025144792,77434800,NaN,0,0.025159167,77681664,12117.823740005493,554291088
13,27,"[9, 1, 3, 0]",374,1.4e-5,246720,0.023884625,77434816,NaN,0,0.023898625,77681536,12117.847646951675,540707264
13,28,"[9, 1, 2, 1]",373,2.7375e-5,493616,0.024446584,69046480,NaN,0,0.024473959,69540096,12117.872129917145,543160080
13,29,"[9, 1, 1, 2]",372,2.5667e-5,493648,0.024120375,77434784,NaN,0,0.024146042,77928432,12117.896281957626,560234928
13,30,"[9, 1, 0, 3]",371,1.5125e-5,246912,0.126023209,77434800,NaN,0,0.126038334,77681712,12118.022331953049,549392224
13,31,"[9, 0, 4, 0]",470,1.5417e-5,246768,0.019735667,69046128,NaN,0,0.019751084,69292896,12118.042094945908,618691984
13,32,"[9, 0, 3, 1]",469,2.8583e-5,493712,0.028498833,77434736,NaN,0,0.028527416,77928448,12118.070631027222,696627296
13,33,"[9, 0, 2, 2]",468,4.8041e-5,493744,0.019445167,69046128,NaN,0,0.019493207999999998,69539872,12118.090142011642,766174032
13,34,"[9, 0, 1, 3]",467,2.775e-5,493776,0.023829833,79827088,NaN,0,0.023857583,80320864,12118.114006996155,846501776
13,35,"[9, 0, 0, 4]",466,1.4917e-5,246976,0.022736416,73781424,NaN,0,0.022751333,74028400,12118.136766910553,572463776
13,36,"[8, 5, 0, 0]",121,8.3e-8,0,0.0215215,77434736,NaN,0,0.021521583,77434736,12118.158296823502,649905376
13,37,"[8, 4, 1, 0]",168,1.6041e-5,246832,0.0211765,69046128,NaN,0,0.021192541000000002,69292960,12118.17949795723,719205152
13,38,"[8, 4, 0, 1]",167,1.55e-5,247072,0.019321542,77434736,NaN,0,0.019337042000000002,77681808,12118.198841810226,796893824
13,39,"[8, 3, 2, 0]",226,1.55e-5,246848,0.039259,70700912,NaN,0,0.039274500000000004,70947760,12118.238122940063,867848448
13,40,"[8, 3, 1, 1]",225,3.0542e-5,493952,0.02312925,79794640,NaN,0,0.023159792000000002,80288592,12118.261296987534,588987520
13,41,"[8, 3, 0, 2]",224,1.6916e-5,247104,0.018102458,69046128,NaN,0,0.018119373999999997,69293232,12118.279433012009,658287616
13,42,"[8, 2, 3, 0]",296,1.5584e-5,246880,0.027052917,77434736,NaN,0,0.027068501,77681616,12118.306509971619,735976112
13,43,"[8, 2, 2, 1]",295,2.7333e-5,494016,0.024817459,69046320,NaN,0,0.024844792,69540336,12118.331363916397,576793376
13,44,"[8, 2, 1, 2]",294,3.1917e-5,494048,0.018123458,77434736,NaN,0,0.018155374999999998,77928784,12118.349535942078,654729024
13,45,"[8, 2, 0, 3]",293,1.6125e-5,247152,0.023646333,69046256,NaN,0,0.023662457999999997,69293408,12118.373208999634,564333920
13,46,"[8, 1, 4, 0]",379,1.7e-5,246928,0.019242583,77435104,NaN,0,0.019259583,77682032,12118.39248585701,545604176
13,47,"[8, 1, 3, 1]",378,2.7958e-5,494112,0.018601833,69046128,NaN,0,0.018629791000000003,69540240,12118.411123991013,615151280
13,48,"[8, 1, 2, 2]",377,2.8208e-5,494144,0.020632791,77434848,NaN,0,0.020660999,77928992,12118.431792974472,559188192
13,49,"[8, 1, 1, 3]",376,2.7833e-5,494176,0.018582375,77434800,NaN,0,0.018610208000000003,77928976,12118.450412988663,554290704
13,50,"[8, 1, 0, 4]",375,1.4875e-5,247216,0.022379292,69046208,NaN,0,0.022394167,69293424,12118.47281384468,532318048
13,51,"[8, 0, 5, 0]",476,1.6792e-5,246992,0.022392375,77434800,NaN,0,0.022409167,77681792,12118.495239973068,545604592
13,52,"[8, 0, 4, 1]",475,2.6875e-5,494240,0.026866458,69046464,NaN,0,0.026893333,69540704,12118.522141933441,545902224
13,53,"[8, 0, 3, 2]",474,3.1167e-5,494272,0.019982792,77434816,NaN,0,0.020013958999999998,77929088,12118.542174816132,540707104
13,54,"[8, 0, 2, 3]",473,2.8375e-5,494304,0.021848875,69046176,NaN,0,0.02187725,69540480,12118.564060926437,545902672
13,55,"[8, 0, 1, 4]",472,2.6791e-5,494336,0.1268555,77434816,NaN,0,0.126882291,77929152,12118.69094991684,540705984
13,56,"[8, 0, 0, 5]",471,1.6459e-5,247296,0.02064825,69046128,NaN,0,0.020664709,69293424,12118.711624860764,610006272
13,57,"[7, 6, 0, 0]",85,8.3e-8,0,0.02079275,86960192,NaN,0,0.020792833,86960192,12118.732425928116,696973328
13,58,"[7, 5, 1, 0]",123,1.5125e-5,247072,0.023722084,69046416,NaN,0,0.023737209000000002,69293488,12118.75616979599,766273632
13,59,"[7, 5, 0, 1]",122,1.6667e-5,247408,0.020998959,94038080,NaN,0,0.021015626000000003,94285488,12118.777201890945,860565984
13,60,"[7, 4, 2, 0]",171,1.6042e-5,247088,0.021268167,79155360,NaN,0,0.021284209000000002,79402448,12118.798496961594,570537904
13,61,"[7, 4, 1, 1]",170,2.7542e-5,494528,0.023630959,77434736,NaN,0,0.023658501,77929264,12118.822161912918,648474048
13,62,"[7, 4, 0, 2]",169,1.5833e-5,247440,0.024237958,78571584,NaN,0,0.024253791,78819024,12118.846421957016,727299936
13,63,"[7, 3, 3, 0]",230,1.6208e-5,247120,0.018932333,77434736,NaN,0,0.018948541,77681856,12118.865379810333,804988656
13,64,"[7, 3, 2, 1]",229,2.8e-5,494592,0.024166417,71405712,NaN,0,0.024194417,71900304,12118.889580965042,876895824
13,65,"[7, 3, 1, 2]",228,2.7917e-5,494624,0.021520416,79007920,NaN,0,0.021548333,79502544,12118.911135911942,589069648
13,66,"[7, 3, 0, 3]",227,1.5125e-5,247488,0.022436916,78571584,NaN,0,0.022452041000000002,78819072,12118.933595895767,667895584
13,67,"[7, 2, 4, 0]",301,1.5291e-5,247168,0.025327833,77434880,NaN,0,0.025343124,77682048,12118.958946943283,551370112
13,68,"[7, 2, 3, 1]",300,2.7542e-5,494688,0.022013916,69046128,NaN,0,0.022041458,69540816,12118.980996847153,620917792
13,69,"[7, 2, 2, 2]",299,2.8542e-5,494720,0.025259417,77434736,NaN,0,0.025287959,77929456,12119.006291866302,698854112
13,70,"[7, 2, 1, 3]",298,2.8708e-5,494752,0.023519917,69046592,NaN,0,0.023548625,69541344,12119.029846906662,569231344
13,71,"[7, 2, 0, 4]",297,1.6917e-5,247552,0.02281225,86960272,NaN,0,0.022829167,87207824,12119.052692890167,539808928
13,72,"[7, 1, 5, 0]",385,1.6e-5,247232,0.021517208,69046128,NaN,0,0.021533207999999998,69293360,12119.074234962463,609109152
13,73,"[7, 1, 4, 1]",384,2.8792e-5,494816,0.0216155,77434848,NaN,0,0.021644292,77929664,12119.095888853073,564653200
13,74,"[7, 1, 3, 2]",383,3.0542e-5,494848,0.0181755,69046192,NaN,0,0.018206042000000002,69541040,12119.114113807678,559436704
13,75,"[7, 1, 2, 3]",382,2.9583e-5,494880,0.0189575,77434816,NaN,0,0.018987083,77929696,12119.1331179142,540707168
13,76,"[7, 1, 1, 4]",381,3.1875e-5,494912,0.020908875,69046480,NaN,0,0.02094075,69541392,12119.154069900513,537216496
13,77,"[7, 1, 0, 5]",380,1.4458e-5,247632,0.031243917,86960256,NaN,0,0.031258375,87207888,12119.185335874557,534911856
13,78,"[7, 0, 6, 0]",483,1.6083e-5,247312,0.020848833,77434768,NaN,0,0.020864916,77682080,12119.206209897995,556745584
13,79,"[7, 0, 5, 1]",482,2.8417e-5,494976,0.128090209,69046208,NaN,0,0.128118626,69541184,12119.334335803986,541003648
13,80,"[7, 0, 4, 2]",481,2.9875e-5,495008,0.020495083,77434736,NaN,0,0.020524958,77929744,12119.35487294197,618940256
13,81,"[7, 0, 3, 3]",480,3.0458e-5,495040,0.017087042,69046128,NaN,0,0.0171175,69541168,12119.37199997902,688488288
13,82,"[7, 0, 2, 4]",479,2.925e-5,495072,0.022599292,77435024,NaN,0,0.022628542,77930096,12119.394634962082,766425248
13,83,"[7, 0, 1, 5]",478,2.9e-5,495104,0.01822075,71438192,NaN,0,0.018249750000000002,71933296,12119.412891864777,838365408
13,84,"[7, 0, 0, 6]",477,1.8625e-5,247728,0.022650584,93333888,NaN,0,0.022669209000000003,93581616,12119.435577869415,572767360
13,85,"[6, 7, 0, 0]",-57,NaN,0,NaN,0,1.4084e-5,98752,1.4084e-5,98752,12119.435599803925,572872992
13,86,"[6, 6, 1, 0]",87,1.575e-5,247408,0.031479417,78571584,NaN,0,0.031495167000000004,78818992,12119.467099905014,651698800
13,87,"[6, 6, 0, 1]",-86,NaN,0,NaN,0,1.1625e-5,98752,1.1625e-5,98752,12119.46713089943,651804416
13,88,"[6, 5, 2, 0]",126,1.7833e-5,247424,0.017510959,77434736,NaN,0,0.017528791999999998,77682160,12119.484663963318,729493392
13,89,"[6, 5, 1, 1]",125,3.1458e-5,495312,0.023527292,79980608,NaN,0,0.023558750000000003,80475920,12119.50823688507,809976192
13,90,"[6, 5, 0, 2]",124,1.6875e-5,247888,0.025385541,96807536,NaN,0,0.025402416,97055424,12119.533649921417,558984352
13,91,"[6, 4, 3, 0]",175,1.5083e-5,247456,0.023214,77434736,NaN,0,0.023229082999999998,77682192,12119.556890010834,636673408
13,92,"[6, 4, 2, 1]",174,3.1583e-5,495376,0.017732541,69046128,NaN,0,0.017764124000000003,69541504,12119.574671030045,706221776
13,93,"[6, 4, 1, 2]",173,3.0167e-5,495408,0.025147875,86960368,NaN,0,0.025178042,87455776,12119.599858999252,568523808
13,94,"[6, 4, 0, 3]",172,1.65e-5,247936,0.020010625,78571584,NaN,0,0.020027125,78819520,12119.619895935059,647350192
13,95,"[6, 3, 4, 0]",235,1.5916e-5,247504,0.019097125,77434864,NaN,0,0.019113041,77682368,12119.639019012451,574459776
13,96,"[6, 3, 3, 1]",234,2.9875e-5,495472,0.022768208,69046416,NaN,0,0.022798083,69541888,12119.661827802658,644008528
13,97,"[6, 3, 2, 2]",233,0.001571875,495632,0.018767625,77434736,NaN,0,0.0203395,77930368,12119.682174921036,580459440
13,98,"[6, 3, 1, 3]",232,2.9417e-5,495536,0.032899041,78571648,NaN,0,0.032928457999999994,79067184,12119.715111017227,568962400
13,99,"[6, 3, 0, 4]",231,1.8167e-5,248000,0.024610834,86960272,NaN,0,0.024629001,87208272,12119.739758968353,534911648
13,100,"[6, 2, 5, 0]",307,1.6542e-5,247568,0.025344834,69046192,NaN,0,0.025361376,69293760,12119.765129804611,538085088
13,101,"[6, 2, 4, 1]",306,2.85e-5,495600,0.023097458,77434800,NaN,0,0.023125958000000002,77930400,12119.788262844086,545845472
13,102,"[6, 2, 3, 2]",305,2.9084e-5,495632,0.024043709,77435072,NaN,0,0.024072793,77930704,12119.812345981598,549394096
13,103,"[6, 2, 2, 3]",304,0.000654125,495728,0.019002875,69046128,NaN,0,0.019656999999999997,69541856,12119.832010030746,541005936
13,104,"[6, 2, 1, 4]",303,2.7792e-5,495696,0.039398833,86960272,NaN,0,0.039426625,87455968,12119.871443986893,534911632
13,105,"[6, 2, 0, 5]",302,1.7542e-5,248080,0.112611333,86960240,NaN,0,0.11262887499999999,87208320,12119.984085798264,549362592
13,106,"[6, 1, 6, 0]",392,1.6583e-5,247648,0.020618834,69046128,NaN,0,0.020635417,69293776,12120.00473189354,618663248
13,107,"[6, 1, 5, 1]",391,3.2875e-5,495760,0.018026875,77434736,NaN,0,0.018059750000000003,77930496,12120.0228099823,696600608
13,108,"[6, 1, 4, 2]",390,3.1834e-5,495792,0.017732666,69046416,NaN,0,0.017764500000000003,69542208,12120.040589809418,766149680
13,109,"[6, 1, 3, 3]",389,3.2708e-5,495824,0.017887208,79089520,NaN,0,0.017919916,79585344,12120.058528900146,845741904
13,110,"[6, 1, 2, 4]",388,3.5666e-5,495856,0.019608333,72143024,NaN,0,0.019643999,72638880,12120.07818889618,582204128
13,111,"[6, 1, 1, 5]",387,3.1708e-5,495888,0.019609375,86960192,NaN,0,0.019641082999999997,87456080,12120.097846984863,669667072
13,112,"[6, 1, 0, 6]",386,1.7e-5,248176,0.02576125,78571584,NaN,0,0.02577825,78819760,12120.123634815216,748493712
13,113,"[6, 0, 7, 0]",491,1.8708e-5,247744,0.024736209,78843760,NaN,0,0.024754916999999998,79091504,12120.148397922516,827592080
13,114,"[6, 0, 6, 1]",490,3.0875e-5,495952,0.035838959,77484448,NaN,0,0.035869833999999996,77980400,12120.184275865555,556019872
13,115,"[6, 0, 5, 2]",489,3.1875e-5,495984,0.025467416,77434736,NaN,0,0.025499291,77930720,12120.209792852402,633957472
13,116,"[6, 0, 4, 3]",488,2.9833e-5,496016,0.0217785,69046128,NaN,0,0.021808333,69542144,12120.231608867645,703506480
13,117,"[6, 0, 3, 4]",487,3.0708e-5,496048,0.021503291,77434928,NaN,0,0.021533999,77930976,12120.253151893616,555398544
13,118,"[6, 0, 2, 5]",486,2.8708e-5,496080,0.027169833,69046128,NaN,0,0.027198541,69542208,12120.28035902977,624947616
13,119,"[6, 0, 1, 6]",485,3.1666e-5,496112,0.019756625,86960192,NaN,0,0.019788291,87456304,12120.300164937973,712410784
13,120,"[6, 0, 0, 7]",484,1.7417e-5,248288,0.029074583,78572048,NaN,0,0.029092,78820336,12120.329267978668,587186736
13,121,"[5, 8, 0, 0]",-36,NaN,0,NaN,0,1.8167e-5,98752,1.8167e-5,98752,12120.32929801941,587292352
13,122,"[5, 7, 1, 0]",-59,NaN,0,NaN,0,1.9e-5,98752,1.9e-5,98752,12120.329320907593,587397920
13,123,"[5, 7, 0, 1]",-58,NaN,0,NaN,0,2.1667e-5,98752,2.1667e-5,98752,12120.32934498787,587503472
13,124,"[5, 6, 2, 0]",-90,NaN,0,NaN,0,1.7459e-5,98752,1.7459e-5,98752,12120.32936501503,587609040
13,125,"[5, 6, 1, 1]",-89,NaN,0,NaN,0,1.5917e-5,98752,1.5917e-5,98752,12120.329383850098,587714608
13,126,"[5, 6, 0, 2]",-88,NaN,0,NaN,0,1.8708e-5,98752,1.8708e-5,98752,12120.329404830933,587820176
13,127,"[5, 5, 3, 0]",130,1.6042e-5,247904,0.01914625,77434816,NaN,0,0.019162292,77682720,12120.348569869995,546712016
13,128,"[5, 5, 2, 1]",129,2.8584e-5,496400,0.027991667,78571648,NaN,0,0.028020251000000003,79068048,12120.376596927643,531419840
13,129,"[5, 5, 1, 2]",-128,NaN,0,NaN,0,1.1375e-5,98752,1.1375e-5,98752,12120.376618862152,531525472
13,130,"[5, 5, 0, 3]",-127,NaN,0,NaN,0,8.958e-6,98752,8.958e-6,98752,12120.3766310215,531631040
13,131,"[5, 4, 4, 0]",180,1.5584e-5,247952,0.022721875,77434800,NaN,0,0.022737458999999998,77682752,12120.399371862411,546472560
13,132,"[5, 4, 3, 1]",179,3.3083e-5,496496,0.018363375,69046192,NaN,0,0.018396458,69542688,12120.417783975601,537215600
13,133,"[5, 4, 2, 2]",178,3.1209e-5,496528,0.024184666,86960240,NaN,0,0.024215875,87456768,12120.442015886307,548494688
13,134,"[5, 4, 1, 3]",177,3.0667e-5,496560,0.026119625,86960560,NaN,0,0.026150292000000002,87457120,12120.468176841736,534910960
13,135,"[5, 4, 0, 4]",176,1.7166e-5,248576,0.022725417,77434736,NaN,0,0.022742583,77683312,12120.490928888321,559855008
13,136,"[5, 3, 5, 0]",241,1.7917e-5,248016,0.126476792,69046240,NaN,0,0.126494709,69294256,12120.61743593216,546769456
13,137,"[5, 3, 4, 1]",240,3.1084e-5,496624,0.021858208,77434736,NaN,0,0.021889292,77931360,12120.63933801651,624707680
13,138,"[5, 3, 3, 2]",239,3.3167e-5,496656,0.018706875,69046128,NaN,0,0.018740042000000002,69542784,12120.65809392929,694257328
13,139,"[5, 3, 2, 3]",238,3.1333e-5,496688,0.021887667,86960192,NaN,0,0.021919,87456880,12120.680022001266,781721088
13,140,"[5, 3, 1, 4]",237,3.0917e-5,496720,0.021903583,85649760,NaN,0,0.0219345,86146480,12120.70196390152,867874432
13,141,"[5, 3, 0, 5]",236,1.7375e-5,248656,0.019532458,80875696,NaN,0,0.019549833,81124352,12120.721520900726,590871760
13,142,"[5, 2, 6, 0]",314,1.5083e-5,248096,0.019026458,69046128,NaN,0,0.019041541,69294224,12120.740568876266,660172848
13,143,"[5, 2, 5, 1]",313,3.05e-5,496784,0.022343209,77434736,NaN,0,0.022373709,77931520,12120.762948989868,738111232
13,144,"[5, 2, 4, 2]",312,3.1292e-5,496816,0.019239792,69128048,NaN,0,0.019271083999999997,69624864,12120.782226800919,807742960
13,145,"[5, 2, 3, 3]",311,3.1084e-5,496848,0.02468,81236096,NaN,0,0.024711084,81732944,12120.806943893433,561738816
13,146,"[5, 2, 2, 4]",310,3.0167e-5,496880,0.02541525,78571872,NaN,0,0.025445417,79068752,12120.832397937775,640814432
13,147,"[5, 2, 1, 5]",309,3.125e-5,496912,0.023872542,86960192,NaN,0,0.023903792,87457104,12120.856307983398,728278400
13,148,"[5, 2, 0, 6]",308,1.65e-5,248752,0.02564375,69046320,NaN,0,0.02566025,69295072,12120.881974935532,548747568
13,149,"[5, 1, 7, 0]",400,1.6e-5,248192,0.019573833,77434736,NaN,0,0.019589832999999997,77682928,12120.901573896408,626437360
13,150,"[5, 1, 6, 1]",399,3.0959e-5,496976,0.019200166,69046128,NaN,0,0.019231125,69543104,12120.920811891556,695987328
13,151,"[5, 1, 5, 2]",398,3.125e-5,497008,0.027834416,77434912,NaN,0,0.027865666,77931920,12120.948683023453,577620304
13,152,"[5, 1, 4, 3]",397,3.0083e-5,497040,0.023198541,69046496,NaN,0,0.023228624,69543536,12120.97191786766,537216016
13,153,"[5, 1, 3, 4]",396,2.875e-5,497072,0.024855375,77434736,NaN,0,0.024884125,77931808,12120.996809005737,615154688
13,154,"[5, 1, 2, 5]",395,3.15e-5,497104,0.021865459,78571696,NaN,0,0.021896959,79068800,12121.018712997437,573859584
13,155,"[5, 1, 1, 6]",394,3.4375e-5,497136,0.021829167,86960272,NaN,0,0.021863542,87457408,12121.040594816208,534911344
13,156,"[5, 1, 0, 7]",393,1.7917e-5,248864,0.0258215,69046192,NaN,0,0.025839417,69295056,12121.066443920135,538084784
13,157,"[5, 0, 8, 0]",500,1.6666e-5,248304,0.025080041,77434784,NaN,0,0.025096707,77683088,12121.091549873352,554291280
13,158,"[5, 0, 7, 1]",499,0.000972584,497264,0.019209125,77435024,NaN,0,0.020181709,77932288,12121.11174082756,549394080
13,159,"[5, 0, 6, 2]",498,0.014784,497296,0.113245041,69046128,NaN,0,0.128029041,69543424,12121.239787817001,541003616
13,160,"[5, 0, 5, 3]",497,3.1875e-5,497264,0.021849833,77434736,NaN,0,0.021881708,77932000,12121.261679887772,618942480
13,161,"[5, 0, 4, 4]",496,3.2041e-5,497296,0.01967475,69046128,NaN,0,0.019706791,69543424,12121.281394958496,688492768
13,162,"[5, 0, 3, 5]",495,3.2042e-5,497328,0.025583666,77434736,NaN,0,0.025615708,77932064,12121.307016849518,766431696
13,163,"[5, 0, 2, 6]",494,3.275e-5,497360,0.019921958,82372672,NaN,0,0.019954708,82870032,12121.326979875565,849308592
13,164,"[5, 0, 1, 7]",493,3.3709e-5,497392,0.024936417,91925152,NaN,0,0.024970126,92422544,12121.351958990097,601986000
13,165,"[5, 0, 0, 8]",492,1.9917e-5,248992,0.023880042,69046128,NaN,0,0.023899959000000002,69295120,12121.375876903534,671287984
13,166,"[4, 9, 0, 0]",-21,NaN,0,NaN,0,1.4e-5,98752,1.4e-5,98752,12121.37590098381,671393616
13,167,"[4, 8, 1, 0]",-38,NaN,0,NaN,0,1.8625e-5,98752,1.8625e-5,98752,12121.37592291832,671499168
13,168,"[4, 8, 0, 1]",-37,NaN,0,NaN,0,1.7208e-5,98752,1.7208e-5,98752,12121.375943899155,671604736
13,169,"[4, 7, 2, 0]",-62,NaN,0,NaN,0,1.225e-5,98752,1.225e-5,98752,12121.37595796585,671710304
13,170,"[4, 7, 1, 1]",-61,NaN,0,NaN,0,1.1834e-5,98752,1.1834e-5,98752,12121.375972986221,671815872
13,171,"[4, 7, 0, 2]",-60,NaN,0,NaN,0,9.5e-6,98752,9.5e-6,98752,12121.37598490715,671921440
13,172,"[4, 6, 3, 0]",-94,NaN,0,NaN,0,1.25e-5,98752,1.25e-5,98752,12121.376000881195,672026992
13,173,"[4, 6, 2, 1]",-93,NaN,0,NaN,0,1.8916e-5,98752,1.8916e-5,98752,12121.376022815704,672132544
13,174,"[4, 6, 1, 2]",-92,NaN,0,NaN,0,1.6666e-5,98752,1.6666e-5,98752,12121.37604188919,672238112
13,175,"[4, 6, 0, 3]",-91,NaN,0,NaN,0,1.7542e-5,98752,1.7542e-5,98752,12121.376061916351,672343680
13,176,"[4, 5, 4, 0]",-135,NaN,0,NaN,0,1.8e-5,98752,1.8e-5,98752,12121.376082897186,672449248
13,177,"[4, 5, 3, 1]",-134,NaN,0,NaN,0,1.7958e-5,98752,1.7958e-5,98752,12121.376102924347,672554800
13,178,"[4, 5, 2, 2]",-133,NaN,0,NaN,0,1.6542e-5,98752,1.6542e-5,98752,12121.376121997833,672660368
13,179,"[4, 5, 1, 3]",-132,NaN,0,NaN,0,1.7042e-5,98752,1.7042e-5,98752,12121.376142024994,672765936
13,180,"[4, 5, 0, 4]",-131,NaN,0,NaN,0,1.8959e-5,98752,1.8959e-5,98752,12121.376163959503,672871504
13,181,"[4, 4, 5, 0]",186,1.7584e-5,248592,0.023999708,77434736,NaN,0,0.024017292000000003,77683328,12121.400183916092,750561648
13,182,"[4, 4, 4, 1]",185,3.5209e-5,497920,0.017626792,69046128,NaN,0,0.017662001,69544048,12121.41786289215,820112576
13,183,"[4, 4, 3, 2]",184,3.4708e-5,497952,0.0263885,94939472,NaN,0,0.026423208,95437424,12121.444304943085,557007120
13,184,"[4, 4, 2, 3]",-183,NaN,0,NaN,0,1.5417e-5,98752,1.5417e-5,98752,12121.444334983826,557112736
13,185,"[4, 4, 1, 4]",-182,NaN,0,NaN,0,8.875e-6,98752,8.875e-6,98752,12121.444346904755,557218304
13,186,"[4, 4, 0, 5]",-181,NaN,0,NaN,0,1.025e-5,98752,1.025e-5,98752,12121.444360017776,557323872
13,187,"[4, 3, 6, 0]",248,1.8791e-5,248672,0.020831833,69046128,NaN,0,0.020850624,69294800,12121.465214014053,626625488
13,188,"[4, 3, 5, 1]",247,3.1625e-5,498080,0.023864917,77435024,NaN,0,0.023896542,77933104,12121.489120960236,704565456
13,189,"[4, 3, 4, 2]",246,3.4917e-5,498112,0.025860916,69046128,NaN,0,0.025895833,69544240,12121.515028953552,774116560
13,190,"[4, 3, 3, 3]",245,3.3e-5,498144,0.026860333,87042352,NaN,0,0.026893333,87540496,12121.54192996025,600555568
13,191,"[4, 3, 2, 4]",244,3.3792e-5,498176,0.022901875,78571664,NaN,0,0.022935667,79069840,12121.56487584114,532288656
13,192,"[4, 3, 1, 5]",243,3.1416e-5,498208,0.023123375,77434736,NaN,0,0.023154791,77932944,12121.588038921356,610228464
13,193,"[4, 3, 0, 6]",242,2.0958e-5,249472,0.019466875,69046256,NaN,0,0.019487833000000003,69295728,12121.607543945312,542981904
13,194,"[4, 2, 7, 0]",322,1.725e-5,248768,0.022021208,77435024,NaN,0,0.022038458,77683792,12121.629592895508,620672576
13,195,"[4, 2, 6, 1]",321,3.15e-5,498272,0.024822708,69046240,NaN,0,0.024854208,69544512,12121.654455900192,564334176
13,196,"[4, 2, 5, 2]",320,3.3042e-5,498304,0.019261042,77434800,NaN,0,0.019294084,77933104,12121.673758983612,558887344
13,197,"[4, 2, 4, 3]",319,3.0958e-5,498336,0.022928208,69046208,NaN,0,0.022959166,69544544,12121.696724891663,532318544
13,198,"[4, 2, 3, 4]",318,3.1583e-5,498368,0.020941208,86960256,NaN,0,0.020972791,87458624,12121.717705011368,539809328
13,199,"[4, 2, 2, 5]",317,3.175e-5,498400,0.025259334,78571600,NaN,0,0.025291084000000002,79070000,12121.743005990982,536985280
13,200,"[4, 2, 1, 6]",316,3.4792e-5,498432,0.018893333,77435056,NaN,0,0.018928124999999997,77933488,12121.761950969696,565683840
13,201,"[4, 2, 0, 7]",315,1.8917e-5,249584,0.1300095,69046256,NaN,0,0.130028417,69295840,12121.891988992691,546769488
13,202,"[4, 1, 8, 0]",409,1.7042e-5,248880,0.020964208,77434736,NaN,0,0.02098125,77683616,12121.912980794907,624459968
13,203,"[4, 1, 7, 1]",408,3.3834e-5,498496,0.018531084,69046128,NaN,0,0.018564918,69544624,12121.931554794312,694011456
13,204,"[4, 1, 6, 2]",407,3.3625e-5,498528,0.019888958,77434736,NaN,0,0.019922583,77933264,12121.95148396492,771951584
13,205,"[4, 1, 5, 3]",406,4.1625e-5,498560,0.018550542,71438192,NaN,0,0.018592167,71936752,12121.970082998276,843895200
13,206,"[4, 1, 4, 4]",405,3.325e-5,498592,0.02135825,83808720,NaN,0,0.021391499999999997,84307312,12121.991479873657,576256016
13,207,"[4, 1, 3, 5]",404,3.2417e-5,498624,0.02138375,86960192,NaN,0,0.021416167,87458816,12122.012903928757,663721696
13,208,"[4, 1, 2, 6]",403,3.375e-5,498656,0.025844708,78571584,NaN,0,0.025878458,79070240,12122.038790941238,742798800
13,209,"[4, 1, 1, 7]",402,3.5125e-5,498688,0.0210945,77434736,NaN,0,0.021129625,77933424,12122.059928894043,820739088
13,210,"[4, 1, 0, 8]",401,1.7583e-5,249712,0.01942075,73748336,NaN,0,0.019438333000000002,73998048,12122.079373836517,894744000
13,211,"[4, 0, 9, 0]",510,1.6667e-5,249008,0.024287584,79155376,NaN,0,0.024304251000000002,79404384,12122.103685855865,598434048
13,212,"[4, 0, 8, 1]",509,3.375e-5,498752,0.019953542,69046416,NaN,0,0.019987292,69545168,12122.123682975769,667986096
13,213,"[4, 0, 7, 2]",508,3.5875e-5,498784,0.019656833,77434880,NaN,0,0.019692708,77933664,12122.143390893936,550501952
13,214,"[4, 0, 6, 3]",507,3.1916e-5,498816,0.018033083,69046128,NaN,0,0.018064998999999998,69544944,12122.16146492958,620053760
13,215,"[4, 0, 5, 4]",506,0.000110917,498848,0.018216125,77434736,NaN,0,0.018327041999999998,77933584,12122.179807901382,697994224
13,216,"[4, 0, 4, 5]",505,3.625e-5,498880,0.021599167,69046304,NaN,0,0.021635417,69545184,12122.201459884644,569231456
13,217,"[4, 0, 3, 6]",504,3.3417e-5,498912,0.023346833,86960272,NaN,0,0.02338025,87459184,12122.224849939346,539809280
13,218,"[4, 0, 2, 7]",503,3.15e-5,498944,0.021116708,78571872,NaN,0,0.021148208,79070816,12122.246006965637,618886960
13,219,"[4, 0, 1, 8]",502,3.4042e-5,498976,0.022071417,77434848,NaN,0,0.022105459,77933824,12122.268121957779,574459856
13,220,"[4, 0, 0, 9]",501,1.7417e-5,249856,0.019759084,69046192,NaN,0,0.019776501,69296048,12122.287905931473,559437056
13,221,"[3, 10, 0, 0]",-11,NaN,0,NaN,0,1.4459e-5,98752,1.4459e-5,98752,12122.287927865982,559542672
13,222,"[3, 9, 1, 0]",-23,NaN,0,NaN,0,1.4125e-5,98752,1.4125e-5,98752,12122.287944793701,559648240
13,223,"[3, 9, 0, 1]",-22,NaN,0,NaN,0,1.1792e-5,98752,1.1792e-5,98752,12122.287959814072,559753808
13,224,"[3, 8, 2, 0]",-41,NaN,0,NaN,0,1.2417e-5,98752,1.2417e-5,98752,12122.287974834442,559859376
13,225,"[3, 8, 1, 1]",-40,NaN,0,NaN,0,1.2166e-5,98752,1.2166e-5,98752,12122.287989854813,559964944
13,226,"[3, 8, 0, 2]",-39,NaN,0,NaN,0,1.1625e-5,98752,1.1625e-5,98752,12122.288003921509,560070512
13,227,"[3, 7, 3, 0]",-66,NaN,0,NaN,0,1.6375e-5,98752,1.6375e-5,98752,12122.288022994995,560176080
13,228,"[3, 7, 2, 1]",-65,NaN,0,NaN,0,1.6834e-5,98752,1.6834e-5,98752,12122.288041830063,560281648
13,229,"[3, 7, 1, 2]",-64,NaN,0,NaN,0,1.7375e-5,98752,1.7375e-5,98752,12122.288061857224,560387216
13,230,"[3, 7, 0, 3]",-63,NaN,0,NaN,0,1.7e-5,98752,1.7e-5,98752,12122.288081884384,560492784
13,231,"[3, 6, 4, 0]",-99,NaN,0,NaN,0,1.5209e-5,98752,1.5209e-5,98752,12122.288100004196,560598336
13,232,"[3, 6, 3, 1]",-98,NaN,0,NaN,0,1.7333e-5,98752,1.7333e-5,98752,12122.288120031357,560703904
13,233,"[3, 6, 2, 2]",-97,NaN,0,NaN,0,1.8708e-5,98752,1.8708e-5,98752,12122.288141012192,560809472
13,234,"[3, 6, 1, 3]",-96,NaN,0,NaN,0,1.9709e-5,98752,1.9709e-5,98752,12122.288162946701,560915040
13,235,"[3, 6, 0, 4]",-95,NaN,0,NaN,0,1.7541e-5,98752,1.7541e-5,98752,12122.288182973862,561020608
13,236,"[3, 5, 5, 0]",-141,NaN,0,NaN,0,1.5792e-5,98752,1.5792e-5,98752,12122.288200855255,561126176
13,237,"[3, 5, 4, 1]",-140,NaN,0,NaN,0,1.7042e-5,98752,1.7042e-5,98752,12122.288220882416,561231744
13,238,"[3, 5, 3, 2]",-139,NaN,0,NaN,0,1.5417e-5,98752,1.5417e-5,98752,12122.288239002228,561337312
13,239,"[3, 5, 2, 3]",-138,NaN,0,NaN,0,1.5209e-5,98752,1.5209e-5,98752,12122.288256883621,561442880
13,240,"[3, 5, 1, 4]",-137,NaN,0,NaN,0,1.3542e-5,98752,1.3542e-5,98752,12122.288272857666,561548448
13,241,"[3, 5, 0, 5]",-136,NaN,0,NaN,0,1.525e-5,98752,1.525e-5,98752,12122.288290023804,561654016
13,242,"[3, 4, 6, 0]",-193,NaN,0,NaN,0,1.8541e-5,98752,1.8541e-5,98752,12122.288311958313,561759584
13,243,"[3, 4, 5, 1]",-192,NaN,0,NaN,0,1.5083e-5,98752,1.5083e-5,98752,12122.288328886032,561865152
13,244,"[3, 4, 4, 2]",-191,NaN,0,NaN,0,1.5083e-5,98752,1.5083e-5,98752,12122.288347005844,561970720
13,245,"[3, 4, 3, 3]",-190,NaN,0,NaN,0,1.5792e-5,98752,1.5792e-5,98752,12122.288364887238,562076288
13,246,"[3, 4, 2, 4]",-189,NaN,0,NaN,0,1.5583e-5,98752,1.5583e-5,98752,12122.28838300705,562181856
13,247,"[3, 4, 1, 5]",-188,NaN,0,NaN,0,1.825e-5,98752,1.825e-5,98752,12122.288403987885,562287424
13,248,"[3, 4, 0, 6]",-187,NaN,0,NaN,0,1.9041e-5,98752,1.9041e-5,98752,12122.288425922394,562392992
13,249,"[3, 3, 7, 0]",256,1.7792e-5,249488,0.025497125,77434816,NaN,0,0.025514916999999998,77684304,12122.31394290924,540707760
13,250,"[3, 3, 6, 1]",255,3.1958e-5,499872,0.02310975,69046192,NaN,0,0.023141707999999997,69546064,12122.337090969086,537217088
13,251,"[3, 3, 5, 2]",254,3.2084e-5,499904,0.022211875,77434784,NaN,0,0.022243959,77934688,12122.359342813492,554291936
13,252,"[3, 3, 4, 3]",253,0.015214458,500000,0.11710875,86960480,NaN,0,0.132323208,87460480,12122.49167585373,543596752
13,253,"[3, 3, 3, 4]",-252,NaN,0,NaN,0,1.3583e-5,98752,1.3583e-5,98752,12122.49170088768,543702368
13,254,"[3, 3, 2, 5]",-251,NaN,0,NaN,0,8.791e-6,98752,8.791e-6,98752,12122.491712808609,543807936
13,255,"[3, 3, 1, 6]",-250,NaN,0,NaN,0,1.075e-5,98752,1.075e-5,98752,12122.491726875305,543913504
13,256,"[3, 3, 0, 7]",-249,NaN,0,NaN,0,9.875e-6,98752,9.875e-6,98752,12122.491739988327,544019072
13,257,"[3, 2, 8, 0]",331,1.8625e-5,249600,0.021350542,69046128,NaN,0,0.021369167,69295728,12122.513111829758,613321616
13,258,"[3, 2, 7, 1]",330,3.5667e-5,500096,0.027205375,77434736,NaN,0,0.027241042,77934832,12122.540360927582,691263312
13,259,"[3, 2, 6, 2]",329,3.4667e-5,500128,0.021914458,69046128,NaN,0,0.021949125,69546256,12122.562315940857,760816432
13,260,"[3, 2, 5, 3]",328,3.4625e-5,500160,0.019061875,79089520,NaN,0,0.0190965,79589680,12122.581423997879,840412976
13,261,"[3, 2, 4, 4]",327,3.4625e-5,500192,0.02716225,80931200,NaN,0,0.027196875,81431392,12122.608627796173,590992416
13,262,"[3, 2, 3, 5]",326,3.5041e-5,500224,0.020996,86960480,NaN,0,0.021031041,87460704,12122.629665851593,678459984
13,263,"[3, 2, 2, 6]",325,3.45e-5,500256,0.01813225,69046128,NaN,0,0.01816675,69546384,12122.64784193039,748013232
13,264,"[3, 2, 1, 7]",324,3.5334e-5,500288,0.032621625,78843760,NaN,0,0.032656959,79344048,12122.680505990982,827364144
13,265,"[3, 2, 0, 8]",323,2.225e-5,250592,0.02055975,78221440,NaN,0,0.020582000000000003,78472032,12122.701105833054,556020480
13,266,"[3, 1, 9, 0]",419,2.1042e-5,249728,0.020046875,77434736,NaN,0,0.020067916999999998,77684464,12122.721181869507,633711808
13,267,"[3, 1, 8, 1]",418,3.4e-5,500352,0.020242,69046128,NaN,0,0.020276,69546480,12122.741464853287,703265168
13,268,"[3, 1, 7, 2]",417,3.5125e-5,500384,0.033179125,77435216,NaN,0,0.033214249999999994,77935600,12122.774688005447,555399152
13,269,"[3, 1, 6, 3]",416,3.4958e-5,500416,0.017968834,69046128,NaN,0,0.018003792,69546544,12122.792708873749,624952576
13,270,"[3, 1, 5, 4]",415,3.6917e-5,500448,0.020609375,77434736,NaN,0,0.020646292,77935184,12122.81336402893,702894624
13,271,"[3, 1, 4, 5]",414,3.4708e-5,500480,0.029974792,78571760,NaN,0,0.0300095,79072240,12122.843379974365,578756832
13,272,"[3, 1, 3, 6]",413,3.5833e-5,500512,0.022613583,86960256,NaN,0,0.022649416,87460768,12122.866038799286,549363328
13,273,"[3, 1, 2, 7]",412,3.6916e-5,500544,0.020959417,77434816,NaN,0,0.020996333000000002,77935360,12122.887044906616,546472848
13,274,"[3, 1, 1, 8]",411,3.7375e-5,500576,0.017573083,69046416,NaN,0,0.017610458,69546992,12122.90467095375,616026720
13,275,"[3, 1, 0, 9]",410,2.1542e-5,250736,0.020525917,77434864,NaN,0,0.020547459,77685600,12122.925236940384,540706976
13,276,"[3, 0, 10, 0]",521,1.8042e-5,249872,0.020129041,69046192,NaN,0,0.020147083,69296064,12122.945391893387,537216304
13,277,"[3, 0, 9, 1]",520,3.4e-5,500640,0.019961458,77434784,NaN,0,0.019995458,77935424,12122.965394973755,554291152
13,278,"[3, 0, 8, 2]",519,0.001066875,500736,0.018371041,77434736,NaN,0,0.019437916,77935472,12122.984848976135,549393952
13,279,"[3, 0, 7, 3]",518,0.0005995,500768,0.036343958,69046128,NaN,0,0.036943458000000005,69546896,12123.021807909012,541004768
13,280,"[3, 0, 6, 4]",517,3.7375e-5,500736,0.114044584,77435088,NaN,0,0.11408195900000001,77935824,12123.135901927948,575386496
13,281,"[3, 0, 5, 5]",516,4.0333e-5,500768,0.019399167,69046128,NaN,0,0.0194395,69546896,12123.155637025833,644940320
13,282,"[3, 0, 4, 6]",515,3.8709e-5,500800,0.0272865,86960192,NaN,0,0.027325209000000003,87460992,12123.18297290802,732408224
13,283,"[3, 0, 3, 7]",514,3.875e-5,500832,0.022538208,83273792,NaN,0,0.022576958,83774624,12123.205557823181,816189760
13,284,"[3, 0, 2, 8]",513,3.5584e-5,500864,0.028539292,87543936,NaN,0,0.028574876000000003,88044800,12123.234140872955,564648576
13,285,"[3, 0, 1, 9]",512,3.4958e-5,500896,0.0714715,77434736,NaN,0,0.071506458,77935632,12123.305653810501,642591136
13,286,"[3, 0, 0, 10]",511,2.1667e-5,250896,0.022628417,69046416,NaN,0,0.022650084,69297312,12123.328320980072,711895360
13,287,"[2, 11, 0, 0]",-5,NaN,0,NaN,0,1.45e-5,98752,1.45e-5,98752,12123.328342914581,712000976
13,288,"[2, 10, 1, 0]",-13,NaN,0,NaN,0,2.0417e-5,98752,2.0417e-5,98752,12123.328366994858,712106528
13,289,"[2, 10, 0, 1]",-12,NaN,0,NaN,0,1.8417e-5,98752,1.8417e-5,98752,12123.328388929367,712212096
13,290,"[2, 9, 2, 0]",-26,NaN,0,NaN,0,1.1417e-5,98752,1.1417e-5,98752,12123.328402996063,712317664
13,291,"[2, 9, 1, 1]",-25,NaN,0,NaN,0,1.2541e-5,98752,1.2541e-5,98752,12123.328418016434,712423232
13,292,"[2, 9, 0, 2]",-24,NaN,0,NaN,0,1.1875e-5,98752,1.1875e-5,98752,12123.328431844711,712528800
13,293,"[2, 8, 3, 0]",-45,NaN,0,NaN,0,1.1875e-5,98752,1.1875e-5,98752,12123.328446865082,712634368
13,294,"[2, 8, 2, 1]",-44,NaN,0,NaN,0,1.6458e-5,98752,1.6458e-5,98752,12123.328465938568,712739936
13,295,"[2, 8, 1, 2]",-43,NaN,0,NaN,0,1.8167e-5,98752,1.8167e-5,98752,12123.328486919403,712845504
13,296,"[2, 8, 0, 3]",-42,NaN,0,NaN,0,1.8209e-5,98752,1.8209e-5,98752,12123.328507900238,712951072
13,297,"[2, 7, 4, 0]",-71,NaN,0,NaN,0,1.7542e-5,98752,1.7542e-5,98752,12123.328527927399,713056640
13,298,"[2, 7, 3, 1]",-70,NaN,0,NaN,0,2.025e-5,98752,2.025e-5,98752,12123.328550815582,713162208
13,299,"[2, 7, 2, 2]",-69,NaN,0,NaN,0,1.7625e-5,98752,1.7625e-5,98752,12123.328571796417,713267776
13,300,"[2, 7, 1, 3]",-68,NaN,0,NaN,0,1.8084e-5,98752,1.8084e-5,98752,12123.328591823578,713373344
13,301,"[2, 7, 0, 4]",-67,NaN,0,NaN,0,1.5583e-5,98752,1.5583e-5,98752,12123.328610897064,713478912
13,302,"[2, 6, 5, 0]",-105,NaN,0,NaN,0,2.1542e-5,98752,2.1542e-5,98752,12123.32863497734,713584480
13,303,"[2, 6, 4, 1]",-104,NaN,0,NaN,0,1.7292e-5,98752,1.7292e-5,98752,12123.328655004501,713690048
13,304,"[2, 6, 3, 2]",-103,NaN,0,NaN,0,1.7e-5,98752,1.7e-5,98752,12123.32867383957,713795616
13,305,"[2, 6, 2, 3]",-102,NaN,0,NaN,0,1.7541e-5,98752,1.7541e-5,98752,12123.328694820404,713901168
13,306,"[2, 6, 1, 4]",-101,NaN,0,NaN,0,1.7083e-5,98752,1.7083e-5,98752,12123.32871389389,714006736
13,307,"[2, 6, 0, 5]",-100,NaN,0,NaN,0,1.5416e-5,98752,1.5416e-5,98752,12123.328732967377,714112304
13,308,"[2, 5, 6, 0]",-148,NaN,0,NaN,0,1.2917e-5,98752,1.2917e-5,98752,12123.328747987747,714217872
13,309,"[2, 5, 5, 1]",-147,NaN,0,NaN,0,1.1959e-5,98752,1.1959e-5,98752,12123.328763008118,714323440
13,310,"[2, 5, 4, 2]",-146,NaN,0,NaN,0,9.834e-6,98752,9.834e-6,98752,12123.328775882721,714429008
13,311,"[2, 5, 3, 3]",-145,NaN,0,NaN,0,1.1667e-5,98752,1.1667e-5,98752,12123.328789949417,714534576
13,312,"[2, 5, 2, 4]",-144,NaN,0,NaN,0,1.2583e-5,98752,1.2583e-5,98752,12123.328805923462,714640144
13,313,"[2, 5, 1, 5]",-143,NaN,0,NaN,0,1.3167e-5,98752,1.3167e-5,98752,12123.328820943832,714745712
13,314,"[2, 5, 0, 6]",-142,NaN,0,NaN,0,1.0041e-5,98752,1.0041e-5,98752,12123.328833818436,714851280
13,315,"[2, 4, 7, 0]",-201,NaN,0,NaN,0,1.2583e-5,98752,1.2583e-5,98752,12123.328848838806,714956848
13,316,"[2, 4, 6, 1]",-200,NaN,0,NaN,0,1.2084e-5,98752,1.2084e-5,98752,12123.328863859177,715062416
13,317,"[2, 4, 5, 2]",-199,NaN,0,NaN,0,1.1958e-5,98752,1.1958e-5,98752,12123.328877925873,715167984
13,318,"[2, 4, 4, 3]",-198,NaN,0,NaN,0,1.1875e-5,98752,1.1875e-5,98752,12123.328892946243,715273552
13,319,"[2, 4, 3, 4]",-197,NaN,0,NaN,0,9.708e-6,98752,9.708e-6,98752,12123.328904867172,715379120
13,320,"[2, 4, 2, 5]",-196,NaN,0,NaN,0,1.2042e-5,98752,1.2042e-5,98752,12123.328918933868,715484688
13,321,"[2, 4, 1, 6]",-195,NaN,0,NaN,0,1.2167e-5,98752,1.2167e-5,98752,12123.328933954239,715590256
13,322,"[2, 4, 0, 7]",-194,NaN,0,NaN,0,1.1792e-5,98752,1.1792e-5,98752,12123.32894897461,715695824
13,323,"[2, 3, 8, 0]",-265,NaN,0,NaN,0,9.959e-6,98752,9.959e-6,98752,12123.328960895538,715801392
13,324,"[2, 3, 7, 1]",-264,NaN,0,NaN,0,1.2083e-5,98752,1.2083e-5,98752,12123.328975915909,715906960
13,325,"[2, 3, 6, 2]",-263,NaN,0,NaN,0,1.15e-5,98752,1.15e-5,98752,12123.328989982605,716012528
13,326,"[2, 3, 5, 3]",-262,NaN,0,NaN,0,1.5333e-5,98752,1.5333e-5,98752,12123.329008817673,716118096
13,327,"[2, 3, 4, 4]",-261,NaN,0,NaN,0,1.4916e-5,98752,1.4916e-5,98752,12123.32902598381,716223664
13,328,"[2, 3, 3, 5]",-260,NaN,0,NaN,0,1.05e-5,98752,1.05e-5,98752,12123.329039812088,716329232
13,329,"[2, 3, 2, 6]",-259,NaN,0,NaN,0,1.275e-5,98752,1.275e-5,98752,12123.329054832458,716434800
13,330,"[2, 3, 1, 7]",-258,NaN,0,NaN,0,1.2208e-5,98752,1.2208e-5,98752,12123.329069852829,716540368
13,331,"[2, 3, 0, 8]",-257,NaN,0,NaN,0,1.1833e-5,98752,1.1833e-5,98752,12123.329083919525,716645936
13,332,"[2, 2, 9, 0]",341,1.9791e-5,250608,0.017763042,77434736,NaN,0,0.017782833,77685344,12123.346868991852,794338096
13,333,"[2, 2, 8, 1]",340,3.7917e-5,502288,0.019170084,69996400,NaN,0,0.019208001,70498688,12123.366084814072,864843648
13,334,"[2, 2, 7, 2]",339,3.7666e-5,502320,0.028054375,80531616,NaN,0,0.028092040999999998,81033936,12123.394184827805,579213504
13,335,"[2, 2, 6, 3]",338,3.7917e-5,502352,0.023477333,69046128,NaN,0,0.023515249999999998,69548480,12123.41771197319,648768864
13,336,"[2, 2, 5, 4]",337,4.0209e-5,502384,0.021458625,86960336,NaN,0,0.021498833999999998,87462720,12123.439227819443,544705904
13,337,"[2, 2, 4, 5]",-336,NaN,0,NaN,0,9.792e-6,98752,9.792e-6,98752,12123.43925499916,544811536
13,338,"[2, 2, 3, 6]",-335,NaN,0,NaN,0,1.0375e-5,98752,1.0375e-5,98752,12123.439268827438,544917104
13,339,"[2, 2, 2, 7]",-334,NaN,0,NaN,0,1.1542e-5,98752,1.1542e-5,98752,12123.439283847809,545022672
13,340,"[2, 2, 1, 8]",-333,NaN,0,NaN,0,9.958e-6,98752,9.958e-6,98752,12123.43929696083,545128240
13,341,"[2, 2, 0, 9]",-332,NaN,0,NaN,0,2.2083e-5,98752,2.2083e-5,98752,12123.439320802689,545233808
13,342,"[2, 1, 10, 0]",430,2.1167e-5,250752,0.018468958,69046416,NaN,0,0.018490125,69297168,12123.457813978195,614537792
13,343,"[2, 1, 9, 1]",429,3.7875e-5,502576,0.024357667,77434736,NaN,0,0.024395542,77937312,12123.482220888138,692481968
13,344,"[2, 1, 8, 2]",428,3.95e-5,502608,0.020420042,69046304,NaN,0,0.020459542,69548912,12123.50268983841,570099728
13,345,"[2, 1, 7, 3]",427,3.675e-5,502640,0.021843333,77434816,NaN,0,0.021880082999999998,77937456,12123.524578809738,545604512
13,346,"[2, 1, 6, 4]",426,3.5667e-5,502672,0.0322905,69046128,NaN,0,0.032326167,69548800,12123.556912899017,615160192
13,347,"[2, 1, 5, 5]",425,4.0875e-5,502704,0.0220755,86960304,NaN,0,0.022116375,87463008,12123.579048871994,562757936
13,348,"[2, 1, 4, 6]",424,4.1167e-5,502736,0.020307334,78571952,NaN,0,0.020348501,79074688,12123.599416971207,526522640
13,349,"[2, 1, 3, 7]",423,4.0709e-5,502768,0.036797167,77434800,NaN,0,0.036837876,77937568,12123.636266946793,546473296
13,350,"[2, 1, 2, 8]",422,3.8959e-5,502800,0.02140475,69046192,NaN,0,0.021443709000000002,69548992,12123.657728910446,537456464
13,351,"[2, 1, 1, 9]",421,3.7375e-5,502832,0.033397458,77434800,NaN,0,0.033434833,77937632,12123.691174030304,540707456
13,352,"[2, 1, 0, 10]",420,2.0042e-5,251952,0.020369166,69046176,NaN,0,0.020389208000000002,69298128,12123.711571931839,545903024
13,353,"[2, 0, 11, 0]",533,1.8625e-5,250912,0.019971625,77434816,NaN,0,0.01999025,77685728,12123.731570005417,540707904
13,354,"[2, 0, 10, 1]",532,3.9458e-5,502896,0.032323084,69046464,NaN,0,0.032362542,69549360,12123.763948917389,545902448
13,355,"[2, 0, 9, 2]",531,4.0583e-5,502928,0.119940625,77434800,NaN,0,0.11998120799999999,77937728,12123.8839468956,567824336
13,356,"[2, 0, 8, 3]",530,3.7292e-5,502960,0.020029042,69046128,NaN,0,0.020066334,69549088,12123.904024839401,637380336
13,357,"[2, 0, 7, 4]",529,3.825e-5,502992,0.019147916,77434736,NaN,0,0.019186166,77937728,12123.92321896553,715324976
13,358,"[2, 0, 6, 5]",528,3.7625e-5,503024,0.024942833,69209968,NaN,0,0.024980458,69712992,12123.94820690155,785044880
13,359,"[2, 0, 5, 6]",527,3.6209e-5,503056,0.029174209,96610640,NaN,0,0.029210418,97113696,12123.977422952652,556138704
13,360,"[2, 0, 4, 7]",526,3.725e-5,503088,0.023379625,78571872,NaN,0,0.023416875,79074960,12124.000847816467,635220576
13,361,"[2, 0, 3, 8]",525,3.8541e-5,503120,0.020121292,77434736,NaN,0,0.020159833,77937856,12124.021014928818,713165344
13,362,"[2, 0, 2, 9]",524,3.8333e-5,503152,0.01775125,69046128,NaN,0,0.017789583,69549280,12124.038810014725,782721536
13,363,"[2, 0, 1, 10]",523,3.6625e-5,503184,0.024623333,79794032,NaN,0,0.024659958,80297216,12124.063476800919,863025664
13,364,"[2, 0, 0, 11]",522,2.0792e-5,252128,0.026828791,78221488,NaN,0,0.026849583,78473616,12124.09033203125,560917328
13,365,"[1, 12, 0, 0]",-2,NaN,0,NaN,0,1.025e-5,98752,1.025e-5,98752,12124.09034895897,561022992
13,366,"[1, 11, 1, 0]",-7,NaN,0,NaN,0,1.025e-5,98752,1.025e-5,98752,12124.090363025665,561128560
13,367,"[1, 11, 0, 1]",-6,NaN,0,NaN,0,1.3042e-5,98752,1.3042e-5,98752,12124.090377807617,561234128
13,368,"[1, 10, 2, 0]",-16,NaN,0,NaN,0,1.3375e-5,98752,1.3375e-5,98752,12124.09039402008,561339696
13,369,"[1, 10, 1, 1]",-15,NaN,0,NaN,0,1.0709e-5,98752,1.0709e-5,98752,12124.090407848358,561445264
13,370,"[1, 10, 0, 2]",-14,NaN,0,NaN,0,8.25e-6,98752,8.25e-6,98752,12124.090418815613,561550832
13,371,"[1, 9, 3, 0]",-30,NaN,0,NaN,0,9.375e-6,98752,9.375e-6,98752,12124.09043097496,561656400
13,372,"[1, 9, 2, 1]",-29,NaN,0,NaN,0,1.0209e-5,98752,1.0209e-5,98752,12124.090443849564,561761968
13,373,"[1, 9, 1, 2]",-28,NaN,0,NaN,0,8.917e-6,98752,8.917e-6,98752,12124.090456008911,561867536
13,374,"[1, 9, 0, 3]",-27,NaN,0,NaN,0,7.959e-6,98752,7.959e-6,98752,12124.090466022491,561973104
13,375,"[1, 8, 4, 0]",-50,NaN,0,NaN,0,9.916e-6,98752,9.916e-6,98752,12124.09047794342,562078672
13,376,"[1, 8, 3, 1]",-49,NaN,0,NaN,0,9.333e-6,98752,9.333e-6,98752,12124.090490818024,562184240
13,377,"[1, 8, 2, 2]",-48,NaN,0,NaN,0,9.625e-6,98752,9.625e-6,98752,12124.090502977371,562289808
13,378,"[1, 8, 1, 3]",-47,NaN,0,NaN,0,9.459e-6,98752,9.459e-6,98752,12124.0905148983,562395376
13,379,"[1, 8, 0, 4]",-46,NaN,0,NaN,0,8.542e-6,98752,8.542e-6,98752,12124.090525865555,562500928
13,380,"[1, 7, 5, 0]",-77,NaN,0,NaN,0,1.0208e-5,98752,1.0208e-5,98752,12124.090538978577,562606496
13,381,"[1, 7, 4, 1]",-76,NaN,0,NaN,0,9.5e-6,98752,9.5e-6,98752,12124.090550899506,562712064
13,382,"[1, 7, 3, 2]",-75,NaN,0,NaN,0,9.25e-6,98752,9.25e-6,98752,12124.090562820435,562817616
13,383,"[1, 7, 2, 3]",-74,NaN,0,NaN,0,7.958e-6,98752,7.958e-6,98752,12124.090574026108,562923168
13,384,"[1, 7, 1, 4]",-73,NaN,0,NaN,0,9.25e-6,98752,9.25e-6,98752,12124.090585947037,563028736
13,385,"[1, 7, 0, 5]",-72,NaN,0,NaN,0,9.917e-6,98752,9.917e-6,98752,12124.090597867966,563134288
13,386,"[1, 6, 6, 0]",-112,NaN,0,NaN,0,9.584e-6,98752,9.584e-6,98752,12124.090610980988,563239856
13,387,"[1, 6, 5, 1]",-111,NaN,0,NaN,0,9.583e-6,98752,9.583e-6,98752,12124.090622901917,563345424
13,388,"[1, 6, 4, 2]",-110,NaN,0,NaN,0,7.792e-6,98752,7.792e-6,98752,12124.090632915497,563450992
13,389,"[1, 6, 3, 3]",-109,NaN,0,NaN,0,9.5e-6,98752,9.5e-6,98752,12124.090646028519,563556560
13,390,"[1, 6, 2, 4]",-108,NaN,0,NaN,0,1.225e-5,98752,1.225e-5,98752,12124.090659856796,563662112
13,391,"[1, 6, 1, 5]",-107,NaN,0,NaN,0,9.541e-6,98752,9.541e-6,98752,12124.090672016144,563767680
13,392,"[1, 6, 0, 6]",-106,NaN,0,NaN,0,1.0042e-5,98752,1.0042e-5,98752,12124.090684890747,563873248
13,393,"[1, 5, 7, 0]",-156,NaN,0,NaN,0,8.167e-6,98752,8.167e-6,98752,12124.090695858002,563978816
13,394,"[1, 5, 6, 1]",-155,NaN,0,NaN,0,9.5e-6,98752,9.5e-6,98752,12124.09070801735,564084384
13,395,"[1, 5, 5, 2]",-154,NaN,0,NaN,0,9.916e-6,98752,9.916e-6,98752,12124.090720891953,564189936
13,396,"[1, 5, 4, 3]",-153,NaN,0,NaN,0,9.792e-6,98752,9.792e-6,98752,12124.090732812881,564295504
13,397,"[1, 5, 3, 4]",-152,NaN,0,NaN,0,7.667e-6,98752,7.667e-6,98752,12124.090744018555,564401072
13,398,"[1, 5, 2, 5]",-151,NaN,0,NaN,0,9.5e-6,98752,9.5e-6,98752,12124.090755939484,564506640
13,399,"[1, 5, 1, 6]",-150,NaN,0,NaN,0,9.417e-6,98752,9.417e-6,98752,12124.090767860413,564612192
13,400,"[1, 5, 0, 7]",-149,NaN,0,NaN,0,9.417e-6,98752,9.417e-6,98752,12124.09078001976,564717760
13,401,"[1, 4, 8, 0]",-210,NaN,0,NaN,0,9.792e-6,98752,9.792e-6,98752,12124.090791940689,564823328
13,402,"[1, 4, 7, 1]",-209,NaN,0,NaN,0,8.125e-6,98752,8.125e-6,98752,12124.090802907944,564928896
13,403,"[1, 4, 6, 2]",-208,NaN,0,NaN,0,1.0375e-5,98752,1.0375e-5,98752,12124.090816020966,565034464
13,404,"[1, 4, 5, 3]",-207,NaN,0,NaN,0,9.625e-6,98752,9.625e-6,98752,12124.090827941895,565140032
13,405,"[1, 4, 4, 4]",-206,NaN,0,NaN,0,9.75e-6,98752,9.75e-6,98752,12124.090840816498,565245600
13,406,"[1, 4, 3, 5]",-205,NaN,0,NaN,0,7.833e-6,98752,7.833e-6,98752,12124.090852022171,565351168
13,407,"[1, 4, 2, 6]",-204,NaN,0,NaN,0,9.208e-6,98752,9.208e-6,98752,12124.090862989426,565456736
13,408,"[1, 4, 1, 7]",-203,NaN,0,NaN,0,1.0e-5,98752,1.0e-5,98752,12124.090875864029,565562304
13,409,"[1, 4, 0, 8]",-202,NaN,0,NaN,0,1.0e-5,98752,1.0e-5,98752,12124.09088897705,565667856
13,410,"[1, 3, 9, 0]",-275,NaN,0,NaN,0,9.792e-6,98752,9.792e-6,98752,12124.09090089798,565773408
13,411,"[1, 3, 8, 1]",-274,NaN,0,NaN,0,7.709e-6,98752,7.709e-6,98752,12124.090911865234,565878976
13,412,"[1, 3, 7, 2]",-273,NaN,0,NaN,0,9.375e-6,98752,9.375e-6,98752,12124.090924024582,565984544
13,413,"[1, 3, 6, 3]",-272,NaN,0,NaN,0,1.1959e-5,98752,1.1959e-5,98752,12124.090938806534,566090112
13,414,"[1, 3, 5, 4]",-271,NaN,0,NaN,0,9.625e-6,98752,9.625e-6,98752,12124.090950965881,566195680
13,415,"[1, 3, 4, 5]",-270,NaN,0,NaN,0,9.958e-6,98752,9.958e-6,98752,12124.090963840485,566301248
13,416,"[1, 3, 3, 6]",-269,NaN,0,NaN,0,8.208e-6,98752,8.208e-6,98752,12124.090973854065,566406816
13,417,"[1, 3, 2, 7]",-268,NaN,0,NaN,0,9.541e-6,98752,9.541e-6,98752,12124.090986013412,566512384
13,418,"[1, 3, 1, 8]",-267,NaN,0,NaN,0,9.5e-6,98752,9.5e-6,98752,12124.090997934341,566617952
13,419,"[1, 3, 0, 9]",-266,NaN,0,NaN,0,9.291e-6,98752,9.291e-6,98752,12124.091010808945,566723504
13,420,"[1, 2, 10, 0]",-352,NaN,0,NaN,0,8.5e-6,98752,8.5e-6,98752,12124.091022014618,566829072
13,421,"[1, 2, 9, 1]",-351,NaN,0,NaN,0,9.791e-6,98752,9.791e-6,98752,12124.091033935547,566934624
13,422,"[1, 2, 8, 2]",-350,NaN,0,NaN,0,9.583e-6,98752,9.583e-6,98752,12124.09104681015,567040192
13,423,"[1, 2, 7, 3]",-349,NaN,0,NaN,0,9.958e-6,98752,9.958e-6,98752,12124.091058969498,567145760
13,424,"[1, 2, 6, 4]",-348,NaN,0,NaN,0,9.084e-6,98752,9.084e-6,98752,12124.091070890427,567251328
13,425,"[1, 2, 5, 5]",-347,NaN,0,NaN,0,7.917e-6,98752,7.917e-6,98752,12124.091080904007,567356896
13,426,"[1, 2, 4, 6]",-346,NaN,0,NaN,0,1.3375e-5,98752,1.3375e-5,98752,12124.091104984283,567462464
13,427,"[1, 2, 3, 7]",-345,NaN,0,NaN,0,1.575e-5,98752,1.575e-5,98752,12124.091122865677,567568032
13,428,"[1, 2, 2, 8]",-344,NaN,0,NaN,0,1.6084e-5,98752,1.6084e-5,98752,12124.091141939163,567673600
13,429,"[1, 2, 1, 9]",-343,NaN,0,NaN,0,1.375e-5,98752,1.375e-5,98752,12124.091157913208,567779168
13,430,"[1, 2, 0, 10]",-342,NaN,0,NaN,0,1.4584e-5,98752,1.4584e-5,98752,12124.091174840927,567884736
13,431,"[1, 1, 11, 0]",442,1.9e-5,251968,0.020019625,77434736,NaN,0,0.020038625,77686704,12124.111217021942,645578256
13,432,"[1, 1, 10, 1]",441,3.9125e-5,505200,0.02065425,69046416,NaN,0,0.020693375,69551616,12124.131915807724,715136736
13,433,"[1, 1, 9, 2]",440,3.9791e-5,505232,0.024943417,77434928,NaN,0,0.024983208,77940160,12124.156905889511,555398512
13,434,"[1, 1, 8, 3]",439,3.9958e-5,505264,0.017982875,69046128,NaN,0,0.018022833,69551392,12124.174944877625,624956768
13,435,"[1, 1, 7, 4]",438,3.9458e-5,505296,0.022188917,77434736,NaN,0,0.022228374999999998,77940032,12124.197179794312,702903664
13,436,"[1, 1, 6, 5]",437,4.2125e-5,505328,0.030213583,78571760,NaN,0,0.030255708,79077088,12124.227444887161,586319392
13,437,"[1, 1, 5, 6]",-436,NaN,0,NaN,0,1.2708e-5,98752,1.2708e-5,98752,12124.227465867996,586425008
13,438,"[1, 1, 4, 7]",-435,NaN,0,NaN,0,1.2583e-5,98752,1.2583e-5,98752,12124.227481842041,586530576
13,439,"[1, 1, 3, 8]",-434,NaN,0,NaN,0,8.625e-6,98752,8.625e-6,98752,12124.227492809296,586636144
13,440,"[1, 1, 2, 9]",-433,NaN,0,NaN,0,1.2e-5,98752,1.2e-5,98752,12124.227507829666,586741712
13,441,"[1, 1, 1, 10]",-432,NaN,0,NaN,0,1.1416e-5,98752,1.1416e-5,98752,12124.227521896362,586847264
13,442,"[1, 1, 0, 11]",-431,NaN,0,NaN,0,1.2458e-5,98752,1.2458e-5,98752,12124.227536916733,586952832
13,443,"[1, 0, 12, 0]",546,2.1041e-5,252144,0.024975583,106790192,NaN,0,0.024996624,107042336,12124.2525370121,576863072
13,444,"[1, 0, 11, 1]",545,4.1958e-5,505552,0.027134042,98401904,NaN,0,0.027176000000000002,98907456,12124.279726028442,582899632
13,445,"[1, 0, 10, 2]",544,4.25e-5,505584,0.02808125,106790272,NaN,0,0.02812375,107295856,12124.307861804962,557756160
13,446,"[1, 0, 9, 3]",543,3.9875e-5,505616,0.030665458,98401600,NaN,0,0.030705333,98907216,12124.33857679367,557814400
13,447,"[1, 0, 8, 4]",542,0.000608917,505712,0.032899209,106790176,NaN,0,0.033508126,107295888,12124.372095823288,563460416
13,448,"[1, 0, 7, 5]",541,4.0084e-5,505680,0.134590792,98401616,NaN,0,0.13463087599999998,98907296,12124.50673699379,549125952
13,449,"[1, 0, 6, 6]",540,4.1583e-5,505712,0.025557083,86960192,NaN,0,0.025598666000000003,87465904,12124.532346963882,636598768
13,450,"[1, 0, 5, 7]",539,4.1958e-5,505744,0.022923083,79276384,NaN,0,0.022965041000000002,79782128,12124.55532002449,716387824
13,451,"[1, 0, 4, 8]",538,4.225e-5,505776,0.031173583,116325616,NaN,0,0.031215833000000002,116831392,12124.586542844772,833226144
13,452,"[1, 0, 3, 9]",537,4.0625e-5,505808,0.029772542,116096544,NaN,0,0.029813166999999998,116602352,12124.616362810135,605094304
13,453,"[1, 0, 2, 10]",536,3.9583e-5,505840,0.028216208,106102000,NaN,0,0.028255791,106607840,12124.644627809525,711709072
13,454,"[1, 0, 1, 11]",535,4.4208e-5,505872,0.028099666,97713392,NaN,0,0.028143874,98219264,12124.672789812088,809935248
13,455,"[1, 0, 0, 12]",534,2.3583e-5,253568,0.028054041,118291696,NaN,0,0.028077624,118545264,12124.700876951218,928487424
13,456,"[0, 13, 0, 0]",-1,NaN,0,NaN,0,1.425e-5,98752,1.425e-5,98752,12124.700901985168,928593088
13,457,"[0, 12, 1, 0]",-4,NaN,0,NaN,0,9.792e-6,98752,9.792e-6,98752,12124.700914859772,928698656
13,458,"[0, 12, 0, 1]",-3,NaN,0,NaN,0,1.1208e-5,98752,1.1208e-5,98752,12124.700928926468,928804224
13,459,"[0, 11, 2, 0]",-10,NaN,0,NaN,0,1.3667e-5,98752,1.3667e-5,98752,12124.700944900513,928909792
13,460,"[0, 11, 1, 1]",-9,NaN,0,NaN,0,1.1958e-5,98752,1.1958e-5,98752,12124.700959920883,929015360
13,461,"[0, 11, 0, 2]",-8,NaN,0,NaN,0,1.1083e-5,98752,1.1083e-5,98752,12124.70097398758,929120928
13,462,"[0, 10, 3, 0]",-20,NaN,0,NaN,0,9.834e-6,98752,9.834e-6,98752,12124.700986862183,929226496
13,463,"[0, 10, 2, 1]",-19,NaN,0,NaN,0,1.1208e-5,98752,1.1208e-5,98752,12124.701000928879,929332064
13,464,"[0, 10, 1, 2]",-18,NaN,0,NaN,0,1.1292e-5,98752,1.1292e-5,98752,12124.701014995575,929437632
13,465,"[0, 10, 0, 3]",-17,NaN,0,NaN,0,1.1083e-5,98752,1.1083e-5,98752,12124.701027870178,929543200
13,466,"[0, 9, 4, 0]",-35,NaN,0,NaN,0,9.25e-6,98752,9.25e-6,98752,12124.701040029526,929648768
13,467,"[0, 9, 3, 1]",-34,NaN,0,NaN,0,1.1209e-5,98752,1.1209e-5,98752,12124.701053857803,929754320
13,468,"[0, 9, 2, 2]",-33,NaN,0,NaN,0,1.1375e-5,98752,1.1375e-5,98752,12124.7010679245,929859888
13,469,"[0, 9, 1, 3]",-32,NaN,0,NaN,0,1.0791e-5,98752,1.0791e-5,98752,12124.701081991196,929965456
13,470,"[0, 9, 0, 4]",-31,NaN,0,NaN,0,1.125e-5,98752,1.125e-5,98752,12124.701094865799,930071024
13,471,"[0, 8, 5, 0]",-56,NaN,0,NaN,0,9.333e-6,98752,9.333e-6,98752,12124.701107025146,930176592
13,472,"[0, 8, 4, 1]",-55,NaN,0,NaN,0,1.1083e-5,98752,1.1083e-5,98752,12124.701120853424,930282160
13,473,"[0, 8, 3, 2]",-54,NaN,0,NaN,0,1.0375e-5,98752,1.0375e-5,98752,12124.701133966446,930387728
13,474,"[0, 8, 2, 3]",-53,NaN,0,NaN,0,1.1e-5,98752,1.1e-5,98752,12124.701147794724,930493296
13,475,"[0, 8, 1, 4]",-52,NaN,0,NaN,0,1.1417e-5,98752,1.1417e-5,98752,12124.701160907745,930598848
13,476,"[0, 8, 0, 5]",-51,NaN,0,NaN,0,9.041e-6,98752,9.041e-6,98752,12124.701172828674,930704416
13,477,"[0, 7, 6, 0]",-84,NaN,0,NaN,0,1.1667e-5,98752,1.1667e-5,98752,12124.701187849045,930809984
13,478,"[0, 7, 5, 1]",-83,NaN,0,NaN,0,1.1917e-5,98752,1.1917e-5,98752,12124.701201915741,930915552
13,479,"[0, 7, 4, 2]",-82,NaN,0,NaN,0,1.1708e-5,98752,1.1708e-5,98752,12124.701215982437,931021120
13,480,"[0, 7, 3, 3]",-81,NaN,0,NaN,0,1.5292e-5,98752,1.5292e-5,98752,12124.70123386383,931126688
13,481,"[0, 7, 2, 4]",-80,NaN,0,NaN,0,1.9209e-5,98752,1.9209e-5,98752,12124.70125579834,931232256
13,482,"[0, 7, 1, 5]",-79,NaN,0,NaN,0,1.9042e-5,98752,1.9042e-5,98752,12124.701277971268,931337824
13,483,"[0, 7, 0, 6]",-78,NaN,0,NaN,0,1.7208e-5,98752,1.7208e-5,98752,12124.701297998428,931443392
13,484,"[0, 6, 7, 0]",-120,NaN,0,NaN,0,1.7917e-5,98752,1.7917e-5,98752,12124.701318025589,931548960
13,485,"[0, 6, 6, 1]",-119,NaN,0,NaN,0,1.5333e-5,98752,1.5333e-5,98752,12124.701335906982,931654528
13,486,"[0, 6, 5, 2]",-118,NaN,0,NaN,0,2.0208e-5,98752,2.0208e-5,98752,12124.701358795166,931760096
13,487,"[0, 6, 4, 3]",-117,NaN,0,NaN,0,1.7458e-5,98752,1.7458e-5,98752,12124.701378822327,931865664
13,488,"[0, 6, 3, 4]",-116,NaN,0,NaN,0,1.6292e-5,98752,1.6292e-5,98752,12124.701396942139,931971232
13,489,"[0, 6, 2, 5]",-115,NaN,0,NaN,0,1.4542e-5,98752,1.4542e-5,98752,12124.701413869858,932076800
13,490,"[0, 6, 1, 6]",-114,NaN,0,NaN,0,1.6458e-5,98752,1.6458e-5,98752,12124.701432943344,932182368
13,491,"[0, 6, 0, 7]",-113,NaN,0,NaN,0,1.7333e-5,98752,1.7333e-5,98752,12124.701452970505,932287936
13,492,"[0, 5, 8, 0]",-165,NaN,0,NaN,0,1.1334e-5,98752,1.1334e-5,98752,12124.701466798782,932393504
13,493,"[0, 5, 7, 1]",-164,NaN,0,NaN,0,1.2917e-5,98752,1.2917e-5,98752,12124.701481819153,932499072
13,494,"[0, 5, 6, 2]",-163,NaN,0,NaN,0,9.208e-6,98752,9.208e-6,98752,12124.7014939785,932604640
13,495,"[0, 5, 5, 3]",-162,NaN,0,NaN,0,1.15e-5,98752,1.15e-5,98752,12124.701507806778,932710208
13,496,"[0, 5, 4, 4]",-161,NaN,0,NaN,0,1.1334e-5,98752,1.1334e-5,98752,12124.701521873474,932815776
13,497,"[0, 5, 3, 5]",-160,NaN,0,NaN,0,1.1375e-5,98752,1.1375e-5,98752,12124.70153594017,932921344
13,498,"[0, 5, 2, 6]",-159,NaN,0,NaN,0,1.1208e-5,98752,1.1208e-5,98752,12124.701550006866,933026912
13,499,"[0, 5, 1, 7]",-158,NaN,0,NaN,0,9.75e-6,98752,9.75e-6,98752,12124.701561927795,933132480
13,500,"[0, 5, 0, 8]",-157,NaN,0,NaN,0,1.1709e-5,98752,1.1709e-5,98752,12124.701576948166,933238048
13,501,"[0, 4, 9, 0]",-220,NaN,0,NaN,0,1.2167e-5,98752,1.2167e-5,98752,12124.701591014862,933343616
13,502,"[0, 4, 8, 1]",-219,NaN,0,NaN,0,1.3542e-5,98752,1.3542e-5,98752,12124.701607942581,933449184
13,503,"[0, 4, 7, 2]",-218,NaN,0,NaN,0,9.416e-6,98752,9.416e-6,98752,12124.701618909836,933554752
13,504,"[0, 4, 6, 3]",-217,NaN,0,NaN,0,1.1375e-5,98752,1.1375e-5,98752,12124.701633930206,933660320
13,505,"[0, 4, 5, 4]",-216,NaN,0,NaN,0,1.5458e-5,98752,1.5458e-5,98752,12124.7016518116,933765888
13,506,"[0, 4, 4, 5]",-215,NaN,0,NaN,0,1.7792e-5,98752,1.7792e-5,98752,12124.70167183876,933871456
13,507,"[0, 4, 3, 6]",-214,NaN,0,NaN,0,1.7875e-5,98752,1.7875e-5,98752,12124.701691865921,933977024
13,508,"[0, 4, 2, 7]",-213,NaN,0,NaN,0,1.5417e-5,98752,1.5417e-5,98752,12124.701709985733,934082592
13,509,"[0, 4, 1, 8]",-212,NaN,0,NaN,0,1.7708e-5,98752,1.7708e-5,98752,12124.701730012894,934188160
13,510,"[0, 4, 0, 9]",-211,NaN,0,NaN,0,1.7208e-5,98752,1.7208e-5,98752,12124.701749801636,934293728
13,511,"[0, 3, 10, 0]",-286,NaN,0,NaN,0,1.8542e-5,98752,1.8542e-5,98752,12124.701771974564,934399296
13,512,"[0, 3, 9, 1]",-285,NaN,0,NaN,0,1.5792e-5,98752,1.5792e-5,98752,12124.701789855957,934504864
13,513,"[0, 3, 8, 2]",-284,NaN,0,NaN,0,2.2958e-5,98752,2.2958e-5,98752,12124.701815843582,934610480
13,514,"[0, 3, 7, 3]",-283,NaN,0,NaN,0,1.4625e-5,98752,1.4625e-5,98752,12124.70183300972,934716096
13,515,"[0, 3, 6, 4]",-282,NaN,0,NaN,0,1.1833e-5,98752,1.1833e-5,98752,12124.701846837997,934821712
13,516,"[0, 3, 5, 5]",-281,NaN,0,NaN,0,1.4292e-5,98752,1.4292e-5,98752,12124.701864004135,934927328
13,517,"[0, 3, 4, 6]",-280,NaN,0,NaN,0,9.375e-6,98752,9.375e-6,98752,12124.701875925064,935032944
13,518,"[0, 3, 3, 7]",-279,NaN,0,NaN,0,1.1625e-5,98752,1.1625e-5,98752,12124.70188999176,935138560
13,519,"[0, 3, 2, 8]",-278,NaN,0,NaN,0,1.75e-5,98752,1.75e-5,98752,12124.70191001892,935244176
13,520,"[0, 3, 1, 9]",-277,NaN,0,NaN,0,2.3583e-5,98752,2.3583e-5,98752,12124.701936006546,935349776
13,521,"[0, 3, 0, 10]",-276,NaN,0,NaN,0,1.875e-5,98752,1.875e-5,98752,12124.701956987381,935455392
13,522,"[0, 2, 11, 0]",-364,NaN,0,NaN,0,1.7792e-5,98752,1.7792e-5,98752,12124.701977014542,935561008
13,523,"[0, 2, 10, 1]",-363,NaN,0,NaN,0,2.0e-5,98752,2.0e-5,98752,12124.701999902725,935666624
13,524,"[0, 2, 9, 2]",-362,NaN,0,NaN,0,1.7958e-5,98752,1.7958e-5,98752,12124.702019929886,935772224
13,525,"[0, 2, 8, 3]",-361,NaN,0,NaN,0,2.1208e-5,98752,2.1208e-5,98752,12124.702044010162,935877840
13,526,"[0, 2, 7, 4]",-360,NaN,0,NaN,0,9.459e-6,98752,9.459e-6,98752,12124.702055931091,935983456
13,527,"[0, 2, 6, 5]",-359,NaN,0,NaN,0,1.1541e-5,98752,1.1541e-5,98752,12124.702069997787,936089072
13,528,"[0, 2, 5, 6]",-358,NaN,0,NaN,0,1.4042e-5,98752,1.4042e-5,98752,12124.702085971832,936194688
13,529,"[0, 2, 4, 7]",-357,NaN,0,NaN,0,1.2583e-5,98752,1.2583e-5,98752,12124.702101945877,936300304
13,530,"[0, 2, 3, 8]",-356,NaN,0,NaN,0,1.5833e-5,98752,1.5833e-5,98752,12124.70211982727,936405920
13,531,"[0, 2, 2, 9]",-355,NaN,0,NaN,0,1.5709e-5,98752,1.5709e-5,98752,12124.702137947083,936511536
13,532,"[0, 2, 1, 10]",-354,NaN,0,NaN,0,1.8208e-5,98752,1.8208e-5,98752,12124.702158927917,936617152
13,533,"[0, 2, 0, 11]",-353,NaN,0,NaN,0,1.7125e-5,98752,1.7125e-5,98752,12124.702178955078,936722768
13,534,"[0, 1, 12, 0]",-455,NaN,0,NaN,0,1.8583e-5,98752,1.8583e-5,98752,12124.702199935913,936828384
13,535,"[0, 1, 11, 1]",-454,NaN,0,NaN,0,1.7875e-5,98752,1.7875e-5,98752,12124.702219963074,936934000
13,536,"[0, 1, 10, 2]",-453,NaN,0,NaN,0,1.5542e-5,98752,1.5542e-5,98752,12124.702237844467,937039616
13,537,"[0, 1, 9, 3]",-452,NaN,0,NaN,0,2.0916e-5,98752,2.0916e-5,98752,12124.702261924744,937145232
13,538,"[0, 1, 8, 4]",-451,NaN,0,NaN,0,1.7541e-5,98752,1.7541e-5,98752,12124.702281951904,937250848
13,539,"[0, 1, 7, 5]",-450,NaN,0,NaN,0,1.825e-5,98752,1.825e-5,98752,12124.70230293274,937356464
13,540,"[0, 1, 6, 6]",-449,NaN,0,NaN,0,1.6291e-5,98752,1.6291e-5,98752,12124.702320814133,937462080
13,541,"[0, 1, 5, 7]",-448,NaN,0,NaN,0,1.8166e-5,98752,1.8166e-5,98752,12124.702341794968,937567696
13,542,"[0, 1, 4, 8]",-447,NaN,0,NaN,0,1.5542e-5,98752,1.5542e-5,98752,12124.70235991478,937673312
13,543,"[0, 1, 3, 9]",-446,NaN,0,NaN,0,1.5416e-5,98752,1.5416e-5,98752,12124.702377796173,937778928
13,544,"[0, 1, 2, 10]",-445,NaN,0,NaN,0,1.4958e-5,98752,1.4958e-5,98752,12124.702395915985,937884544
13,545,"[0, 1, 1, 11]",-444,NaN,0,NaN,0,1.3625e-5,98752,1.3625e-5,98752,12124.70241189003,937990160
13,546,"[0, 1, 0, 12]",-443,NaN,0,NaN,0,1.3958e-5,98752,1.3958e-5,98752,12124.702427864075,938095776
13,547,"[0, 0, 13, 0]",560,2.3709e-5,253584,0.021978375,70767104,NaN,0,0.022002084,71020688,12124.724432945251,614703744
13,548,"[0, 0, 12, 1]",559,4.4e-5,508640,0.026053625,77434752,NaN,0,0.026097625,77943392,12124.750538825989,692654096
13,549,"[0, 0, 11, 2]",558,4.4958e-5,508672,0.020695417,69046288,NaN,0,0.020740375000000002,69554960,12124.77128791809,548056992
13,550,"[0, 0, 10, 3]",557,4.2209e-5,508704,0.018303417,77434752,NaN,0,0.018345626,77943456,12124.789641857147,626007424
13,551,"[0, 0, 9, 4]",556,4.4292e-5,508736,0.021187917,69046144,NaN,0,0.021232209000000002,69554880,12124.810882806778,695569264
13,552,"[0, 0, 8, 5]",555,4.6208e-5,508768,0.022023709,77434928,NaN,0,0.022069916999999998,77943696,12124.832968950272,583563920
13,553,"[0, 0, 7, 6]",554,4.9208e-5,508800,0.019801,78571952,NaN,0,0.019850207999999998,79080752,12124.852838993073,546050304
13,554,"[0, 0, 6, 7]",-553,NaN,0,NaN,0,1.25e-5,98752,1.25e-5,98752,12124.852861881256,546156016
13,555,"[0, 0, 5, 8]",-552,NaN,0,NaN,0,1.475e-5,98752,1.475e-5,98752,12124.852880001068,546261680
13,556,"[0, 0, 4, 9]",-551,NaN,0,NaN,0,1.2667e-5,98752,1.2667e-5,98752,12124.852895975113,546367344
13,557,"[0, 0, 3, 10]",-550,NaN,0,NaN,0,1.3e-5,98752,1.3e-5,98752,12124.852910995483,546473008
13,558,"[0, 0, 2, 11]",-549,NaN,0,NaN,0,1.2041e-5,98752,1.2041e-5,98752,12124.852926015854,546578656
13,559,"[0, 0, 1, 12]",-548,NaN,0,NaN,0,9.834e-6,98752,9.834e-6,98752,12124.852938890457,546684320
13,560,"[0, 0, 0, 13]",-547,NaN,0,NaN,0,1.5458e-5,98752,1.5458e-5,98752,12124.85295701027,546789984
