# vtk DataFile Version 3.0
eigenfunctions
ASCII

DATASET UNSTRUCTURED_GRID
POINTS 525 float
0.0 0.0 24.0 
0.0 0.0 0.0 
0.0 10.0 24.0 
0.0 10.0 0.0 
1000.0 0.0 24.0 
1000.0 0.0 0.0 
1000.0 10.0 24.0 
1000.0 10.0 0.0 
0.0 0.0 12.0 
0.0 0.0 6.0 
0.0 0.0 18.0 
0.0 5.0 24.0 
0.0 2.5 24.0 
0.0 7.5 24.0 
0.0 10.0 12.0 
0.0 10.0 6.0 
0.0 10.0 18.0 
0.0 5.0 0.0 
0.0 2.5 0.0 
0.0 7.5 0.0 
1000.0 0.0 12.0 
1000.0 0.0 6.0 
1000.0 0.0 18.0 
1000.0 5.0 24.0 
1000.0 2.5 24.0 
1000.0 7.5 24.0 
1000.0 10.0 12.0 
1000.0 10.0 6.0 
1000.0 10.0 18.0 
1000.0 5.0 0.0 
1000.0 2.5 0.0 
1000.0 7.5 0.0 
100.0 0.0 0.0 
200.0 0.0 0.0 
300.0 0.0 0.0 
400.0 0.0 0.0 
500.0 0.0 0.0 
600.0 0.0 0.0 
700.0 0.0 0.0 
800.0 0.0 0.0 
900.0 0.0 0.0 
50.0 0.0 0.0 
150.0 0.0 0.0 
250.0 0.0 0.0 
350.0 0.0 0.0 
450.0 0.0 0.0 
550.0 0.0 0.0 
650.0 0.0 0.0 
750.0 0.0 0.0 
850.0 0.0 0.0 
950.0 0.0 0.0 
100.0 0.0 24.0 
200.0 0.0 24.0 
300.0 0.0 24.0 
400.0 0.0 24.0 
500.0 0.0 24.0 
600.0 0.0 24.0 
700.0 0.0 24.0 
800.0 0.0 24.0 
900.0 0.0 24.0 
50.0 0.0 24.0 
150.0 0.0 24.0 
250.0 0.0 24.0 
350.0 0.0 24.0 
450.0 0.0 24.0 
550.0 0.0 24.0 
650.0 0.0 24.0 
750.0 0.0 24.0 
850.0 0.0 24.0 
950.0 0.0 24.0 
100.0 10.0 0.0 
200.0 10.0 0.0 
300.0 10.0 0.0 
400.0 10.0 0.0 
500.0 10.0 0.0 
600.0 10.0 0.0 
700.0 10.0 0.0 
800.0 10.0 0.0 
900.0 10.0 0.0 
50.0 10.0 0.0 
150.0 10.0 0.0 
250.0 10.0 0.0 
350.0 10.0 0.0 
450.0 10.0 0.0 
550.0 10.0 0.0 
650.0 10.0 0.0 
750.0 10.0 0.0 
850.0 10.0 0.0 
950.0 10.0 0.0 
100.0 10.0 24.0 
200.0 10.0 24.0 
300.0 10.0 24.0 
400.0 10.0 24.0 
500.0 10.0 24.0 
600.0 10.0 24.0 
700.0 10.0 24.0 
800.0 10.0 24.0 
900.0 10.0 24.0 
50.0 10.0 24.0 
150.0 10.0 24.0 
250.0 10.0 24.0 
350.0 10.0 24.0 
450.0 10.0 24.0 
550.0 10.0 24.0 
650.0 10.0 24.0 
750.0 10.0 24.0 
850.0 10.0 24.0 
950.0 10.0 24.0 
0.0 5.0 12.0 
0.0 2.5 12.0 
0.0 5.0 6.0 
0.0 2.5 6.0 
0.0 7.5 12.0 
0.0 7.5 6.0 
0.0 5.0 18.0 
0.0 2.5 18.0 
0.0 7.5 18.0 
1000.0 5.0 12.0 
1000.0 5.0 6.0 
1000.0 2.5 12.0 
1000.0 2.5 6.0 
1000.0 7.5 12.0 
1000.0 7.5 6.0 
1000.0 5.0 18.0 
1000.0 2.5 18.0 
1000.0 7.5 18.0 
100.0 0.0 12.0 
200.0 0.0 12.0 
300.0 0.0 12.0 
400.0 0.0 12.0 
500.0 0.0 12.0 
600.0 0.0 12.0 
700.0 0.0 12.0 
800.0 0.0 12.0 
900.0 0.0 12.0 
100.0 0.0 6.0 
50.0 0.0 12.0 
50.0 0.0 6.0 
100.0 0.0 18.0 
50.0 0.0 18.0 
200.0 0.0 6.0 
150.0 0.0 12.0 
150.0 0.0 6.0 
200.0 0.0 18.0 
150.0 0.0 18.0 
300.0 0.0 6.0 
250.0 0.0 12.0 
250.0 0.0 6.0 
300.0 0.0 18.0 
250.0 0.0 18.0 
400.0 0.0 6.0 
350.0 0.0 12.0 
350.0 0.0 6.0 
400.0 0.0 18.0 
350.0 0.0 18.0 
500.0 0.0 6.0 
450.0 0.0 12.0 
450.0 0.0 6.0 
500.0 0.0 18.0 
450.0 0.0 18.0 
600.0 0.0 6.0 
550.0 0.0 12.0 
550.0 0.0 6.0 
600.0 0.0 18.0 
550.0 0.0 18.0 
700.0 0.0 6.0 
650.0 0.0 12.0 
650.0 0.0 6.0 
700.0 0.0 18.0 
650.0 0.0 18.0 
800.0 0.0 6.0 
750.0 0.0 12.0 
750.0 0.0 6.0 
800.0 0.0 18.0 
750.0 0.0 18.0 
900.0 0.0 6.0 
850.0 0.0 12.0 
850.0 0.0 6.0 
900.0 0.0 18.0 
850.0 0.0 18.0 
950.0 0.0 12.0 
950.0 0.0 6.0 
950.0 0.0 18.0 
100.0 10.0 12.0 
200.0 10.0 12.0 
300.0 10.0 12.0 
400.0 10.0 12.0 
500.0 10.0 12.0 
600.0 10.0 12.0 
700.0 10.0 12.0 
800.0 10.0 12.0 
900.0 10.0 12.0 
50.0 10.0 12.0 
100.0 10.0 6.0 
50.0 10.0 6.0 
100.0 10.0 18.0 
50.0 10.0 18.0 
150.0 10.0 12.0 
200.0 10.0 6.0 
150.0 10.0 6.0 
200.0 10.0 18.0 
150.0 10.0 18.0 
250.0 10.0 12.0 
300.0 10.0 6.0 
250.0 10.0 6.0 
300.0 10.0 18.0 
250.0 10.0 18.0 
350.0 10.0 12.0 
400.0 10.0 6.0 
350.0 10.0 6.0 
400.0 10.0 18.0 
350.0 10.0 18.0 
450.0 10.0 12.0 
500.0 10.0 6.0 
450.0 10.0 6.0 
500.0 10.0 18.0 
450.0 10.0 18.0 
550.0 10.0 12.0 
600.0 10.0 6.0 
550.0 10.0 6.0 
600.0 10.0 18.0 
550.0 10.0 18.0 
650.0 10.0 12.0 
700.0 10.0 6.0 
650.0 10.0 6.0 
700.0 10.0 18.0 
650.0 10.0 18.0 
750.0 10.0 12.0 
800.0 10.0 6.0 
750.0 10.0 6.0 
800.0 10.0 18.0 
750.0 10.0 18.0 
850.0 10.0 12.0 
900.0 10.0 6.0 
850.0 10.0 6.0 
900.0 10.0 18.0 
850.0 10.0 18.0 
950.0 10.0 12.0 
950.0 10.0 6.0 
950.0 10.0 18.0 
100.0 5.0 0.0 
200.0 5.0 0.0 
300.0 5.0 0.0 
400.0 5.0 0.0 
500.0 5.0 0.0 
600.0 5.0 0.0 
700.0 5.0 0.0 
800.0 5.0 0.0 
900.0 5.0 0.0 
50.0 5.0 0.0 
100.0 2.5 0.0 
50.0 2.5 0.0 
150.0 5.0 0.0 
200.0 2.5 0.0 
150.0 2.5 0.0 
250.0 5.0 0.0 
300.0 2.5 0.0 
250.0 2.5 0.0 
350.0 5.0 0.0 
400.0 2.5 0.0 
350.0 2.5 0.0 
450.0 5.0 0.0 
500.0 2.5 0.0 
450.0 2.5 0.0 
550.0 5.0 0.0 
600.0 2.5 0.0 
550.0 2.5 0.0 
650.0 5.0 0.0 
700.0 2.5 0.0 
650.0 2.5 0.0 
750.0 5.0 0.0 
800.0 2.5 0.0 
750.0 2.5 0.0 
850.0 5.0 0.0 
900.0 2.5 0.0 
850.0 2.5 0.0 
950.0 5.0 0.0 
950.0 2.5 0.0 
100.0 7.5 0.0 
50.0 7.5 0.0 
200.0 7.5 0.0 
150.0 7.5 0.0 
300.0 7.5 0.0 
250.0 7.5 0.0 
400.0 7.5 0.0 
350.0 7.5 0.0 
500.0 7.5 0.0 
450.0 7.5 0.0 
600.0 7.5 0.0 
550.0 7.5 0.0 
700.0 7.5 0.0 
650.0 7.5 0.0 
800.0 7.5 0.0 
750.0 7.5 0.0 
900.0 7.5 0.0 
850.0 7.5 0.0 
950.0 7.5 0.0 
100.0 5.0 24.0 
200.0 5.0 24.0 
300.0 5.0 24.0 
400.0 5.0 24.0 
500.0 5.0 24.0 
600.0 5.0 24.0 
700.0 5.0 24.0 
800.0 5.0 24.0 
900.0 5.0 24.0 
100.0 2.5 24.0 
50.0 5.0 24.0 
50.0 2.5 24.0 
200.0 2.5 24.0 
150.0 5.0 24.0 
150.0 2.5 24.0 
300.0 2.5 24.0 
250.0 5.0 24.0 
250.0 2.5 24.0 
400.0 2.5 24.0 
350.0 5.0 24.0 
350.0 2.5 24.0 
500.0 2.5 24.0 
450.0 5.0 24.0 
450.0 2.5 24.0 
600.0 2.5 24.0 
550.0 5.0 24.0 
550.0 2.5 24.0 
700.0 2.5 24.0 
650.0 5.0 24.0 
650.0 2.5 24.0 
800.0 2.5 24.0 
750.0 5.0 24.0 
750.0 2.5 24.0 
900.0 2.5 24.0 
850.0 5.0 24.0 
850.0 2.5 24.0 
950.0 5.0 24.0 
950.0 2.5 24.0 
100.0 7.5 24.0 
50.0 7.5 24.0 
200.0 7.5 24.0 
150.0 7.5 24.0 
300.0 7.5 24.0 
250.0 7.5 24.0 
400.0 7.5 24.0 
350.0 7.5 24.0 
500.0 7.5 24.0 
450.0 7.5 24.0 
600.0 7.5 24.0 
550.0 7.5 24.0 
700.0 7.5 24.0 
650.0 7.5 24.0 
800.0 7.5 24.0 
750.0 7.5 24.0 
900.0 7.5 24.0 
850.0 7.5 24.0 
950.0 7.5 24.0 
100.0 5.0 12.0 
200.0 5.0 12.0 
300.0 5.0 12.0 
400.0 5.0 12.0 
500.0 5.0 12.0 
600.0 5.0 12.0 
700.0 5.0 12.0 
800.0 5.0 12.0 
900.0 5.0 12.0 
50.0 5.0 12.0 
100.0 2.5 12.0 
100.0 5.0 6.0 
50.0 2.5 12.0 
50.0 5.0 6.0 
100.0 2.5 6.0 
50.0 2.5 6.0 
150.0 5.0 12.0 
200.0 2.5 12.0 
200.0 5.0 6.0 
150.0 2.5 12.0 
150.0 5.0 6.0 
200.0 2.5 6.0 
150.0 2.5 6.0 
250.0 5.0 12.0 
300.0 2.5 12.0 
300.0 5.0 6.0 
250.0 2.5 12.0 
250.0 5.0 6.0 
300.0 2.5 6.0 
250.0 2.5 6.0 
350.0 5.0 12.0 
400.0 2.5 12.0 
400.0 5.0 6.0 
350.0 2.5 12.0 
350.0 5.0 6.0 
400.0 2.5 6.0 
350.0 2.5 6.0 
450.0 5.0 12.0 
500.0 2.5 12.0 
500.0 5.0 6.0 
450.0 2.5 12.0 
450.0 5.0 6.0 
500.0 2.5 6.0 
450.0 2.5 6.0 
550.0 5.0 12.0 
600.0 2.5 12.0 
600.0 5.0 6.0 
550.0 2.5 12.0 
550.0 5.0 6.0 
600.0 2.5 6.0 
550.0 2.5 6.0 
650.0 5.0 12.0 
700.0 2.5 12.0 
700.0 5.0 6.0 
650.0 2.5 12.0 
650.0 5.0 6.0 
700.0 2.5 6.0 
650.0 2.5 6.0 
750.0 5.0 12.0 
800.0 2.5 12.0 
800.0 5.0 6.0 
750.0 2.5 12.0 
750.0 5.0 6.0 
800.0 2.5 6.0 
750.0 2.5 6.0 
850.0 5.0 12.0 
900.0 2.5 12.0 
900.0 5.0 6.0 
850.0 2.5 12.0 
850.0 5.0 6.0 
900.0 2.5 6.0 
850.0 2.5 6.0 
950.0 5.0 12.0 
950.0 2.5 12.0 
950.0 5.0 6.0 
950.0 2.5 6.0 
100.0 7.5 12.0 
50.0 7.5 12.0 
100.0 7.5 6.0 
50.0 7.5 6.0 
200.0 7.5 12.0 
150.0 7.5 12.0 
200.0 7.5 6.0 
150.0 7.5 6.0 
300.0 7.5 12.0 
250.0 7.5 12.0 
300.0 7.5 6.0 
250.0 7.5 6.0 
400.0 7.5 12.0 
350.0 7.5 12.0 
400.0 7.5 6.0 
350.0 7.5 6.0 
500.0 7.5 12.0 
450.0 7.5 12.0 
500.0 7.5 6.0 
450.0 7.5 6.0 
600.0 7.5 12.0 
550.0 7.5 12.0 
600.0 7.5 6.0 
550.0 7.5 6.0 
700.0 7.5 12.0 
650.0 7.5 12.0 
700.0 7.5 6.0 
650.0 7.5 6.0 
800.0 7.5 12.0 
750.0 7.5 12.0 
800.0 7.5 6.0 
750.0 7.5 6.0 
900.0 7.5 12.0 
850.0 7.5 12.0 
900.0 7.5 6.0 
850.0 7.5 6.0 
950.0 7.5 12.0 
950.0 7.5 6.0 
100.0 5.0 18.0 
50.0 5.0 18.0 
100.0 2.5 18.0 
50.0 2.5 18.0 
200.0 5.0 18.0 
150.0 5.0 18.0 
200.0 2.5 18.0 
150.0 2.5 18.0 
300.0 5.0 18.0 
250.0 5.0 18.0 
300.0 2.5 18.0 
250.0 2.5 18.0 
400.0 5.0 18.0 
350.0 5.0 18.0 
400.0 2.5 18.0 
350.0 2.5 18.0 
500.0 5.0 18.0 
450.0 5.0 18.0 
500.0 2.5 18.0 
450.0 2.5 18.0 
600.0 5.0 18.0 
550.0 5.0 18.0 
600.0 2.5 18.0 
550.0 2.5 18.0 
700.0 5.0 18.0 
650.0 5.0 18.0 
700.0 2.5 18.0 
650.0 2.5 18.0 
800.0 5.0 18.0 
750.0 5.0 18.0 
800.0 2.5 18.0 
750.0 2.5 18.0 
900.0 5.0 18.0 
850.0 5.0 18.0 
900.0 2.5 18.0 
850.0 2.5 18.0 
950.0 5.0 18.0 
950.0 2.5 18.0 
100.0 7.5 18.0 
50.0 7.5 18.0 
200.0 7.5 18.0 
150.0 7.5 18.0 
300.0 7.5 18.0 
250.0 7.5 18.0 
400.0 7.5 18.0 
350.0 7.5 18.0 
500.0 7.5 18.0 
450.0 7.5 18.0 
600.0 7.5 18.0 
550.0 7.5 18.0 
700.0 7.5 18.0 
650.0 7.5 18.0 
800.0 7.5 18.0 
750.0 7.5 18.0 
900.0 7.5 18.0 
850.0 7.5 18.0 
950.0 7.5 18.0 

CELLS 40 1120
27 1 32 240 17 8 126 354 108 41 250 249 18 136 364 363 109 9 135 365 110 111 368 137 367 251 366 369 
27 32 33 241 240 126 127 355 354 42 253 252 250 141 371 370 364 135 140 372 365 368 375 142 374 254 373 376 
27 33 34 242 241 127 128 356 355 43 256 255 253 146 378 377 371 140 145 379 372 375 382 147 381 257 380 383 
27 34 35 243 242 128 129 357 356 44 259 258 256 151 385 384 378 145 150 386 379 382 389 152 388 260 387 390 
27 35 36 244 243 129 130 358 357 45 262 261 259 156 392 391 385 150 155 393 386 389 396 157 395 263 394 397 
27 36 37 245 244 130 131 359 358 46 265 264 262 161 399 398 392 155 160 400 393 396 403 162 402 266 401 404 
27 37 38 246 245 131 132 360 359 47 268 267 265 166 406 405 399 160 165 407 400 403 410 167 409 269 408 411 
27 38 39 247 246 132 133 361 360 48 271 270 268 171 413 412 406 165 170 414 407 410 417 172 416 272 415 418 
27 39 40 248 247 133 134 362 361 49 274 273 271 176 420 419 413 170 175 421 414 417 424 177 423 275 422 425 
27 40 5 29 248 134 20 117 362 50 30 276 274 180 119 426 420 175 21 118 421 424 120 181 428 277 427 429 
27 17 240 70 3 108 354 183 14 249 278 79 19 363 430 192 112 110 365 193 15 113 432 367 194 279 431 433 
27 240 241 71 70 354 355 184 183 252 280 80 278 370 434 197 430 365 372 198 193 432 436 374 199 281 435 437 
27 241 242 72 71 355 356 185 184 255 282 81 280 377 438 202 434 372 379 203 198 436 440 381 204 283 439 441 
27 242 243 73 72 356 357 186 185 258 284 82 282 384 442 207 438 379 386 208 203 440 444 388 209 285 443 445 
27 243 244 74 73 357 358 187 186 261 286 83 284 391 446 212 442 386 393 213 208 444 448 395 214 287 447 449 
27 244 245 75 74 358 359 188 187 264 288 84 286 398 450 217 446 393 400 218 213 448 452 402 219 289 451 453 
27 245 246 76 75 359 360 189 188 267 290 85 288 405 454 222 450 400 407 223 218 452 456 409 224 291 455 457 
27 246 247 77 76 360 361 190 189 270 292 86 290 412 458 227 454 407 414 228 223 456 460 416 229 293 459 461 
27 247 248 78 77 361 362 191 190 273 294 87 292 419 462 232 458 414 421 233 228 460 464 423 234 295 463 465 
27 248 29 7 78 362 117 26 191 276 31 88 294 426 121 237 462 421 118 27 233 464 122 428 238 296 466 467 
27 8 126 354 108 0 51 297 11 136 364 363 109 60 306 307 12 10 138 468 114 115 470 139 469 366 308 471 
27 126 127 355 354 51 52 298 297 141 371 370 364 61 309 310 306 138 143 472 468 470 474 144 473 373 311 475 
27 127 128 356 355 52 53 299 298 146 378 377 371 62 312 313 309 143 148 476 472 474 478 149 477 380 314 479 
27 128 129 357 356 53 54 300 299 151 385 384 378 63 315 316 312 148 153 480 476 478 482 154 481 387 317 483 
27 129 130 358 357 54 55 301 300 156 392 391 385 64 318 319 315 153 158 484 480 482 486 159 485 394 320 487 
27 130 131 359 358 55 56 302 301 161 399 398 392 65 321 322 318 158 163 488 484 486 490 164 489 401 323 491 
27 131 132 360 359 56 57 303 302 166 406 405 399 66 324 325 321 163 168 492 488 490 494 169 493 408 326 495 
27 132 133 361 360 57 58 304 303 171 413 412 406 67 327 328 324 168 173 496 492 494 498 174 497 415 329 499 
27 133 134 362 361 58 59 305 304 176 420 419 413 68 330 331 327 173 178 500 496 498 502 179 501 422 332 503 
27 134 20 117 362 59 4 23 305 180 119 426 420 69 24 333 330 178 22 123 500 502 124 182 504 427 334 505 
27 108 354 183 14 11 297 89 2 363 430 192 112 307 335 98 13 114 468 195 16 116 506 469 196 431 336 507 
27 354 355 184 183 297 298 90 89 370 434 197 430 310 337 99 335 468 472 200 195 506 508 473 201 435 338 509 
27 355 356 185 184 298 299 91 90 377 438 202 434 313 339 100 337 472 476 205 200 508 510 477 206 439 340 511 
27 356 357 186 185 299 300 92 91 384 442 207 438 316 341 101 339 476 480 210 205 510 512 481 211 443 342 513 
27 357 358 187 186 300 301 93 92 391 446 212 442 319 343 102 341 480 484 215 210 512 514 485 216 447 344 515 
27 358 359 188 187 301 302 94 93 398 450 217 446 322 345 103 343 484 488 220 215 514 516 489 221 451 346 517 
27 359 360 189 188 302 303 95 94 405 454 222 450 325 347 104 345 488 492 225 220 516 518 493 226 455 348 519 
27 360 361 190 189 303 304 96 95 412 458 227 454 328 349 105 347 492 496 230 225 518 520 497 231 459 350 521 
27 361 362 191 190 304 305 97 96 419 462 232 458 331 351 106 349 496 500 235 230 520 522 501 236 463 352 523 
27 362 117 26 191 305 23 6 97 426 121 237 462 333 25 107 351 500 123 28 235 522 125 504 239 466 353 524 

CELL_TYPES 40
29
29
29
29
29
29
29
29
29
29
29
29
29
29
29
29
29
29
29
29
29
29
29
29
29
29
29
29
29
29
29
29
29
29
29
29
29
29
29
29

POINT_DATA 525
VECTORS eigenmode1 float
0.0 0.0 0.0 
0.0 0.0 0.0 
0.0 0.0 0.0 
0.0 0.0 0.0 
0.0 0.0 0.0 
0.0 0.0 0.0 
0.0 0.0 0.0 
0.0 0.0 0.0 
0.0 0.0 0.0 
0.0 0.0 0.0 
0.0 0.0 0.0 
0.0 0.0 0.0 
0.0 0.0 0.0 
0.0 0.0 0.0 
0.0 0.0 0.0 
0.0 0.0 0.0 
0.0 0.0 0.0 
0.0 0.0 0.0 
0.0 0.0 0.0 
0.0 0.0 0.0 
0.0 0.0 0.0 
0.0 0.0 0.0 
0.0 0.0 0.0 
0.0 0.0 0.0 
0.0 0.0 0.0 
0.0 0.0 0.0 
0.0 0.0 0.0 
0.0 0.0 0.0 
0.0 0.0 0.0 
0.0 0.0 0.0 
0.0 0.0 0.0 
0.0 0.0 0.0 
0.0007513458026306326 0.007594910751529958 1.063684794068862e-5 
0.0010642479110409254 0.025855907542850977 2.7022897937969763e-6 
0.0009732037187605424 0.04632298189331437 -6.150040698644909e-6 
0.0005713102467318205 0.06183080081843234 -1.2307119992596731e-5 
7.911483418415252e-13 0.06756605645124546 -1.448994468097917e-5 
-0.0005713102456841052 0.0618308008435949 -1.2307119436338375e-5 
-0.0009732037188306315 0.04632298192778458 -6.150039973543872e-6 
-0.001064247911900347 0.025855907568421113 2.7022903023009027e-6 
-0.0007513458035225105 0.007594910760243913 1.0636848112574801e-5 
0.0003809098153959352 0.001908434734814213 2.2772161411374716e-5 
0.0009139890531877002 0.01594226702455902 8.573101279603977e-6 
0.00102414451213939 0.036318040848277056 -2.543365976926007e-6 
0.0007759248721304063 0.055083324972999476 -1.0889323170320711e-5 
0.0002869515598590006 0.06612875145341247 -1.5422558610705282e-5 
-0.0002869515585252095 0.06612875146725782 -1.5422558308376617e-5 
-0.000775924871642892 0.05508332500545096 -1.0889322469271873e-5 
-0.0010241445126143297 0.0363180408801871 -2.5433653298800164e-6 
-0.0009139890540777049 0.015942267041789113 8.573101618095871e-6 
-0.00038090981585646043 0.0019084347370391292 2.2772161477332175e-5 
0.0007513458029778626 0.007594910751830794 -1.0636849305087144e-5 
0.0010642479114963378 0.025855907543474235 -2.7022943742070827e-6 
0.0009732037191309558 0.046322981894137215 6.150032753201902e-6 
0.0005713102468850068 0.06183080081932871 1.230710987101072e-5 
6.981874032763111e-13 0.06756605645201243 1.4489934250077705e-5 
-0.0005713102459579704 0.061830800844224834 1.23071104667532e-5 
-0.0009732037191843437 0.04632298192820727 6.150033521317981e-6 
-0.0010642479122604399 0.02585590756870391 -2.702293845801219e-6 
-0.0007513458037760743 0.007594910760380023 -1.0636849146082386e-5 
0.0003809098155847398 0.0019084347349454624 -2.2772161753481274e-5 
0.0009139890536005613 0.015942267025026383 -8.573104137047646e-6 
0.0010241445125599715 0.036318040849019836 2.543359637518701e-6 
0.0007759248723982017 0.05508332497388006 1.0889313923480593e-5 
0.00028695155988531137 0.06612875145426501 1.5422548090083334e-5 
-0.000286951558711791 0.06612875146796064 1.5422548420312404e-5 
-0.000775924871962174 0.055083325005987165 1.0889314682028028e-5 
-0.0010241445129748623 0.03631804088054329 2.543360325835688e-6 
-0.0009139890543913126 0.01594226704199834 -8.573103796996704e-6 
-0.0003809098159917927 0.0019084347371001698 -2.2772161739885992e-5 
-0.0007513458029680031 0.007594910751531579 -1.063684942970742e-5 
-0.001064247911487404 0.025855907542851008 -2.7022946339080077e-6 
-0.0009732037191263334 0.04632298189331281 6.150032409853807e-6 
-0.000571310246885423 0.06183080081843008 1.2307109496568038e-5 
-7.031386829255688e-13 0.06756605645124321 1.4489933929615905e-5 
0.0005713102459529193 0.061830800843592944 1.230711020310607e-5 
0.0009732037191781726 0.04632298192778376 6.150033344735763e-6 
0.001064247912254969 0.02585590756842158 -2.702293963516711e-6 
0.0007513458037714591 0.007594910760245308 -1.06368492022113e-5 
-0.0003809098155750733 0.0019084347348186472 -2.27721618063959e-5 
-0.0009139890535908195 0.015942267024560346 -8.573104331211536e-6 
-0.001024144512553741 0.036318040848276126 2.5433593276721075e-6 
-0.000775924872395379 0.05508332497299702 1.0889313555539479e-5 
-0.00028695155988934384 0.06612875145340981 1.5422547733657494e-5 
0.00028695155870770046 0.06612875146725596 1.542254812661953e-5 
0.0007759248719552241 0.05508332500545019 1.08893144581732e-5 
0.0010241445129701532 0.036318040880187065 2.5433601775232507e-6 
0.0009139890543864611 0.0159422670417903 -8.57310388370425e-6 
0.00038090981598729696 0.0019084347370423905 -2.2772161763982172e-5 
-0.0007513458026400758 0.007594910751829158 1.0636847816085577e-5 
-0.0010642479110490512 0.02585590754347421 2.70228953420196e-6 
-0.0009732037187641116 0.04632298189413876 -6.150041042201513e-6 
-0.0005713102467308782 0.06183080081933148 -1.2307120367768091e-5 
-7.865540658976326e-13 0.0675660564520143 -1.4489945001016251e-5 
0.0005713102456883433 0.0618308008442262 -1.2307119699159963e-5 
0.0009732037188352236 0.04632298192820773 -6.150040149665462e-6 
0.001064247911904228 0.025855907568703387 2.7022901847091143e-6 
0.0007513458035263684 0.00759491076037853 1.0636848056541912e-5 
-0.0003809098154053999 0.0019084347349410267 2.277216135844275e-5 
-0.000913989053196899 0.015942267025025093 8.573101085352214e-6 
-0.0010241445121446121 0.03631804084902078 -2.543366286753823e-6 
-0.0007759248721320904 0.05508332497388254 -1.0889323538069162e-5 
-0.00028695155985506213 0.06612875145426785 -1.5422558967104074e-5 
0.0002869515585287801 0.06612875146796278 -1.542255860224523e-5 
0.0007759248716484971 0.055083325005988004 -1.0889322693159496e-5 
0.001024144512617386 0.036318040880543405 -2.5433654784910546e-6 
0.0009139890540813375 0.01594226704199711 8.573101531343243e-6 
0.00038090981586059894 0.0019084347370969177 2.27721614532009e-5 
0.0 0.0 0.0 
0.0 0.0 0.0 
0.0 0.0 0.0 
0.0 0.0 0.0 
0.0 0.0 0.0 
0.0 0.0 0.0 
0.0 0.0 0.0 
0.0 0.0 0.0 
0.0 0.0 0.0 
0.0 0.0 0.0 
0.0 0.0 0.0 
0.0 0.0 0.0 
0.0 0.0 0.0 
0.0 0.0 0.0 
0.0 0.0 0.0 
0.0 0.0 0.0 
0.0 0.0 0.0 
0.0 0.0 0.0 
0.0007507502024867741 0.007608128666909614 -6.811471707042376e-13 
0.0010639611667992714 0.025859253981205442 -2.2902714736171828e-12 
0.0009730483508742459 0.046315554733926026 -3.973730177891703e-12 
0.0005712339817876619 0.06181593102231545 -5.0628330772672e-12 
7.444206061761926e-13 0.06754855297877782 -5.216721642220169e-12 
-0.000571233980800551 0.06181593104732042 -4.485577645229304e-12 
-0.0009730483509358587 0.04631555476817001 -3.226159566216978e-12 
-0.001063961167610545 0.02585925400659314 -1.7714845744928307e-12 
-0.0007507502033308992 0.007608128675549491 -5.159064085298284e-13 
0.000751313290298915 0.0076047326158260285 5.45573882407596e-6 
0.0003811791758702879 0.0019353085078658114 -1.684106612854626e-13 
0.00038093244395784396 0.0019286822619978407 1.1242016135848532e-5 
0.0007513132904738419 0.007604732615976564 -5.455740186932681e-6 
0.00038093244405463535 0.0019286822620633737 -1.1242016473949599e-5 
0.0010642377176883237 0.025858397089882672 1.3789737242619539e-6 
0.0009139490293884956 0.015952434105005662 -1.4279707937353271e-12 
0.0009139803682217571 0.015949916380145153 4.252179434579311e-6 
0.0010642377179169741 0.02585839709019422 -1.3789783046979057e-6 
0.0009139803684308531 0.015949916380378813 -4.252182290895062e-6 
0.0009731977080844047 0.04631742174697682 -3.091771706198323e-6 
0.001024039580534247 0.0363149975591097 -3.1702243606867202e-12 
0.0010241340163673126 0.03631575619932497 -1.267142662138455e-6 
0.0009731977082697549 0.046317421747388184 3.09176375929235e-6 
0.001024134016579292 0.036315756199696424 1.267136321888154e-6 
0.0005713067425882159 0.06181966967145196 -6.186220423261497e-6 
0.0007758438888050098 0.055070312269330075 -4.624777037080444e-12 
0.0007759180037415119 0.05507355398596487 -5.4265543852880275e-6 
0.0005713067426643664 0.061819669671899495 6.186210298881816e-6 
0.0007759180038760582 0.055073553986405295 5.426545136359331e-6 
7.683548591019111e-13 0.0675529529595016 -7.281898108369063e-6 
0.0002869222574685953 0.06611031563824654 -5.261962085685768e-12 
0.00028694920309441926 0.06611490970304339 -7.688058562928356e-6 
7.209772159642854e-13 0.06755295295988517 7.281887675519992e-6 
0.00028694920310653245 0.06611490970346966 7.688048039837172e-6 
-0.0005713067415702065 0.06181966969652927 -6.1862198565594765e-6 
-0.00028692225621521734 0.06611031565200078 -4.945357341960945e-12 
-0.00028694920179965104 0.06611490971683895 -7.688058253244312e-6 
-0.0005713067417076316 0.06181966969684461 6.186210885786665e-6 
-0.000286949201894049 0.06611490971719015 7.688048363212647e-6 
-0.0009731977081499771 0.046317421781327396 -3.0917709698453218e-6 
-0.0007758438883432274 0.05507031230157615 -3.894267236303382e-12 
-0.0007759180032662851 0.05507355401830492 -5.426553669001449e-6 
-0.0009731977083276941 0.04631742178153898 3.091764517396713e-6 
-0.000775918003427719 0.05507355401857277 5.426545880790818e-6 
-0.0010642377185241464 0.025858397115358565 1.3789742378804383e-6 
-0.0010240395809790394 0.03631499759080165 -2.5021227528976373e-12 
-0.0010241340168275037 0.036315756231119836 -1.2671420043856556e-6 
-0.001064237718704641 0.025858397115499903 -1.3789777809895527e-6 
-0.0010241340170089068 0.03631575623129787 1.2671370002235253e-6 
-0.0007513132911678092 0.0076047326245049 5.455738992767008e-6 
-0.000913949030228739 0.01595243412210557 -1.0887529204499913e-12 
-0.0009139803690876578 0.015949916397309964 4.2521797733877055e-6 
-0.0007513132912949354 0.007604732624572932 -5.455740025015959e-6 
-0.0009139803692456657 0.01594991639741454 -4.252181951217837e-6 
-0.00038117917630431565 0.0019353085100864537 -1.2933959339729976e-13 
-0.000380932444405705 0.001928682264228431 1.124201618799013e-5 
-0.00038093244447439637 0.0019286822642589155 -1.124201644761419e-5 
-0.0007507502024865715 0.007608128666909581 -8.056935643906578e-13 
-0.001063961166798862 0.025859253981205227 -2.549774281400615e-12 
-0.000973048350873679 0.04631555473392621 -4.317215745627558e-12 
-0.0005712339817874005 0.061815931022316216 -5.436754683653706e-12 
-7.446323938588834e-13 0.06754855297877792 -5.537538052201649e-12 
0.000571233980800138 0.06181593104732003 -4.748745941696727e-12 
0.0009730483509350464 0.04631555476816987 -3.402905302190246e-12 
0.001063961167609751 0.025859254006592957 -1.8891422657415567e-12 
0.000750750203330531 0.007608128675549383 -5.719363690440295e-13 
-0.0003811791758701861 0.001935308507865813 -2.2142419473676316e-13 
-0.0007513132904661874 0.007604732615826896 -5.455740311489695e-6 
-0.00038093244404715186 0.0019286822620000383 -1.1242016526948979e-5 
-0.0007513132903061573 0.0076047326159757065 5.45573869951308e-6 
-0.00038093244396512633 0.001928682262061169 1.1242016082842547e-5 
-0.0009139490293882222 0.015952434105005724 -1.6221550138584866e-12 
-0.001064237717909978 0.02585839708988262 -1.3789785642937455e-6 
-0.0009139803684232755 0.0159499163801458 -4.252182485071842e-6 
-0.0010642377176944993 0.02585839709019425 1.3789734646650417e-6 
-0.0009139803682287909 0.015949916380378154 4.252179240384731e-6 
-0.0010240395805337528 0.03631499755910973 -3.4800731343003345e-12 
-0.0009731977082660411 0.04631742174697592 3.091763415804637e-6 
-0.0010241340165743767 0.03631575619932451 1.2671360120955742e-6 
-0.000973197708087022 0.04631742174738896 -3.0917720496842213e-6 
-0.0010241340163712348 0.03631575619969691 -1.2671429719303302e-6 
-0.0007758438888044558 0.0550703122693299 -4.992681334722633e-12 
-0.000571306742664636 0.061819669671450916 6.186209924573417e-6 
-0.0007759180038737692 0.05507355398596368 5.426544768487886e-6 
-0.0005713067425874242 0.061819669671900966 -6.186220797705071e-6 
-0.000775918003742685 0.05507355398640639 -5.426554753109862e-6 
-0.0002869222574686226 0.06611031563824654 -5.618128555342332e-12 
-7.24858327464122e-13 0.06755295295950058 7.281887354932996e-6 
-0.00028694920310962975 0.066114909703042 7.688047683536896e-6 
-7.648568211357514e-13 0.06755295295988666 -7.281898428860745e-6 
-0.00028694920309139125 0.06611490970347086 -7.688058919221058e-6 
0.00028692225621496277 0.0661103156520007 -5.238887683471705e-12 
0.0005713067417036264 0.061819669696529245 6.186210622510644e-6 
0.0002869492018908361 0.06611490971683784 7.688048069620832e-6 
0.0005713067415733711 0.061819669696845464 -6.186220119766751e-6 
0.00028694920180235683 0.06611490971719113 -7.688058546883675e-6 
0.0007758438883425665 0.055070312301576045 -4.117886723055087e-12 
0.0009731977083227294 0.04631742178132725 3.0917643407653337e-6 
0.0007759180034222164 0.05507355401830443 5.426545657090178e-6 
0.0009731977081533199 0.04631742178153933 -3.091771146367502e-6 
0.0007759180032704638 0.05507355401857321 -5.426553892698771e-6 
0.001024039580978211 0.036314997590801965 -2.650519948058235e-12 
0.0010642377187002345 0.025858397115358773 -1.3789778986162683e-6 
0.0010241340170050854 0.036315756231119774 1.2671368517876026e-6 
0.001064237718526949 0.025858397115499702 1.378974120241772e-6 
0.0010241340168296786 0.03631575623129795 -1.2671421528051437e-6 
0.000913949030228127 0.015952434122105588 -1.1754079559723934e-12 
0.0007513132912912956 0.007604732624505594 -5.4557400810732965e-6 
0.0009139803692417836 0.015949916397310585 -4.2521820379019856e-6 
0.0007513132911707038 0.007604732624572235 5.455738936728515e-6 
0.0009139803690903233 0.015949916397413916 4.2521796866856045e-6 
0.00038117917630413247 0.0019353085100864693 -1.5350205352842907e-13 
0.0003809324444708834 0.001928682264230044 -1.1242016471761477e-5 
0.00038093244440885575 0.0019286822642572909 1.1242016163830955e-5 
-1.687768046570198e-13 0.007592864843558514 -7.44651051836545e-13 
-2.2328484310872987e-13 0.025855392544328757 -2.4200708254769834e-12 
-1.829212788942381e-13 0.046324260931588486 -4.144268506641555e-12 
-7.680388069148258e-14 0.0618333466511946 -5.247776496016921e-12 
4.402426185139042e-14 0.06756905329105356 -5.3754297869584654e-12 
1.3442499513515218e-13 0.061833346676361124 -4.616055222182486e-12 
1.7377774082076842e-13 0.04632426096606348 -3.3142038022293846e-12 
1.7733182678877018e-13 0.025855392569901183 -1.830640639363926e-12 
1.245372540622406e-13 0.007592864852271216 -5.44956860892407e-13 
-8.953702019527563e-14 0.0019035247338165331 -1.9797894979756373e-13 
0.00037474159175089795 0.007593377889099041 5.29182211748739e-6 
0.000190582953546796 0.0019047494182776992 1.1412914177458624e-5 
-2.0156537094810012e-13 0.015940432557608634 -1.5259477343225037e-12 
0.0005312066749033369 0.02585551910757092 1.3443164810324415e-6 
0.00045716343553969607 0.01594089166794783 4.2937765839593315e-6 
-2.0718821979151259e-13 0.036318566678844526 -3.32451418041694e-12 
0.000485894889848275 0.04632393666762199 -3.074035465623321e-6 
0.0005122159433855066 0.03631843730179124 -1.271457899822649e-6 
-1.3249010365979583e-13 0.05508560348424034 -4.8071012553973385e-12 
0.00028527042708154944 0.061832704220436595 -6.150107546545099e-6 
0.0003880585900431568 0.05508503702987573 -5.446614540855178e-6 
-1.5177444355030736e-14 0.06613197880326153 -5.438202445291412e-12 
4.163098930799549e-13 0.06756829758509694 -7.240928063575304e-6 
0.00014350964110054008 0.06613117574891811 -7.713944310043128e-6 
9.12518169082791e-14 0.06613197881711029 -5.090716253110295e-12 
-0.00028527042653032594 0.061832704245602194 -6.1501069523215596e-6 
-0.00014350964039584375 0.06613117576276585 -7.713943985194363e-6 
1.561717637759492e-13 0.05508560351669878 -4.005500658452342e-12 
-0.00048589488988743794 0.04632393670209575 -3.0740346880637445e-6 
-0.0003880585897877302 0.055085037062332226 -5.446613789608513e-6 
1.7792448875079173e-13 0.036318566710759344 -2.576237083976982e-12 
-0.0005312066753542563 0.025855519133142643 1.3443170299812132e-6 
-0.0005122159436376726 0.03631843733370473 -1.2714572021796078e-6 
1.5438069527250073e-13 0.01594043257483876 -1.1329265867982426e-12 
-0.00037474159221687027 0.007593377897812053 5.291822303243893e-6 
-0.0004571634360082607 0.015940891685177986 4.293776949735871e-6 
6.539269126937322e-14 0.0019035247360351998 -1.4367116464614186e-13 
-0.00019058295378899192 0.0019047494204980674 1.1412914237656239e-5 
-0.0003747415920884149 0.007593377889099846 -5.291823606715778e-6 
-0.00019058295372588303 0.0019047494182799155 -1.1412914573184028e-5 
-0.0005312066753498885 0.025855519107570897 -1.344321321146755e-6 
-0.0004571634359428225 0.015940891667948494 -4.2937796357892e-6 
-0.0004858948902141121 0.04632393666762115 3.074027177000846e-6 
-0.0005122159437998763 0.036318437301790775 1.271451250725862e-6 
-0.000285270427235162 0.0618327042204355 6.150097050763123e-6 
-0.00038805859030813434 0.05508503702987454 5.44660492652441e-6 
-3.2827051970480187e-13 0.06756829758509579 7.240917312593449e-6 
-0.00014350964113088883 0.0661311757489167 7.713933433470596e-6 
0.000285270426799169 0.061832704245601125 6.150097719951706e-6 
0.00014350964057834265 0.06613117576276493 7.713933803654268e-6 
0.00048589489023499 0.046323936702095225 3.0740280595341038e-6 
0.00038805859010007437 0.05508503706233187 5.446605778578414e-6 
0.0005312066757089128 0.025855519133142855 -1.344320691234334e-6 
0.0005122159439935162 0.03631843733370477 1.2714520497216075e-6 
0.00037474159246592034 0.007593377897812747 -5.291823393092947e-6 
0.0004571634363170199 0.015940891685178583 -4.293779215516686e-6 
0.00019058295391978747 0.0019047494204996976 -1.1412914524821962e-5 
1.6898620021733403e-13 0.007592864843857758 -7.44663887952257e-13 
2.2369163822561982e-13 0.025855392544952036 -2.42004548039371e-12 
1.8344028444271066e-13 0.04632426093241289 -4.144299792921127e-12 
7.707266164031176e-14 0.061833346652093474 -5.24809924675404e-12 
-4.418484058666586e-14 0.06756905329182261 -5.3755628097696745e-12 
-1.3483345475861768e-13 0.06183334667699287 -4.616199758372329e-12 
-1.745696130590926e-13 0.04632426096648686 -3.314200339388206e-12 
-1.7813401277951014e-13 0.025855392570183478 -1.830640559359809e-12 
-1.2491704902472715e-13 0.007592864852405863 -5.449477149543942e-13 
0.0003747415920922872 0.007593377889399108 -5.291823544415783e-6 
8.963707942413397e-14 0.001903524733943307 -1.9798554387966412e-13 
0.00019058295372957078 0.001904749418406689 -1.1412914546728707e-5 
0.0005312066753535141 0.02585551910819421 -1.3443211913163877e-6 
2.018340778519272e-13 0.015940432558074674 -1.525974672282119e-12 
0.0004571634359466653 0.015940891668414534 -4.293779538715557e-6 
0.0004858948902161766 0.04632393666844559 3.0740273486970745e-6 
2.0769076965705765e-13 0.03631856667958826 -3.3245299932053908e-12 
0.0005122159438025457 0.03631843730253452 1.2714514056269772e-6 
0.0002852704272351644 0.06183270422133424 6.150097237818878e-6 
1.3307053428040453e-13 0.055085603485123286 -4.8070427675019184e-12 
0.00038805859030955963 0.05508503703075755 5.446605110495558e-6 
3.2629936201573646e-13 0.06756829758586506 7.2409174727597516e-6 
1.511205171787817e-14 0.06613197880411689 -5.4381614880442024e-12 
0.00014350964112933598 0.06613117574977201 7.713933611693125e-6 
-0.00028527042680133235 0.061832704246233036 6.150097851630893e-6 
-9.150927746418649e-14 0.06613197881781502 -5.09069932448418e-12 
-0.00014350964058005482 0.06613117576346962 7.71393395049245e-6 
-0.00048589489023780693 0.04632393670251876 3.0740281478177314e-6 
-1.568449805793053e-13 0.05508560351723576 -4.0054729064187454e-12 
-0.0003880585901031126 0.055085037062868804 5.446605890474079e-6 
-0.0005312066757114734 0.025855519133425157 -1.3443206323898716e-6 
-1.7874680607140103e-13 0.03631856671111561 -2.5762576200640776e-12 
-0.0005122159439958125 0.03631843733406101 1.2714521239072742e-6 
-0.00037474159246790514 0.007593377897947446 -5.291823365037379e-6 
-1.5498847531496937e-13 0.015940432575046775 -1.1329566311815665e-12 
-0.00045716343631923125 0.015940891685386618 -4.293779172187451e-6 
-6.556957793682016e-14 0.0019035247360929721 -1.4368075548648905e-13 
-0.00019058295392158358 0.0019047494205574587 -1.141291451277636e-5 
-0.0003747415917543532 0.00759337788939827 5.291822055169329e-6 
-0.00019058295355028275 0.001904749418404473 1.1412914150990801e-5 
-0.0005312066749061536 0.02585551910819418 1.3443163512377678e-6 
-0.0004571634355429983 0.01594089166841389 4.293776486842693e-6 
-0.0004858948898493063 0.04632393666844635 -3.07403563737494e-6 
-0.0005122159433871684 0.03631843730253499 -1.271458054723388e-6 
-0.00028527042708102323 0.06183270422133566 -6.150107734073331e-6 
-0.00038805859004342427 0.055085037030758774 -5.446614724698964e-6 
-4.146722777609314e-13 0.06756829758586586 -7.2409282237612395e-6 
-0.00014350964109910482 0.06613117574977342 -7.713944488187005e-6 
0.00028527042653167295 0.06183270424623373 -6.150107084004957e-6 
0.00014350964039703835 0.06613117576347072 -7.71394413203676e-6 
0.0004858948898886714 0.046323936702519025 -3.0740347762313354e-6 
0.00038805858978942367 0.05508503706286926 -5.446613901494194e-6 
0.0005312066753552151 0.02585551913342491 1.3443169711690924e-6 
0.0005122159436383238 0.036318437334061066 -1.2714572764299148e-6 
0.0003747415922180971 0.007593377897946679 5.291822275218863e-6 
0.0004571634360092552 0.015940891685386004 4.293776906345551e-6 
0.00019058295379043263 0.0019047494205558357 1.1412914225587033e-5 
1.0457020393446386e-16 0.007606123378208007 -7.435998486670863e-13 
2.0010023018083324e-16 0.025858743220320207 -2.4199874691171527e-12 
2.6896506678367393e-16 0.04631682651252908 -4.145292029613872e-12 
1.3032526133432352e-16 0.06181846588701388 -5.2495146702811654e-12 
-9.301289019939768e-17 0.06755153781919308 -5.376790017770648e-12 
-1.9867052446542433e-16 0.06181846591202197 -4.6171743129184575e-12 
-3.9312463929838496e-16 0.04631682654677751 -3.314522565730706e-12 
-4.0811310117019723e-16 0.02585874324570996 -1.8303604560968823e-12 
-1.8977340864102422e-16 0.007606123386846768 -5.440705707445676e-13 
5.000672176382026e-17 0.001930348095682254 -1.9537360810861043e-13 
0.00037479145819009835 0.0076066332038383444 -7.124400856649415e-13 
-8.369123018713341e-14 0.007602688588487391 -7.438780092905632e-13 
0.0001905652674375559 0.001931582419473221 -1.8197947108733404e-13 
-4.463369258651676e-14 0.001923758433623593 -1.9601093367810076e-13 
0.0003750236591754658 0.007603208819562427 2.7128336616745996e-6 
0.00019046512580096664 0.0019249817507843178 5.635633769514577e-6 
1.3429837013401732e-16 0.015950591909861974 -1.5252031926209413e-12 
0.0005312344704776005 0.02585887223503856 -2.3551255925519068e-12 
-1.1085886099174761e-13 0.025857875902007842 -2.4200396194184837e-12 
0.0004571602306787748 0.015951049913540627 -1.4766202882487873e-12 
-1.0076399410923741e-13 0.015948085271329994 -1.5253779608220233e-12 
0.0005313494811745597 0.025858007280010413 6.85875111727178e-7 
0.00045717267263454024 0.01594854061413471 2.130197633384389e-6 
2.533204152008504e-16 0.03631552671637636 -3.3250546289143137e-12 
0.00048590918322324314 0.04631650443398239 -4.059453146997518e-12 
-9.084081943932338e-14 0.046318695903818985 -4.144987973161067e-12 
0.0005122199940500371 0.03631539568751291 -3.2476338194010723e-12 
-1.035350846479937e-13 0.03631628559795125 -3.3249329127136773e-12 
0.0004859713571842235 0.04631837312641969 -1.544456334571802e-6 
0.0005122585562549408 0.036316154669753735 -6.337670056394804e-7 
2.893711658467296e-16 0.05507259749806463 -4.808505014150516e-12 
0.00028527691365239885 0.06181782527176792 -5.156066809714161e-12 
-3.821743257298535e-14 0.061822211454796855 -5.249009802878478e-12 
0.00038806285559919186 0.05507202953644724 -4.716589564904586e-12 
-6.612647410869088e-14 0.05507583563918253 -4.808181363550617e-12 
0.0002853071550735067 0.06182156914655936 -3.089878619367143e-6 
0.00038809324912988805 0.05507526865386356 -2.7149923379439122e-6 
-2.514064163540637e-17 0.06611355108036861 -5.439819662430864e-12 
3.713323315443231e-13 0.06755078386392517 -5.296677572528547e-12 
2.174708898642162e-14 0.06755594587698917 -5.376462106285616e-12 
0.00014351129868704832 0.06611274648871038 -5.350825915612336e-12 
-7.606137807977767e-15 0.06611814024021427 -5.439411763612293e-12 
3.9414863449752644e-13 0.06755518997897422 -3.637247255688198e-6 
0.00014352236351652644 0.0661173369305104 -3.846291421757244e-6 
-1.29308271431225e-16 0.06611355109412585 -5.0918879865650525e-12 
-0.0002852769131598396 0.06181782529677556 -4.5513377813397834e-12 
6.67250565421828e-14 0.06182221147987863 -4.616830134626266e-12 
-0.0001435112980600555 0.0661127465024668 -5.018569980306769e-12 
4.5606016307332975e-14 0.0661181402540129 -5.091620477972675e-12 
-0.00028530715455127493 0.061821569171639744 -3.0898780199087675e-6 
-0.00014352236284986353 0.06611733694430827 -3.846291093058222e-6 
-3.329638508084976e-16 0.055072597530316784 -4.0059935114925736e-12 
-0.0004859091832536691 0.04631650446822972 -3.2703348738475333e-12 
8.639457873223191e-14 0.0463186959381743 -3.3144266045020255e-12 
-0.00038806285536823886 0.05507202956869784 -3.9501115616105015e-12 
7.795898645381292e-14 0.055075835671529134 -4.005883348305006e-12 
-0.000485971357218796 0.046318373160773745 -1.544455551073615e-6 
-0.00038809324888632355 0.055075268686208476 -2.714991578749489e-6 
-4.159861165672876e-16 0.036315526748072764 -2.57628999236444e-12 
-0.000531234470882098 0.02585887226042773 -1.8009306802542731e-12 
8.80631187813634e-14 0.025857875927485886 -1.8304365904303666e-12 
-0.0005122199942727605 0.03631539571920811 -2.539190805693348e-12 
8.879255908735181e-14 0.03631628562975069 -2.5762539741558044e-12 
-0.0005313494816025489 0.02585800730548785 6.858756633478113e-7 
-0.0005122585564926235 0.03631615470155199 -6.337663024438787e-7 
-3.0170134685702887e-16 0.015950591926961955 -1.1322088310900173e-12 
-0.0003747914586109702 0.007606633212477353 -5.300345903578116e-13 
6.178301693611877e-14 0.007602688597165024 -5.443102249577964e-13 
-0.0004571602310993359 0.01595104993064062 -1.1105009192988207e-12 
7.706298697954447e-14 0.01594808528849492 -1.1323759190209173e-12 
-0.0003750236596195098 0.007603208828240425 2.712833845795892e-6 
-0.00045717267307962995 0.015948540631299597 2.130197999301212e-6 
-8.93037672012082e-17 0.0019303480978971857 -1.4175626027352053e-13 
-0.0001905652676546452 0.0019315824216895676 -1.3561901806455042e-13 
3.2573673797746996e-14 0.0019237584358482087 -1.422226255182083e-13 
-0.00019046512603094353 0.0019249817530104872 5.635633822521315e-6 
-0.0003747914581898913 0.007606633203838318 -7.746724184039377e-13 
-0.00019056526743745506 0.0019315824194732218 -2.0853972175464517e-13 
-0.0003750236593428209 0.007603208819562864 -2.7128351493466427e-6 
-0.00019046512589024426 0.0019249817507854153 -5.635634161306719e-6 
-0.0005312344704771988 0.025858872235038407 -2.48487473638998e-12 
-0.00045716023067850475 0.015951049913540665 -1.5737115062902037e-12 
-0.0005313494813962576 0.025858007280010357 -6.858799517973964e-7 
-0.0004571726728360658 0.015948540614135042 -2.130200684074376e-6 
-0.00048590918322270456 0.0463165044339825 -4.231202951665406e-12 
-0.000512219994049532 0.036315395687512915 -3.40251685943428e-12 
-0.0004859713573658905 0.04631837312641925 1.544448044487114e-6 
-0.000512258556462012 0.036316154669753534 6.337603557382922e-7 
-0.0002852769136521387 0.06181782527176842 -5.343107052081141e-12 
-0.0003880628555986203 0.055072029536447145 -4.900518113827516e-12 
-0.00028530715514993326 0.06182156914655892 3.089868121210779e-6 
-0.0003880932492621425 0.055075268653862954 2.7149827214724705e-6 
-3.7152694068136514e-13 0.06755078386392521 -5.457053834051013e-12 
-0.00014351129868709034 0.06611274648871031 -5.528907842826659e-12 
-3.506534900679447e-13 0.06755518997897375 3.6372365026418377e-6 
-0.00014352236353173907 0.06611733693050971 3.846280542794074e-6 
0.000285276913159435 0.06181782529677536 -4.682958589698478e-12 
0.00014351129805979693 0.06611274650246679 -5.165327360211494e-12 
0.0002853071546847175 0.06182156917163985 3.0898687861300262e-6 
0.00014352236294106795 0.0661173369443077 3.846280909713038e-6 
0.0004859091832528751 0.04631650446822964 -3.3587153710105986e-12 
0.0003880628553675749 0.05507202956869785 -4.061927430610613e-12 
0.0004859713573915747 0.04631837316077369 1.5444489221541149e-6 
0.00038809324904224586 0.05507526868620825 2.714983566943441e-6 
0.0005312344708812884 0.025858872260427587 -1.8597479003769747e-12 
0.0005122199942719302 0.03631539571920841 -2.613403492608366e-12 
0.0005313494817786666 0.025858007305487974 -6.8587932419127e-7 
0.0005122585566702078 0.03631615470155195 6.337611499180281e-7 
0.000374791458610594 0.00760663321247728 -5.580365437645966e-13 
0.0004571602310987301 0.015951049930640643 -1.1538439509380682e-12 
0.0003750236597430548 0.007603208828240773 -2.712834934341952e-6 
0.0004571726732337564 0.015948540631299905 -2.1302002639956823e-6 
0.00019056526765446515 0.0019315824216895783 -1.477215946071057e-13 
0.00019046512609609845 0.0019249817530112923 -5.63563410679771e-6 
8.389938718796477e-14 0.007602688588637096 -7.438760480283872e-13 
4.473411698491759e-14 0.0019237584336868755 -1.9601467156359291e-13 
0.0003750236593465571 0.007603208819712555 -2.712835087084405e-6 
0.00019046512589381974 0.0019249817508487093 -5.635634134781009e-6 
1.1126526219526306e-13 0.02585787590231948 -2.4199890320562476e-12 
1.0103424626372873e-13 0.015948085271562988 -1.525402730713826e-12 
0.0005313494813997761 0.025858007280321962 -6.858798219775194e-7 
0.00045717267283978816 0.015948540614368054 -2.1302005870031265e-6 
9.137079135402282e-14 0.046318695904231225 -4.145047239904877e-12 
1.0403758606736298e-13 0.03631628559832319 -3.3249283748023336e-12 
0.00048597135736792223 0.04631837312683151 1.5444482161751207e-6 
0.0005122585564646017 0.036316154670125445 6.337605106228025e-7 
3.846833184507953e-14 0.06182221145524572 -5.249226699046343e-12 
6.669802955421233e-14 0.055075835639624184 -4.8081065550496765e-12 
0.00028530715514993906 0.06182156914700765 3.0898683081663912e-6 
0.0003880932492635296 0.055075268654304586 2.7149829054349285e-6 
-2.1942438722425547e-14 0.06755594587737399 -5.376500224348984e-12 
7.569292464030719e-15 0.06611814024064185 -5.439381004399211e-12 
3.487213795524298e-13 0.06755518997935844 3.6372366629100157e-6 
0.00014352236353025295 0.0661173369309373 3.846280720942685e-6 
-6.71303177339232e-14 0.061822211480194345 -4.61682401323886e-12 
-4.585989997362483e-14 0.06611814025436512 -5.091609092969484e-12 
-0.0002853071546868246 0.061821569171955366 3.089868917803593e-6 
-0.0001435223629427213 0.06611733694465995 3.846281056515382e-6 
-8.718810227394841e-14 0.046318695938386216 -3.3144183328476533e-12 
-7.863462531706293e-14 0.055075835671797434 -4.005868602104813e-12 
-0.00048597135739433334 0.04631837316098546 1.5444490105180836e-6 
-0.00038809324904520156 0.055075268686476574 2.714983678806914e-6 
-8.886384184771143e-14 0.02585787592762706 -1.8303989147892576e-12 
-8.962178362352734e-14 0.036316285629928786 -2.5763187305400544e-12 
-0.0005313494817811664 0.025858007305629125 -6.858792653408744e-7 
-0.000512258556672456 0.03631615470173006 6.337612240752536e-7 
-6.215626106944406e-14 0.007602688597232396 -5.442897228987092e-13 
-7.767170730689379e-14 0.015948085288598833 -1.1324001361082417e-12 
-0.00037502365974497625 0.007603208828308136 -2.7128349063086697e-6 
-0.00045717267323591265 0.015948540631403843 -2.130200220664738e-6 
-3.2753470149656266e-14 0.0019237584358770489 -1.422305604321629e-13 
-0.00019046512609784727 0.0019249817530401418 -5.635634094716414e-6 
-0.0003750236591787867 0.0076032088197121326 2.712833599416994e-6 
-0.00019046512580434146 0.0019249817508476066 5.635633742980973e-6 
-0.0005313494811772608 0.025858007280322014 6.858749819887839e-7 
-0.00045717267263772085 0.015948540614367714 2.1301975362716866e-6 
-0.00048597135718517914 0.0463183731268319 -1.5444565063338381e-6 
-0.0005122585562565316 0.03631615467012569 -6.337671605281134e-7 
-0.0002853071550730023 0.06182156914700841 -3.0898788067127696e-6 
-0.00038809324913013964 0.05507526865430515 -2.714992521792278e-6 
-3.9260176742943046e-13 0.06755518997935929 -3.6372474159762604e-6 
-0.00014352236351511394 0.06611733693093788 -3.846291599869678e-6 
0.00028530715455256063 0.061821569171955776 -3.0898781514982594e-6 
0.00014352236285101067 0.06611733694466038 -3.846291239852846e-6 
0.0004859713572199598 0.046318373160985665 -1.5444556393702291e-6 
0.00038809324888793614 0.05507526868647676 -2.714991690578706e-6 
0.0005313494816034491 0.025858007305629017 6.858756045504242e-7 
0.0005122585564932164 0.03631615470173008 -6.3376637670352e-7 
0.00037502365962068337 0.007603208828307782 2.7128338178032687e-6 
0.0004571726730805694 0.015948540631403524 2.1301979559323858e-6 
0.00019046512603233175 0.001924981753039331 5.6356338104243384e-6 

VECTORS eigenmode2 float
0.0 0.0 0.0 
0.0 0.0 0.0 
0.0 0.0 0.0 
0.0 0.0 0.0 
0.0 0.0 0.0 
0.0 0.0 0.0 
0.0 0.0 0.0 
0.0 0.0 0.0 
0.0 0.0 0.0 
0.0 0.0 0.0 
0.0 0.0 0.0 
0.0 0.0 0.0 
0.0 0.0 0.0 
0.0 0.0 0.0 
0.0 0.0 0.0 
0.0 0.0 0.0 
0.0 0.0 0.0 
0.0 0.0 0.0 
0.0 0.0 0.0 
0.0 0.0 0.0 
0.0 0.0 0.0 
0.0 0.0 0.0 
0.0 0.0 0.0 
0.0 0.0 0.0 
0.0 0.0 0.0 
0.0 0.0 0.0 
0.0 0.0 0.0 
0.0 0.0 0.0 
0.0 0.0 0.0 
0.0 0.0 0.0 
0.0 0.0 0.0 
0.0 0.0 0.0 
0.0017735762184136364 9.810845862367336e-6 0.007757150037994809 
0.0025110920504899446 2.2907336947890633e-6 0.025996502021827537 
0.0022953250560494047 -6.381338665693241e-6 0.04635144614667842 
0.001347118948228073 -1.2480924148807179e-5 0.06174891282264424 
3.427473350573622e-13 -1.4650575583253697e-5 0.06743976874320737 
-0.001347118947780147 -1.2480913072764946e-5 0.06174891282281541 
-0.0022953250560582296 -6.3813231753843625e-6 0.0463514461468252 
-0.002511092050859875 2.29074544548077e-6 0.02599650202197331 
-0.0017735762188235851 9.810849942969298e-6 0.007757150038044979 
0.0009328131847804633 2.315529283019763e-5 0.0020422573474892245 
0.0021945932000011622 8.612586850789247e-6 0.016111590083865 
0.0024479535422059916 -2.464706878420871e-6 0.036401500247497276 
0.0018513311976919068 -1.0688457663533061e-5 0.05504164830469499 
0.0006841870818522662 -1.5140488107456391e-5 0.06600203801121876 
-0.0006841870812778263 -1.5140482061336533e-5 0.06600203801134116 
-0.0018513311974749308 -1.0688443234159441e-5 0.05504164830484972 
-0.0024479535423951658 -2.4646923796095426e-6 0.0364015002476529 
-0.0021945932003994144 8.612594862760846e-6 0.016111590083963588 
-0.0009328131849920026 2.315529387047111e-5 0.0020422573475135197 
-0.0017735762187153282 -9.81084897258878e-6 0.007757150037995787 
-0.002511092050673548 -2.2907417323797902e-6 0.02599650202182197 
-0.0022953250558790986 6.381330491097333e-6 0.04635144614666987 
-0.0013471189476833006 1.2480923175196287e-5 0.06174891282263895 
3.0488312942378276e-13 1.4650586685889398e-5 0.06743976874320987 
0.0013471189481255301 1.2480934234803766e-5 0.061748912822825526 
0.002295325055866103 6.381345906915349e-6 0.046351446146836534 
0.0025110920503244763 -2.290730041816389e-6 0.025996502021977314 
0.0017735762183302606 -9.810844918475646e-6 0.0077571500380404805 
-0.0009328131849373022 -2.315529362677343e-5 0.002042257347498698 
-0.002194593200248966 -8.61259272275857e-6 0.016111590083861677 
-0.002447953542214189 2.464697883569166e-6 0.03640150024748773 
-0.0018513311973332488 1.068845214862975e-5 0.05504164830468463 
-0.0006841870812496136 1.5140492912277993e-5 0.06600203801121579 
0.0006841870817793473 1.514049895084475e-5 0.06600203801134935 
0.0018513311975516485 1.0688466531540789e-5 0.0550416483048647 
0.002447953542026919 2.4647123084997474e-6 0.0364015002476623 
0.0021945931998787727 -8.612584753213707e-6 0.016111590083962304 
0.0009328131847393279 -2.3155292598114433e-5 0.0020422573474983027 
0.0017735762187133352 -9.810848925214099e-6 0.007757150038015455 
0.002511092050671079 -2.290741633185451e-6 0.025996502021863065 
0.0022953250558756257 6.3813306514887275e-6 0.04635144614673644 
0.0013471189476801592 1.2480923410649957e-5 0.06174891282273677 
-3.0748511724089575e-13 1.4650586931808941e-5 0.06743976874331235 
-0.0013471189481272774 1.248093448710124e-5 0.06174891282293091 
-0.0022953250558663866 6.38134614137092e-6 0.046351446146934566 
-0.0025110920503228114 -2.2907298821017e-6 0.025996502022043892 
-0.0017735762183283671 -9.810844844739409e-6 0.007757150038071056 
0.0009328131849355673 -2.315529360680002e-5 0.002042257347507025 
0.0021945932002468294 -8.61259264888646e-6 0.01611159008389252 
0.002447953542211291 2.4646980121036966e-6 0.03640150024754124 
0.0018513311973294543 1.068845234914005e-5 0.05504164830476823 
0.0006841870812472576 1.5140493156406935e-5 0.06600203801131747 
-0.0006841870817817521 1.5140499203247459e-5 0.06600203801145464 
-0.0018513311975529166 1.0688466778597504e-5 0.055041648304967654 
-0.002447953542025922 2.4647125111243737e-6 0.03640150024774672 
-0.002194593199877028 -8.612584636871638e-6 0.016111590084010773 
-0.0009328131847372457 -2.315529256685619e-5 0.0020422573475113964 
-0.0017735762184125 9.810845814972817e-6 0.007757150038014605 
-0.002511092050489268 2.2907335955745326e-6 0.025996502021869036 
-0.0022953250560486687 -6.381338826092882e-6 0.046351446146745336 
-0.0013471189482286588 -1.2480924384172632e-5 0.06174891282274274 
-3.4469380742739486e-13 -1.4650575829647674e-5 0.06743976874330972 
0.0013471189477779525 -1.2480913325370893e-5 0.06174891282292042 
0.0022953250560554736 -6.381323410165721e-6 0.046351446146922735 
0.0025110920508563 2.2907452858339253e-6 0.025996502022039694 
0.001773576218820688 9.810849869221006e-6 0.00775715003807574 
-0.0009328131847791718 2.3155292810238297e-5 0.002042257347497563 
-0.0021945932000003218 8.612586776906759e-6 0.0161115900838958 
-0.0024479535422053545 -2.464707007021088e-6 0.036401500247551 
-0.0018513311976911418 -1.068845786409068e-5 0.05504164830477873 
-0.000684187081854216 -1.5140488351317695e-5 0.0660020380113205 
0.0006841870812758471 -1.514048231364015e-5 0.06600203801144613 
0.0018513311974727139 -1.06884434813847e-5 0.0550416483049527 
0.0024479535423917063 -2.4646925823916675e-6 0.036401500247737445 
0.00219459320039618 8.612594746457248e-6 0.016111590084012035 
0.0009328131849893717 2.3155293839197458e-5 0.002042257347526542 
0.0 0.0 0.0 
0.0 0.0 0.0 
0.0 0.0 0.0 
0.0 0.0 0.0 
0.0 0.0 0.0 
0.0 0.0 0.0 
0.0 0.0 0.0 
0.0 0.0 0.0 
0.0 0.0 0.0 
0.0 0.0 0.0 
0.0 0.0 0.0 
0.0 0.0 0.0 
0.0 0.0 0.0 
0.0 0.0 0.0 
0.0 0.0 0.0 
0.0 0.0 0.0 
0.0 0.0 0.0 
0.0 0.0 0.0 
-1.5065111274930492e-13 -1.5557635643305903e-12 0.0077447249880333805 
-9.171450497495365e-14 -4.015283544210318e-12 0.025993707938066924 
8.51747645706743e-14 -4.082040784733253e-12 0.04635943784210464 
2.723408720789032e-13 -4.833884848860119e-13 0.061764409344470354 
3.236838314550604e-13 5.549335454361637e-12 0.0674579261054512 
1.7264761503827814e-13 1.0574500549755396e-11 0.061764409344649274 
-9.598306578613e-14 1.135834639303783e-11 0.0463594378422613 
-2.675968804597811e-13 7.699308651297455e-12 0.02599370793821785 
-2.4642397243455486e-13 2.5151290558248838e-12 0.007744724988080731 
0.0008808542240730481 4.98999955833938e-6 0.007748000260124556 
-7.844906269367974e-14 -4.0385521598088135e-13 0.0020150244931449604 
0.0004653615707663685 1.151432865769361e-5 0.002021697216663915 
-0.0008808542243747343 -4.990002669507871e-6 0.007748000260125096 
-0.00046536157092320527 -1.1514329462664919e-5 0.0020216972166685796 
0.0012486241729218659 1.1531275456753026e-6 0.025994427373419185 
-1.2386992541622337e-13 -2.934022130134939e-12 0.016101404443469126 
0.001097772803815284 4.284897592122069e-6 0.016103907885577386 
-0.0012486241731054677 -1.1531355780649138e-6 0.025994427373416392 
-0.0010977728040630708 -4.284903461148998e-6 0.016103907885575742 
0.0011420927277309503 -3.2367713917081176e-6 0.046357365204228784 
-4.086725095384843e-15 -4.4916340419183326e-12 0.036404318517533105 
0.0012246444590899863 -1.2140518984755842e-6 0.03640364321374605 
-0.0011420927275606321 3.236763225131502e-6 0.04635736520422453 
-0.0012246444590981826 1.2140429121506024e-6 0.03640364321374125 
0.000670498842301727 -6.3136339400082025e-6 0.0617604142965815 
1.7931108028809064e-13 -2.751187809496521e-12 0.055054183086491765 
0.0009261483514559526 -5.304072845064261e-6 0.055051116351408885 
-0.0006704988417569159 6.313632971628976e-6 0.061760414296578726 
-0.0009261483510972956 5.304067339483611e-6 0.05505111635140368 
3.3310787998014783e-13 -7.4068189688925315e-6 0.06745325178352365 
3.0124713432726916e-13 2.4042182440877046e-12 0.06601984542307163 
0.0003422659203858563 -7.520078581322508e-6 0.06601547746904478 
3.144913062230682e-13 7.406830069020523e-6 0.06745325178352479 
-0.00034226591978325105 7.520083388982506e-6 0.06601547746904332 
-0.0006704988418548883 -6.3136228756383775e-6 0.061760414296756556 
2.5071368445316575e-13 8.43998935610022e-12 0.06601984542320012 
-0.0003422659198225689 -7.520072542212813e-6 0.06601547746917039 
0.0006704988422002784 6.313644027807589e-6 0.06176041429676188 
0.00034226592032409435 7.5200894242110365e-6 0.0660154774691744 
-0.0011420927277407422 -3.2367559296345405e-6 0.04635736520438039 
3.834263988170096e-14 1.163973286702911e-11 0.055054183086659 
-0.0009261483512383293 -5.304058438603497e-6 0.055051116351569916 
0.001142092727548622 3.2367786501097496e-6 0.04635736520438642 
0.000926148351315031 5.304081722535058e-6 0.055051116351577334 
-0.0012486241732866386 1.1531392769281401e-6 0.025994427373567466 
-1.8406318000521825e-13 9.958913362923684e-12 0.03640431851769827 
-0.0012246444592788038 -1.214037426582426e-6 0.03640364321390653 
0.0012486241727512168 -1.1531238769103436e-6 0.025994427373569565 
0.0012246444589105864 1.2140573471343165e-6 0.03640364321391114 
-0.0008808542244768313 4.990003634955604e-6 0.007748000260173274 
-2.602725495254992e-13 5.0555078663475516e-12 0.016101404443568723 
-0.001097772804206604 4.284905592541968e-6 0.01610390788567653 
0.0008808542239835252 -4.989998606195606e-6 0.00774800026017097 
0.0010977728036859894 -4.2848954818954225e-6 0.016103907885675887 
-1.2641496021743302e-13 6.451255790874773e-13 0.002015024493156723 
-0.0004653615709746341 1.1514329706003168e-5 0.002021697216681817 
0.0004653615707219421 -1.1514328420150589e-5 0.0020216972166743103 
1.5020300607682744e-13 -1.5557513749048028e-12 0.007744724988053105 
9.082415674737131e-14 -4.015326496194242e-12 0.025993707938108287 
-8.652720265961855e-14 -4.08199513539999e-12 0.046359437842171385 
-2.7413898325799714e-13 -4.834419436769709e-13 0.06176440934456841 
-3.25978893712706e-13 5.5495545280228234e-12 0.06745792610555372 
-1.7458128782067078e-13 1.0574458111543227e-11 0.06176440934475476 
9.447246334565771e-14 1.1358425001341616e-11 0.04635943784235918 
2.6659647658126664e-13 7.699353375823777e-12 0.025993707938284323 
2.459146432784669e-13 2.5151024677195035e-12 0.007744724988111431 
7.823463309465385e-14 -4.0385113464296157e-13 0.00201502449315331 
0.0008808542243730879 -4.990002645813591e-6 0.007748000260144775 
0.00046536157092182123 -1.1514329452685861e-5 0.0020216972166769227 
-0.0008808542240722841 4.989999534643007e-6 0.007748000260144303 
-0.0004653615707654172 1.1514328647726848e-5 0.002021697216672263 
1.2323689977299816e-13 -2.934037106816893e-12 0.016101404443499924 
0.001248624173103355 -1.1531355284689773e-6 0.025994427373457567 
0.0010977728040612875 -4.28490342420679e-6 0.016103907885606557 
-0.001248624172921554 1.1531274961061339e-6 0.025994427373460603 
-0.0010977728038147729 4.284897555199977e-6 0.016103907885608153 
2.9490015424969452e-15 -4.4916789205833365e-12 0.036404318517586604 
0.0011420927275576473 3.236763305394312e-6 0.046357365204291255 
0.001224644459095691 1.2140429764546674e-6 0.036403643213794835 
-0.0011420927277306994 -3.236771472019634e-6 0.046357365204295724 
-0.001224644459089753 -1.2140519627355922e-6 0.03640364321379962 
-1.8081637071698353e-13 -2.7512981693912412e-12 0.055054183086575254 
0.0006704988417541133 6.3136330892466315e-6 0.06176041429667666 
0.0009261483510940263 5.304067439694178e-6 0.05505111635148732 
-0.000670498842302559 -6.313634057696067e-6 0.0617604142966797 
-0.0009261483514557045 -5.30407294523632e-6 0.05505111635149249 
-3.0345831079583026e-13 2.40422507735877e-12 0.06601984542317324 
-3.1702744033006775e-13 7.406830191988788e-6 0.06745325178362746 
0.0003422659197808987 7.520083510709142e-6 0.06601547746914484 
-3.3514427503680335e-13 -7.406819091790538e-6 0.06745325178362609 
-0.00034226592038789195 -7.5200787031215625e-6 0.06601547746914647 
-2.529011804949673e-13 8.439699571464653e-12 0.06601984542330526 
-0.0006704988422020665 6.313644153906925e-6 0.061760414296867065 
-0.00034226592032644024 7.520089550340353e-6 0.06601547746927967 
0.0006704988418527653 -6.313623001747964e-6 0.06176041429686172 
0.00034226591982055004 -7.520072668401535e-6 0.06601547746927539 
-4.0091665435084336e-14 1.1639652768761879e-11 0.055054183086762014 
-0.001142092727549188 3.23677876755557e-6 0.046357365204484455 
-0.0009261483513164237 5.304081846111813e-6 0.055051116351680265 
0.0011420927277382678 -3.236756046997437e-6 0.04635736520447815 
0.0009261483512362142 -5.304058562173291e-6 0.0550511163516728 
1.828608490383922e-13 9.958886954648779e-12 0.036404318517782724 
-0.0012486241727501818 -1.1531237970510594e-6 0.025994427373636098 
-0.0012246444589100781 1.2140574483759333e-6 0.03640364321399558 
0.0012486241732836277 1.1531391969731906e-6 0.025994427373633926 
0.0012246444592758706 -1.214037527874496e-6 0.036403643213991026 
2.5955395465536744e-13 5.055497102661686e-12 0.016101404443617174 
-0.0008808542239821839 -4.989998569285834e-6 0.007748000260201597 
-0.001097772803684798 -4.2848954237609315e-6 0.01610390788572436 
0.0008808542244744726 4.9900035980301995e-6 0.00774800026020405 
0.0010977728042039564 4.284905534430662e-6 0.016103907885724966 
1.2613117395955978e-13 6.451203000007721e-13 0.0020150244931697978 
-0.0004653615707204027 -1.151432840454371e-5 0.0020216972166874018 
0.0004653615709725341 1.1514329690388009e-5 0.002021697216694864 
0.0017744855558597976 -1.5313663394960043e-12 0.007759151851978479 
0.00251154916548725 -3.9698209384149675e-12 0.02599697773662746 
0.002295563703079712 -4.00793713003386e-12 0.04635014264744531 
0.0013472316101303219 -3.695973834930693e-13 0.06174635249018685 
1.765179970683958e-14 5.674539100523956e-12 0.06743676074954918 
-0.0013472316101299326 1.0708053499919402e-11 0.06174635249036928 
-0.0022955637030795013 1.1484169504248686e-11 0.046350142647618026 
-0.002511549165498091 7.782121511606977e-12 0.025996977736790702 
-0.001774485555872293 2.548692027367358e-12 0.007759151852031364 
0.0009324487944071078 -3.872810590879626e-13 0.002047114884174289 
0.0017742981596398234 4.925490431975844e-6 0.007758646672872835 
0.000932524443333828 1.1566003754523718e-5 0.002045904102381698 
0.0021946214487342467 -2.899379363674421e-12 0.01611339393251695 
0.002511456210865217 1.1538337925488749e-6 0.025996858323382253 
0.0021946134678271327 4.298561627251704e-6 0.016112944177485072 
0.002448092568941559 -4.4342090242118174e-12 0.03640097588014054 
0.002295515105812367 -3.1912219920605783e-6 0.04635047096061404 
0.00244806220755749 -1.2335404799866228e-6 0.036401106021195555 
0.0018514455087273666 -2.658238849744874e-12 0.055039399346182544 
0.0013472085288392284 -6.244915932650294e-6 0.061746996468156234 
0.0018514209952289358 -5.3423334605228975e-6 0.05503995946227086 
0.0006842292026523685 2.5240645313776896e-12 0.06599885626944592 
1.7976903467185527e-13 -7.330776923611865e-6 0.06743751709093809 
0.0006842202162336262 -7.567228056939876e-6 0.06599964904784274 
-0.0006842292026323981 8.571789636110448e-12 0.0659988562695757 
-0.0013472085286156522 -6.244904855468813e-6 0.06174699646833304 
-0.0006842202159363305 -7.56722200974588e-6 0.06599964904796878 
-0.001851445508730617 1.1773753031412392e-11 0.05503939934635953 
-0.0022955151058165124 -3.191206500392098e-6 0.04635047096077378 
-0.0018514209951221634 -5.342319029149785e-6 0.05503995946243678 
-0.002448092568943451 1.0066689762760207e-11 0.036400975880321 
-0.002511456211054867 1.1538455441252668e-6 0.025996858323536688 
-0.0024480622076530644 -1.233525979636629e-6 0.03640110602136356 
-0.0021946214487484766 5.112758201020664e-12 0.016113393932625366 
-0.0017742981598501367 4.92549451218729e-6 0.007758646672924305 
-0.0021946134680334464 4.298569639331797e-6 0.01611294417758862 
-0.0009324487944137141 6.501683416859019e-13 0.0020471148841886577 
-0.000932524443442936 1.1566004792713316e-5 0.002045904102401061 
0.0017742981597890577 -4.925493494749628e-6 0.007758646672883147 
0.0009325244434116466 -1.1566004529591646e-5 0.002045904102390611 
0.002511456210955456 -1.1538417318780343e-6 0.025996858323400054 
0.0021946134679502634 -4.298567425841478e-6 0.01611294417749884 
0.0022955151057256996 3.191213976596604e-6 0.046350470960643125 
0.0024480622075604046 1.2335316120880506e-6 0.0364011060212175 
0.0013472085285659925 6.244915193690668e-6 0.061746996468202454 
0.0018514209950479424 5.3423281445814425e-6 0.055039959462307546 
-1.4447611521529456e-13 7.330788272543209e-6 0.06743751709099055 
0.0006842202159310255 7.567233105305144e-6 0.06599964904789198 
-0.0013472085287887852 6.24492627113115e-6 0.06174699646839058 
-0.000684220216188373 7.5672391529139035e-6 0.06599964904802555 
-0.002295515105721132 3.1912294680479143e-6 0.046350470960828484 
-0.0018514209951612155 5.342342575922962e-6 0.05503995946249578 
-0.002511456210787484 -1.1538299801169104e-6 0.02599685832357198 
-0.0024480622074686182 1.2335461125945973e-6 0.036401106021410466 
-0.0017742981596037292 -4.925489414598643e-6 0.007758646672937363 
-0.0021946134677724026 -4.2985594137331645e-6 0.01611294417761222 
-0.0009325244433157504 -1.1566003491566986e-5 0.0020459041023999803 
-0.0017744855558602234 -1.5787481546276485e-12 0.007759151851978519 
-0.0025115491654881476 -4.069001379552739e-12 0.025996977736627583 
-0.002295563703081079 -4.168336950644946e-12 0.04635014264744554 
-0.0013472316101321767 -6.049762976250323e-13 0.06174635249018707 
-1.991333794203379e-14 5.428555763835286e-12 0.06743676074954896 
0.001347231610127957 1.0455759571672051e-11 0.06174635249036911 
0.0022955637030779804 1.12495162312992e-11 0.04635014264761767 
0.0025115491654971395 7.622444739665257e-12 0.025996977736790636 
0.0017744855558717877 2.4749144702755545e-12 0.007759151852031463 
-0.0017742981597900739 -4.925493542108196e-6 0.007758646672873325 
-0.0009324487944073281 -4.0724003062668827e-13 0.0020471148841742968 
-0.0009325244434124333 -1.1566004549556482e-5 0.002045904102386453 
-0.0025114562109569507 -1.1538418310264927e-6 0.02599685832337956 
-0.0021946214487348946 -2.9732671951856512e-12 0.016113393932516918 
-0.0021946134679514764 -4.298567499731724e-6 0.016112944177483417 
-0.0022955151057278667 3.1912138161984532e-6 0.046350470960609916 
-0.0024480925689426844 -4.562785736069495e-12 0.036400975880140546 
-0.002448062207562196 1.2335314835299632e-6 0.03640110602119071 
-0.0013472085285683314 6.2449149582769454e-6 0.06174699646815368 
-0.0018514455087288767 -2.858777920933334e-12 0.05503939934618252 
-0.0018514209950503094 5.342327944058171e-6 0.055039959462265683 
1.4208876127252023e-13 7.330788026680197e-6 0.0674375170909392 
-0.000684229202654532 2.2801922345477854e-12 0.06599885626944596 
-0.0006842202159332725 7.567232861363358e-6 0.06599964904784134 
0.0013472085287868892 6.244926018770943e-6 0.061746996468337964 
0.0006842292026302088 8.319350641321405e-12 0.06599885626957544 
0.0006842202161861078 7.567238900498106e-6 0.06599964904797274 
0.0022955151057200735 3.191229233456244e-6 0.04635047096077931 
0.0018514455087288739 1.1526665337001293e-11 0.05503939934635953 
0.001851420995159652 5.3423423287832995e-6 0.05503995946244424 
0.0025114562107875172 -1.1538301397748783e-6 0.02599685832353869 
0.0024480925689422143 9.864059844759499e-12 0.036400975880321 
0.002448062207468227 1.233545909945464e-6 0.03640110602136826 
0.001774298159604131 -4.925489488351859e-6 0.007758646672922109 
0.0021946214487477333 4.996493380492158e-12 0.016113393932625373 
0.002194613467772603 -4.298559530017124e-6 0.016112944177587987 
0.0009324487944134389 6.189173554494759e-13 0.002047114884188618 
0.0009325244433163619 -1.1566003522816327e-5 0.0020459041023934135 
-0.0017742981596396575 4.925490384587337e-6 0.007758646672882742 
-0.0009325244433334821 1.1566003734565417e-5 0.0020459041023858744 
-0.002511456210865516 1.1538336933613434e-6 0.025996858323403083 
-0.00219461346782722 4.298561553374354e-6 0.01611294417750047 
-0.002295515105812933 -3.191222152475915e-6 0.04635047096064757 
-0.0024480622075579482 -1.2335406085857352e-6 0.036401106021222394 
-0.001347208528840596 -6.244916167977728e-6 0.06174699646820561 
-0.001851420995229595 -5.342333661067774e-6 0.055039959462312736 
-1.8190785170455512e-13 -7.330777169840408e-6 0.0674375170909891 
-0.0006842202162357085 -7.567228300799109e-6 0.06599964904789357 
0.0013472085286135923 -6.244905107910453e-6 0.06174699646838542 
0.0006842202159342234 -7.56722226209418e-6 0.06599964904802114 
0.002295515105814519 -3.191206735145044e-6 0.04635047096082245 
0.0018514209951202415 -5.3423192763213284e-6 0.055039959462488165 
0.0025114562110529178 1.1538453844202367e-6 0.025996858323569898 
0.0024480622076509945 -1.2335261822930836e-6 0.03640110602140583 
0.0017742981598487192 4.9254944384176584e-6 0.007758646672939739 
0.002194613468031767 4.298569523071511e-6 0.016112944177612835 
0.0009325244434417806 1.1566004761459885e-5 0.002045904102407546 
-2.2666121056354246e-16 -1.5557083845784594e-12 0.007746828484859768 
-4.508823258524823e-16 -4.015953883484387e-12 0.02599419165335739 
-6.75316887836075e-16 -4.08290465991901e-12 0.0463580821565233 
-8.984831196284353e-16 -4.839057659908404e-13 0.06176176727430577 
-1.1562431024026412e-15 5.549869261796375e-12 0.06745482725821927 
-9.599805224635355e-16 1.057554246161107e-11 0.061761767274488504 
-7.568926045885788e-16 1.135943486512738e-11 0.04635808215669558 
-4.981097656652346e-16 7.699717616557681e-12 0.025994191653520793 
-2.5506874038434033e-16 2.5147106628877016e-12 0.007746828484912604 
-1.0669276323253685e-16 -4.028151673545533e-13 0.0020197983964830323 
-7.515417162639798e-14 -1.5557207291862803e-12 0.007746304171145123 
0.00088141187576439 -1.5436718681505779e-12 0.007750060153296259 
-3.92966814327458e-14 -4.030745035348582e-13 0.0020186049088952757 
0.0004651364887672889 -3.9647076140339727e-13 0.0020265042632406105 
0.000881273206627382 2.5033550071175512e-6 0.007749541481178839 
0.0004651923739987732 5.753281931414349e-6 0.002025306042939495 
-3.1366893451187286e-16 -2.9343542201544906e-12 0.01610318424495009 
-4.587575071302915e-14 -4.0157702115189316e-12 0.02599407062229723 
0.001248902051072823 -3.992010869757106e-12 0.02599490760769772 
-6.216210967007746e-14 -2.9342830190003314e-12 0.01610273878919764 
0.0010977920007799033 -2.916375022455244e-12 0.016105698442356684 
0.0012488330669162123 5.810447546028181e-7 0.02599478664843006 
0.0010977864523683222 2.1387813065105456e-6 0.016105251795935138 
-5.664427538062084e-16 -4.492711798641639e-12 0.03640381558414665 
4.225450531686182e-14 -4.082753677367653e-12 0.046358418854302065 
0.0011422372807287804 -4.044160771014975e-12 0.046356033862978575 
-2.3563182269139047e-15 -4.492426610937634e-12 0.036403942180012513 
0.0012247315069608053 -4.462019817001051e-12 0.03640313044011727 
0.0011422012277023824 -1.61742997666542e-6 0.04635636703634618 
0.0012247093224909955 -6.081962804640931e-7 0.0364032585674003 
-7.557312464168497e-16 -2.7522283734741625e-12 0.05505197970271433 
1.354791336511574e-13 -4.837313766233253e-13 0.06176242432597105 
0.0006705671031382984 -4.2606874633300763e-13 0.061757810562447085 
8.931381518196232e-14 -2.75197383909928e-12 0.05505253236976129 
0.0009262195033957559 -2.703724811503368e-12 0.05504889179327084 
0.0006705500025543463 -3.1573124991961296e-6 0.06175846228366632 
0.0009262015226069515 -2.6520730425041373e-6 0.05504944747619404 
-1.10148268305024e-15 2.403935697564487e-12 0.06601672031230153 
1.6091768510560035e-13 5.549747382511504e-12 0.06745559810559708 
8.051603435120622e-15 5.6118349976029946e-12 0.06745019560522565 
1.5015900888574965e-13 2.4040619483944857e-12 0.06601750387200361 
0.000342292092564993 2.464504537002368e-12 0.06601232597118216 
1.7022202750949666e-13 -3.704257925932405e-6 0.06745096055570277 
0.00034228549382368925 -3.7597171837561577e-6 0.06601311324367166 
-1.0934260396520333e-15 8.4405687839298e-12 0.06601672031243178 
8.565143599927348e-14 1.0575203403562181e-11 0.06176242432615194 
-0.0006705671031388683 1.064034806023205e-11 0.06175781056262971 
1.2489392529833392e-13 8.440476052163036e-12 0.06601750387213287 
-0.000342292092556119 8.504982301701365e-12 0.06601232597131239 
-0.0006705500023316692 -3.1573014333880443e-6 0.06175846228384524 
-0.0003422854935374538 -3.7597111437007098e-6 0.0660131132437995 
-8.754405007755387e-16 1.164131395961541e-11 0.05505197970289139 
-4.821664106109794e-14 1.1359099468259344e-11 0.04635841885446653 
-0.0011422372807294446 1.1419990005385041e-11 0.04635603386315096 
1.8740895959554386e-14 1.1640845479176914e-11 0.05505253236993344 
-0.0009262195033981495 1.1705262950675322e-11 0.055048891793447914 
-0.0011422012277074504 -1.6174145130592283e-6 0.046356367036508236 
-0.000926201522499315 -2.6520586341540063e-6 0.05504944747636308 
-6.017491424336538e-16 9.959902019654056e-12 0.03640381558432727 
-1.3370712248820142e-13 7.69960668633172e-12 0.025994070622454332 
-0.0012489020510786286 7.740315500719048e-12 0.025994907607861155 
-9.240832071121218e-14 9.959658059059798e-12 0.036403942180185396 
-0.001224731506962406 1.0011914296404178e-11 0.03640313044029785 
-0.0012488330671009211 5.810564866242988e-7 0.025994786648585896 
-0.001224709322586299 -6.081818070378918e-7 0.03640325856757085 
-3.5972561498568e-16 5.055368361306547e-12 0.01610318424505854 
-1.2302416682797968e-13 2.5148218158593548e-12 0.007746304171195165 
-0.000881411875770836 2.5324153403317183e-12 0.007750060153349074 
-1.3041011326941942e-13 5.055403158641782e-12 0.016102738789301664 
-0.0010977920007873207 5.084239466626602e-12 0.01610569844246512 
-0.0008812732068318523 2.5033590833547577e-6 0.007749541481229616 
-0.0010977864525678392 2.138789307098453e-6 0.016105251796038916 
-1.4023466427634965e-16 6.434703707130543e-13 0.0020197983964971924 
-6.328633449271541e-14 6.438792807379941e-13 0.0020186049089082466 
-0.00046513648877070886 6.490764732755439e-13 0.0020265042632548313 
-0.0004651923741046429 5.753282977668123e-6 0.0020253060429555746 
7.47061717236154e-14 -1.555718584155181e-12 0.007746304171154979 
3.9081737251205673e-14 -4.030711350662865e-13 0.0020186049088994577 
0.0008812732067768306 -2.5033580944886637e-6 0.007749541481188952 
0.00046519237407657675 -5.753282724865683e-6 0.0020253060429460093 
4.497588310956552e-14 -4.0157732941940676e-12 0.0259940706223179 
6.153366188503247e-14 -2.9342795766766277e-12 0.016102738789213034 
0.001248833067006556 -5.810527382851007e-7 0.025994786648449265 
0.0010977864524914925 -2.1387871391104906e-6 0.016105251795949713 
-4.36051597016521e-14 -4.082637922784845e-12 0.04635841885433545 
1.2256800180497633e-15 -4.4924701023961595e-12 0.03640394218003924 
0.001142201227615761 1.6174218889120253e-6 0.046356367036377424 
0.0012247093224939478 6.081873569252508e-7 0.036403258567424684 
-1.3727572356041074e-13 -4.838114492042923e-13 0.06176242432602011 
-9.082431686316305e-14 -2.752015532327509e-12 0.05505253236980312 
0.0006705500022810655 3.1573116474818544e-6 0.06175846228371399 
0.0009262015224259683 2.652067635565618e-6 0.055049447476233235 
-1.6321938716403475e-13 5.549816570920086e-12 0.06745559810564847 
-1.523658752236262e-13 2.4040175578225246e-12 0.06601750387205439 
-1.5412453032192097e-13 3.704269149420354e-6 0.0674509605557547 
0.0003422854935210509 3.759722112833086e-6 0.06601311324372167 
-8.758126827785936e-14 1.0575279725545663e-11 0.061762424326204685 
-1.2707651795443452e-13 8.440371022733466e-12 0.06601750387218545 
-0.0006705500025048722 3.1573227133331507e-6 0.06175846228390048 
-0.0003422854937895357 3.7597281531976498e-6 0.06601311324385417 
4.670159833941722e-14 1.1359158064841965e-11 0.046358418854515485 
-2.0491248911190754e-14 1.1640892361581011e-11 0.05505253236998495 
-0.0011422012276120176 1.6174373525404658e-6 0.04635636703656023 
-0.0009262015225383827 2.6520820439502517e-6 0.05504944747641829 
1.3270918033699077e-13 7.699624951200252e-12 0.025994070622487517 
9.120303229953034e-14 9.959643159451196e-12 0.03640394218022766 
-0.0012488330668334474 -5.810410061894288e-7 0.025994786648620215 
-0.0012247093224018466 6.082018303496559e-7 0.03640325856761538 
1.225131927736933e-13 2.5148079566484075e-12 0.007746304171210502 
1.296922653869905e-13 5.0553934482046084e-12 0.0161027387893259 
-0.0008812732065852483 -2.503354018303208e-6 0.007749541481243778 
-0.0010977864523068074 -2.1387791385340146e-6 0.01610525179606282 
6.300719974809112e-14 6.438772898416541e-13 0.0020186049089147957 
-0.00046519237397754973 -5.753281678694865e-6 0.0020253060429583636 
-0.0008814118757648313 -1.567380764431556e-12 0.007750060153296299 
-0.00046513648876750417 -4.0643544068038493e-13 0.0020265042632406126 
-0.0008812732067778446 -2.5033581182087673e-6 0.00774954148117913 
-0.0004651923740773425 -5.753282734832954e-6 0.0020253060429418364 
-0.0012489020510737265 -4.041585587020705e-12 0.02599490760769793 
-0.0010977920007805377 -2.953308752526188e-12 0.016105698442356632 
-0.0012488330670080315 -5.810527879302829e-7 0.025994786648428764 
-0.0010977864524926689 -2.138787176027831e-6 0.01610525179593429 
-0.00114223728073015 -4.1244130483261095e-12 0.04635603386297864 
-0.0012247315069619314 -4.526276305740296e-12 0.03640313044011727 
-0.0011422012276178929 1.6174218086412263e-6 0.0463563670363441 
-0.00122470932249572 6.081872926544531e-7 0.0364032585673979 
-0.0006705671031401111 -5.435910965236551e-13 0.06175781056244722 
-0.0009262195033972722 -2.8039659992999583e-12 0.055048891793270875 
-0.0006705500022833434 3.1573115298831822e-6 0.06175846228366507 
-0.0009262015224283077 2.6520675353402545e-6 0.05504944747619141 
-1.0335916608418174e-14 5.488722993798026e-12 0.06745019560522537 
-0.0003422920925671882 2.3425124700810866e-12 0.06601232597118237 
1.5172381007661404e-13 3.704269026350596e-6 0.06745096055570331 
-0.0003422854935233233 3.759721990948476e-6 0.066013113243671 
0.0006705671031369081 1.0513979168934755e-11 0.061757810562629516 
0.0003422920925539347 8.378737166695779e-12 0.06601232597131225 
0.0006705500025029895 3.157322587135502e-6 0.06175846228384775 
0.00034228549378727496 3.7597280269839965e-6 0.0660131132438015 
0.001142237280727927 1.1302682776943538e-11 0.04635603386315068 
0.0009262195033963948 1.1581685348137216e-11 0.055048891793447824 
0.0011422012276109488 1.617437235178186e-6 0.046356367036511074 
0.0009262015225368041 2.652081920355232e-6 0.05504944747636678 
0.0012489020510776424 7.660468393336687e-12 0.02599490760786107 
0.0012247315069611876 9.910596511614835e-12 0.036403130440297894 
0.00124883306683342 -5.810410860227669e-7 0.025994786648586923 
0.001224709322401442 6.082017290569692e-7 0.036403258567573156 
0.0008814118757703278 2.495502574692351e-12 0.007750060153349135 
0.0010977920007865928 5.026118462271451e-12 0.016105698442465115 
0.0008812732065856146 -2.5033540552238216e-6 0.0077495414812285114 
0.0010977864523069873 -2.138779196653298e-6 0.016105251796038583 
0.0004651364887704307 6.334771524205324e-13 0.0020265042632548096 
0.0004651923739781253 -5.75328169429363e-6 0.0020253060429517985 
-0.0008812732066272512 2.5033549834170937e-6 0.0077495414811887256 
-0.0004651923739984399 5.753281921450132e-6 0.002025306042943674 
-0.0012488330669165372 5.810447050365011e-7 0.02599478664845086 
-0.001097786452368416 2.1387812695866545e-6 0.016105251795950515 
-0.0011422012277029856 -1.6174300569008197e-6 0.04635636703637969 
-0.0012247093224914787 -6.081963447169083e-7 0.03640325856742709 
-0.0006705500025556956 -3.1573126167479448e-6 0.06175846228371555 
-0.0009262015226076365 -2.6520731427181465e-6 0.05504944747623583 
-1.7239100100584396e-13 -3.7042580489137263e-6 0.06745096055575388 
-0.00034228549382580334 -3.7597173057160365e-6 0.06601311324372254 
0.0006705500023296353 -3.1573015596016455e-6 0.061758462283897704 
0.0003422854935353467 -3.7597112699956816e-6 0.06601311324385196 
0.0011422012277054784 -1.6174146303632972e-6 0.04635636703655692 
0.0009262015224973869 -2.652058757699626e-6 0.055049447476414506 
0.0012488330670989774 5.810564067413297e-7 0.025994786648619095 
0.0012247093225842731 -6.081819083484838e-7 0.03640325856761312 
0.000881273206830466 2.503359046430175e-6 0.007749541481245035 
0.0010977864525662045 2.1387892489693307e-6 0.016105251796063126 
0.00046519237410350795 5.753282962066321e-6 0.002025306042962094 

VECTORS eigenmode3 float
0.0 0.0 0.0 
0.0 0.0 0.0 
0.0 0.0 0.0 
0.0 0.0 0.0 
0.0 0.0 0.0 
0.0 0.0 0.0 
0.0 0.0 0.0 
0.0 0.0 0.0 
0.0 0.0 0.0 
0.0 0.0 0.0 
0.0 0.0 0.0 
0.0 0.0 0.0 
0.0 0.0 0.0 
0.0 0.0 0.0 
0.0 0.0 0.0 
0.0 0.0 0.0 
0.0 0.0 0.0 
0.0 0.0 0.0 
0.0 0.0 0.0 
0.0 0.0 0.0 
0.0 0.0 0.0 
0.0 0.0 0.0 
0.0 0.0 0.0 
0.0 0.0 0.0 
0.0 0.0 0.0 
0.0 0.0 0.0 
0.0 0.0 0.0 
0.0 0.0 0.0 
0.0 0.0 0.0 
0.0 0.0 0.0 
0.0 0.0 0.0 
0.0 0.0 0.0 
0.0017405017376145911 0.01786085987476689 1.0866334036316002e-5 
0.0014728125759603096 0.0504299025016529 -2.2706651631177114e-5 
-0.00011739502795933691 0.0641779434228578 -4.0153057040736744e-5 
-0.0018415999979506385 0.04446428226845426 -2.9839000887258156e-5 
-0.0025704424209630574 1.9519068315465126e-11 8.258145743407445e-12 
-0.0018415999988241985 -0.044464282234975706 2.9839016015096594e-5 
-0.00011739502918680695 -0.06417794340172124 4.015306846624507e-5 
0.0014728125748552016 -0.05042990249232644 2.2706658119859644e-5 
0.0017405017369580302 -0.01786085987265394 -1.0866332049789983e-5 
0.0008983574130215213 0.004549989834489968 5.414523023838335e-5 
0.0016323596653869171 0.03481908095287987 -7.324440945526915e-6 
0.0006890830855735919 0.06129327999606141 -4.4122303518463464e-5 
-0.000986785604271619 0.05864510742155794 -4.764848736710773e-5 
-0.002226244120189434 0.02405977492780493 -2.0115697288929277e-5 
-0.0022262441206356023 -0.024059774890173042 2.0115713449812408e-5 
-0.0009867856053336285 -0.05864510739391307 4.764850087479749e-5 
0.0006890830843943465 -0.06129327998128209 4.412231254146916e-5 
0.0016323596644935874 -0.034819080947850536 7.3244450057264885e-6 
0.0008983574126866844 -0.00454998983400933 -5.414522969137889e-5 
0.0017405017373133477 0.017860859875144977 -1.0866332539320066e-5 
0.0014728125754477407 0.05042990250244049 2.270665683104515e-5 
-0.00011739502852628708 0.06417794342383124 4.015306693770977e-5 
-0.0018415999983862432 0.04446428226943414 2.983901502129897e-5 
-0.0025704424211120407 2.035729803510838e-11 8.271427794200013e-12 
-0.0018415999986070896 -0.04446428223430056 -2.983899987804054e-5 
-0.0001173950286674279 -0.06417794340115009 -4.015305551166698e-5 
0.0014728125755307704 -0.050429902491959284 -2.2706650353318514e-5 
0.0017405017374914253 -0.0178608598724818 1.086633451435899e-5 
0.0008983574128731894 0.004549989834646999 -5.414522982683302e-5 
0.0016323596649742954 0.03481908095347255 7.324444080160009e-6 
0.0006890830850231287 0.0612932799969761 4.412231103228206e-5 
-0.0009867856047805718 0.058645107422556964 4.764849953430723e-5 
-0.0022262441204891057 0.024059774928724246 2.0115712926901246e-5 
-0.002226244120601364 -0.024059774889419752 -2.0115696735548423e-5 
-0.0009867856049589525 -0.0586451073932987 -4.764848601869946e-5 
0.0006890830850020974 -0.061293279980819515 -4.412230201923212e-5 
0.0016323596651167162 -0.03481908094758066 -7.3244400352286745e-6 
0.0008983574129692374 -0.0045499898339436675 5.4145230359870086e-5 
-0.001740501737301309 0.017860859874764566 -1.086633269777233e-5 
-0.0014728125754385664 0.050429902501651545 2.270665650227067e-5 
0.00011739502852713525 0.0641779434228584 4.015306653252884e-5 
0.0018415999983816126 0.04446428226845672 2.9839014614061805e-5 
0.0025704424211050914 1.9522727212897793e-11 7.92374395460999e-12 
0.0018415999986014146 -0.04446428223497152 -2.9839000157333317e-5 
0.00011739502866253599 -0.0641779434017184 -4.015305574837683e-5 
-0.0014728125755355983 -0.05042990249232625 -2.2706650506076806e-5 
-0.0017405017374970276 -0.0178608598726564 1.0866334441713141e-5 
-0.0008983574128612356 0.004549989834485954 -5.414522989406385e-5 
-0.0016323596649630047 0.034819080952877585 7.324443832214739e-6 
-0.0006890830850189813 0.06129327999606097 4.412231065098938e-5 
0.000986785604779357 0.05864510742155945 4.7648499118634466e-5 
0.0022262441204829774 0.024059774927808215 2.011571254520689e-5 
0.0022262441205951056 -0.024059774890169014 -2.0115697047719918e-5 
0.0009867856049555034 -0.05864510739390973 -4.7648486273194924e-5 
-0.0006890830850084104 -0.061293279981280355 -4.412230221142713e-5 
-0.0016323596651222642 -0.034819080947852146 -7.324440148280345e-6 
-0.0008983574129748371 -0.00454998983401646 5.41452303294991e-5 
-0.0017405017376274142 0.017860859875147305 1.0866333877914257e-5 
-0.0014728125759711312 0.05042990250244186 -2.2706651959750007e-5 
0.00011739502795596137 0.06417794342383067 -4.0153057446058564e-5 
0.001841599997951594 0.04446428226943223 -2.9839001295164564e-5 
0.002570442420966559 2.0353831508263287e-11 7.91021616316486e-12 
0.0018415999988275606 -0.044464282234304056 2.9839015735117524e-5 
0.00011739502919065182 -0.06417794340115257 4.015306822901042e-5 
-0.0014728125748502158 -0.05042990249195948 2.270665796684331e-5 
-0.001740501736952409 -0.017860859872479148 -1.0866332122651254e-5 
-0.000898357413033852 0.0045499898346510305 5.414523017116918e-5 
-0.0016323596653996188 0.03481908095347495 -7.324441193544803e-6 
-0.0006890830855797829 0.061293279996976764 -4.4122303899725225e-5 
0.000986785604269931 0.05864510742255551 -4.7648487782574384e-5 
0.002226244120191663 0.02405977492872101 -2.0115697670581174e-5 
0.0022262441206387508 -0.02405977488942391 2.011571313771474e-5 
0.0009867856053354762 -0.05864510739330216 4.764850062032041e-5 
-0.0006890830843884148 -0.061293279980821354 4.412231234973047e-5 
-0.0016323596644878414 -0.03481908094757891 7.324444892717463e-6 
-0.00089835741268111 -0.004549989833936578 -5.414522972172377e-5 
0.0 0.0 0.0 
0.0 0.0 0.0 
0.0 0.0 0.0 
0.0 0.0 0.0 
0.0 0.0 0.0 
0.0 0.0 0.0 
0.0 0.0 0.0 
0.0 0.0 0.0 
0.0 0.0 0.0 
0.0 0.0 0.0 
0.0 0.0 0.0 
0.0 0.0 0.0 
0.0 0.0 0.0 
0.0 0.0 0.0 
0.0 0.0 0.0 
0.0 0.0 0.0 
0.0 0.0 0.0 
0.0 0.0 0.0 
0.0017384385351682597 0.017874944196699643 7.471172437695088e-13 
0.0014718561963009606 0.05040248611641877 2.598955070358624e-12 
-0.00011748352425865568 0.06412915856751374 4.948817735147352e-12 
-0.0018410360246446428 0.04442802123127362 7.0680931589071695e-12 
-0.002569622879468182 1.993015065905463e-11 8.266933706326694e-12 
-0.0018410360251916117 -0.04442802119697654 8.070732761294142e-12 
-0.00011748352494270039 -0.06412915854560515 6.478531249126944e-12 
0.0014718561957899976 -0.05040248610650779 3.883442559134426e-12 
0.0017384385349290719 -0.017874944194304597 1.2307351407716814e-12 
0.0017403926193664738 0.01787121178700572 5.750378421694747e-6 
0.0008988229962766535 0.004613737990117362 2.034301467603807e-13 
0.0008983974554116738 0.00459805216632628 2.6677999516685583e-5 
0.0017403926192198398 0.017871211787194922 -5.750376926756989e-6 
0.000898397455340957 0.004598052166404689 -2.6677999108646146e-5 
0.0014727783466983002 0.050409378506902094 -1.1421245964889487e-5 
0.0016321101645150205 0.03481018676926492 1.5658232244779567e-12 
0.0016323218819203587 0.03481242954925251 -3.683612541278791e-6 
0.0014727783464459198 0.05040937850729564 1.1421251163426684e-5 
0.0016323218817172237 0.03481242954954877 3.6836156736639347e-6 
-0.00011739465389224731 0.06414148126287364 -2.0274415017812965e-5 
0.0006888941979795361 0.06124069850446054 3.7565880548544515e-12 
0.0006890609578881992 0.06125376664547026 -2.1936684848262337e-5 
-0.00011739465417377095 0.06414148126336038 2.02744249152956e-5 
0.000689060957614255 0.06125376664592774 2.1936692361536746e-5 
-0.0018415739405563069 0.04443718155752828 -1.5066635513550878e-5 
-0.0009866594316474565 0.058588333894012766 6.084534870717207e-12 
-0.0009867747201352287 0.05860244244423549 -2.3690215732304357e-5 
-0.0018415739407737224 0.04443718155801781 1.5066649649352276e-5 
-0.0009867747203898029 0.05860244244473517 2.3690227900888586e-5 
-0.0025704057664894695 1.9722715689652812e-11 8.263062423895856e-12 
-0.0022258791555559627 0.024035805100778955 7.8209233370209e-12 
-0.0022262105489662407 0.024041762176604687 -1.0002131309931099e-5 
-0.0025704057665648376 2.0141746767024882e-11 8.269733129690999e-12 
-0.002226210549117273 0.024041762177064406 1.0002146950800891e-5 
-0.0018415739412656316 -0.044437181523642504 1.5066650647821527e-5 
-0.0022258791558350936 -0.024035805062329038 8.359604690472833e-12 
-0.002226210549328875 -0.024041762138568328 1.0002147481745903e-5 
-0.0018415739411587837 -0.04443718152330511 -1.5066634507460985e-5 
-0.0022262105493130475 -0.02404176213819161 -1.0002130763776369e-5 
-0.00011739465484595704 -0.06414148124135119 2.0274426444741908e-5 
-0.0009866594322675947 -0.0585883338655671 7.430165284777814e-12 
-0.0009867747209760785 -0.05860244241619118 2.3690229244005792e-5 
-0.0001173946545886158 -0.06414148124106595 -2.0274413488186764e-5 
-0.0009867747207893535 -0.05860244241588383 -2.369021438474935e-5 
0.0014727783458939163 -0.05040937849728159 1.1421252450420202e-5 
0.000688894197379477 -0.0612406984889864 5.262228566478432e-12 
0.000689060956999905 -0.06125376663034206 2.1936693869355173e-5 
0.001472778346228235 -0.050409378497097965 -1.1421244683640846e-5 
0.0006890609573022981 -0.0612537666301107 -2.193668334549807e-5 
0.001740392618922464 -0.017871211784749968 -5.750376440196499e-6 
0.0016321101641395429 -0.034810186763794985 2.484342744628646e-12 
0.0016323218812882396 -0.0348124295440007 3.683616595868293e-6 
0.0017403926191853659 -0.017871211784663783 5.750378902449647e-6 
0.0016323218815984181 -0.03481242954386558 -3.6836116267741384e-6 
0.0008988229961571508 -0.004613737989517103 3.3011603087853067e-13 
0.0008983974551872128 -0.004598052165783714 -2.6677998978082753e-5 
0.0008983974553266146 -0.004598052165750894 2.667799964033369e-5 
-0.0017384385351686626 0.01787494419669958 5.887290325147279e-13 
-0.0014718561963017803 0.05040248611641828 2.2705275884813087e-12 
0.00011748352425743487 0.06412915856751371 4.543443536526501e-12 
0.0018410360246428094 0.04442802123127415 6.661240670842919e-12 
0.0025696228794664417 1.9930323682371562e-11 7.919265218253925e-12 
0.0018410360251904679 -0.04442802119697627 7.79094231686479e-12 
0.00011748352494222014 -0.06412915854560501 6.242149800754109e-12 
-0.0014718561957899128 -0.05040248610650751 3.730639313308259e-12 
-0.0017384385349290834 -0.0178749441943044 1.1579543281302762e-12 
-0.000898822996276839 0.004613737990117377 1.3611440361813814e-13 
-0.0017403926192106393 0.0178712117870046 -5.750377085138937e-6 
-0.0008983974553317727 0.004598052166324278 -2.6677999175964168e-5 
-0.0017403926193764667 0.017871211787196067 5.75037826329986e-6 
-0.0008983974554212343 0.0045980521664067 2.6677999449377618e-5 
-0.0016321101645157174 0.034810186769265075 1.3179343133681025e-12 
-0.0014727783464390193 0.0504093785069012 1.1421250834840825e-5 
-0.0016323218817086726 0.03481242954925131 3.6836154257577774e-6 
-0.001472778346706834 0.05040937850729635 -1.1421246293453949e-5 
-0.0016323218819303115 0.03481242954954993 -3.6836127891965518e-6 
-0.0006888941979805702 0.06124069850446071 3.3753396878332656e-12 
0.00011739465417416247 0.06414148126287389 2.0274424509995088e-5 
-0.0006890609576112879 0.06125376664547005 2.1936691980327576e-5 
0.00011739465388937817 0.06414148126336001 -2.0274415423156286e-5 
-0.0006890609578932218 0.06125376664592805 -2.1936685229460634e-5 
0.000986659431645992 0.05858833389401271 5.668901142579727e-12 
0.0018415739407697301 0.04443718155752955 1.5066649242191658e-5 
0.0009867747203885164 0.058602442444236236 2.3690227485296874e-5 
0.0018415739405566165 0.044437181558016674 -1.506663592086194e-5 
0.0009867747201335916 0.05860244244473437 -2.369021614785169e-5 
0.0022258791555540207 0.024035805100778945 7.439219160143574e-12 
0.0025704057665590584 1.9724437741695244e-11 7.92200400318337e-12 
0.0022262105491121158 0.024041762176606262 1.0002146569118643e-5 
0.0025704057664917702 2.0139893077648097e-11 7.915307759160436e-12 
0.0022262105489675205 0.024041762177062744 -1.0002131691602959e-5 
0.00222587915583354 -0.02403580506232915 8.04740005415308e-12 
0.0018415739411541563 -0.04443718152364112 -1.506663478714782e-5 
0.0022262105493078693 -0.024041762138566257 -1.0002131075957168e-5 
0.001841573941267965 -0.044437181523306925 1.5066650368087778e-5 
0.0022262105493309537 -0.024041762138193708 1.0002147169556594e-5 
0.0009866594322667835 -0.05858833386556705 7.1754230563314875e-12 
0.0001173946545847494 -0.06414148124134994 -2.0274413724707003e-5 
0.0009867747207864884 -0.058602442416189546 -2.3690214639412697e-5 
0.00011739465484882897 -0.06414148124106729 2.02744262080509e-5 
0.000986774720977321 -0.05860244241588554 2.3690228989350954e-5 
-0.0006888941973796762 -0.06124069848898692 5.070141901617031e-12 
-0.0014727783462319356 -0.05040937849728147 -1.142124483648549e-5 
-0.0006890609573072128 -0.06125376663034115 -2.1936683537495917e-5 
-0.0014727783458900324 -0.05040937849709823 1.1421252297571542e-5 
-0.0006890609569953827 -0.06125376663011161 2.1936693677300542e-5 
-0.0016321101641394431 -0.03481018676379502 2.3710945637850937e-12 
-0.0017403926191896998 -0.017871211784751206 5.7503788297346785e-6 
-0.001632321881602677 -0.03481242954400156 -3.68361173993328e-6 
-0.001740392618918139 -0.017871211784662527 -5.750376512962584e-6 
-0.0016323218812837887 -0.03481242954386476 3.6836164827189925e-6 
-0.0008988229961571524 -0.004613737989517148 2.9970278942102193e-13 
-0.0008983974553309342 -0.00459805216578724 2.6677999609925147e-5 
-0.0008983974551829061 -0.004598052165747365 -2.6677999008492584e-5 
1.56709470891054e-13 0.017858982796315485 6.695472612338592e-13 
2.6091024151248087e-13 0.05043466299671964 2.4356461416397973e-12 
2.839248501017549e-13 0.06418620757090787 4.745789771323737e-12 
2.1550598213832345e-13 0.04447041384774731 6.86313673827018e-12 
7.102646585215065e-14 1.9522301900241387e-11 8.090526607795512e-12 
-1.1140554650156507e-13 -0.044470413814263705 7.9281578162022e-12 
-2.62153808573987e-13 -0.06418620754976949 6.3585393731542375e-12 
-3.4026060032111506e-13 -0.05043466298739477 3.806852498861083e-12 
-2.696540040364131e-13 -0.017858982794206106 1.1962070951424515e-12 
8.010512799023206e-14 0.0045382943166487315 1.725764734679166e-13 
0.0008663206438831378 0.01785945678074226 5.372307771800227e-6 
0.00044957710822428494 0.004541201215740175 2.7141288718322595e-5 
2.11950458681473e-13 0.034820532549790555 1.443579082225006e-12 
0.000733561780097043 0.05043344581650371 -1.135409499191989e-5 
0.0008167730008836763 0.034820179413657344 -3.65249311485199e-6 
2.7732364837203723e-13 0.061302534272372325 3.566338267944254e-12 
-5.903320737418459e-5 0.06418410422198494 -2.0056351198644767e-5 
0.00034481848669163506 0.061300243248337945 -2.207401235341638e-5 
2.5388875237072597e-13 0.05865511461329234 5.875636734220823e-12 
-0.0009187376943790348 0.04446885515142483 -1.4903419934549114e-5 
-0.0004935366147352942 0.05865263450968822 -2.383956441003975e-5 
1.4678180670266804e-13 0.02406400000182065 7.627802462034555e-12 
-0.0012821789351993313 1.952106869977839e-11 8.174196971031775e-12 
-0.0011135545166868284 0.024062952599464425 -1.0064302250810911e-5 
-2.024286553522029e-14 -0.024063999964181983 8.200645330428767e-12 
-0.000918737694978593 -0.044468855117943476 1.4903434893811868e-5 
-0.0011135545169935082 -0.024062952561828305 1.0064318245304503e-5 
-1.8907014522526592e-13 -0.058655114585644354 7.300454226264602e-12 
-5.903320826066722e-5 -0.06418410420084757 2.0056362463498542e-5 
-0.000493536615488102 -0.05865263448204154 2.383957775179511e-5 
-3.070576551681973e-13 -0.06130253425759342 5.164924270199278e-12 
0.0007335617792432352 -0.05043344580717824 1.1354101357496452e-5 
0.000344818485809032 -0.06130024323355903 2.2074021230513477e-5 
-3.143494459062669e-13 -0.03482053254476481 2.428880985973049e-12 
0.0008663206433405213 -0.017859456778631284 -5.372305845530323e-6 
0.0008167730001727413 -0.03482017940863025 3.652497081270078e-6 
-1.4402656194557432e-13 -0.004538294316175141 3.198173837495798e-13 
0.00044957710794370047 -0.004541201215263431 -2.7141288198324377e-5 
-0.0008663206435697503 0.01785945678074106 -5.372306432844214e-6 
-0.00044957710806405894 0.00454120121573817 -2.7141288373381157e-5 
-0.0007335617795752419 0.05043344581650294 1.135409986319788e-5 
-0.0008167730004597685 0.03482017941365622 3.652496001872288e-6 
5.90332079420218e-5 0.06418410422198519 2.005636069028486e-5 
-0.0003448184861369929 0.06130024324833766 2.2074019486029732e-5 
0.0009187376948100356 0.04446885515142607 1.4903433660886175e-5 
0.0004935366152430629 0.058652634509688995 2.3839576161364566e-5 
0.001282178935341371 1.9522909767719532e-11 8.00702333376744e-12 
0.0011135545169803879 0.024062952599466038 1.0064317506583929e-5 
0.0009187376947557847 -0.04446885511794128 -1.4903419037157811e-5 
0.0011135545169530237 -0.024062952561826317 -1.0064301843799008e-5 
5.903320773636708e-5 -0.06418410420084604 -2.005634974620156e-5 
0.0004935366151099613 -0.058652634482039966 -2.3839563150729642e-5 
-0.0007335617799237335 -0.05043344580717811 -1.1354093743804592e-5 
-0.0003448184864231349 -0.06130024323355821 -2.2074010900603458e-5 
-0.000866320643879769 -0.017859456778632515 5.372308237832961e-6 
-0.0008167730008014318 -0.03482017940863107 -3.6524922236129237e-6 
-0.000449577108231771 -0.004541201215266989 2.7141288837572627e-5 
-1.5709569666248233e-13 0.017858982796695965 6.69541306891556e-13 
-2.6172877568614767e-13 0.05043466299750861 2.435744688265897e-12 
-2.8519308303551275e-13 0.06418620757188068 4.74580986603257e-12 
-2.1734815175631858e-13 0.04447041384872494 6.862903558091729e-12 
-7.27489545779837e-14 2.0356961483750885e-11 8.090513446606292e-12 
1.102470394771598e-13 -0.04447041381359245 7.928266506030214e-12 
2.616388621585778e-13 -0.06418620754920111 6.35850887562235e-12 
3.403569285968893e-13 -0.05043466298702779 3.8068205298726456e-12 
2.6966297298233406e-13 -0.017858982794031336 1.1961630103255166e-12 
0.0008663206435740791 0.017859456781121552 -5.37230635361408e-6 
-8.02939382251422e-14 0.004538294316809731 1.7258684490645011e-13 
0.00044957710806842573 0.0045412012158991665 -2.7141288339762243e-5 
0.0007335617795781953 0.050433445817292 1.135410002757355e-5 
-2.1266223177502187e-13 0.034820532550385586 1.4435547856112518e-12 
0.0008167730004635835 0.034820179414251196 3.6524961258339793e-6 
-5.903320794249164e-5 0.06418410422295799 2.0056360892899548e-5 
-2.7834495192833444e-13 0.06130253427328762 3.5663241328554908e-12 
0.0003448184861379314 0.061300243249252984 2.20740196766635e-5 
-0.0009187376948129193 0.0444688551524036 1.4903433864381194e-5 
-2.553314910882908e-13 0.05865511461428987 5.875713041877758e-12 
-0.0004935366152444251 0.05865263451068656 2.3839576369232384e-5 
-0.0012821789353450628 2.0357463855895568e-11 8.180884283110873e-12 
-1.487359957105448e-13 0.02406400000273676 7.627815901273126e-12 
-0.001113554516983921 0.024062952600382152 1.0064317697463598e-5 
-0.0009187376947586352 -0.0444688551172702 -1.4903418897329431e-5 
1.8693846278001e-14 -0.024063999963432788 8.200624376223889e-12 
-0.0011135545169563543 -0.024062952561077055 -1.006430168773444e-5 
-5.903320773853807e-5 -0.06418410420027769 -2.0056349627926578e-5 
1.8827286203043005e-13 -0.05865511458503331 7.300443462153988e-12 
-0.0004935366151117742 -0.05865263448142888 -2.3839563023432225e-5 
0.0007335617799219578 -0.05043344580681111 -1.1354093667432607e-5 
3.068546268581041e-13 -0.06130253425713262 5.164937654689164e-12 
0.00034481848642063445 -0.061300243233097414 -2.207401080456111e-5 
0.0008663206438776388 -0.01785945677845784 5.372308274165541e-6 
3.144467792515988e-13 -0.03482053254449321 2.4289236735257216e-12 
0.0008167730007994061 -0.034820179408359506 -3.6524921670418377e-6 
1.4400961726473013e-13 -0.0045382943161023995 3.198136682102532e-13 
0.0004495771082296622 -0.004541201215194221 2.714128885275445e-5 
-0.0008663206438882458 0.017859456781122714 5.37230769257062e-6 
-0.00044957710822902784 0.004541201215901179 2.714128868472698e-5 
-0.0007335617801016402 0.05043344581729267 -1.1354095156146275e-5 
-0.0008167730008889066 0.03482017941425241 -3.652493238825777e-6 
5.903320737211226e-5 0.06418410422295773 -2.0056351401284616e-5 
-0.0003448184866946106 0.06130024324925331 -2.2074012544016477e-5 
0.000918737694378235 0.04446885515240266 -1.490342013840215e-5 
0.0004935366147337692 0.05865263451068581 -2.3839564617735293e-5 
0.0012821789351995668 2.0355713017995587e-11 8.000316745072267e-12 
0.0011135545166864541 0.024062952600380515 -1.0064302441642088e-5 
0.0009187376949791241 -0.04446885511727193 1.4903434753992153e-5 
0.0011135545169937398 -0.024062952561079157 1.0064318089202458e-5 
5.903320826180639e-5 -0.06418410420027887 2.005636234503134e-5 
0.0004935366154883132 -0.058652634481430606 2.3839577624485298e-5 
-0.0007335617792412754 -0.050433445806811264 1.1354101281042484e-5 
-0.0003448184858069286 -0.061300243233098364 2.2074021134539166e-5 
-0.0008663206433383752 -0.01785945677845647 -5.372305881972833e-6 
-0.0008167730001705159 -0.03482017940835867 3.652497024776154e-6 
-0.00044957710794161793 -0.00454120121519068 -2.714128821350431e-5 
-1.9173325871429797e-16 0.017873162387028567 6.681625742096258e-13 
-4.091849527737998e-16 0.05040721113002844 2.434969548084193e-12 
-6.232722384011877e-16 0.0641373517100632 4.746112489969929e-12 
-9.192659579654965e-16 0.044434102416795636 6.864411863903042e-12 
-8.679015507827405e-16 1.9931673587277538e-11 8.092750412988612e-12 
-5.712507056035481e-16 -0.04443410238249641 7.930584749414213e-12 
-2.5870414170439013e-16 -0.06413735168815471 6.360108512038441e-12 
6.24196075616654e-17 -0.05040721112011854 3.807002619031167e-12 
3.975797120330426e-18 -0.017873162384634607 1.1946051872281996e-12 
-9.516163809829679e-17 0.004601900905457543 1.7018916750293352e-13 
0.0008664928748868351 0.017873627835291162 7.076731971036345e-13 
7.796302027040395e-14 0.017869341557970583 6.685162551949525e-13 
0.00044954473668516444 0.004604836997730394 1.869496030896866e-13 
3.9927828909277525e-14 0.004586310753990804 1.707764367566855e-13 
0.0008673003035907625 0.017869830885755607 2.840572448421263e-6 
0.0004493729816171458 0.004589217989582775 1.3378364340081062e-5 
-3.5735550043772395e-16 0.03481164220111965 1.4421156953872835e-12 
0.0007336534069957659 0.05040600767424542 2.517010018512255e-12 
1.2965983565106484e-13 0.05041410766340652 2.435067681070893e-12 
0.0008167701465640637 0.034811281490669484 1.5040364774257878e-12 
1.0583684267122383e-13 0.03481389878159195 1.4424927386445324e-12 
0.000734037191735644 0.050412902463173044 -5.705991300032169e-6 
0.0008168554364564758 0.03481353529931722 -1.8377387398680313e-6 
-5.087320190627819e-16 0.06125000202302683 3.5660076590222168e-12 
-5.9021476425407104e-5 0.06413526287063498 4.847459288049881e-12 
1.4096528012365815e-13 0.06414971388038514 4.746059005748129e-12 
0.00034482297833986425 0.061247698202101145 3.661283155746064e-12 
1.3847023285281182e-13 0.06126304727755119 3.5660785080999146e-12 
-5.89841424103889e-5 0.0641476148394169 -1.0118201912015979e-5 
0.0003448906646727697 0.06126075014595981 -1.0979653370666855e-5 
-7.243727370873326e-16 0.05859839037598625 5.876538619073733e-12 
-0.000918785106105228 0.04443255264985248 6.966220502804411e-12 
1.0672174281509802e-13 0.04444329376872745 6.864137648930213e-12 
-0.0004935433023544853 0.058595899410803544 5.980486562988184e-12 
1.266595793780728e-13 0.05861247178430369 5.876298752514177e-12 
-0.0009190088208920207 0.04444173619770088 -7.518836854733254e-6 
-0.0004935904840700656 0.05860998829472412 -1.1857838641839716e-5 
-9.73854379208708e-16 0.024040050373238184 7.629721710533075e-12 
-0.0012822489534166756 1.993126371648758e-11 8.17973528522628e-12 
3.4808787194993595e-14 1.9724964788473917e-11 8.092162643953233e-12 
-0.001113571852052092 0.024038998678851585 7.725237157193284e-12 
7.294102102692788e-14 0.024045995989166288 7.62924644347972e-12 
-0.0012825746658520776 1.9724187904560358e-11 8.177509680354433e-12 
-0.0011137072879107484 0.024044947417261583 -5.006392628793977e-6 
-7.773520609245827e-16 -0.024040050334785196 8.203057809521827e-12 
-0.0009187851063778836 -0.044432552615554 8.000562103842003e-12 
-5.574957313017579e-14 -0.04444329373483858 7.929899879999478e-12 
-0.0011135718521916493 -0.024038998640399267 8.281219141148854e-12 
-1.0507994446290695e-14 -0.0240459959511249 8.202473916105907e-12 
-0.0009190088213272807 -0.04444173616381312 7.518851818689336e-6 
-0.0011137072881338788 -0.024044947379221852 5.006408630377929e-6 
-4.0157332772970276e-16 -0.05859839034753969 7.302450467946406e-12 
-5.902147676667877e-5 -0.06413526284872649 6.419262048057076e-12 
-1.306276931574062e-13 -0.064149713858862 6.359684057692635e-12 
-0.0004935433026645752 -0.05859589938235719 7.366204665647373e-12 
-9.479291967590856e-14 -0.058612471756257487 7.301968315854046e-12 
-5.8984143022523684e-5 -0.06414761481789406 1.011821317819811e-5 
-0.0004935904846014242 -0.05860998826667869 1.1857851986755282e-5 
-9.575985923256156e-17 -0.061250002007553865 5.165972644709236e-12 
0.0007336534067407526 -0.05040600766433511 3.845208600556095e-12 
-1.6905348209297198e-13 -0.050414107653787406 3.8069827767288576e-12 
0.0003448229780399158 -0.06124769818662766 5.214032750522704e-12 
-1.5366392946711765e-13 -0.06126304726242371 5.1656698193415325e-12 
0.0007340371911841634 -0.05041290245355345 5.7059976638074365e-6 
0.0003448906640823124 -0.06126075013083229 1.0979662247045111e-5 
4.366553809169056e-17 -0.034811642195651284 2.4278983374612603e-12 
0.0008664928747672982 -0.01787362783289684 1.2127218630907754e-12 
-1.3371472831972747e-13 -0.01786934155571711 1.195051930335475e-12 
0.0008167701463765017 -0.034811281485200754 2.456141988154952e-12 
-1.572241192632252e-13 -0.03481389877634276 2.4281248029927337e-12 
0.0008673003032626695 -0.017869830883501327 -2.840570525779691e-6 
0.0008168554360086705 -0.034813535294067104 1.8377427025636376e-6 
-4.745854045183183e-18 -0.00460190090485882 3.156400046514949e-13 
0.00044954473662550107 -0.0046048369971312866 3.230726158923137e-13 
-7.183013158995622e-14 -0.0045863107534524754 3.1665526237467656e-13 
0.00044937298144888193 -0.004589217989042697 -1.3378363826743716e-5 
-0.0008664928748872225 0.017873627835291107 6.285304145146855e-13 
-0.0004495447366853537 0.004604836997730401 1.5322092739714504e-13 
-0.0008673003034348596 0.01786983088575506 -2.840571111513505e-6 
-0.00044937298153727905 0.004589217989581774 -1.3378363998734501e-5 
-0.0007336534069965843 0.05040600767424508 2.3527973814041728e-12 
-0.0008167701465647721 0.03481128149066956 1.3800920989440416e-12 
-0.0007340371914763311 0.0504129024631725 5.705996170116428e-6 
-0.0008168554362447982 0.034813535299316654 1.837741624727645e-6 
5.9021476424161315e-5 0.064135262870635 4.644774212672782e-12 
-0.0003448229783408827 0.06124769820210121 3.4707216628201457e-12 
5.898414269232054e-5 0.06414761483941694 1.0118211404129149e-5 
-0.0003448906643958386 0.06126075014595967 1.0979660502820333e-5 
0.0009187851061033903 0.04443255264985278 6.7627348110125606e-12 
0.0004935433023530321 0.0585958994108035 5.772702994026809e-12 
0.0009190088211054628 0.04444173619770155 7.518850583109978e-6 
0.0004935904843233763 0.05860998829472452 1.1857850394544313e-5 
0.0012822489534149344 1.9931363359849772e-11 8.005911569658132e-12 
0.0011135718520501442 0.024038998678851543 7.534396910162722e-12 
0.0012825746659216903 1.972503843668634e-11 8.00700336072613e-12 
0.0011137072880566285 0.02404494741726236 5.006407887465648e-6 
0.0009187851063767398 -0.04443255261555382 7.86069850880748e-12 
0.0011135718521900976 -0.024038998640399326 8.125102613636068e-12 
0.0009190088212157884 -0.04444173616381253 -7.518835958645953e-6 
0.0011137072881128674 -0.024044947379220794 -5.006392225218177e-6 
5.902147676617242e-5 -0.06413526284872643 6.301066782612933e-12 
0.0004935433026637678 -0.058595899382357174 7.2388442141735264e-12 
5.898414276128134e-5 -0.06414761481789347 -1.011820045864847e-5 
0.000493590484411838 -0.05860998826667787 -1.1857837382653947e-5 
-0.0007336534067406381 -0.05040600766433488 3.76879128843418e-12 
-0.00034482297804011173 -0.061247698186628126 5.118010497020981e-12 
-0.0007340371915222477 -0.05041290245355337 -5.705990049850435e-6 
-0.0003448906643896346 -0.06126075013083179 -1.0979651915564088e-5 
-0.0008664928747672961 -0.017873627832896696 1.1763682449070194e-12 
-0.0008167701463764094 -0.03481128148520081 2.3995438294085648e-12 
-0.0008673003035300476 -0.017869830883501945 2.840572915747933e-6 
-0.0008168554363231165 -0.03481353529406756 -1.8377378463904052e-6 
-0.00044954473662550665 -0.004604836997131314 3.078322209206828e-13 
-0.00044937298159255753 -0.004589217989044455 1.3378364459688279e-5 
-7.835236837780791e-14 0.017869341558160903 6.685370537808782e-13 
-4.011566711136833e-14 0.0045863107540711585 1.707802797540293e-13 
0.0008673003034390118 0.017869830885945383 -2.8405710323249645e-6 
0.00044937298154150196 0.004589217989662133 -1.3378363965038187e-5 
-1.3047677139141597e-13 0.050414107663800944 2.4351970951057083e-12 
-1.0654647462459436e-13 0.03481389878188939 1.4424619315632726e-12 
0.0007340371914791585 0.05041290246356699 5.705996334479996e-6 
0.0008168554362484633 0.034813535299614104 1.8377417486536278e-6 
-1.4222134352067124e-13 0.06414971388087173 4.746033005270381e-12 
-1.3949169189215897e-13 0.061263047278008936 3.566085829744827e-12 
-5.898414269279614e-5 0.0641476148399035 1.0118211606761922e-5 
0.0003448906643967032 0.06126075014641744 1.0979660693390323e-5 
-1.0856568208127575e-13 0.04444329376921588 6.863983864194852e-12 
-1.2811387357071075e-13 0.05861247178480258 5.876379713439698e-12 
-0.0009190088211083169 0.04444173619818988 7.5188507865435894e-6 
-0.0004935904843247493 0.05860998829522339 1.1857850602370576e-5 
-3.654030787544703e-14 2.0142175414509026e-11 8.092150070248451e-12 
-7.488747456241385e-14 0.02404599598962437 7.629264337207003e-12 
-0.0012825746659253239 2.014231733308378e-11 8.180849272444216e-12 
-0.0011137072880600962 0.024044947417720466 5.006408078316508e-6 
5.4593441151310744e-14 -0.04444329373450291 7.929909006557013e-12 
8.954051613147806e-15 -0.024045995950750267 8.202467015485366e-12 
-0.0009190088212185765 -0.04444173616347661 -7.518835818824387e-6 
-0.0011137072881161373 -0.024044947378846177 -5.006392069127461e-6 
1.3011907856089793e-13 -0.06414971385857804 6.359676904583263e-12 
9.399164866407465e-14 -0.05861247175595183 7.301943949415894e-12 
-5.898414276337961e-5 -0.06414761481760942 -1.0118200340446312e-5 
-0.0004935904844136161 -0.05860998826637216 -1.1857837255327377e-5 
1.69149672476565e-13 -0.050414107653603935 3.80689966593057e-12 
1.534680077486938e-13 -0.06126304726219329 5.1657788823163265e-12 
0.000734037191520545 -0.05041290245336991 -5.705989973495945e-6 
0.0003448906643872121 -0.06126075013060137 -1.0979651819465139e-5 
1.3371153668511552e-13 -0.0178693415556297 1.1949975091857426e-12 
1.5732203292829081e-13 -0.034813898776206775 2.4281585110475904e-12 
0.0008673003035279922 -0.01786983088341452 2.8405729520654465e-6 
0.0008168554363211576 -0.0348135352939316 -1.8377377897926773e-6 
7.182192442164887e-14 -0.004586310753416146 3.16660895942051e-13 
0.0004493729815905204 -0.00458921798900813 1.3378364474913622e-5 
-0.0008673003035956977 0.01786983088594598 2.840572369256916e-6 
-0.00044937298162174593 0.0045892179896631375 1.3378364306394013e-5 
-0.0007340371917401037 0.050412902463567354 -5.705991464188897e-6 
-0.0008168554364615534 0.03481353529961471 -1.8377388638455465e-6 
5.8984142408369923e-5 0.06414761483990336 -1.0118202114679816e-5 
-0.00034489066467568487 0.06126075014641764 -1.0979653561250491e-5 
0.0009190088208911899 0.04444173619818935 -7.518837058454852e-6 
0.0004935904840685275 0.058609988295223 -1.1857838849553391e-5 
0.0012825746658522456 2.0141387805571392e-11 8.00363490744953e-12 
0.0011137072879103286 0.02404494741771964 -5.006392819625163e-6 
0.000919008821327764 -0.04444173616347749 7.518851678825519e-6 
0.0011137072881340466 -0.02404494737884722 5.006408474270962e-6 
5.8984143023606816e-5 -0.06414761481761007 1.0118213059908938e-5 
0.0004935904846015934 -0.058609988266373016 1.1857851859398918e-5 
-0.0007340371911822729 -0.05041290245337005 5.705997587340205e-6 
-0.000344890664080282 -0.06126075013060182 1.097966215109178e-5 
-0.0008673003032606177 -0.017869830883413877 -2.8405705621968463e-6 
-0.0008168554360065168 -0.03481353529393114 1.8377426460159076e-6 
-0.00044937298144686027 -0.004589217989006369 -1.3378363841959768e-5 

VECTORS eigenmode4 float
0.0 0.0 0.0 
0.0 0.0 0.0 
0.0 0.0 0.0 
0.0 0.0 0.0 
0.0 0.0 0.0 
0.0 0.0 0.0 
0.0 0.0 0.0 
0.0 0.0 0.0 
0.0 0.0 0.0 
0.0 0.0 0.0 
0.0 0.0 0.0 
0.0 0.0 0.0 
0.0 0.0 0.0 
0.0 0.0 0.0 
0.0 0.0 0.0 
0.0 0.0 0.0 
0.0 0.0 0.0 
0.0 0.0 0.0 
0.0 0.0 0.0 
0.0 0.0 0.0 
0.0 0.0 0.0 
0.0 0.0 0.0 
0.0 0.0 0.0 
0.0 0.0 0.0 
0.0 0.0 0.0 
0.0 0.0 0.0 
0.0 0.0 0.0 
0.0 0.0 0.0 
0.0 0.0 0.0 
0.0 0.0 0.0 
0.0 0.0 0.0 
0.0 0.0 0.0 
0.0028180478803643805 0.029529813159421082 -6.278804438705766e-6 
0.0005051270795885753 0.06363778592948197 -6.712973031286181e-5 
-0.0030004889789622 0.03835922731638753 -4.3979708751400654e-5 
-0.003343240907876542 -0.02613144795639526 3.5258458190389364e-5 
-1.892282621244765e-13 -0.06012864278543673 7.799744804929557e-5 
0.003343240907728358 -0.026131447961376546 3.525845803012408e-5 
0.0030004889791564733 0.03835922731211653 -4.397970899185501e-5 
-0.0005051270794320301 0.0636377859286564 -6.712973049344274e-5 
-0.0028180478803834738 0.02952981315976252 -6.278804504101787e-6 
0.0014912660553516237 0.007666856029757575 9.009652846801354e-5 
0.0017134322614225344 0.05240535698581714 -6.604869643344866e-5 
-0.0012669378843547755 0.059813719641312386 -0.00010005968415623805 
-0.003234125461396457 0.0069770306436626826 -9.999779843692063e-6 
-0.0017049946910909415 -0.05153190577873151 9.467692782606519e-5 
0.0017049946908203764 -0.05153190578178609 9.46769277451435e-5 
0.0032341254614244004 0.006977030638220565 -9.999780059001487e-6 
0.0012669378845342819 0.059813719638882316 -0.00010005968437990285 
-0.001713432261354959 0.052405356986013674 -6.604869655686175e-5 
-0.0014912660553650613 0.007666856029869481 9.00965284464659e-5 
0.002818047880418396 0.029529813159638856 6.278804284870936e-6 
0.0005051270795684023 0.06363778592992683 6.712973013390269e-5 
-0.0030004889790543783 0.03835922731680348 4.397970905366684e-5 
-0.0033432409079405187 -0.026131447956131662 -3.525845730458217e-5 
-1.7220927412185344e-13 -0.06012864278524969 -7.799744702401671e-5 
0.0033432409078104795 -0.026131447961272782 -3.525845747843886e-5 
0.0030004889792335553 0.0383592273121512 4.3979708805952476e-5 
-0.0005051270794308556 0.06363778592868233 6.712972995805678e-5 
-0.002818047880440825 0.029529813159774758 6.278804223278624e-6 
0.00149126605538857 0.007666856029850214 -9.009652850410054e-5 
0.0017134322614441547 0.05240535698616352 6.6048696197823e-5 
-0.0012669378844154756 0.05981371964177735 0.00010005968416493598 
-0.003234125461479141 0.006977030644004529 9.999780468605344e-6 
-0.001704994691113565 -0.05153190577852173 -9.467692679486599e-5 
0.0017049946908707003 -0.05153190578164289 -9.467692688853348e-5 
0.0032341254615079317 0.006977030638288486 9.999780234739097e-6 
0.0012669378845758994 0.05981371963892144 0.00010005968394427502 
-0.0017134322613870812 0.05240535698603102 6.604869608459131e-5 
-0.0014912660554004093 0.007666856029878027 -9.009652852745496e-5 
-0.002818047880411828 0.02952981315942063 6.278804193984525e-6 
-0.0005051270795664517 0.06363778592948122 6.712972994817184e-5 
0.0030004889790471076 0.038359227316387315 4.3979708880487933e-5 
0.003343240907932694 -0.02613144795639475 -3.525845741415497e-5 
1.6800621673656438e-13 -0.060128642785435955 -7.799744710161054e-5 
-0.0033432409078142517 -0.02613144796137614 -3.525845752135166e-5 
-0.0030004889792351586 0.038359227312116044 4.397970879132713e-5 
0.0005051270794285901 0.0636377859286557 6.712972994685593e-5 
0.002818047880440111 0.029529813159762327 6.278804218001607e-6 
-0.0014912660553821 0.007666856029758276 -9.009652854253084e-5 
-0.0017134322614389501 0.052405356985816484 6.604869605318795e-5 
0.0012669378844120287 0.059813719641311644 0.00010005968397095921 
0.0032341254614715346 0.006977030643663129 9.999780326320734e-6 
0.0017049946911085268 -0.051531905778730625 -9.467692688182848e-5 
-0.0017049946908755664 -0.0515319057817854 -9.46769269478653e-5 
-0.00323412546151167 0.006977030638220521 9.999780206448408e-6 
-0.0012669378845771143 0.05981371963888147 0.00010005968392776272 
0.0017134322613858142 0.052405356986012896 6.604869607692015e-5 
0.0014912660553997748 0.007666856029870334 -9.009652853064868e-5 
-0.0028180478803728204 0.02952981315963931 -6.2788045295454246e-6 
-0.0005051270795945396 0.06363778592992782 -6.712973049854837e-5 
0.0030004889789637095 0.03835922731680354 -4.397970892461065e-5 
0.0033432409078777868 -0.026131447956132273 3.5258458081002384e-5 
1.8814425701466176e-13 -0.0601286427852501 7.799744797115508e-5 
-0.0033432409077285936 -0.026131447961273157 3.525845798695832e-5 
-0.003000488979157174 0.03835922731215166 -4.397970900646473e-5 
0.0005051270794320562 0.06363778592868308 -6.712973050457395e-5 
0.002818047880383178 0.029529813159774654 -6.278804509105461e-6 
-0.0014912660553589882 0.007666856029849542 9.009652842964086e-5 
-0.0017134322614309264 0.052405356986164296 -6.60486965781452e-5 
0.001266937884353341 0.05981371964177817 -0.00010005968435021805 
0.0032341254613977364 0.006977030644004141 -9.999779986014384e-6 
0.0017049946910900008 -0.05153190577852268 9.467692773905168e-5 
-0.0017049946908201045 -0.05153190578164365 9.467692768582752e-5 
-0.0032341254614237933 0.006977030638288543 -9.99978008732006e-6 
-0.0012669378845352602 0.05981371963892241 -0.00010005968439674712 
0.0017134322613544081 0.05240535698603166 -6.60486965646022e-5 
0.0014912660553652443 0.0076668560298772245 9.009652844321327e-5 
0.0 0.0 0.0 
0.0 0.0 0.0 
0.0 0.0 0.0 
0.0 0.0 0.0 
0.0 0.0 0.0 
0.0 0.0 0.0 
0.0 0.0 0.0 
0.0 0.0 0.0 
0.0 0.0 0.0 
0.0 0.0 0.0 
0.0 0.0 0.0 
0.0 0.0 0.0 
0.0 0.0 0.0 
0.0 0.0 0.0 
0.0 0.0 0.0 
0.0 0.0 0.0 
0.0 0.0 0.0 
0.0 0.0 0.0 
0.00281316225685914 0.029523573682570636 -7.703732957623174e-14 
0.0005040025202035915 0.06355590474690606 -9.016827563861871e-14 
-0.0029984385479168325 0.03830538884504849 1.5111763860625346e-13 
-0.003340819570369715 -0.026088402240608075 4.435228642566418e-13 
-1.8058531777576144e-13 -0.060033328297831236 5.129971083126774e-13 
0.0033408195702306588 -0.02608840224566079 2.7607904716858826e-13 
0.0029984385481032923 0.0383053888405915 -9.311730165364301e-14 
-0.0005040025200566394 0.06355590474586764 -2.682253021188099e-13 
-0.0028131622568797164 0.029523573682807166 -1.406289922431641e-13 
0.002817795838801435 0.029524873774749768 -2.752959880701622e-6 
0.0014917802728053836 0.0077727372061817965 -1.765956900922295e-14 
0.001491306710353042 0.007746726859727968 4.432017112819882e-5 
0.002817795838829861 0.029524873774858854 2.7529597266555137e-6 
0.0014913067103733174 0.007746726859774174 -4.432017116367327e-5 
0.0005050916980690304 0.063576657806024 -3.4022260767813884e-5 
0.0017130358612246926 0.05232668130871722 -1.183757212448967e-13 
0.0017133620134628044 0.05234622349417656 -3.280530898969373e-5 
0.0005050916980600696 0.06357665780624618 3.4022260588017365e-5 
0.0017133620134754531 0.052346223494349677 3.2805308753207356e-5 
-0.0030003935009895815 0.03831907250460846 -2.2343830118214435e-5 
-0.0012666394645371997 0.059694888061369626 3.881037523833488e-15 
-0.001266914509160374 0.05972433459983106 -4.960852026729942e-5 
-0.003000393501036286 0.038319072504816594 2.2343830420455798e-5 
-0.0012669145091909976 0.05972433460006362 4.960852027521346e-5 
-0.003343135105365636 -0.02609931735805949 1.7868108975715488e-5 
-0.0032332398893990272 0.006965191904464574 3.12621864144292e-13 
-0.003234033310808038 0.006968117540140133 -4.9449436161053215e-6 
-0.003343135105398492 -0.026099317357927344 -1.7868108089060704e-5 
-0.0032340333108506207 0.006968117540310912 4.944944241262004e-6 
-1.847268476337287e-13 -0.06005751644612386 3.955913859460874e-5 
-0.001704517842111649 -0.05141941115108319 5.16203403789931e-13 
-0.0017049444902775264 -0.05144730050164019 4.69651562533385e-5 
-1.767231793408049e-13 -0.0600575164460304 -3.9559137568734675e-5 
-0.001704944490289434 -0.051447300501535294 -4.696515522126081e-5 
0.003343135105222906 -0.02609931736307412 1.7868108811930436e-5 
0.0017045178418550167 -0.05141941115416382 4.28828491074802e-13 
0.001704944490014525 -0.0514473005047059 4.696515616907389e-5 
0.0033431351052629747 -0.026099317363022408 -1.7868108259956507e-5 
0.001704944490039022 -0.05144730050463415 -4.696515531172106e-5 
0.0030003935011806717 0.03831907250024567 -2.2343830360580618e-5 
0.0032332398894273696 0.006965191898896732 8.778591492620772e-14 
0.003234033310837102 0.006968117534637705 -4.94494383619217e-6 
0.003000393501218634 0.038319072500263035 2.2343830174390023e-5 
0.0032340333108783078 0.006968117534671625 4.9449440118731135e-6 
-0.0005050916979177035 0.06357665780509132 -3.402226094728398e-5 
0.00126663946470708 0.059694888058724686 -2.1839236535468361e-13 
0.001266914509335231 0.05972433459729302 -4.9608520490270435e-5 
-0.0005050916979173292 0.06357665780510408 3.4022260411186254e-5 
0.0012669145093560214 0.05972433459731265 4.9608520053792805e-5 
-0.0028177958388223537 0.02952487377503818 -2.752959945141509e-6 
-0.001713035861162349 0.05232668130874284 -2.366569535951206e-13 
-0.0017133620133987 0.05234622349428628 -3.2805309110579433e-5 
-0.0028177958388504376 0.02952487377504405 2.7529596640560684e-6 
-0.001713362013414877 0.05234622349429475 3.280530863754777e-5 
-0.0014917802728180115 0.007772737206252656 -4.002468216407966e-14 
-0.0014913067103669623 0.007746726859819612 4.432017110623054e-5 
-0.0014913067103846658 0.007746726859823874 -4.432017118650483e-5 
-0.0028131622568601062 0.029523573682570557 -1.6793212944925635e-13 
-0.0005040025202056072 0.06355590474690546 -2.755244698935753e-13 
0.0029984385479139767 0.03830538884504841 -2.2367838944663412e-14 
0.003340819570366432 -0.026088402240608308 3.336549463920412e-13 
1.7796074194839864e-13 -0.06003332829783122 4.356959243941193e-13 
-0.0033408195702326845 -0.026088402245660707 2.3304935813924753e-13 
-0.002998438548104465 0.038305388840591426 -1.0801560217886182e-13 
0.00050400252005551 0.0635559047458674 -2.793655047636007e-13 
0.0028131622568792446 0.029523573682806843 -1.4562445383118855e-13 
-0.0014917802728058275 0.0077727372061818165 -5.60705041047827e-14 
-0.0028177958388250148 0.02952487377474969 2.75295963579985e-6 
-0.0014913067103684214 0.00774672685972831 -4.432017120211367e-5 
-0.002817795838808188 0.02952487377485904 -2.7529599715826836e-6 
-0.0014913067103588275 0.007746726859773862 4.432017108977144e-5 
-0.0017130358612262762 0.05232668130871747 -2.629185587581872e-13 
-0.0005050916980590275 0.06357665780602344 3.402226040247751e-5 
-0.001713362013471793 0.052346223494176225 3.2805308608644846e-5 
-0.0005050916980740945 0.06357665780624677 -3.402226095343075e-5 
-0.0017133620134696327 0.052346223494350086 -3.280530913425789e-5 
0.001266639464534744 0.05969488806136992 -1.9008013677600112e-13 
0.0030003935010300214 0.038319072504608295 2.2343830247096563e-5 
0.0012669145091877818 0.0597243345998307 4.96085200812818e-5 
0.0030003935009901093 0.03831907250481664 -2.2343830291583482e-5 
0.0012669145091586988 0.05972433460006405 -4.96085204611573e-5 
0.003233239889395866 0.006965191904464684 1.7040037313579743e-13 
0.0033431351053917068 -0.02609931735805926 -1.7868108198723255e-5 
0.003234033310844027 0.006968117540140267 4.944944098998707e-6 
0.0033431351053658334 -0.026099317357927865 1.7868108866017728e-5 
0.0032340333108083043 0.006968117540310775 -4.944943758382555e-6 
0.0017045178421086554 -0.05141941115108317 4.2900562469206577e-13 
1.7288047337773748e-13 -0.060057516446123435 -3.9559137646254114e-5 
0.0017049444902848513 -0.05144730050163973 -4.6965155308370035e-5 
1.8327381364935773e-13 -0.06005751644603107 3.9559138516912863e-5 
0.001704944490276118 -0.05144730050153566 4.696515616625898e-5 
-0.001704517841857312 -0.051419411154163645 3.693065046619944e-13 
-0.003343135105266372 -0.026099317363074206 -1.7868108302865268e-5 
-0.001704944490043306 -0.051447300504705466 -4.6965155371152876e-5 
-0.0033431351052235327 -0.02609931736302266 1.7868108768818007e-5 
-0.0017049444900148487 -0.051447300504634454 4.6965156109689013e-5 
-0.003233239889428922 0.006965191898896687 5.949930590432296e-14 
-0.003000393501220144 0.03831907250024528 2.2343830159587607e-5 
-0.0032340333108815383 0.0069681175346377015 4.944943983572575e-6 
-0.0030003935011814775 0.03831907250026326 -2.234383037535429e-5 
-0.0032340333108369893 0.006968117534671675 -4.9449438645001e-6 
-0.001266639464708162 0.05969488805872515 -2.349677762038114e-13 
0.000505091697915321 0.06357665780509086 3.402226040001654e-5 
-0.0012669145093572132 0.0597243345972926 4.960852003714198e-5 
0.0005050916979174486 0.06357665780510452 -3.402226095844222e-5 
-0.0012669145093362362 0.05972433459731304 -4.9608520506855685e-5 
0.0017130358611614528 0.05232668130874289 -2.4406620123754087e-13 
0.0028177958388497975 0.029524873775038023 2.752959658933771e-6 
0.0017133620134136944 0.052346223494286 3.280530863002661e-5 
0.0028177958388220215 0.029524873775044164 -2.7529599502054406e-6 
0.0017133620133980784 0.0523462234942951 -3.280530911811575e-5 
0.0014917802728177704 0.007772737206252728 -4.326629834970737e-14 
0.001491306710384118 0.007746726859820014 -4.432017118972416e-5 
0.0014913067103670416 0.007746726859823465 4.4320171102993586e-5 
-2.375775814522489e-14 0.029531665885856487 -1.2225894153138997e-13 
1.1054400843810363e-14 0.06365161616093551 -1.8233315385622304e-13 
4.247685368222933e-14 0.03836820973963284 6.45300967328863e-14 
2.8075604774338933e-14 -0.026138646340925366 3.8807580444395786e-13 
-1.0619193686488627e-14 -0.060144559360075914 4.737736726447703e-13 
-4.2955610514832465e-14 -0.026138646345907925 2.5431319080109786e-13 
-3.9364602991171643e-14 0.038368209735360974 -1.0025076609398916e-13 
-1.718377631989049e-15 0.06365161616011045 -2.732409281314165e-13 
2.8348656586831872e-14 0.029531665886198443 -1.430436984856586e-13 
-1.52356093093467e-14 0.007647366868065898 -3.733305636029864e-14 
0.0013997654522660793 0.02953118960689199 -3.2232094477198518e-6 
0.0007463922876051147 0.007652197650427538 4.516943768052e-5 
-8.211346114943518e-15 0.05241915376526807 -1.900727114925027e-13 
0.00025007334106921493 0.0636480569045729 -3.3527008883734764e-5 
0.0008577030319412523 0.0524157588036946 -3.3038612891293616e-5 
2.8632890230546995e-14 0.0598348003902437 -9.255895649415085e-14 
-0.001494225461252887 0.03836589866147845 -2.1953336010972913e-5 
-0.0006337386313012659 0.05982959994242512 -5.00766610724817e-5 
3.7542523650731844e-14 0.006979142551863408 2.412607796043895e-13 
-0.0016645171126882746 -0.026136807632125038 1.7601826762042325e-5 
-0.001618119831987396 0.006978624098235048 -5.005792479955069e-6 
8.803564581087225e-15 -0.051551861677427785 4.719952451043958e-13 
-9.963057590817138e-14 -0.06014048603156355 3.89357237393035e-5 
-0.0008530713425642901 -0.05154693003885269 4.7382453005572515e-5 
-2.7605573695968956e-14 -0.051551861680483944 3.985580077906932e-13 
0.0016645171126065544 -0.026136807637107188 1.760182661489607e-5 
0.0008530713424192582 -0.05154693004190841 4.738245292843896e-5 
-4.364009133047697e-14 0.0069791425464190565 7.372052451814695e-14 
0.0014942254613506587 0.03836589865720691 -2.1953336213650194e-5 
0.0016181198319979342 0.006978624092791262 -5.005792671326169e-6 
-2.1422437218439218e-14 0.05983480038781389 -2.2605596867285816e-13 
-0.00025007334098638183 0.06364805690374771 -3.352700901946181e-5 
0.0006337386313946312 0.05982959993999523 -5.007666125098951e-5 
1.5433364674068205e-14 0.05241915376546561 -2.3987635774534863e-13 
-0.0013997654522725988 0.029531189607233697 -3.223209490827603e-6 
-0.000857703031903441 0.052415758803891904 -3.303861297788064e-5 
1.7351811645724097e-14 0.007647366868177696 -4.219047243941699e-14 
-0.0007463922876103857 0.007652197650539331 4.5169437667325044e-5 
-0.0013997654523135784 0.029531189606891755 3.2232092031451187e-6 
-0.0007463922876355887 0.007652197650427883 -4.516943775515906e-5 
-0.0002500733410471087 0.06364805690457259 3.3527008519126146e-5 
-0.0008577030319576653 0.05241575880369424 3.303861251110117e-5 
0.001494225461337835 0.03836589866147835 2.195333614008089e-5 
0.0006337386313585286 0.05982959994242475 5.007666088725488e-5 
0.0016645171127444318 -0.026136807632124816 -1.760182598573918e-5 
0.001618119832062477 0.006978624098235204 5.005792962527816e-6 
7.839058842364518e-14 -0.06014048603156321 -3.893572279172148e-5 
0.0008530713425818807 -0.05154693003885224 -4.738245206153448e-5 
-0.001664517112692468 -0.026136807637107014 -1.7601826106243216e-5 
-0.0008530713424744508 -0.051546930041908114 -4.738245213126899e-5 
-0.0014942254614293677 0.03836589865720664 2.1953336013178756e-5 
-0.0016181198320852175 0.006978624092791235 5.005792818808562e-6 
0.0002500733409829462 0.0636480569037474 3.352700847297868e-5 
-0.0006337386314374698 0.059829599939994794 5.007666079887716e-5 
0.0013997654523292857 0.029531189607233575 3.2232092047194315e-6 
0.0008577030319343093 0.052415758803891536 3.3038612498115856e-5 
0.0007463922876451058 0.007652197650539759 -4.516943775163484e-5 
2.2816010149528963e-14 0.0295316658860747 -1.222673321856944e-13 
-1.3065227443568984e-14 0.06365161616138147 -1.8221672251806672e-13 
-4.5353147812730125e-14 0.038368209740048946 6.460063755049523e-14 
-3.139016209249428e-14 -0.026138646340662305 3.8823982035257324e-13 
7.970001234831892e-15 -0.060144559359889514 4.737867589223695e-13 
4.0956445175105404e-14 -0.026138646345804567 2.54249712745814e-13 
3.820240449139443e-14 0.038368209735396175 -1.0025152633546918e-13 
5.922006210277681e-16 0.06365161616013709 -2.731966494192336e-13 
-2.886301472859906e-14 0.029531665886210652 -1.4297650622736587e-13 
0.0013997654523154846 0.029531189607109976 3.2232092485809473e-6 
1.4795500151688596e-14 0.0076473668681578165 -3.730390189587661e-14 
0.0007463922876377474 0.0076521976505198 -4.51694377359393e-5 
0.00025007334104659197 0.06364805690501842 3.3527008611978887e-5 
6.6163528635210986e-15 0.05241915376561508 -1.901067366131781e-13 
0.0008577030319586362 0.0524157588040413 3.303861258340374e-5 
-0.001494225461342362 0.03836589866189447 2.1953336226732255e-5 
-3.1082191932306825e-14 0.05983480039070943 -9.260567861291248e-14 
-0.0006337386313613512 0.05982959994289052 5.007666098422399e-5 
-0.0016645171127494256 -0.02613680763186174 -1.7601825930853152e-5 
-4.0714558582042286e-14 0.0069791425522048025 2.4121321465176534e-13 
-0.0016181198320673286 0.006978624098576613 5.005793033637731e-6 
-8.163514728034677e-14 -0.06014048603137696 -3.893572275290733e-5 
-1.1769137752876994e-14 -0.051551861677219014 4.719780229207352e-13 
-0.0008530713425856414 -0.05154693003864341 -4.738245201805119e-5 
0.0016645171126897773 -0.02613680763700375 -1.760182608478638e-5 
2.5295392686335342e-14 -0.05155186168034135 3.985879302744973e-13 
0.000853071342471183 -0.05154693004176552 -4.738245210160236e-5 
0.0014942254614280243 0.03836589865724174 2.195333602055909e-5 
4.207367447511266e-14 0.006979142546487008 7.37139628840494e-14 
0.001618119832082831 0.006978624092859225 5.005792832924812e-6 
-0.00025007334098450844 0.06364805690377398 3.352700847860658e-5 
2.0322714651297384e-14 0.05983480038785385 -2.2605597190452414e-13 
0.0006337386314363319 0.059829599940034804 5.0076660807176745e-5 
-0.0013997654523298742 0.0295311896072459 3.2232092073590526e-6 
-1.634498242907171e-14 0.05241915376548359 -2.399415315428836e-13 
-0.000857703031935352 0.0524157588039096 3.303861250186475e-5 
-1.7577653326153985e-14 0.007647366868185421 -4.2200151725857965e-14 
-0.0007463922876454702 0.007652197650547451 -4.516943775003696e-5 
-0.0013997654522698712 0.02953118960711021 -3.223209493165088e-6 
-0.0007463922876081555 0.007652197650519451 4.516943766135726e-5 
-0.0002500733410727209 0.0636480569050189 -3.352700897649236e-5 
-0.000857703031945403 0.05241575880404165 -3.3038612963614224e-5 
0.0014942254612516652 0.03836589866189452 -2.195333609757585e-5 
0.0006337386312992044 0.05982959994289089 -5.007666116941309e-5 
0.0016645171126866646 -0.026136807631862036 1.760182670727692e-5 
0.0016181198319859084 0.0069786240985764665 -5.0057925511027165e-6 
9.756814110625756e-14 -0.06014048603137694 3.893572370030325e-5 
0.0008530713425620943 -0.05154693003864389 4.738245296206031e-5 
-0.0016645171126078654 -0.026136807637003927 1.7601826593284752e-5 
-0.000853071342420604 -0.051546930041765936 4.738245289878381e-5 
-0.0014942254613516338 0.03836589865724186 -2.1953336220991083e-5 
-0.001618119831998679 0.006978624092859224 -5.00579268545636e-6 
0.0002500733409856872 0.06364805690377437 -3.352700902504953e-5 
-0.0006337386313956772 0.05982959994003532 -5.0076661259362886e-5 
0.00139976545227216 0.02953118960724581 -3.22320949330906e-6 
0.0008577030319026727 0.052415758803909904 -3.303861298177217e-5 
0.0007463922876103245 0.007652197650547048 4.516943766568837e-5 
-4.652494005010857e-16 0.02952553868068938 -1.224556216591579e-13 
-1.0020724510091204e-15 0.06356955057474181 -1.8266100566050328e-13 
-1.4349590438254872e-15 0.038314238942830176 6.441785587583622e-14 
-1.6423545796458793e-15 -0.02609551788494502 3.88488276552592e-13 
-1.3200609437673254e-15 -0.06004904762106887 4.741744327204544e-13 
-1.0091785374207566e-15 -0.026095517889998775 2.545468589437386e-13 
-5.715321415013532e-16 0.038314238938372686 -1.0050202349789954e-13 
-5.846866392596896e-16 0.06356955057370378 -2.7369499139368285e-13 
-2.484251886834135e-16 0.029525538680926246 -1.4310203033142085e-13 
-2.2611291779714015e-16 0.007752978716217787 -3.6933549139379e-14 
0.0014001728651049823 0.029525055092806108 -9.976646194189631e-14 
-1.1798754991987512e-14 0.029526723689635652 -1.2240292078893837e-13 
0.0007463485457094938 0.007757869800925066 -2.7289226982307948e-14 
-7.688460923985263e-15 0.007727137875491908 -3.703929541378571e-14 
0.0014020902052991155 0.0295262718002663 -1.4198793814257541e-6 
0.0007461585202235591 0.007731977023235253 2.2231351607659473e-5 
-8.055686375629901e-16 0.05234058260194556 -1.9057791678684708e-13 
0.0002501867434306123 0.06356604078483277 -1.3638122816648113e-13 
4.998533804042533e-15 0.06359038076060437 -1.8264128415499073e-13 
0.0008576897757597309 0.05233715083004131 -1.5446276639192579e-13 
-4.503057566973936e-15 0.05236009738510105 -1.904432466801189e-13 
0.0002506401111790869 0.06358684909180481 -1.6970402438665348e-5 
0.0008578197707601641 0.05235667580544416 -1.6419487692315693e-5 
-1.219099420763432e-15 0.059716135328070005 -9.302547187350309e-14 
-0.0014943967917507965 0.038311957862699496 1.0778065080423347e-13 
2.0222014531664452e-14 0.03832799113672521 6.44580374051985e-14 
-0.0006337571466455851 0.05971089169438444 -4.4575122593379815e-14 
1.370764446578814e-14 0.05974550244178984 -9.292023286183429e-14 
-0.0014952098938440538 0.03832569151474243 -1.1138503401084575e-5 
-0.0006338697739608932 0.05974028238438351 -2.4842729479761682e-5 
-1.5852115448060862e-15 0.006967325947948554 2.4146952490263256e-13 
-0.001664726193712885 -0.026093694449632002 4.1599474637117657e-13 
1.3036347276735689e-14 -0.02610648365517544 3.883776918373273e-13 
-0.001618153329471876 0.006966801584328852 2.7703417014818026e-13 
1.799702381631036e-14 0.0069702415048276106 2.41431374559155e-13 
-0.0016656898229330279 -0.02610464713298253 8.910659462096689e-6 
-0.0016184759965495053 0.006969720158385429 -2.477469648984339e-6 
-1.4880896998337378e-15 -0.051439508086037734 4.725325065732933e-13 
-9.064201936633392e-14 -0.06004501245161742 4.935632724767221e-13 
-5.920218314431108e-15 -0.06007335253856676 4.740974540770928e-13 
-0.0008530888282075179 -0.051434543202388806 4.943301232258112e-13 
3.661453390467397e-15 -0.05146732278895857 4.724018778310579e-13 
-9.500821039194038e-14 -0.06006928694895165 1.972503851344925e-5 
-0.0008532622804426526 -0.051462379268489546 2.3517568394278796e-5 
-1.1541972931328244e-15 -0.05143950808911971 3.989657568873183e-13 
0.0016647261936421878 -0.02609369445468557 2.653132059278899e-13 
-2.173664196057574e-14 -0.0261064836601916 2.5450284184168867e-13 
0.0008530888280777709 -0.051434543205470445 4.1387578191485277e-13 
-1.4401589412504677e-14 -0.05146732279202561 3.9890317401928485e-13 
0.0016656898228574188 -0.02610464713799817 8.910659313235735e-6 
0.0008532622803056197 -0.05146237927155633 2.3517568315426385e-5 
-7.77830608363853e-16 0.006967325942378598 7.367448415773103e-14 
0.001494396791842544 0.03831195785824195 -9.678680704820465e-14 
-1.974618697605716e-14 0.038327991132361586 -1.004452206812785e-13 
0.0016181533294849018 0.00696680157875944 8.075478202701974e-14 
-2.2223902012577605e-14 0.006970241499323194 7.368421263846117e-14 
0.0014952098939392824 0.03832569151037912 -1.113850360467487e-5 
0.001618475996561896 0.006969720152881519 -2.477469842891885e-6 
-5.451860111813768e-16 0.059716135325425454 -2.2656721754441583e-13 
-0.00025018674335815536 0.0635660407837946 -2.7092918406490135e-13 
-1.19074434154666e-15 0.063590380759672 -2.735885119543179e-13 
0.0006337571467297584 0.0597108916917396 -2.224225624950174e-13 
-1.0993613476553921e-14 0.059745502439252196 -2.263904811126722e-13 
-0.00025064011110172667 0.06358684909087231 -1.6970402573827757e-5 
0.0006338697740497822 0.05974028238184578 -2.484272965798893e-5 
-4.487328193776055e-16 0.05234058260197215 -2.402935962966181e-13 
-0.001400172865115435 0.029525055093042776 -1.4185783304814348e-13 
1.373697383368691e-14 0.029526723689924393 -1.4311963478288462e-13 
-0.0008576897757291751 0.052337150830067715 -2.3842730405537794e-13 
7.492893210639617e-15 0.05236009738521188 -2.40162593142288e-13 
-0.0014020902053083174 0.029526271800555 -1.4198794240074855e-6 
-0.0008578197707265428 0.05235667580555463 -1.6419487777583332e-5 
-1.1086171640115612e-16 0.007752978716288484 -4.17313582054195e-14 
-0.0007463485457159991 0.007757869800995805 -4.0894943252774974e-14 
8.578772937758444e-15 0.007727137875583379 -4.183184552131722e-14 
-0.0007461585202300255 0.007731977023326764 2.223135159427666e-5 
-0.0014001728651059178 0.029525055092806042 -1.4517277267660348e-13 
-0.0007463485457099453 0.007757869800925073 -4.654244363877026e-14 
-0.0014020902053227082 0.029526271800266256 1.4198791365690038e-6 
-0.0007461585202389353 0.007731977023235429 -2.223135168168979e-5 
-0.0002501867434326184 0.06356604078483236 -2.290421114666755e-13 
-0.0008576897757613254 0.05233715083004144 -2.2672066140968936e-13 
-0.00025064011116909075 0.06358684909180444 1.6970402073347807e-5 
-0.0008578197707691619 0.05235667580544402 1.6419487311402483e-5 
0.0014943967917479327 0.0383119578626994 2.104979685804317e-14 
0.0006337571466431487 0.059710891694384545 -1.4149013185029332e-13 
0.0014952098938845076 0.038325691514742334 1.1138503529990592e-5 
0.0006338697739883064 0.059740282384383364 2.4842729293918343e-5 
0.001664726193709595 -0.02609369444963221 3.6106448432798373e-13 
0.0016181533294687073 0.006966801584328899 2.0590621667188086e-13 
0.0016656898229591034 -0.026104647132982432 -8.910658685285636e-6 
0.0016184759965855024 0.006969720158385562 2.477470131842102e-6 
8.800299606373815e-14 -0.060045012451617384 4.54836022128248e-13 
0.0008530888282045318 -0.051434543202388744 4.5075274909947627e-13 
8.317029956551399e-14 -0.0600692869489514 -1.972503756518728e-5 
0.00085326228044998 -0.05146237926848936 -2.351756744943474e-5 
-0.001664726193644209 -0.026093694454685578 2.4381045906093336e-13 
-0.0008530888280800634 -0.05143454320547039 3.841417344523666e-13 
-0.0016656898229008871 -0.02610464713799826 -8.910658804247158e-6 
-0.000853262280334416 -0.05146237927155609 -2.3517567517596538e-5 
-0.0014943967918437046 0.03831195785824191 -1.0423104172235694e-13 
-0.0016181533294864596 0.006966801578759396 6.663607180386581e-14 
-0.0014952098939787746 0.03832569151037888 1.113850340378096e-5 
-0.001618475996606333 0.006969720152881502 2.4774699902834733e-6 
0.00025018674335699917 0.06356604078379441 -2.764964122344413e-13 
-0.0006337571467308487 0.05971089169173999 -2.307483959887692e-13 
0.0002506401110993501 0.06358684909087205 1.6970402026612953e-5 
-0.0006338697740717591 0.0597402823818456 2.4842729205099282e-5 
0.0014001728651149375 0.029525055093042558 -1.443851782675518e-13 
0.000857689775728283 0.05233715083006777 -2.4218398586645073e-13 
0.0014020902053357793 0.02952627180055493 1.4198791377604753e-6 
0.0008578197707415301 0.05235667580555453 1.641948729719403e-5 
0.0007463485457157796 0.007757869800995846 -4.250481254052569e-14 
0.0007461585202471816 0.007731977023326965 -2.2231351677878877e-5 
1.0855364651238597e-14 0.029526723689744898 -1.2238446751353145e-13 
7.24591910439658e-15 0.00772713787553775 -3.702433410648486e-14 
0.001402090205324501 0.029526271800375443 1.419879182013644e-6 
0.000746158520241005 0.007731977023281266 -2.223135166244072e-5 
-7.003878332014487e-15 0.06359038076082713 -1.8250844352128596e-13 
2.9044279369922806e-15 0.05236009738527456 -1.9047686575047177e-13 
0.0002506401111685214 0.06358684909202726 1.6970402166194805e-5 
0.0008578197707700451 0.05235667580561745 1.641948738362635e-5 
-2.309506549337981e-14 0.038327991136933484 6.45039628747567e-14 
-1.6152630653487394e-14 0.05974550244202286 -9.294236587257884e-14 
-0.0014952098938889728 0.038325691514950626 1.1138503616682929e-5 
-0.0006338697739911177 0.0597402823846163 2.4842729390830076e-5 
-1.6331072193805228e-14 -0.02610648365504374 3.884474192577993e-13 
-2.1166290995730652e-14 0.006970241504998266 2.414223498239924e-13 
-0.0016656898229640402 -0.026104647132850635 -8.910658630364768e-6 
-0.0016184759965902846 0.006969720158556199 2.4774702029634984e-6 
3.2850682974908913e-15 -0.06007335253847388 4.740433226687699e-13 
-6.654852567690264e-15 -0.051467322788854006 4.723961378641305e-13 
-8.638465878025793e-14 -0.06006928694885844 -1.9725037526487318e-5 
-0.0008532622804537168 -0.05146237926838482 -2.351756740588136e-5 
1.971930625335867e-14 -0.026106483660139925 2.5445285717753495e-13 
1.209758397486298e-14 -0.05146732279195414 3.9888370685592705e-13 
0.0016656898228982085 -0.026104647137946493 -8.910658782784984e-6 
0.0008532622803311847 -0.05146237927148467 -2.351756748788032e-5 
1.8585706072185644e-14 0.03832799113237927 -1.0045255535987941e-13 
2.0667839160726405e-14 0.006970241499357145 7.370388111875658e-14 
0.001495209893977436 0.03832569151039664 1.1138503411215389e-5 
0.0016184759966039878 0.006969720152915441 2.4774700044210326e-6 
5.004788979238415e-17 0.06359038075968522 -2.7352701859342436e-13 
9.896411928958648e-15 0.05974550243927225 -2.264978722519162e-13 
-0.00025064011110089324 0.06358684909088536 1.697040203225561e-5 
0.0006338697740706152 0.05974028238186557 2.484272921333821e-5 
-1.4226969038887876e-14 0.029526723689930454 -1.430534574731746e-13 
-8.396317090524185e-15 0.05236009738522061 -2.4022653530777357e-13 
-0.00140209020533635 0.02952627180056098 1.419879140368546e-6 
-0.0008578197707425627 0.052356675805563274 1.6419487300931862e-5 
-8.805035382261147e-15 0.007727137875587235 -4.1846085995299226e-14 
-0.0007461585202475633 0.007731977023330826 -2.2231351676279407e-5 
-0.0014020902053027999 0.029526271800375564 -1.4198794268361556e-6 
-0.0007461585202265193 0.0077319770232811 2.2231351588437147e-5 
-0.0002506401111825361 0.06358684909202744 -1.6970402531324572e-5 
-0.000857819770764231 0.05235667580561766 -1.6419487764603924e-5 
0.0014952098938427842 0.038325691514950626 -1.1138503487739984e-5 
0.0006338697739588114 0.059740282384616566 -2.4842729576714394e-5 
0.0016656898229313807 -0.026104647132850916 8.910659407299281e-6 
0.0016184759965479606 0.006969720158556133 -2.4774697201328006e-6 
9.294245644821006e-14 -0.060069286948858915 1.9725038474594192e-5 
0.0008532622804404087 -0.05146237926838498 2.3517568350723146e-5 
-0.0016656898228587737 -0.02610464713794662 8.91065929167399e-6 
-0.0008532622803069898 -0.05146237927148482 2.351756828570403e-5 
-0.0014952098939402774 0.038325691510396706 -1.1138503612093638e-5 
-0.0016184759965626602 0.006969720152915484 -2.4774698570417484e-6 
0.00025064011110099906 0.06358684909088554 -1.6970402579360556e-5 
-0.0006338697740508284 0.05974028238186578 -2.4842729666342627e-5 
0.0014020902053078967 0.029526271800561044 -1.4198794264690638e-6 
0.00085781977072577 0.05235667580556344 -1.6419487781412148e-5 
0.0007461585202299454 0.007731977023330624 2.2231351592639844e-5 

VECTORS eigenmode5 float
0.0 0.0 0.0 
0.0 0.0 0.0 
0.0 0.0 0.0 
0.0 0.0 0.0 
0.0 0.0 0.0 
0.0 0.0 0.0 
0.0 0.0 0.0 
0.0 0.0 0.0 
0.0 0.0 0.0 
0.0 0.0 0.0 
0.0 0.0 0.0 
0.0 0.0 0.0 
0.0 0.0 0.0 
0.0 0.0 0.0 
0.0 0.0 0.0 
0.0 0.0 0.0 
0.0 0.0 0.0 
0.0 0.0 0.0 
0.0 0.0 0.0 
0.0 0.0 0.0 
0.0 0.0 0.0 
0.0 0.0 0.0 
0.0 0.0 0.0 
0.0 0.0 0.0 
0.0 0.0 0.0 
0.0 0.0 0.0 
0.0 0.0 0.0 
0.0 0.0 0.0 
0.0 0.0 0.0 
0.0 0.0 0.0 
0.0 0.0 0.0 
0.0 0.0 0.0 
0.0039983269203976565 7.421430028855701e-6 0.01848141702336937 
0.003352741999009032 -2.5001226397683034e-5 0.050670392032487604 
-0.000332293288097149 -4.175039140562379e-5 0.06392866317357081 
-0.004311881119318142 -3.072098665700386e-5 0.04413794517777806 
-0.005991710333757684 4.860864095914561e-13 1.2963309402846544e-13 
-0.004311881119340155 3.0720987325988826e-5 -0.04413794517748577 
-0.0003322932881330724 4.17503916962963e-5 -0.06392866317333758 
0.003352741998992291 2.50012265218172e-5 -0.05067039203246396 
0.0039983269203954196 -7.421430022906177e-6 -0.018481417023355255 
0.002237274310762924 5.408504314359198e-5 0.005108764346818291 
0.0038872629693268834 -6.745909096552728e-6 0.0352716184604332 
0.0016020003743510906 -4.239827937586172e-5 0.06117052443196827 
-0.0023822084373457536 -4.572172397833841e-5 0.058208917675667216 
-0.005316565092203018 -1.9281939167899775e-5 0.023831126740799312 
-0.005316565092214495 1.9281940061034994e-5 -0.0238311267405318 
-0.0023822084373719995 4.5721724405055586e-5 -0.0582089176753665 
0.001602000374317917 4.2398279586956644e-5 -0.061170524431861155 
0.003887262969321968 6.745909146865294e-6 -0.03527161846041937 
0.0022372743107625347 -5.4085043151273266e-5 -0.0051087643468113635 
-0.003998326920394868 -7.421430019541888e-6 0.018481417023368578 
-0.0033527419989301216 2.5001227239920105e-5 0.050670392032487375 
0.00033229328815903813 4.175039372228366e-5 0.06392866317357235 
0.004311881119281378 3.0720989262625245e-5 0.04413794517778055 
0.005991710333641264 6.294749314154344e-13 1.304713109561154e-13 
0.004311881119245546 -3.07209883086662e-5 -0.04413794517748766 
0.0003322932881773094 -4.175039312348883e-5 -0.06392866317334009 
-0.0033527419989378055 -2.500122689522446e-5 -0.05067039203246374 
-0.003998326920404222 7.421430126342622e-6 -0.01848141702335478 
-0.002237274310762992 -5.408504314706584e-5 0.005108764346818274 
-0.0038872629692860436 6.745909328258608e-6 0.03527161846043083 
-0.0016020003742784783 4.239828099632429e-5 0.061170524431968964 
0.0023822084373580797 4.572172668597283e-5 0.05820891767567011 
0.005316565092126008 1.9281941228378173e-5 0.023831126740801636 
0.005316565092106415 -1.9281940048920227e-5 -0.023831126740532078 
0.002382208437347508 -4.572172595909828e-5 -0.05820891767537092 
-0.0016020003742668173 -4.2398280509847165e-5 -0.06117052443186106 
-0.0038872629692992574 -6.745909119292849e-6 -0.03527161846041741 
-0.0022372743107682202 5.4085043182446566e-5 -0.005108764346811679 
0.003998326920395409 -7.421430057953299e-6 0.018481417023352452 
0.003352741998930137 2.5001227160027256e-5 0.05067039203245368 
-0.0003322932881606102 4.175039361828189e-5 0.06392866317352862 
-0.004311881119283073 3.0720989160716976e-5 0.04413794517773775 
-0.005991710333642451 4.858424495736523e-13 7.040574373916104e-14 
-0.004311881119247388 -3.0720988491493185e-5 -0.044137945177563975 
-0.0003322932881797981 -4.1750393326845186e-5 -0.06392866317342519 
0.003352741998933817 -2.5001227036433416e-5 -0.050670392032522577 
0.003998326920401428 7.4214300640345085e-6 -0.018481417023380433 
0.002237274310763948 -5.408504316373832e-5 0.005108764346811311 
0.0038872629692864747 6.745909270329631e-6 0.03527161846040681 
0.0016020003742776934 4.239828090156919e-5 0.06117052443192949 
-0.0023822084373602954 4.5721726584385775e-5 0.05820891767562789 
-0.0053165650921272005 1.928194110762701e-5 0.023831126740751354 
-0.005316565092108063 -1.9281940214502537e-5 -0.023831126740601085 
-0.002382208437349291 -4.572172615696075e-5 -0.05820891767545332 
0.0016020003742631113 -4.239828069108756e-5 -0.06117052443193657 
0.003887262969295886 -6.745909220298481e-6 -0.03527161846045959 
0.0022372743107659573 5.408504315609011e-5 -0.0051087643468227155 
-0.003998326920399243 7.421430067250811e-6 0.01848141702335347 
-0.0033527419990113084 -2.5001226317469346e-5 0.050670392032454416 
0.0003322932880951754 -4.1750391301408985e-5 0.06392866317352745 
0.004311881119315171 -3.072098655508319e-5 0.04413794517773584 
0.005991710333753738 6.294581676129454e-13 7.003984422795678e-14 
0.004311881119336407 3.0720987508943254e-5 -0.044137945177561914 
0.0003322932881312787 4.175039189978685e-5 -0.06392866317342186 
-0.0033527419989912936 2.5001226663258915e-5 -0.05067039203252278 
-0.003998326920394015 -7.421429960645049e-6 -0.018481417023381293 
-0.002237274310764459 5.408504316027484e-5 0.005108764346811336 
-0.003887262969328911 -6.745909038742246e-6 0.03527161846040912 
-0.0016020003743532683 -4.239827928134628e-5 0.061170524431929135 
0.002382208437343872 -4.572172387693429e-5 0.058208917675625124 
0.005316565092199297 -1.9281939047103552e-5 0.023831126740749022 
0.005316565092210578 1.928194022665087e-5 -0.02383112674060062 
0.0023822084373688788 4.57217246029728e-5 -0.058208917675449064 
-0.001602000374317839 4.239827976805268e-5 -0.061170524431936685 
-0.0038872629693207468 6.745909247977989e-6 -0.03527161846046153 
-0.0022372743107608346 -5.4085043124927736e-5 -0.005108764346822358 
0.0 0.0 0.0 
0.0 0.0 0.0 
0.0 0.0 0.0 
0.0 0.0 0.0 
0.0 0.0 0.0 
0.0 0.0 0.0 
0.0 0.0 0.0 
0.0 0.0 0.0 
0.0 0.0 0.0 
0.0 0.0 0.0 
0.0 0.0 0.0 
0.0 0.0 0.0 
0.0 0.0 0.0 
0.0 0.0 0.0 
0.0 0.0 0.0 
0.0 0.0 0.0 
0.0 0.0 0.0 
0.0 0.0 0.0 
1.4009956549566323e-15 5.164169333937897e-15 0.01847075293048888 
3.9413380245921976e-14 4.215025476195276e-13 0.05070215372824969 
3.092179698309141e-14 1.157597386609832e-12 0.06398185715855242 
-1.8375747564671914e-14 1.3015260527205142e-12 0.04417702787395685 
-5.819196941220935e-14 5.57159612208187e-13 1.3002345176225532e-13 
-4.7301700675685e-14 -4.90002692421594e-13 -0.044177027873664045 
2.2047796435594654e-14 -7.114180164366436e-13 -0.06398185715831924 
2.7262926976076908e-14 -1.8655402566485921e-13 -0.05070215372822666 
-4.350885027740549e-15 5.134831232426144e-14 -0.0184707529304749 
0.0019723474686700534 3.937215873697805e-6 0.018473867627577797 
-2.1933913217105742e-17 -1.7171205598850498e-15 0.005046157606916233 
0.0011151981182818064 2.6761124923887688e-5 0.005061263191204311 
-0.001972347468667297 -3.937215863561641e-6 0.018473867627577422 
-0.0011151981182818624 -2.6761124927340974e-5 0.005061263191204298 
0.0016552337275243549 -1.2745203495457776e-5 0.05069382753483466 
2.0434088639069542e-14 1.1720810246179119e-13 0.03527926530050367 
0.0019452820616508318 -3.3134550738964045e-6 0.035277436520012924 
-0.0016552337274454542 1.2745204338319664e-5 0.05069382753483454 
-0.0019452820616099695 3.313455307538143e-6 0.035277436520011744 
-0.00016846149830269767 -2.1308485586996973e-5 0.06396784436042427 
3.629124383946422e-14 8.099270428380716e-13 0.06121939849884628 
0.0008021190901864824 -2.0925088642628164e-5 0.06120763648153367 
0.00016846149836459098 2.1308487902643386e-5 0.0639678443604251 
-0.0008021190901138765 2.0925090262334523e-5 0.06120763648153399 
-0.002139686904994711 -1.5672401682765648e-5 0.044166740850569146 
6.164891743226547e-15 1.3521601565971701e-12 0.0582617504587621 
-0.0011916973624683915 -2.2580740046967345e-5 0.05824901152814837 
0.0021396869049579593 1.5672404286431022e-5 0.04416674085057034 
0.001191697362480721 2.2580742751721006e-5 0.05824901152814978 
-0.002971980926073379 5.214719360907525e-13 1.298199030227849e-13 
-3.8505945903984775e-14 1.028841899748053e-12 0.023853426552514632 
-0.0026601207473932356 -9.525229813601242e-6 0.02384804563778302 
0.0029719809259569573 5.934207569302149e-13 1.302184320795641e-13 
0.002660120747316219 9.525231872008288e-6 0.023848045637784084 
-0.0021396869050204406 1.567240242296163e-5 -0.044166740850276734 
-5.4012369060943144e-14 6.383652901680723e-15 -0.02385342655224628 
-0.0026601207474066845 9.525230777308838e-6 -0.023848045637514956 
0.0021396869049257975 -1.5672403403711106e-5 -0.04416674085027754 
0.0026601207472986364 -9.52523076500226e-6 -0.023848045637515122 
-0.0001684614983247137 2.1308485955732347e-5 -0.06396784436019082 
-1.221073999250884e-14 -7.746634424117831e-13 -0.05826175045846161 
-0.0011916973624908854 2.258074054914785e-5 -0.058249011527847665 
0.00016846149836894706 -2.13084873797707e-5 -0.06396784436019252 
0.0011916973624664171 -2.258074209939139e-5 -0.058249011527849726 
0.0016552337275103069 1.2745203675036952e-5 -0.050693827534811185 
2.5513050946705687e-14 -4.61555936489911e-13 -0.06121939849873887 
0.0008021190901649616 2.0925088922240987e-5 -0.061207636481426596 
-0.0016552337274557652 -1.2745204048315256e-5 -0.0506938275348113 
-0.0008021190901138976 -2.0925089845290598e-5 -0.061207636481426485 
0.001972347468666512 -3.9372158424551725e-6 -0.01847386762756358 
1.1320053423945874e-14 1.254889504073646e-14 -0.035279265300490074 
0.0019452820616442173 3.3134551639238633e-6 -0.03527743651999928 
-0.001972347468675298 3.937215945254414e-6 -0.018473867627563444 
-0.0019452820616215401 -3.3134551381269895e-6 -0.035277436519998276 
-2.8309278970923258e-15 1.577522450801935e-14 -0.005046157606909436 
0.0011151981182806496 -2.6761124920633784e-5 -0.005061263191197464 
-0.0011151981182863193 2.67611249521035e-5 -0.005061263191197599 
-1.9684390943635895e-15 5.192288299478814e-15 0.018470752930472914 
-4.053934149770061e-14 4.214674890709572e-13 0.050702153728216404 
-3.267763457875944e-14 1.1574771882527687e-12 0.06398185715850892 
1.60525552698164e-14 1.3013056848156713e-12 0.04417702787391436 
5.563182801909975e-14 5.572087494703597e-13 7.016629566878818e-14 
4.443891024422567e-14 -4.901548781199812e-13 -0.044177027873740574 
-2.421513805222603e-14 -7.116234969680669e-13 -0.06398185715840422 
-2.868265663049859e-14 -1.8662892015087226e-13 -0.050702153728285536 
3.675471686183475e-15 5.135812010763783e-14 -0.018470752930500822 
-2.531727890429994e-16 -1.7166852295607508e-15 0.005046157606909258 
0.0019723474686675685 -3.9372158827517705e-6 0.018473867627561372 
0.0011151981182825435 -2.6761124935665376e-5 0.005061263191197329 
-0.0019723474686714287 3.937215892852363e-6 0.01847386762756188 
-0.0011151981182830485 2.6761124932233395e-5 0.005061263191197342 
-2.119794288511368e-14 1.1719216310702076e-13 0.03527926530047957 
0.0016552337274452077 1.2745204298214846e-5 0.05069382753480093 
0.0019452820616101443 3.313455278628643e-6 0.035277436519987666 
-0.0016552337275263786 -1.2745203455332035e-5 0.050693827534801394 
-0.001945282061652557 -3.3134550449126997e-6 0.03527743651998878 
-3.778663221754395e-14 8.097960027881119e-13 0.061219398498806823 
-0.000168461498366207 2.1308487850609715e-5 0.06396784436038151 
0.0008021190901129301 2.09250902151734e-5 0.06120763648149471 
0.00016846149830076487 -2.130848553507334e-5 0.06396784436038092 
-0.0008021190901885052 -2.0925088595299574e-5 0.061207636481494326 
-8.193971956906763e-15 1.3519967960818054e-12 0.05826175045871988 
-0.002139686904959796 1.567240423549286e-5 0.04416674085052769 
-0.0011916973624828866 2.2580742701063743e-5 0.05824901152810759 
0.002139686904991904 -1.5672401631945463e-5 0.0441667408505268 
0.0011916973624664779 -2.2580739996031977e-5 0.05824901152810622 
3.60198031360756e-14 1.0288374082957035e-12 0.023853426552464283 
-0.0029719809259584544 5.21441348626273e-13 7.034993870148135e-14 
-0.002660120747317717 9.525231811377095e-6 0.02384804563773378 
0.0029719809260697868 5.934352494156943e-13 7.010985299374061e-14 
0.0026601207473897818 -9.525229753030714e-6 0.023848045637732636 
5.1242049414191855e-14 6.192637666028556e-15 -0.023853426552315208 
-0.002139686904927916 -1.5672403495491388e-5 -0.044166740850354096 
-0.002660120747300518 -9.525230847837673e-6 -0.023848045637584157 
0.0021396869050168796 1.5672402514566215e-5 -0.044166740850352805 
0.002660120747403045 9.525230860053504e-6 -0.02384804563758395 
9.812523609003487e-15 -7.746015805269545e-13 -0.05826175045854405 
-0.00016846149837136638 -2.1308487481689218e-5 -0.0639678443602777 
-0.001191697362468325 -2.2580742198285853e-5 -0.058249011527932174 
0.00016846149832284535 2.1308486057370574e-5 -0.06396784436027543 
0.001191697362487942 2.258074064803587e-5 -0.05824901152793019 
-2.737133052247806e-14 -4.615264436636327e-13 -0.06121939849881443 
0.0016552337274523975 -1.2745204119187684e-5 -0.05069382753487015 
0.0008021190901105901 -2.0925089935783698e-5 -0.06120763648150201 
-0.0016552337275098172 1.2745203745723303e-5 -0.05069382753487009 
-0.0008021190901653497 2.0925089012835812e-5 -0.06120763648150215 
-1.2451037778746468e-14 1.2602218186307518e-14 -0.03527926530053216 
0.0019723474686729864 3.937215914066003e-6 -0.018473867627589166 
0.0019452820616186663 -3.313455188557296e-6 -0.03527743652004045 
-0.001972347468665573 -3.937215811238221e-6 -0.018473867627589673 
-0.001945282061643556 3.3134552144622073e-6 -0.035277436520041436 
2.570644614050427e-15 1.576275273598418e-14 -0.005046157606920459 
0.0011151981182845228 2.6761124938939877e-5 -0.005061263191208641 
-0.0011151981182793871 -2.676112490748536e-5 -0.00506126319120846 
0.004001348532117617 -1.461078871406577e-14 0.01848284819572052 
0.003354187971106945 3.8108549834600887e-13 0.05066532309545879 
-0.00033211453334652834 1.1065280519077184e-12 0.0639202030520619 
-0.0043126104905976785 1.252134500023169e-12 0.04413171502105724 
-0.005992787100709922 4.860730000882872e-13 1.0010421963434782e-13 
-0.004312610490590806 -5.830237016557266e-13 -0.04413171502082443 
-0.0003321145333741024 -8.154290874693575e-13 -0.06392020305189383 
0.0033541879711004217 -2.5723725152738163e-13 -0.05066532309548136 
0.004001348532119501 2.063191646953354e-14 -0.018482848195727465 
0.0022367111407933416 -1.00710409286167e-14 0.005120185163253846 
0.004000726530909242 3.7593181084307597e-6 0.018482477904042657 
0.0022368266353696097 2.7008997080760133e-5 0.005117345306962254 
0.0038875592169045456 8.663019879298104e-14 0.03527017476117969 
0.003353894599378328 -1.2497031773261572e-5 0.050666603125794615 
0.003887489737498176 -3.3857750158315208e-6 0.035270532747299445 
0.0016022361550540355 7.629279444927573e-13 0.06116153862025503 
-0.0003321495976688985 -2.0897348686182124e-5 0.06392234103822718 
0.0016021833451960673 -2.118908543092882e-5 0.061163770665629336 
-0.002382425923816402 1.3033203181935735e-12 0.058199237820303756 
-0.004312460752794911 -1.5379648758597113e-5 0.044133289112588875 
-0.0023823796752691128 -2.2846071243003238e-5 0.058201643011523904 
-0.005317138171649199 9.699855610566214e-13 0.023827045984252428 
-0.005992566545952164 4.86047309263229e-13 1.1488124391032554e-13 
-0.0053170150706910125 -9.63448572600101e-6 0.023828060066531754 
-0.005317138171645372 -7.689857061203325e-14 -0.02382704598404361 
-0.004312460752802381 1.537964942755918e-5 -0.04413328911232648 
-0.005317015070694845 9.634486619124512e-6 -0.023828060066293445 
-0.002382425923824023 -8.763252788016041e-13 -0.05819923782006614 
-0.0003321495977007203 2.089734897708036e-5 -0.06392234103802663 
-0.002382379675285991 2.2846071669755306e-5 -0.05820164301125476 
0.0016022361550301423 -5.52101647951052e-13 -0.0611615386202048 
0.0033538945993665027 1.2497031897186428e-5 -0.05066660312579397 
0.0016021833451673668 2.118908564194439e-5 -0.061163770665550586 
0.0038875592169068016 -3.658585745459145e-14 -0.03527017476119912 
0.004000726530908882 -3.7593181024823827e-6 -0.018482477904038997 
0.003887489737496626 3.3857750660145552e-6 -0.035270532747302234 
0.002236711140794149 2.3819894710147725e-15 -0.005120185163256093 
0.0022368266353696166 -2.7008997088456745e-5 -0.005117345306959922 
0.004000726530907898 -3.7593181376749597e-6 0.018482477904034234 
0.002236826635369968 -2.7008997100902004e-5 0.005117345306958762 
0.003353894599338912 1.2497032535454373e-5 0.0506666031257777 
0.0038874897374778067 3.3857751892625048e-6 0.03527053274728619 
-0.00033214959770049913 2.0897350899183316e-5 0.06392234103820618 
0.0016021833451592572 2.118908695676775e-5 0.061163770665609886 
-0.004312460752777499 1.537965126275571e-5 0.044133289112568745 
-0.0023823796752763687 2.284607384952434e-5 0.058201643011504225 
-0.005992566545894918 4.8595603498498e-13 8.541405451829662e-14 
-0.00531701507065324 9.634487665934777e-6 0.023828060066507655 
-0.004312460752756313 -1.5379650593551458e-5 -0.04413328911236548 
-0.005317015070641741 -9.634486772833785e-6 -0.023828060066328153 
-0.00033214959772382574 -2.0897350607956096e-5 -0.0639223410380704 
-0.002382379675274731 -2.2846073422273376e-5 -0.05820164301129818 
0.003353894599337703 -1.249703241178978e-5 -0.05066660312582332 
0.0016021833451401767 -2.118908674605636e-5 -0.06116377066558834 
0.004000726530912026 3.7593181436964695e-6 -0.018482477904051574 
0.0038874897374838674 -3.385775139231091e-6 -0.03527053274732237 
0.0022368266353715817 2.7008997093234177e-5 -0.005117345306965593 
-0.004001348532118143 2.3753213064368594e-14 0.018482848195720616 
-0.003354187971108081 4.612086792452554e-13 0.050665323095459 
0.00033211453334476353 1.210717302903857e-12 0.06392020305206224 
0.004312610490595335 1.3541027706457772e-12 0.04413171502105754 
0.005992787100707371 6.296819155619557e-13 1.0027773361646501e-13 
0.004312610490588017 -4.000973847522951e-13 -0.044131715020824046 
0.00033211453337197186 -6.11835185358055e-13 -0.0639202030518933 
-0.003354187971101921 -1.1585833187186786e-13 -0.05066532309548126 
-0.004001348532120194 8.288137509799835e-14 -0.01848284819572772 
-0.004000726530908011 -3.759318099242184e-6 0.0184824779040423 
-0.00223671114079363 6.599599982618604e-15 0.005120185163253851 
-0.002236826635369792 -2.7008997084234953e-5 0.005117345306962246 
-0.0033538945993396093 1.2497032615494743e-5 0.05066660312579466 
-0.00388755921690533 1.4449340144179405e-13 0.03527017476117963 
-0.0038874897374781424 3.3857752471476585e-6 0.035270532747298196 
0.0003321495976988026 2.0897351003309233e-5 0.0639223410382282 
-0.0016022361550555107 8.574655239285846e-13 0.06116153862025506 
-0.0016021833451604717 2.118908705130267e-5 0.061163770665629585 
0.004312460752775397 1.5379651364666397e-5 0.04413328911259031 
0.0023824259238143545 1.4048030991880726e-12 0.05819923782030364 
0.002382379675274266 2.284607395101427e-5 0.05820164301152525 
0.005992566545892877 6.29647972442702e-13 1.1540486355444164e-13 
0.005317138171646743 1.0908981206374382e-12 0.023827045984252396 
0.005317015070651256 9.634487786829206e-6 0.02382806006653284 
0.004312460752753873 -1.5379650410748165e-5 -0.04413328911232722 
0.005317138171642588 8.867412132587424e-14 -0.023827045984043595 
0.005317015070639392 -9.634486607230748e-6 -0.023828060066293563 
0.0003321495977215578 -2.089735040453942e-5 -0.06392234103802757 
0.0023824259238215584 -6.78473726721797e-13 -0.05819923782006615 
0.002382379675272528 -2.284607322448628e-5 -0.05820164301125691 
-0.0033538945993401344 -1.2497032270463803e-5 -0.050666603125793776 
-0.0016022361550319605 -3.7088431233260916e-13 -0.06116153862020484 
-0.0016021833451427062 -2.118908656484581e-5 -0.06116377066555063 
-0.004000726530913516 3.7593182059875977e-6 -0.01848247790403888 
-0.003887559216907875 6.453014135759938e-14 -0.03527017476119915 
-0.003887489737485815 -3.385775038146739e-6 -0.03527053274730127 
-0.0022367111407944314 2.873053873926079e-14 -0.005120185163256062 
-0.0022368266353726043 2.700899711957962e-5 -0.005117345306960052 
-0.004000726530910176 3.7593181468080153e-6 0.018482477904034747 
-0.002236826635370366 2.7008997097440885e-5 0.005117345306958777 
-0.003353894599379894 -1.2497031693023013e-5 0.05066660312577815 
-0.003887489737499432 -3.385774958020067e-6 0.03527053274728732 
0.0003321495976670552 -2.0897348581971356e-5 0.06392234103820564 
-0.0016021833451978092 -2.118908533644345e-5 0.0611637706656097 
0.004312460752792338 -1.5379648656671998e-5 0.044133289112568 
0.0023823796752671265 -2.2846071141538323e-5 0.05820164301150277 
0.005992566545949085 6.296049491662296e-13 8.513498446678879e-14 
0.005317015070688076 -9.634485605172496e-6 0.0238280600665065 
0.004312460752799229 1.537964961058099e-5 -0.0441332891123643 
0.00531701507069164 9.634486784766599e-6 -0.02382806006632793 
0.00033214959769872776 2.089734918068138e-5 -0.06392234103806853 
0.0023823796752832837 2.28460718676599e-5 -0.05820164301129607 
-0.003353894599367058 1.2497032038678574e-5 -0.050666603125823294 
-0.0016021833451684653 2.118908582309604e-5 -0.061163770665588396 
-0.004000726530908773 -3.7593180401946e-6 -0.018482477904052136 
-0.0038874897374968362 3.385775167132952e-6 -0.035270532747323335 
-0.002236826635369154 -2.7008997062112486e-5 -0.005117345306965398 
-2.858018987283707e-16 5.094668601155085e-15 0.0184724575641926 
-5.703202392145252e-16 4.2140932092274955e-13 0.05069680988908793 
-8.71675837824071e-16 1.1577872303754177e-12 0.06397291111508967 
-1.161798538579087e-15 1.3016634937930038e-12 0.0441704488521224 
-1.2780642235392398e-15 5.573922085042601e-13 1.0010203698831218e-13 
-1.4107722304306895e-15 -4.901734444019275e-13 -0.04417044885188911 
-1.0803001428604662e-15 -7.114838815021465e-13 -0.06397291111492079 
-7.130567674367444e-16 -1.864996031410322e-13 -0.05069680988911088 
-3.3995310930930333e-16 5.140609279570435e-14 -0.018472457564199584 
-1.3690719158165983e-16 -1.7212824580467518e-15 0.005057227522105055 
5.898720644338595e-16 5.117689836027846e-15 0.01847203581705586 
0.0019741908801339286 -4.655900135571651e-15 0.018475454649475347 
-8.323925604194349e-17 -1.7159217975632873e-15 0.005054454608918031 
0.0011148506357177067 -5.881483083245027e-15 0.005072481739612132 
0.001973730552462895 1.988410431730195e-6 0.01847504854669897 
0.0011149361998717456 1.3371435583399382e-5 0.005069687297175131 
-3.779249481127101e-16 1.1694958946608294e-13 0.03527789000970079 
1.9351984601976362e-14 4.214502152568045e-13 0.05069813318398133 
0.0016561067591272527 4.0137645516423434e-13 0.05068861337740326 
1.0032361613067027e-14 1.1701313699520664e-13 0.0352782375712039 
0.0019454751847441199 1.0216714382996615e-13 0.03527602848802365 
0.0016558889614568433 -6.3641865573454855e-6 0.05068991762500308 
0.0019454251418139802 -1.6653085843469796e-6 0.03527638154933375 
-7.479314580708542e-16 8.098590355903955e-13 0.06121072536447071 
1.496223239256792e-14 1.15772093692418e-12 0.06397512712166266 
-0.00016835328291442655 1.1319435116591133e-12 0.06395912595709285 
1.778940953303041e-14 8.09873964094471e-13 0.061212906015713976 
0.0008022691875608181 7.862767674209149e-13 0.061198818324766514 
-0.00016837951763354925 -1.0655033148142202e-5 0.06396130993618133 
0.0008022307976000662 -1.0464277640817782e-5 0.061201019908571415 
-1.0172732531303323e-15 1.3524447775158827e-12 0.05825238870064659 
-9.751940226117546e-15 1.301675631400158e-12 0.04417207891589426 
-0.0021401235982977176 1.2764994545349116e-12 0.044160325412239146 
2.581635668857299e-15 1.352331056096661e-12 0.05825474171427165 
-0.0011918341536075075 1.3273786783934414e-12 0.05823950198531489 
-0.0021400127351873365 -7.838566065193382e-6 0.044161932659972716 
-0.0011918001628003511 -1.1289615791373495e-5 0.05824187603619382 
-1.2409734955591711e-15 1.0290845654527344e-12 0.023849477056528925 
-2.9648428925449897e-14 5.573417326980224e-13 1.1503373470505955e-13 
-0.0029726259343163756 5.215151068827657e-13 1.0010079129414421e-13 
-1.9887565514476173e-14 1.0290638817443015e-12 0.023850469628874243 
-0.0026604814369058597 9.992451129791325e-13 0.0238440351193422 
-0.0029724625546394844 5.214972433779844e-13 1.1495354115827586e-13 
-0.0026603911612728902 -4.762093390697974e-6 0.02384503635181145 
-1.3841638657355744e-15 6.0551427304694e-15 -0.02384947705632012 
-2.4273489569919743e-14 -4.901836162325873e-13 -0.04417207891563138 
-0.002140123598294632 -5.364485103829547e-13 -0.0441603254120062 
-2.7719802992306295e-14 6.176103208644676e-15 -0.023850469628635566 
-0.002660481436903989 -3.5268322657935425e-14 -0.0238440351191334 
-0.0021400127351985866 7.838566805340952e-6 -0.04416193265971005 
-0.0026603911612786886 4.762094354620898e-6 -0.023845036351572993 
-1.2080056027845233e-15 -7.750082961446587e-13 -0.0582523887004086 
1.0406718755054255e-14 -7.114879169048118e-13 -0.0639751271214616 
-0.00016835328292803584 -7.631672493304425e-13 -0.06395912595692418 
-6.7148010846533745e-15 -7.750161781768209e-13 -0.05825474171400241 
-0.0011918341536114705 -8.250336002200304e-13 -0.0582395019850769 
-0.00016837951765139052 1.0655033516988793e-5 -0.06396130993598044 
-0.001191800162813577 1.1289616293687009e-5 -0.05824187603592451 
-9.279394723669625e-16 -4.616354600236384e-13 -0.06121072536442075 
1.3214791712204226e-14 -1.8650666259075889e-13 -0.050698133183981156 
0.001656106759123824 -2.2196351316493901e-13 -0.050688613377426216 
1.2315066991180981e-14 -4.615776237738877e-13 -0.061212906015635296 
0.0008022691875488834 -5.068021632617939e-13 -0.06119881832471661 
0.0016558889614480704 6.3641867368215366e-6 -0.05068991762500283 
0.0008022307975833131 1.0464277920332156e-5 -0.061201019908492894 
-5.640217335631481e-16 1.2787453046547887e-14 -0.03527789000972033 
-2.3149684117707235e-15 5.138072969963067e-14 -0.018472035817052278 
0.0019741908801348645 3.587076843648334e-14 -0.018475454649482224 
5.383849791093592e-15 1.2710921082439816e-14 -0.035278237571206905 
0.0019454751847450772 -1.2159926506402071e-14 -0.03527602848804317 
0.0019737305524615604 -1.988410400495474e-6 -0.01847504854669533 
0.0019454251418111169 1.6653086743501053e-6 -0.035276381549336655 
-1.3060539786793652e-16 1.5741467281267723e-14 -0.005057227522107256 
-1.4837987674179813e-15 1.574756198073669e-14 -0.005054454608915734 
0.0011148506357181163 9.12130708642974e-15 -0.00507248173961436 
0.0011149361998713365 -1.3371435580160068e-5 -0.00506968729717282 
-1.1612908297224947e-15 5.1211066168388e-15 0.01847203581704788 
-1.9063950296457374e-16 -1.7132403394679819e-15 0.005054454608914539 
0.0019737305524615612 -1.988410440921146e-6 0.018475048546690773 
0.0011149361998720937 -1.3371435595171977e-5 0.005069687297171635 
-2.0489097566398982e-14 4.2143983238761227e-13 0.050698133183964676 
-1.079270739513357e-14 1.1700845839900924e-13 0.035278237571191834 
0.0016558889614173805 6.364187360110649e-6 0.050689917624986286 
0.001945425141793599 1.6653087887521029e-6 0.03527638154932111 
-1.670969971860118e-14 1.1577145364841032e-12 0.06397512712164087 
-1.9284305930616208e-14 8.098379003505117e-13 0.06121290601569428 
-0.00016837951766518076 1.0655035412036919e-5 0.06396130993616002 
0.000802230797563245 1.0464279213393756e-5 0.061201019908551875 
7.428267264487193e-15 1.301556002305765e-12 0.04417207891587304 
-4.614449045886408e-15 1.3522906330255154e-12 0.05825474171425063 
-0.0021400127351699216 7.838568618158926e-6 0.04416193265995205 
-0.0011918001628076068 1.1289618446016393e-5 0.058241876036173444 
2.7091390917485377e-14 5.573115397334083e-13 8.520153075140244e-14 
1.7404364363726598e-14 1.0290114413072663e-12 0.023850469628849038 
-0.0029724625545822204 5.215462692648229e-13 8.519955769873065e-14 
-0.0026603911612351288 4.762095388987318e-6 0.02384503635178682 
2.1426650334045038e-14 -4.901989074110263e-13 -0.04417207891566961 
2.4952329131811814e-14 6.142250251987255e-15 -0.02385046962867007 
-0.002140012735152508 -7.838567878076354e-6 -0.04416193265974882 
-0.0026603911612255904 -4.76209442520309e-6 -0.023845036351607552 
-1.2570127790703758e-14 -7.115890163486854e-13 -0.06397512712150415 
4.307146888307948e-15 -7.749532528651485e-13 -0.05825474171404362 
-0.0001683795176745459 -1.0655035043209559e-5 -0.06396130993602384 
-0.0011918001628023098 -1.1289617943488037e-5 -0.058241876035966776 
-1.4638350172629356e-14 -1.865695967375486e-13 -0.050698133184010556 
-1.4170801450781575e-14 -4.615611595328314e-13 -0.06121290601567314 
0.0016558889614192915 -6.3641871807958015e-6 -0.05068991762503229 
0.0008022307975561288 -1.0464278933942253e-5 -0.06120101990853053 
1.635318455778238e-15 5.139459601460972e-14 -0.018472035817065233 
-6.5124255536192205e-15 1.2739250484410561e-14 -0.03527823757122796 
0.001973730552464769 1.988410472208704e-6 -0.01847504854670811 
0.0019454251417983797 -1.6653086987280034e-6 -0.03527638154935722 
1.2228611209524479e-15 1.574151133098486e-14 -0.005054454608921254 
0.0011149361998733247 1.3371435598416956e-5 -0.005069687297178411 
-0.00197419088013448 1.4544009536303102e-14 0.01847545464947542 
-0.0011148506357179855 2.4433458714890295e-15 0.005072481739612132 
-0.0019737305524617217 -1.9884104217535636e-6 0.018475048546698816 
-0.0011149361998719215 -1.3371435586849079e-5 0.005069687297175123 
-0.0016561067591283906 4.4137481227784533e-13 0.05068861337740361 
-0.0019454751847448914 1.310917280632688e-13 0.03527602848802356 
-0.0016558889614180945 6.364187400070734e-6 0.05068991762500324 
-0.001945425141793925 1.6653088176995299e-6 0.0352763815493331 
0.00016835328291266318 1.183899566976903e-12 0.06395912595709298 
-0.0008022691875623036 8.336507988471063e-13 0.06119881832476653 
0.00016837951766348846 1.0655035464039725e-5 0.06396130993618182 
-0.0008022307975644761 1.0464279260681378e-5 0.06120101990857159 
0.002140123598295396 1.3274830918668568e-12 0.0441603254122394 
0.0011918341536054629 1.378178150148495e-12 0.05823950198531487 
0.0021400127351678348 7.83856866912753e-6 0.04416193265997351 
0.0011918001628055102 1.1289618496814572e-5 0.05824187603619449 
0.0029726259343138333 5.933839186930664e-13 1.0023273829587524e-13 
0.002660481436903383 1.0596438817783547e-12 0.02384403511934221 
0.002972462554580172 5.934022503115443e-13 1.1525751523262564e-13 
0.0026603911612331117 4.762095449486461e-6 0.023845036351811982 
0.0021401235982917836 -4.4481438437991513e-13 -0.044160325412006 
0.002660481436901222 4.7442828029398763e-14 -0.02384403511913337 
0.002140012735150002 -7.838567786414422e-6 -0.04416193265971048 
0.002660391161223233 -4.762094342433125e-6 -0.023845036351573035 
0.00016835328292588622 -6.612833217659134e-13 -0.0639591259569238 
0.0011918341536090425 -7.261446605952723e-13 -0.05823950198507695 
0.00016837951767226887 -1.0655034941261375e-5 -0.06396130993598105 
0.0011918001628001297 -1.128961784462217e-5 -0.05824187603592559 
-0.0016561067591252697 -1.5122918138291184e-13 -0.050688613377426105 
-0.000802269187550727 -4.162675373497824e-13 -0.06119881832471665 
-0.0016558889614216453 -6.364187110097916e-6 -0.050689917625002794 
-0.0008022307975586633 -1.0464278843398206e-5 -0.06120101990849284 
-0.0019741908801355523 6.706360847296615e-14 -0.018475454649482387 
-0.0019454751847461855 3.8338036671372327e-14 -0.035276028488043176 
-0.0019737305524662268 1.9884105034036963e-6 -0.01847504854669534 
-0.001945425141800321 -1.665308648257376e-6 -0.035276381549336135 
-0.0011148506357183828 2.2262648620174863e-14 -0.005072481739614339 
-0.0011149361998743109 1.3371435611569563e-5 -0.005069687297172877 
-0.0019737305524638363 1.9884104508964885e-6 0.018475048546691044 
-0.001114936199872478 1.3371435591733015e-5 0.005069687297171641 
-0.0016558889614583952 -6.364186517320043e-6 0.05068991762498662 
-0.0019454251418152024 -1.6653085553681101e-6 0.03527638154932164 
0.0001683795176317042 -1.065503309619091e-5 0.06396130993615978 
-0.0008022307976018058 -1.0464277593460142e-5 0.06120101990855174 
0.002140012735184783 -7.83856601425543e-6 0.044161932659951726 
0.0011918001627983664 -1.1289615740613475e-5 0.058241876036172736 
0.0029724625546364396 5.93427211608237e-13 8.51782643564303e-14 
0.0026603911612699586 -4.762093330264814e-6 0.02384503635178623 
0.002140012735195412 7.838566896880975e-6 -0.04416193265974804 
0.002660391161275506 4.7620944373074735e-6 -0.023845036351607462 
0.00016837951764937743 1.0655033618776261e-5 -0.06396130993602246 
0.0011918001628109037 1.1289616392607045e-5 -0.05824187603596576 
-0.001655888961448604 6.364186807572182e-6 -0.0506899176250322 
-0.0008022307975844714 1.0464278010855654e-5 -0.06120101990853071 
-0.0019737305524614767 -1.9884103692935496e-6 -0.018475048546708454 
-0.0019454251418113903 1.6653087248630487e-6 -0.03527638154935771 
-0.0011149361998708843 -1.3371435567019303e-5 -0.0050696872971783095 

VECTORS eigenmode6 float
0.0 0.0 0.0 
0.0 0.0 0.0 
0.0 0.0 0.0 
0.0 0.0 0.0 
0.0 0.0 0.0 
0.0 0.0 0.0 
0.0 0.0 0.0 
0.0 0.0 0.0 
0.0 0.0 0.0 
0.0 0.0 0.0 
0.0 0.0 0.0 
0.0 0.0 0.0 
0.0 0.0 0.0 
0.0 0.0 0.0 
0.0 0.0 0.0 
0.0 0.0 0.0 
0.0 0.0 0.0 
0.0 0.0 0.0 
0.0 0.0 0.0 
0.0 0.0 0.0 
0.0 0.0 0.0 
0.0 0.0 0.0 
0.0 0.0 0.0 
0.0 0.0 0.0 
0.0 0.0 0.0 
0.0 0.0 0.0 
0.0 0.0 0.0 
0.0 0.0 0.0 
0.0 0.0 0.0 
0.0 0.0 0.0 
0.0 0.0 0.0 
0.0 0.0 0.0 
-0.003732184044301207 -0.04032644391755253 4.146477367460112e-5 
0.0021110961155189774 -0.05746375142663563 9.574309658778217e-5 
0.004952583156313901 0.015226614299055674 -3.1782785848413376e-5 
-0.0006652803255704228 0.05938365365146837 -0.00011216661371066478 
-0.0050970417973201804 2.3035779573821497e-12 1.7298755654159074e-13 
-0.0006652803258158579 -0.059383653649486924 0.00011216661406930567 
0.004952583156254896 -0.015226614300281834 3.178278626494407e-5 
0.0021110961155752944 0.057463751425465705 -9.574309621420728e-5 
-0.003732184044312624 0.040326443917323096 -4.146477351523288e-5 
-0.0020485491805099154 -0.01076163780050678 -0.00012271636521935658 
-0.0008655941207784644 -0.06364122920744865 0.00017174837585166606 
0.0036539469908373774 -0.028287067105102568 8.377583934088411e-5 
0.002219970095351019 0.051465697463305336 -0.0001638295640076077 
-0.002985743079307547 0.040863515866562554 -0.00012938207435851312 
-0.0029857430794387936 -0.04086351586263378 0.00012938207470350395 
0.002219970095199637 -0.0514656974633781 0.00016382956439101617 
0.0036539469908384785 0.028287067103546622 -8.377583891692077e-5 
-0.0008655941207574102 0.06364122920688338 -0.00017174837557083362 
-0.0020485491805180556 0.010761637800450322 0.00012271636526492978 
-0.003732184044317291 -0.04032644391760331 -4.1464773603423496e-5 
0.0021110961155641657 -0.05746375142673572 -9.574309665640161e-5 
0.004952583156362437 0.01522661429910239 3.178278544468687e-5 
-0.0006652803256182002 0.05938365365166233 0.00011216661337742287 
-0.0050970417974314265 2.4656364785896294e-12 1.7861599006735153e-13 
-0.0006652803258762303 -0.059383653649391854 -0.00011216661301907732 
0.0049525831562720396 -0.015226614300187052 -3.178278503537166e-5 
0.0021110961156474853 0.057463751425524845 9.574309702769275e-5 
-0.003732184044258999 0.04032644391734981 4.1464773763954834e-5 
-0.002048549180523064 -0.010761637800527963 0.00012271636524291337 
-0.0008655941207658965 -0.06364122920754087 -0.00017174837579537133 
0.003653946990889982 -0.02828706710514773 -8.377583958621727e-5 
0.0022199700953546785 0.05146569746344636 0.00016382956355107816 
-0.0029857430793930853 0.0408635158667571 0.00012938207431184 
-0.0029857430795284454 -0.040863515862510955 -0.0001293820739519566 
0.002219970095178091 -0.051465697463294005 -0.00016382956317755732 
0.0036539469908859635 0.028287067103631738 8.377584000237062e-5 
-0.0008655941206918518 0.06364122920692376 0.0001717483760797192 
-0.0020485491804903906 0.01076163780046467 -0.00012271636519610717 
0.0037321840443153335 -0.04032644391755191 -4.1464773582015335e-5 
-0.002111096115561611 -0.05746375142663519 -9.574309661440737e-5 
-0.004952583156354738 0.0152266142990552 3.178278542510412e-5 
0.0006652803256204629 0.05938365365146767 0.00011216661329613264 
0.005097041797429404 2.3036007319882104e-12 1.1112023605484858e-13 
0.0006652803258759713 -0.05938365364948561 -0.00011216661305776984 
-0.004952583156269625 -0.015226614300280725 -3.1782785074193156e-5 
-0.002111096115647765 0.057463751425466114 9.57430970030819e-5 
0.003732184044259128 0.04032644391732285 4.146477375249415e-5 
0.0020485491805216846 -0.010761637800507049 0.00012271636525169958 
0.0008655941207651324 -0.06364122920744816 -0.00017174837575669935 
-0.0036539469908844005 -0.02828706710510266 -8.377583956746305e-5 
-0.002219970095349111 0.05146569746330417 0.00016382956349189092 
0.002985743079392575 0.040863515866561916 0.00012938207423050324 
0.0029857430795271643 -0.040863515862633294 -0.00012938207400287432 
-0.002219970095176522 -0.051465697463377286 -0.00016382956321214808 
-0.003653946990885543 0.02828706710354722 8.377583996719132e-5 
0.0008655941206917215 0.06364122920688305 0.000171748376062563 
0.002048549180489841 0.010761637800449687 -0.00012271636520238047 
0.0037321840443040283 -0.0403264439176038 4.1464773695892565e-5 
-0.00211109611551934 -0.0574637514267363 9.574309662936322e-5 
-0.004952583156318949 0.015226614299102917 -3.1782785868372874e-5 
0.0006652803255698673 0.05938365365166354 -0.00011216661379254169 
0.005097041797323521 2.4659309232424515e-12 1.052222132172979e-13 
0.0006652803258183341 -0.059383653649392604 0.00011216661402980921 
-0.0049525831562536905 -0.015226614300187815 3.1782786225735654e-5 
-0.002111096115572694 0.05746375142552502 -9.574309623898222e-5 
0.003732184044313781 0.04032644391734974 -4.146477352625811e-5 
0.0020485491805116492 -0.01076163780052772 -0.0001227163652105784 
0.0008655941207809934 -0.06364122920754145 0.00017174837589046263 
-0.003653946990840539 -0.028287067105147782 8.377583935981377e-5 
-0.0022199700953541885 0.05146569746344741 -0.00016382956406650907 
0.00298574307930906 0.04086351586675781 -0.0001293820744397563 
0.0029857430794414178 -0.04086351586251157 0.00012938207465265517 
-0.002219970095198217 -0.0514656974632949 0.0001638295643563937 
-0.003653946990835767 0.028287067103630912 -8.377583895205934e-5 
0.0008655941207591376 0.06364122920692403 -0.00017174837558803707 
0.002048549180519286 0.010761637800465405 0.00012271636525864978 
0.0 0.0 0.0 
0.0 0.0 0.0 
0.0 0.0 0.0 
0.0 0.0 0.0 
0.0 0.0 0.0 
0.0 0.0 0.0 
0.0 0.0 0.0 
0.0 0.0 0.0 
0.0 0.0 0.0 
0.0 0.0 0.0 
0.0 0.0 0.0 
0.0 0.0 0.0 
0.0 0.0 0.0 
0.0 0.0 0.0 
0.0 0.0 0.0 
0.0 0.0 0.0 
0.0 0.0 0.0 
0.0 0.0 0.0 
-0.0037231835978826394 -0.040277508777221874 3.560258365805737e-14 
0.0021093473665170703 -0.057346330460771075 -3.400417963183586e-14 
0.004946402657611075 0.01518759871662919 -2.0218196641170867e-13 
-0.0006644333559522685 0.05924581216742668 -1.6762611393849823e-13 
-0.0050905672799797875 2.3812261297317285e-12 1.7566915106773087e-13 
-0.0006644333562037086 -0.0592458121653 5.25505377721855e-13 
0.0049464026575364 -0.015187598717779867 6.152339682100769e-13 
0.002109347366586729 0.05734633045958168 4.0683091786376016e-13 
-0.0037231835978591386 0.040277508776979956 1.2401147884053073e-13 
-0.003731713454669303 -0.04028958609584349 2.0516441773474242e-5 
-0.002048936493319288 -0.010905645895479583 1.170341781550551e-14 
-0.0020485691420477087 -0.010870315137949194 -6.028630219941607e-5 
-0.003731713454677649 -0.040289586095869225 -2.05164417022074e-5 
-0.002048569142054652 -0.010870315137959684 6.0286302222827e-5 
0.002110997749407248 -0.0573762240401685 4.874544685689922e-5 
-0.000865446875873374 -0.06343744596781675 2.871793313795312e-14 
-0.0008655329144762348 -0.06348789882029636 8.50519210373509e-5 
0.0021109977494298427 -0.057376224040218214 -4.8745446925135147e-5 
-0.0008655329144703701 -0.06348789882034224 -8.505192098024405e-5 
0.004952294092508263 0.015197534514295176 -1.6171400773537388e-5 
0.003652599989486793 -0.02818782304559853 -1.226299568916789e-13 
0.003653800346672053 -0.02821236173728881 4.1441436950776395e-5 
0.004952294092533724 0.015197534514318593 1.6171400369268647e-5 
0.003653800346699561 -0.02821236173731151 -4.14414371960501e-5 
-0.0006652439752646218 0.05928095262658776 -5.715434640087742e-5 
0.002219156477269838 0.05127154964012693 -2.288388136651704e-13 
0.002219875898112083 0.05131957253727501 -8.108611207819602e-5 
-0.0006652439752879192 0.059280952626684015 5.715434606624079e-5 
0.0022198758981150733 0.05131957253734555 8.108611162075947e-5 
-0.005096749550851399 2.341735652816854e-12 1.7429459518074585e-13 
-0.002984594097117144 0.04071020473973126 -2.371943646023543e-14 
-0.002985609375309627 0.04074812328240597 -6.403061707232443e-5 
-0.005096749550907062 2.422648343662914e-12 1.7713804529110927e-13 
-0.0029856093753526693 0.04074812328250345 6.403061702503355e-5 
-0.0006652439755128006 -0.059280952624533256 5.7154346759130675e-5 
-0.0029845940972503615 -0.04071020473565286 3.7621285841064696e-13 
-0.0029856093754417473 -0.04074812327840476 6.403061742107383e-5 
-0.0006652439755431747 -0.05928095262448593 -5.71543457082887e-5 
-0.0029856093754871372 -0.04074812327834316 -6.403061666885962e-5 
0.004952294092442017 -0.015197534515482614 1.617140118846443e-5 
0.002219156477105856 -0.05127154964008229 6.073122617976942e-13 
0.002219875897954962 -0.051319572537287333 8.108611245888635e-5 
0.004952294092450621 -0.01519753451543533 -1.617139995816132e-5 
0.0022198758979442065 -0.05131957253724527 -8.108611124453815e-5 
0.0021109977494707557 0.05737622403898914 -4.8745446483696865e-5 
0.0036525999894852917 0.028187823044066997 5.430991024091381e-13 
0.0036538003466726095 0.028212361735746375 -4.144143652847245e-5 
0.002110997749505936 0.057376224039018486 4.874544729728184e-5 
0.0036538003466960534 0.028212361735788824 4.1441437614553913e-5 
-0.00373171345466326 0.04028958609560775 -2.0516441613914553e-5 
-0.0008654468758258207 0.06343744596722292 2.5415061807634e-13 
-0.0008655329144420238 0.06348789881971637 -8.505192075556479e-5 
-0.0037317134546368098 0.040289586095620715 2.0516441862226897e-5 
-0.0008655329144094572 0.06348789881973638 8.505192126407168e-5 
-0.002048936493307031 0.010905645895418972 3.400505835472288e-14 
-0.0020485691420457034 0.010870315137890484 6.028630224491726e-5 
-0.002048569142032137 0.010870315137897664 -6.028630217670575e-5 
0.0037231835978830947 -0.04027750877722179 5.713832784409428e-14 
-0.0021093473665159787 -0.05734633046077055 7.645310770344817e-15 
-0.004946402657609748 0.015187598716629464 -2.2187357483444848e-13 
0.0006644333559531012 0.05924581216742725 -2.4826645486532827e-13 
0.005090567279980373 2.3814180110864734e-12 1.0826980493632206e-13 
0.0006644333562048088 -0.05924581216529978 4.861897663437918e-13 
-0.004946402657534597 -0.015187598717779912 5.762071912161106e-13 
-0.0021093473665855927 0.05734633045958173 3.822823016624271e-13 
0.0037231835978598113 0.04027750877697958 1.1305101440563078e-13 
0.00204893649331946 -0.010905645895479602 2.0411182977192173e-14 
0.0037317134546762474 -0.04028958609584348 -2.0516441680765832e-5 
0.002048569142053622 -0.010870315137949305 6.028630223158132e-5 
0.0037317134546715953 -0.04028958609586945 2.0516441794932836e-5 
0.0020485691420490926 -0.010870315137959576 -6.028630219067288e-5 
0.0008654468758742393 -0.06343744596781699 6.719446963960818e-14 
-0.0021109977494276205 -0.057376224040168046 -4.874544688333572e-5 
0.0008655329144699781 -0.06348789882029598 -8.505192094167342e-5 
-0.002110997749407279 -0.05737622404021848 4.8745446898587494e-5 
0.0008655329144783787 -0.06348789882034259 8.505192107591254e-5 
-0.003652599989485574 -0.02818782304559862 -1.0385823744281153e-13 
-0.0049522940925274764 0.015197534514295013 1.6171400349590253e-5 
-0.0036538003466949835 -0.028212361737288832 -4.14414371772843e-5 
-0.0049522940925118735 0.015197534514318729 -1.6171400793239917e-5 
-0.0036538003466742106 -0.028212361737311516 4.144143696957321e-5 
-0.0022191564772686377 0.051271549640126673 -2.879795619265443e-13 
0.0006652439752898484 0.059280952626587405 5.715434598518906e-5 
-0.002219875898110518 0.05131957253727447 8.10861115616638e-5 
0.000665243975264381 0.05928095262668471 -5.715434648197489e-5 
-0.002219875898114242 0.05131957253734611 -8.108611213727264e-5 
0.002984594097117665 0.040710204739731234 -1.050750449995093e-13 
0.0050967495509056 2.341594803181871e-12 1.0964951889953948e-13 
0.0029856093753524147 0.04074812328240565 6.403061694376796e-5 
0.005096749550854125 2.4226150704126805e-12 1.0680267355954466e-13 
0.002985609375310916 0.04074812328250372 -6.403061715365179e-5 
0.0029845940972510416 -0.04071020473565287 3.251600913746893e-13 
0.0006652439755432217 -0.059280952624533596 -5.715434574747397e-5 
0.0029856093754863197 -0.04074812327840435 -6.40306167198761e-5 
0.0006652439755149753 -0.05928095262448627 5.715434671997612e-5 
0.0029856093754439287 -0.040748123278343484 6.403061737002825e-5 
-0.0022191564771043577 -0.051271549640082285 5.725742991097472e-13 
-0.004952294092448338 -0.015197534515482392 -1.6171399997121642e-5 
-0.002219875897942663 -0.05131957253728689 -8.108611127921669e-5 
-0.004952294092440647 -0.015197534515435955 1.617140114942121e-5 
-0.00221987589795353 -0.05131957253724567 8.108611242412859e-5 
-0.0036525999894837123 0.028187823044067157 5.080127439521452e-13 
-0.0021109977495059073 0.0573762240389891 4.874544727270166e-5 
-0.003653800346695381 0.028212361735746684 4.144143757938766e-5 
-0.0021109977494684906 0.057376224039018556 -4.87454465083979e-5 
-0.0036538003466701596 0.028212361735788644 -4.1441436563614494e-5 
0.0008654468758266315 0.06343744596722298 2.3728964440849755e-13 
0.003731713454637075 0.04028958609560754 2.0516441851045723e-5 
0.0008655329144095395 0.0634878988197163 8.505192124706797e-5 
0.003731713454664319 0.040289586095620895 -2.051644162498719e-5 
0.0008655329144435368 0.06348789881973654 -8.505192077256976e-5 
0.0020489364933073497 0.010905645895419069 2.769223351992086e-14 
0.0020485691420317797 0.010870315137890135 -6.028630218300717e-5 
0.0020485691420467174 0.01087031513789803 6.028630223863469e-5 
7.0752315776428435e-15 -0.04033564197812933 4.611131384194578e-14 
-2.1322245585094878e-14 -0.05748335184619912 -1.3351908756837237e-14 
-2.043568891223119e-14 0.015233035647789654 -2.1164074269537094e-13 
2.5025363904069166e-14 0.05940639725269526 -2.0720639573652599e-13 
5.4631280035126556e-14 2.3042370398706267e-12 1.4199108691859945e-13 
3.00616279780482e-14 -0.05940639725071343 5.052384407524311e-13 
-7.370764307802092e-15 -0.015233035649016107 5.951789258376384e-13 
-3.625409659614383e-14 0.057483351845029285 3.9436192966503496e-13 
-2.6759015538300256e-14 0.04033564197790022 1.1865092161267455e-13 
5.887277619941348e-15 -0.010735054600384068 1.6212188753751106e-14 
-0.00185020834029087 -0.040333272943225425 2.0811540399628208e-5 
-0.0010252930389264686 -0.010741631659060946 -6.153204993797782e-5 
-6.661980597070115e-15 -0.06367737656489902 4.7448552638683256e-14 
0.0010505597655004475 -0.057478272049041594 4.779208270245547e-5 
-0.00043368365260112323 -0.06366849140518716 8.595571695758254e-5 
-2.3528115719934477e-14 -0.02830475857232337 -1.1327817557010223e-13 
0.0024614213009823815 0.015231390731122818 -1.585596396396766e-5 
0.0018284293399174248 -0.02830040974070892 4.193695361743995e-5 
9.567850874751645e-16 0.05150034032563504 -2.5769949226642195e-13 
-0.0003304862683643396 0.05940053268916136 -5.59629497415016e-5 
0.0011109278166862527 0.051491803965212544 -8.201319495699537e-5 
4.251850191745924e-14 0.04089087377894615 -6.392926616028681e-14 
-0.0025327553546847315 2.3041591062423545e-12 1.5740588281330452e-13 
-0.0014942162385812798 0.04088413426509333 -6.476900337242958e-5 
4.419548094801218e-14 -0.04089087377501608 3.5029460812023254e-13 
-0.00033048626848396857 -0.05940053268717984 5.596295006953226e-5 
-0.0014942162386461612 -0.040884134261163475 6.476900368818385e-5 
1.1558022344760684e-14 -0.05150034032570899 5.893552205658537e-13 
0.00246142130095908 -0.015231390732349378 1.5855964363885087e-5 
0.0011109278166155246 -0.05149180396528624 8.201319531455967e-5 
-2.3538955031710377e-14 0.028304758570766874 5.250834412026904e-13 
0.0010505597655206102 0.05747827204787161 -4.7792082325216074e-5 
0.0018284293399176562 0.02830040973915247 -4.193695319947092e-5 
-3.284671848831276e-14 0.06367737656433414 2.4590537761790543e-13 
-0.0018502083403133778 0.04033327294299602 -2.081154023763559e-5 
-0.0004336836526036067 0.06366849140462219 -8.595571667050251e-5 
-1.4103064258996388e-14 0.01073505460032731 3.1328649155625666e-14 
-0.0010252930389404997 0.01074163165900438 6.153204998456815e-5 
0.001850208340305021 -0.04033327294322511 -2.0811540307316006e-5 
0.0010252930389382424 -0.010741631659061078 6.153204997038897e-5 
-0.0010505597655430846 -0.057478272049041226 -4.779208272919313e-5 
0.0004336836525877945 -0.06366849140518692 -8.595571686264332e-5 
-0.0024614213010232494 0.015231390731122577 1.5855963540606026e-5 
-0.0018284293399644734 -0.028300409740708948 -4.1936953843955785e-5 
0.00033048626841438643 0.05940053268916095 5.5962949326862343e-5 
-0.0011109278166843433 0.051491803965212024 8.20131944415394e-5 
0.002532755354793984 2.304181942724506e-12 1.2654948975213357e-13 
0.0014942162386663198 0.04088413426509294 6.476900324455712e-5 
0.0003304862685440817 -0.059400532687179076 -5.596294905880444e-5 
0.0014942162387345513 -0.04088413426116324 -6.476900298757728e-5 
-0.002461421300973816 -0.015231390732348792 -1.585596317343306e-5 
-0.0011109278165924014 -0.05149180396528576 -8.201319413577641e-5 
-0.001050559765593108 0.057478272047871815 4.7792083113967225e-5 
-0.0018284293399647347 0.028300409739152776 4.193695424971708e-5 
0.001850208340259872 0.04033327294299589 2.0811540474919212e-5 
0.0004336836525379072 0.06366849140462207 8.595571716229187e-5 
0.0010252930389122888 0.010741631659004058 -6.153204992192141e-5 
-6.651266850779785e-15 -0.04033564197818067 4.6146902946843296e-14 
2.242313826396725e-14 -0.05748335184629961 -1.3502632749135879e-14 
2.1743981270307973e-14 0.015233035647836943 -2.1170017649510083e-13 
-2.417507209006998e-14 0.059406397252890195 -2.0745008119314548e-13 
-5.3966139747876985e-14 2.466436104425007e-12 1.4203343331303249e-13 
-2.894452403642435e-14 -0.059406397250619365 5.054361646799416e-13 
9.172111038269031e-15 -0.015233035648922226 5.952579134594889e-13 
3.7407623639986053e-14 0.05748335184508827 3.943993913078334e-13 
2.7406299327653873e-14 0.04033564197792687 1.1878045280679069e-13 
-0.00185020834030549 -0.04033327294327644 -2.0811540318017634e-5 
-5.71021003652274e-15 -0.010735054600404987 1.6200074106409456e-14 
-0.0010252930389386518 -0.010741631659081992 6.153204996599805e-5 
0.001050559765544734 -0.0574782720491418 -4.779208275022003e-5 
7.55148535773085e-15 -0.06367737656499174 4.749336450324741e-14 
-0.000433683652587525 -0.06366849140527966 -8.59557168819531e-5 
0.0024614213010269617 0.015231390731169863 1.5855963550399682e-5 
2.4733246673197793e-14 -0.028304758572368686 -1.1324245902495336e-13 
0.0018284293399673324 -0.028300409740754196 -4.193695385335661e-5 
-0.00033048626841300076 0.05940053268935578 5.5962949367409194e-5 
2.5792346136027114e-16 0.051500340325777084 -2.5763260697871964e-13 
0.0011109278166871977 0.05149180396535413 8.201319447112275e-5 
-0.0025327553547943274 2.4661651948332044e-12 1.6035751511625314e-13 
-4.20251445296992e-14 0.04089087377914147 -6.389380305814076e-14 
-0.0014942162386662019 0.04088413426528828 6.47690032852617e-5 
-0.00033048626854349235 -0.0594005326870852 -5.596294903930572e-5 
-4.3520023881415635e-14 -0.04089087377489372 3.502119650058865e-13 
-0.0014942162387346092 -0.04088413426104086 -6.476900296210405e-5 
0.0024614213009758277 -0.015231390732255287 -1.585596315396141e-5 
-1.0067949561176133e-14 -0.0515003403256258 5.892996019941305e-13 
0.0011109278165939269 -0.051491803965202594 -8.201319411846332e-5 
0.001050559765593715 0.057478272047930636 4.7792083126297084e-5 
2.5104133145861005e-14 0.02830475857085134 5.251288745970916e-13 
0.0018284293399658707 0.028300409739237267 4.1936954267281954e-5 
-0.0018502083402594184 0.04033327294302272 2.0811540480629176e-5 
3.3632267974709826e-14 0.06367737656437482 2.458270082732362e-13 
-0.0004336836525374796 0.06366849140466277 8.595571717082819e-5 
1.4450570793122984e-14 0.010735054600342367 3.1347799114294755e-14 
-0.0010252930389122745 0.010741631659019053 -6.153204991876334e-5 
0.0018502083402922012 -0.04033327294327674 2.081154041036865e-5 
0.0010252930389272326 -0.010741631659081863 -6.153204993361446e-5 
-0.001050559765499893 -0.057478272049141986 4.7792082723237066e-5 
0.0004336836526026245 -0.06366849140528 8.595571697692711e-5 
-0.0024614213009834726 0.01523139073117012 -1.5855963973863694e-5 
-0.001828429339917869 -0.02830040974075421 4.193695362689028e-5 
0.00033048626836465624 0.059400532689356474 -5.596294978228086e-5 
-0.0011109278166866877 0.05149180396535463 -8.201319498647592e-5 
0.0025327553546864003 2.4663070533134102e-12 1.2367951893242055e-13 
0.0014942162385821601 0.04088413426528862 -6.476900341308885e-5 
0.00033048626848559574 -0.05940053268708561 5.596295005006428e-5 
0.0014942162386475742 -0.040884134261041184 6.476900366264689e-5 
-0.0024614213009574817 -0.015231390732255592 1.5855964344418985e-5 
-0.0011109278166140557 -0.05149180396520302 8.201319529715723e-5 
-0.0010505597655189039 0.05747827204793079 -4.779208233755111e-5 
-0.0018284293399156578 0.02830040973923695 -4.193695321708147e-5 
0.0018502083403142214 0.04033327294302261 -2.08115402430901e-5 
0.0004336836526047413 0.06366849140466287 -8.595571667908893e-5 
0.0010252930389411696 0.010741631659019426 6.15320499814424e-5 
2.1180517002581224e-16 -0.04028674641024402 4.636002136130843e-14 
5.410418038912895e-16 -0.057365574054697166 -1.3323389365332538e-14 
6.605553195584215e-16 0.01519392728880554 -2.120350745920677e-13 
4.184093504950981e-16 0.05926816275260883 -2.078747269545497e-13 
3.161466815264252e-16 2.3820310461239717e-12 1.4201925108897982e-13 
5.666996110763209e-16 -0.05926816275048148 5.060135424930102e-13 
9.067697892842752e-16 -0.015193927289956765 5.956947787570593e-13 
5.583608049547119e-16 0.057365574053507604 3.9452785988679096e-13 
3.2933729382529775e-16 0.04028674641000219 1.1856902855217415e-13 
8.863019780800493e-17 -0.010878654211970762 1.6078875279029493e-14 
-0.0018509473792712359 -0.04028439165168823 4.099796318450067e-14 
3.477182980051109e-15 -0.04029872997325114 4.6295003133784694e-14 
-0.001025242311630071 -0.010885329576385681 1.3884825749921449e-14 
2.9559285391915925e-15 -0.010843564919464444 1.6110910570406527e-14 
-0.0018544782035730613 -0.04029640137158645 1.0287599009774145e-5 
-0.001025096242704041 -0.010850164622915518 -3.0246137691906767e-5 
4.453965527888693e-16 -0.06347395118655969 4.79046147978095e-14 
0.001050686437891871 -0.05736059214347535 -2.367261294539434e-14 
-1.0193563943684178e-14 -0.05739561716089029 -1.3233785627529981e-14 
-0.00043364543771029165 -0.06346495539401674 3.827584756943058e-14 
-3.1202612675024925e-15 -0.06352426949660313 4.7774967005779343e-14 
0.0010513725152704934 -0.05739059126655537 2.4295000702503374e-5 
-0.0004336759331661409 -0.06351531843853071 4.259565336630692e-5 
6.038993265026704e-16 -0.028205700896789247 -1.1325093903353015e-13 
0.0024619393504679123 0.015192297020977198 -2.071138474643414e-13 
-9.612116746489523e-15 0.015203926172604047 -2.1189371787797073e-13 
0.001828476019442087 -0.028201298525241125 -1.1791471581613663e-13 
-1.1472576467088197e-14 -0.02823016013238635 -1.1326394897490373e-13 
0.0024643885810774696 0.015202279785066013 -8.05759842251525e-6 
0.0018289628705698223 -0.0282257829918045 2.0760160555519063e-5 
6.087434456419737e-16 0.051306518086621705 -2.5830485862244896e-13 
-0.0003305604434379788 0.05926238348950465 -1.8773066592943014e-13 
1.2619320756283181e-14 0.0593035192690108 -2.0763867577065753e-13 
0.0011109508395915927 0.05129789807042598 -2.4354958468138905e-13 
7.837383897949182e-16 0.05135438039554276 -2.5819079293229494e-13 
-0.0003308976967203291 0.05929768130971761 -2.8474904845565827e-5 
0.0011112420132452817 0.05134580855688678 -4.0619084606639964e-5 
2.518794967412891e-16 0.04073782339074044 -6.434698928645891e-14 
-0.002533308381816696 2.381800737246964e-12 1.5884116489643366e-13 
2.7121458315573974e-14 2.342249673846798e-12 1.4199658907298496e-13 
-0.001494247740961358 0.04073101626118684 -4.401544492437152e-14 
2.1390722637922425e-14 0.04077561475470884 -6.42521982872272e-14 
-0.00253587934568047 2.3421745242564548e-12 1.5813917426223244e-13 
-0.0014946587239164076 0.04076884592601334 -3.207575108544776e-5 
3.3335597031733344e-16 -0.04073782338666068 3.5059974896212723e-13 
-0.0003305604435630587 -0.05926238348737772 5.157188309773071e-13 
1.5207616801993066e-14 -0.05930351926695652 5.056865579096661e-13 
-0.0014942477410280028 -0.04073101625710729 3.6338065110904507e-13 
2.228302706923544e-14 -0.04077561475070589 3.505450073537866e-13 
-0.0003308976968425747 -0.05929768130766303 2.8474905173719686e-5 
-0.0014946587239821 -0.0407688459220108 3.207575140298186e-5 
7.422306684828183e-16 -0.05130651808657813 5.898257891685002e-13 
0.0024619393504307064 -0.015192297022128477 6.054797106686582e-13 
-3.173023790521021e-15 -0.015203926173792084 5.95566943653086e-13 
0.001110950839509578 -0.05129789807038223 5.985725848022653e-13 
6.1612320561093015e-15 -0.05135438039555648 5.897671499570606e-13 
0.0024643885810475188 -0.01520227978625383 8.057598821768267e-6 
0.0011112420131692772 -0.05134580855690012 4.0619084962828357e-5 
7.871595827583926e-16 0.028205700895256904 5.254822008536018e-13 
0.001050686437926445 0.05736059214228579 4.0066775071907856e-13 
-1.7589841785735225e-14 0.05739561715971088 3.9446242197506533e-13 
0.0018284760194414737 0.02820129852370891 5.342916533870805e-13 
-1.1380891188570098e-14 0.028230160130843156 5.254085827947202e-13 
0.0010513725152982484 0.05739059126537593 -2.4295000325299128e-5 
0.0018289628705701246 0.028225782990261385 -2.0760160138294658e-5 
4.026039799924705e-16 0.06347395118596615 2.457258591339026e-13 
-0.0018509473792594476 0.04028439165144619 1.2130930238426452e-13 
-1.3097390839976032e-14 0.040298729973015375 1.1854979939189302e-13 
-0.0004336454376864958 0.0634649553934231 2.4999128294613037e-13 
-1.624447626154851e-14 0.06352426949602367 2.457993151491958e-13 
-0.0018544782035783223 0.040296401371350786 -1.0287598847610401e-5 
-0.0004336759331555521 0.06351531843795107 -4.2595653078598546e-5 
1.652865851672313e-16 0.010878654211910348 3.092123672510841e-14 
-0.001025242311623906 0.010885329576325205 3.248862177054381e-14 
-6.957093817481239e-15 0.010843564919405654 3.103098042401232e-14 
-0.0010250962427079896 0.010850164622856814 3.0246137738253943e-5 
0.0018509473792716717 -0.04028439165168818 5.174151782268758e-14 
0.0010252423116302468 -0.010885329576385692 1.8258420850274433e-14 
0.001854478203580013 -0.040296401371586486 -1.0287598917142043e-5 
0.0010250962427099527 -0.010850164622915576 3.024613772411348e-5 
-0.0010506864378907852 -0.05736059214347497 -2.850951469375773e-15 
0.00043364543771117343 -0.06346495539401686 5.751725945444547e-14 
-0.0010513725152908751 -0.05739059126655509 -2.429500072896699e-5 
0.0004336759331598953 -0.06351531843853053 -4.259565327073444e-5 
-0.00246193935046659 0.015192297020977373 -2.1695591227716465e-13 
-0.001828476019440879 -0.028201298525241187 -1.0858671476569838e-13 
-0.0024643885810966886 0.015202279785065897 8.05759799870174e-6 
-0.0018289628705927645 -0.02822578299180448 -2.0760160782041927e-5 
0.0003305604434388192 0.05926238348950503 -2.281120807498754e-13 
-0.0011109508395903821 0.051297898070425826 -2.730835896740264e-13 
0.00033089769674556817 0.059297681309717444 2.847490443020314e-5 
-0.0011112420132437164 0.05134580855688647 4.0619084090228946e-5 
0.002533308381817314 2.381911716162296e-12 1.2515124155050856e-13 
0.0014942477409618667 0.040731016261186706 -8.466242290318318e-14 
0.0025358793457346995 2.3420891418292728e-12 1.2582100802609997e-13 
0.0014946587239591923 0.04076884592601314 3.207575095695714e-5 
0.000330560443564174 -0.059262383487377605 4.960977225132492e-13 
0.0014942477410286748 -0.04073101625710729 3.378504643149768e-13 
0.0003308976968729891 -0.05929768130766332 -2.8474904162210626e-5 
0.0014946587240266679 -0.04076884592201059 -3.207575070186156e-5 
-0.0024619393504288975 -0.01519229702212846 5.859786819628017e-13 
-0.0011109508395080849 -0.05129789807038219 5.811958292801281e-13 
-0.00246438858105386 -0.015202279786253768 -8.057597630600533e-6 
-0.001111242013156963 -0.05134580855689991 -4.061908378328091e-5 
-0.0010506864379253259 0.057360592142285796 3.883733712614555e-13 
-0.001828476019439894 0.028201298523709072 5.167368898440281e-13 
-0.0010513725153334234 0.05739059126537598 2.429500111425904e-5 
-0.0018289628705928929 0.028225782990261537 2.0760161189143577e-5 
0.0018509473792601091 0.04028439165144595 1.1578072448321614e-13 
0.00043364543768729887 0.06346495539342319 2.415123441655674e-13 
0.0018544782035521247 0.04029640137135071 1.0287599084696912e-5 
0.0004336759331230683 0.06351531843795102 4.259565357015487e-5 
0.0010252423116242314 0.010885329576325257 2.933863821930815e-14 
0.0010250962426940733 0.010850164622856638 -3.0246137676225243e-5 
-3.038033534767007e-15 -0.04029872997327691 4.626874380873946e-14 
-2.7810225626674652e-15 -0.010843564919474807 1.6107583344846225e-14 
-0.0018544782035804443 -0.04029640137161224 -1.028759892790672e-5 
-0.0010250962427103456 -0.01085016462292594 3.0246137719732223e-5 
1.129019881019886e-14 -0.05739561716094044 -1.3392934186108567e-14 
4.004771514169072e-15 -0.06352426949664941 4.780867708542504e-14 
0.0010513725152925084 -0.05739059126660533 -2.4295000749965164e-5 
-0.00043367593315961133 -0.06351531843857683 -4.2595653289968476e-5 
1.093082422710426e-14 0.015203926172627611 -2.1200015674183624e-13 
1.2677863989946241e-14 -0.028230160132408963 -1.1323321484215737e-13 
0.002464388581100331 0.015202279785089468 8.05759800848168e-6 
0.0018289628705955633 -0.028225782991827125 -2.0760160791402075e-5 
-1.1773159905014832e-14 0.05930351926910759 -2.0780279424996356e-13 
4.2220291154234964e-16 0.051354380395613956 -2.5811689507536436e-13 
-0.00033089769674420744 0.05929768130981416 2.8474904470572523e-5 
0.00111124201324651 0.05134580855695766 4.061908411980276e-5 
-2.647444573539458e-14 2.4231666935798257e-12 1.4201550019260355e-13 
-2.0885010595763415e-14 0.04077561475480649 -6.420951385400213e-14 
-0.0025358793457350357 2.4230955849993792e-12 1.5959125931075688e-13 
-0.0014946587239590518 0.04076884592611086 3.207575099761791e-5 
-1.4100788005774684e-14 -0.059303519266909244 5.056804689627009e-13 
-2.1609125279002648e-14 -0.04077561475064469 3.505143503633776e-13 
-0.0003308976968723823 -0.05929768130761585 -2.847490414267391e-5 
-0.0014946587240267056 -0.04076884592194936 -3.207575067637162e-5 
4.982240929559347e-15 -0.015203926173745138 5.955505482801084e-13 
-4.663829810740826e-15 -0.0513543803955148 5.897102223347684e-13 
0.0024643885810558853 -0.015202279786206705 -8.057597611130269e-6 
0.001111242013158486 -0.05134580855685826 -4.0619083765937836e-5 
1.8733084931975454e-14 0.057395617159740224 3.944983352857872e-13 
1.2953645101978404e-14 0.028230160130885362 5.253968790464164e-13 
0.0010513725153340357 0.05739059126540535 2.4295001126597615e-5 
0.0018289628705940467 0.02822578299030376 2.0760161206674987e-5 
1.3764991098927123e-14 0.04029872997302859 1.1865345273961144e-13 
1.703602277794412e-14 0.0635242694960437 2.4575311686980864e-13 
-0.0018544782035516518 0.04029640137136391 1.0287599090354478e-5 
-0.0004336759331226095 0.06351531843797115 4.2595653578645355e-5 
7.288123487796718e-15 0.01084356491941316 3.1031559319049364e-14 
-0.001025096242694067 0.01085016462286416 -3.024613767307734e-5 
0.0018544782035743708 -0.04029640137161234 1.0287599020510586e-5 
0.0010250962427047845 -0.01085016462292589 -3.0246137687534457e-5 
-0.001051372515269928 -0.05739059126660548 2.4295000723246716e-5 
0.00043367593316761887 -0.06351531843857698 4.259565338560392e-5 
-0.002464388581078469 0.015202279785089524 -8.05759843243077e-6 
-0.001828962870570209 -0.028225782991827115 2.076016056492233e-5 
0.00033089769672065965 0.05929768130981447 -2.8474904886225882e-5 
-0.0011112420132456681 0.05134580855695793 -4.061908463611167e-5 
0.0025358793456820897 2.423080778932941e-12 1.2439883017980672e-13 
0.0014946587239172862 0.04076884592611102 -3.207575112608522e-5 
0.0003308976968441843 -0.05929768130761606 2.8474905154103548e-5 
0.0014946587239834865 -0.04076884592194956 3.207575137742846e-5 
-0.0024643885810459163 -0.015202279786207027 8.057598802269033e-6 
-0.0011112420131678103 -0.051345808556858455 4.0619084945426566e-5 
-0.001051372515296575 0.05739059126540536 -2.42950003376205e-5 
-0.0018289628705681414 0.02822578299030357 -2.0760160155878344e-5 
0.0018544782035791762 0.040296401371363984 -1.028759885304758e-5 
0.00043367593315668507 0.06351531843797113 -4.259565308714809e-5 
0.0010250962427086432 0.010850164622864344 3.0246137735104865e-5 

VECTORS eigenmode7 float
0.0 0.0 0.0 
0.0 0.0 0.0 
0.0 0.0 0.0 
0.0 0.0 0.0 
0.0 0.0 0.0 
0.0 0.0 0.0 
0.0 0.0 0.0 
0.0 0.0 0.0 
0.0 0.0 0.0 
0.0 0.0 0.0 
0.0 0.0 0.0 
0.0 0.0 0.0 
0.0 0.0 0.0 
0.0 0.0 0.0 
0.0 0.0 0.0 
0.0 0.0 0.0 
0.0 0.0 0.0 
0.0 0.0 0.0 
0.0 0.0 0.0 
0.0 0.0 0.0 
0.0 0.0 0.0 
0.0 0.0 0.0 
0.0 0.0 0.0 
0.0 0.0 0.0 
0.0 0.0 0.0 
0.0 0.0 0.0 
0.0 0.0 0.0 
0.0 0.0 0.0 
0.0 0.0 0.0 
0.0 0.0 0.0 
0.0 0.0 0.0 
0.0 0.0 0.0 
0.006198259606637821 -1.673802404342899e-5 0.030927593426780076 
0.0009231078652323262 -7.505694600983197e-5 0.06363732777635918 
-0.006887708728168996 -4.6992142655448855e-5 0.03760985834614917 
-0.007557284575106107 3.8070853001290695e-5 -0.026230306124000635 
-1.737122694409586e-14 8.346729166712871e-5 -0.059665608697281096 
0.007557284575104852 3.8070853240226845e-5 -0.026230306124317607 
0.006887708728209925 -4.69921425593165e-5 0.03760985834604138 
-0.0009231078652370317 -7.505694613100192e-5 0.06363732777653383 
-0.006198259606643021 -1.6738024134755356e-5 0.030927593426843605 
0.003775967588111391 8.745529715202865e-5 0.009086555677301883 
0.00397340636353497 -6.131019239486218e-5 0.052893701501856495 
-0.0031430882595098342 -9.238406843229767e-5 0.05888023552182197 
-0.0077215903978929655 -8.120959789040859e-6 0.00640044973963202 
-0.004044608645089775 8.890854658947626e-5 -0.050922832211001585 
0.004044608645068111 8.890854676221893e-5 -0.0509228322112196 
0.007721590397914992 -8.120959584027013e-6 0.006400449739359474 
0.0031430882595356348 -9.238406846787264e-5 0.05888023552191209 
-0.003973406363547097 -6.131019254048564e-5 0.052893701501986926 
-0.0037759675881146623 8.74552971312924e-5 0.009086555677318886 
-0.006198259606644321 1.6738023939372828e-5 0.03092759342677947 
-0.000923107865168991 7.50569464609676e-5 0.06363732777635958 
0.006887708728155563 4.6992143605852775e-5 0.03760985834615095 
0.007557284575007675 -3.807085325371054e-5 -0.026230306124000836 
4.1414068276817947e-14 -8.346729277213015e-5 -0.05966560869728295 
-0.00755728457500095 -3.8070853092276027e-5 -0.026230306124316854 
-0.006887708728221645 4.6992143574333385e-5 0.03760985834604384 
0.0009231078651679544 7.505694624003809e-5 0.06363732777653411 
0.006198259606672159 1.6738023806332968e-5 0.030927593426843186 
-0.003775967588116539 -8.745529718574527e-5 0.00908655567730215 
-0.003973406363505801 6.131019239237741e-5 0.052893701501854344 
0.003143088259536958 9.238406932769391e-5 0.05888023552182449 
0.007721590397834715 8.120960354809153e-6 0.0064004497396349036 
0.004044608645050097 -8.890854757411619e-5 -0.050922832211005006 
-0.004044608645000922 -8.8908547440487e-5 -0.050922832211221424 
-0.007721590397867629 8.120960454284928e-6 0.006400449739362369 
-0.003143088259578603 9.238406917129658e-5 0.058880235521913654 
0.003973406363526829 6.13101921783877e-5 0.05289370150198378 
0.003775967588131999 -8.745529722503337e-5 0.009086555677319799 
0.006198259606646207 1.6738023898285983e-5 0.03092759342676233 
0.0009231078651715599 7.505694637974425e-5 0.06363732777632523 
-0.006887708728153356 4.6992143506854634e-5 0.03760985834610951 
-0.007557284575005458 -3.8070853342413557e-5 -0.026230306124038177 
-3.859748004225645e-14 -8.34672928216994e-5 -0.05966560869730395 
0.007557284575003871 -3.807085310493743e-5 -0.026230306124322034 
0.006887708728224135 4.699214360234486e-5 0.037609858346056076 
-0.0009231078651649802 7.50569462601677e-5 0.0636373277765425 
-0.006198259606670854 1.6738023806927554e-5 0.030927593426842856 
0.003775967588118262 -8.745529720387495e-5 0.009086555677294621 
0.003973406363508292 6.13101923328502e-5 0.05289370150182988 
-0.003143088259534679 9.238406923579547e-5 0.05888023552178644 
-0.007721590397832764 8.120960259152957e-6 0.00640044973959532 
-0.004044608645047922 -8.890854764532424e-5 -0.05092283221103439 
0.0040446086450039625 -8.890854747378164e-5 -0.050922832211235225 
0.007721590397870259 8.120960463098082e-6 0.006400449739366008 
0.003143088259581618 9.238406920163666e-5 0.05888023552192627 
-0.003973406363524621 6.131019218737906e-5 0.052893701501987515 
-0.003775967588131596 -8.745529722498697e-5 0.00908655567731993 
-0.006198259606637989 -1.6738024002535356e-5 0.030927593426763062 
-0.0009231078652317368 -7.505694592869001e-5 0.06363732777632534 
0.006887708728170883 -4.6992142556394816e-5 0.037609858346107666 
0.007557284575109438 3.807085308946074e-5 -0.026230306124037532 
2.2243251334980563e-14 8.346729171643293e-5 -0.059665608697301094 
-0.007557284575099247 3.8070853252083605e-5 -0.02623030612432246 
-0.006887708728205731 -4.6992142587374755e-5 0.03760985834605329 
0.0009231078652384598 -7.50569461505665e-5 0.06363732777654221 
0.006198259606643799 -1.6738024135156765e-5 0.03092759342684403 
-0.003775967588112314 8.745529717014393e-5 0.0090865556772943 
-0.003973406363534897 -6.131019233541388e-5 0.052893701501831834 
0.003143088259511136 -9.238406834092733e-5 0.058880235521784265 
0.007721590397895567 -8.120959693663761e-6 0.006400449739592787 
0.004044608645094329 8.890854666061234e-5 -0.05092283221103115 
-0.004044608645062978 8.8908546795798e-5 -0.05092283221123327 
-0.007721590397910015 -8.12095959265763e-6 0.006400449739363088 
-0.0031430882595331927 -9.238406849906565e-5 0.05888023552192495 
0.003973406363548191 -6.131019254962088e-5 0.05289370150199067 
0.003775967588115082 8.745529713127138e-5 0.009086555677318931 
0.0 0.0 0.0 
0.0 0.0 0.0 
0.0 0.0 0.0 
0.0 0.0 0.0 
0.0 0.0 0.0 
0.0 0.0 0.0 
0.0 0.0 0.0 
0.0 0.0 0.0 
0.0 0.0 0.0 
0.0 0.0 0.0 
0.0 0.0 0.0 
0.0 0.0 0.0 
0.0 0.0 0.0 
0.0 0.0 0.0 
0.0 0.0 0.0 
0.0 0.0 0.0 
0.0 0.0 0.0 
0.0 0.0 0.0 
-3.2460184197692437e-15 -5.193234895613924e-14 0.03094624282004982 
3.163054072847539e-14 2.2521760265663178e-13 0.06373482164899366 
-6.717603375380502e-15 4.739341766530157e-13 0.037671378177821645 
-4.920648654760363e-14 -1.257014556995549e-13 -0.02627939996200447 
1.1994163554947956e-14 -5.51157311380378e-13 -0.059773734008888274 
5.1911387731089585e-14 7.359550789098861e-14 -0.026279399962321696 
-5.850326155479487e-15 5.056940559924938e-13 0.037671378177714286 
-3.451351789685541e-14 5.432900604973796e-14 0.06373482164916977 
1.4489916297582554e-14 -1.637948745049735e-13 0.03094624282011333 
0.0030364123916085165 -8.20951139388977e-6 0.030941978502666046 
-2.5583485475060487e-15 -1.698127141653395e-14 0.00898662077297234 
0.0018790009655113738 4.310608680511203e-5 0.009010426645557937 
-0.0030364123916150646 8.209511289981304e-6 0.030941978502665834 
-0.0018790009655164888 -4.310608683905418e-5 0.009010426645558015 
0.00044547052814616157 -3.8564391204583985e-5 0.06370876511275882 
1.4586093181397464e-14 -6.196213207186906e-17 0.052963009658595996 
0.0019882773988834515 -3.0076272443916434e-5 0.052946627762489505 
-0.0004454705280828311 3.856439165545032e-5 0.06370876511275911 
-0.0019882773988542522 3.007627244284691e-5 0.05294662776248845 
-0.0033969837960578374 -2.4210821476506925e-5 0.037654819962474134 
1.3535563215929516e-14 4.463751465074651e-13 0.05898484209866208 
-0.0015724182446008425 -4.5339901329442425e-5 0.05896011850601743 
0.0033969837960444293 2.4210822425277756e-5 0.03765481996247519 
0.0015724182446279465 4.533990222273128e-5 0.05896011850601859 
-0.00372436054323469 1.9515813453571624e-5 -0.026266328323178652 
-2.907106364414734e-14 2.8126620081678224e-13 0.006409428094710432 
-0.003864003070846336 -3.956661153816021e-6 0.006407356804792357 
0.0037243605431361796 -1.9515813705753926e-5 -0.026266328323178923 
0.0038640030707881375 3.956661716862377e-6 0.006407356804793701 
-2.2000236514846705e-15 4.2852759708553345e-5 -0.05974484608545986 
-1.9831280019267075e-14 -4.90415131159644e-13 -0.0510240768022459 
-0.002024055269544539 4.370786802622076e-5 -0.051000022088757556 
2.6232239197713382e-14 -4.285276081116869e-5 -0.05974484608546081 
0.0020240552695048866 -4.370786900817015e-5 -0.05100002208875947 
0.003724360543235699 1.951581367178578e-5 -0.026266328323495874 
3.3572686543073435e-14 -3.379168733730095e-13 -0.05102407680246377 
0.002024055269540895 4.370786818866676e-5 -0.05100002208897582 
-0.003724360543131727 -1.9515813525304717e-5 -0.02626632832349516 
-0.0020240552694737106 -4.370786886551134e-5 -0.05100002208897672 
0.003396983796071535 -2.4210821412890513e-5 0.03765481996236667 
2.3649605754406368e-14 4.333312591068633e-13 0.006409428094437033 
0.0038640030708548883 -3.956660974905255e-6 0.00640735680451898 
-0.003396983796083246 2.421082242517559e-5 0.03765481996236802 
-0.003864003070807563 3.956661842968234e-6 0.006407356804520529 
-0.0004454705281499541 -3.856439135042606e-5 0.06370876511293432 
-2.145223382963624e-14 3.507791424919253e-13 0.05898484209875208 
0.0015724182446095387 -4.533990139472909e-5 0.05896011850610793 
0.0004454705280808677 3.856439145910535e-5 0.06370876511293441 
-0.001572418244652522 4.533990209676478e-5 0.058960118506108675 
-0.0030364123916056087 -8.209511495325386e-6 0.03094197850272928 
-1.0074526892207741e-14 -1.7928975543679558e-13 0.05296300965872577 
-0.001988277398887367 -3.007627260593785e-5 0.052946627762619734 
0.0030364123916347455 8.209511167562773e-6 0.03094197850272926 
0.001988277398867159 3.0076272246506326e-5 0.05294662776261825 
8.664083000097561e-15 -4.7421093993054055e-14 0.008986620772989437 
-0.0018790009655101246 4.31060867794337e-5 0.009010426645574927 
0.00187900096552746 -4.3106086873981604e-5 0.00901042664557536 
4.027828102170238e-15 -5.181026937328369e-14 0.03094624282003285 
-3.004211512528476e-14 2.254095424273386e-13 0.06373482164896019 
8.833087732348208e-15 4.744027565263326e-13 0.037671378177780254 
5.191994014413525e-14 -1.2618926763311079e-13 -0.026279399962041584 
-8.148028787573625e-15 -5.513834425677448e-13 -0.059773734008908834 
-4.762605031729141e-14 7.319978344488706e-14 -0.026279399962327064 
9.170550095587454e-15 5.056044443615748e-13 0.03767137817772595 
3.66571271900263e-14 5.442047136606456e-14 0.06373482164917792 
-1.3434137453197937e-14 -1.6376817026472282e-13 0.030946242820113677 
2.9691099399807797e-15 -1.7017447074280883e-14 0.008986620772964764 
0.0030364123916166736 8.209511269575942e-6 0.030941978502648702 
0.0018790009655179274 -4.310608684811746e-5 0.009010426645550492 
-0.0030364123916085265 -8.20951137334958e-6 0.030941978502649056 
-0.0018790009655119747 4.3106086814180455e-5 0.009010426645550315 
-1.3265967249771622e-14 -2.276123128470948e-16 0.05296300965857108 
0.0004454705280851583 3.85643916147024e-5 0.0637087651127251 
0.001988277398856515 3.0076272413294984e-5 0.052946627762463776 
-0.0004454705281453383 -3.8564391163267784e-5 0.063708765112725 
-0.001988277398883072 -3.007627241393085e-5 0.052946627762464615 
-1.1800348827891474e-14 4.4621526160706543e-13 0.05898484209862354 
-0.00339698379604224 2.4210822375718335e-5 0.03765481996243385 
-0.0015724182446257909 4.533990217696397e-5 0.05896011850598043 
0.0033969837960598085 -2.421082142701983e-5 0.03765481996243312 
0.001572418244602245 -4.5339901283701026e-5 0.058960118505979334 
3.137845713198108e-14 2.810113690331037e-13 0.0064094280946708675 
-0.0037243605431339327 -1.951581374977347e-5 -0.02626632832321594 
-0.00386400307078612 3.956661669616735e-6 0.006407356804754168 
0.0037243605432378504 1.9515813497693845e-5 -0.02626632832321553 
0.003864003070848881 -3.956661105972706e-6 0.0064073568047527145 
2.3237307983019052e-14 -4.904648640920894e-13 -0.051024076802275546 
-2.3186198337300625e-14 -4.285276083620646e-5 -0.059744846085481494 
-0.002024055269502396 -4.3707869044081096e-5 -0.05100002208878881 
6.8488092503693544e-15 4.285275973347599e-5 -0.05974484608548012 
0.002024055269548847 4.37078680622131e-5 -0.05100002208878739 
-2.9516652813826636e-14 -3.3818317821090223e-13 -0.051024076802477676 
0.003724360543135004 -1.9515813531874084e-5 -0.02626632832350074 
0.0020240552694769584 -4.3707868882255363e-5 -0.05100002208899065 
-0.003724360543230334 1.9515813678325027e-5 -0.026266328323500766 
-0.002024055269536013 4.3707868205490126e-5 -0.051000022088989766 
-1.9881921950166518e-14 4.3320138457867147e-13 0.006409428094440904 
0.0033969837960859495 2.421082243914478e-5 0.03765481996238007 
0.003864003070810408 3.956661847506518e-6 0.006407356804524346 
-0.0033969837960675397 -2.4210821426987143e-5 0.037654819962378454 
-0.003864003070850219 -3.956660979696745e-6 0.006407356804522667 
2.421407479687055e-14 3.5073145286584947e-13 0.05898484209876517 
-0.00044547052807810723 3.8564391468877604e-5 0.0637087651129428 
0.0015724182446554846 4.533990211226935e-5 0.05896011850612134 
0.00044547052815151336 -3.8564391360067575e-5 0.06370876511294234 
-0.0015724182446070513 -4.533990140994581e-5 0.05896011850612069 
1.1799295902987325e-14 -1.7929879288642055e-13 0.05296300965872961 
-0.0030364123916334744 8.209511167907302e-6 0.030941978502729194 
-0.0019882773988650305 3.0076272251182266e-5 0.05294662776262198 
0.003036412391606449 -8.209511495763226e-6 0.030941978502729853 
0.0019882773988886496 -3.007627261047114e-5 0.05294662776262352 
-8.297510091207353e-15 -4.740875485189807e-14 0.00898662077298945 
-0.0018790009655270741 -4.310608687396528e-5 0.009010426645575437 
0.0018790009655105051 4.310608677948757e-5 0.009010426645574901 
0.006205064660868909 -7.261739208915813e-14 0.03092403244265943 
0.0009248674667249473 1.8470962199297046e-13 0.06362226851962646 
-0.006890164378579039 4.258286707617899e-13 0.03760046286278164 
-0.007560274001739996 -1.706542575915353e-13 -0.026222635731797863 
-2.8011481301009272e-14 -5.774673558867923e-13 -0.05964883002261557 
0.007560274001738603 6.727973437248688e-14 -0.026222635732098255 
0.006890164378634929 5.218077344542707e-13 0.03760046286270135 
-0.0009248674667240418 6.459810292860686e-14 0.06362226851982243 
-0.006205064660883865 -1.6397424693637824e-13 0.03092403244273152 
0.003775563849895023 -2.5893207536598798e-14 0.00910511777954164 
0.006203664733108745 -8.301512917191829e-6 0.03092491343972094 
0.003775641634562311 4.366686692188841e-5 0.009100510703375734 
0.003973879588822669 -3.113272001007855e-14 0.05288059807121925 
0.0009245124964976624 -3.7557034613732677e-5 0.06362608775873788 
0.003973765377327235 -3.065424359998027e-5 0.05288384391553165 
-0.0031437268562776156 4.0229749471296105e-13 0.05886051366285635 
-0.006889659867108259 -2.3528367197913178e-5 0.03760284945688193 
-0.003143592723628865 -4.615779815260629e-5 0.0588653994556991 
-0.007723127497237071 2.354996860700477e-13 0.0063986995230759834 
-0.007559662480973047 1.906822613314777e-5 -0.026224578731759915 
-0.0077227954849147145 -4.057598591864825e-6 0.006399131626447359 
-0.004045419009822564 -5.284743947361804e-13 -0.050903897015653864 
-2.2811196138807452e-14 4.1804107166673445e-5 -0.05965308386085202 
-0.004045243589132261 4.441465411017263e-5 -0.050908591616112976 
0.004045419009789732 -3.561284195381569e-13 -0.0509038970158632 
0.0075596624809716375 1.906822637124731e-5 -0.026224578732068352 
0.00404524358910487 4.4414654282695844e-5 -0.05090859161632676 
0.007723127497266816 4.400729595386111e-13 0.0063986995228250566 
0.006889659867156727 -2.3528367101726597e-5 0.03760284945678791 
0.007722795484940515 -4.057598387136169e-6 0.0063991316261856725 
0.003143726856314012 3.669629653689471e-13 0.05886051366297121 
-0.0009245124964994774 -3.755703473401603e-5 0.06362608775892326 
0.0031435927236600236 -4.6157798188119955e-5 0.05886539945580158 
-0.003973879588836896 -1.7692416524729812e-13 0.05288059807136322 
-0.006203664733118801 -8.301513008420889e-6 0.030924913439788645 
-0.003973765377340275 -3.065424374576161e-5 0.05288384391566886 
-0.0037755638499033174 -4.6739333643944505e-14 0.00910511777956283 
-0.0037756416345679973 4.366686690110353e-5 0.00910051070339488 
0.006203664733112726 8.301512771729986e-6 0.030924913439712126 
0.003775641634565603 -4.3666866973666705e-5 0.009100510703372108 
0.0009245124964673968 3.75570349831116e-5 0.0636260877587211 
0.003973765377313738 3.065424353777424e-5 0.0528838439155183 
-0.0068896598671004785 2.3528368049626463e-5 0.03760284945686218 
-0.003143592723641385 4.6157798956855094e-5 0.05886539945568132 
-0.007559662480923021 -1.906822647416361e-5 -0.026224578731778588 
-0.007722795484884548 4.057599062661444e-6 0.006399131626429113 
-3.322967474465964e-14 -4.180410832141141e-5 -0.059653083860863175 
-0.004045243589111171 -4.441465516684986e-5 -0.050908591616129664 
0.007559662480921616 -1.906822623634733e-5 -0.02622457873207049 
0.004045243589072897 -4.441465499480826e-5 -0.05090859161633469 
0.0068896598671638175 2.352836814519985e-5 0.03760284945679532 
0.007722795484918252 4.057599266931837e-6 0.006399131626188964 
-0.0009245124964637991 3.755703486301537e-5 0.06362608775892747 
0.003143592723683008 4.6157798921994274e-5 0.05886539945580863 
-0.006203664733132551 8.301512680422832e-6 0.03092491343978827 
-0.003973765377329115 3.0654243392111975e-5 0.05288384391566917 
-0.0037756416345764744 -4.366686699463946e-5 0.009100510703395388 
-0.00620506466086808 -3.165932448341162e-14 0.03092403244265948 
-0.0009248674667233992 2.6654803882308724e-13 0.06362226851962663 
0.006890164378581076 5.250304717168792e-13 0.037600462862781826 
0.007560274001742741 -8.195959417927923e-14 -0.026222635731797922 
3.187179040953171e-14 -5.278786284969546e-13 -0.059648830022615076 
-0.007560274001734296 7.979399055207442e-14 -0.026222635732097693 
-0.006890164378631611 4.937623691960066e-13 0.03760046286270128 
0.0009248674667262605 4.4702737080688746e-14 0.06362226851982228 
0.006205064660884883 -1.6467130300001554e-13 0.030924032442732008 
-0.006203664733111469 8.301512812790208e-6 0.030924913439720716 
-0.003775563849894597 -7.762331178071959e-15 0.00910511777954161 
-0.003775641634564671 -4.366686695554085e-5 0.009100510703375845 
-0.0009245124964654629 3.7557035064665736e-5 0.06362608775873825 
-0.003973879588821362 2.8069798410367783e-14 0.052880598071219136 
-0.003973765377311981 3.0654243597122456e-5 0.052883843915530505 
0.006889659867102568 2.3528368148662186e-5 0.03760284945688302 
0.0031437268562794006 4.933944692633976e-13 0.05886051366285631 
0.003143592723643358 4.615779904827399e-5 0.05886539945570023 
0.007559662480925539 -1.906822638546866e-5 -0.026224578731759887 
0.007723127497239307 3.308071530065842e-13 0.0063986995230760225 
0.0077227954848866935 4.057599157936693e-6 0.006399131626448838 
3.6660401288940926e-14 -4.180410827180671e-5 -0.05965308386085253 
0.0040454190098259514 -4.570704588605546e-13 -0.05090389701565398 
0.004045243589114094 -4.441465509545171e-5 -0.05090859161611498 
-0.0075596624809178585 -1.9068226224121556e-5 -0.026224578732067877 
-0.004045419009785651 -3.2272005623434485e-13 -0.050903897015863286 
-0.00404524358906921 -4.44146549614464e-5 -0.050908591616327596 
-0.006889659867160834 2.352836811690495e-5 0.037602849456789 
-0.0077231274972630265 4.3117250670734207e-13 0.006398699522825088 
-0.007722795484914913 4.057599257922726e-6 0.0063991316261872 
0.0009245124964662959 3.755703484303221e-5 0.06362608775892326 
-0.003143726856311301 3.3649164770560985e-13 0.05886051366297122 
-0.0031435927236801646 4.6157798891527556e-5 0.058865399455802346 
0.006203664733133659 8.301512679873556e-6 0.030924913439788645 
0.0039738795888385504 -1.858616468325624e-13 0.05288059807136325 
0.003973765377330983 3.065424338308671e-5 0.052883843915667396 
0.0037755638499037177 -4.6725849448560885e-14 0.009105117779562764 
0.003775641634576919 -4.366686699466647e-5 0.009100510703395298 
-0.006203664733108303 -8.301512876162855e-6 0.030924913439712456 
-0.0037756416345623984 4.3666866939999354e-5 0.00910051070337193 
-0.0009245124964964696 -3.7557034531676204e-5 0.06362608775872114 
-0.003973765377326389 -3.0654243540718796e-5 0.0528838439155192 
0.006889659867110272 -2.3528367098662875e-5 0.037602849456861515 
0.0031435927236304986 -4.615779806132551e-5 0.05886539945568024 
0.0075596624809760125 1.9068226221430604e-5 -0.0262245787317782 
0.007722795484917102 -4.057598496529555e-6 0.006399131626427607 
2.70372717261581e-14 4.18041072160801e-5 -0.05965308386086164 
0.004045243589136067 4.4414654181458954e-5 -0.05090859161612807 
-0.007559662480966845 1.9068226383459756e-5 -0.026224578732070503 
-0.004045243589100385 4.441465431624595e-5 -0.05090859161633373 
-0.006889659867153055 -2.3528367129942115e-5 0.03760284945679373 
-0.007722795484936247 -4.057598395839038e-6 0.006399131626187401 
0.0009245124965013815 -3.7557034753608865e-5 0.06362608775892727 
-0.0031435927236573885 -4.615779821871329e-5 0.058865399455808 
0.00620366473311972 -8.3015130089229e-6 0.030924913439789082 
0.003973765377341743 -3.065424375479469e-5 0.05288384391567074 
0.003775641634568436 4.366686690111403e-5 0.0091005107033948 
3.9384514276429426e-16 -5.1876189573569455e-14 0.030942900426732974 
7.729298861393594e-16 2.2526023052035463e-13 0.0637185986600601 
1.047647978676769e-15 4.740601716488147e-13 0.03766117814193146 
1.3638984873553495e-15 -1.258282846245091e-13 -0.02627119284777569 
1.9147805839138535e-15 -5.512913574289202e-13 -0.059755702476996915 
2.1926976835237343e-15 7.34214642029294e-14 -0.026271192848076608 
1.6578788973927512e-15 5.058591608195092e-13 0.03766117814185091 
1.0676625012411746e-15 5.4320626808377125e-14 0.06371859866025675 
5.277840844061392e-16 -1.6392605091215987e-13 0.030942900426805146 
2.05361806374566e-16 -1.6965974677121754e-14 0.009004415614258179 
-1.3855488318560805e-15 -5.194334277739985e-14 0.030943731939859196 
0.0030405492338340485 -6.224669631937907e-14 0.030938553787098255 
-1.1828686725533931e-15 -1.696511090796254e-14 0.008999952314466552 
0.0018787570349126546 -2.1442698573246194e-14 0.009028551260062221 
0.0030395131709868677 -4.073671425408199e-6 0.03093939587570107 
0.0018788154824152022 2.1539119142344653e-5 0.009024039634225734 
6.6395353086118e-16 -4.1720244305577485e-16 0.052950568917972556 
1.6127743320200673e-14 2.2524960569430464e-13 0.06372260384477636 
0.0004465339876190977 2.0506573117174307e-13 0.06369308893048914 
7.646970802746636e-15 -3.301131302868814e-16 0.0529537064691085 
0.001988594283651828 -1.5516860962367615e-14 0.05293387828706695 
0.0004462701462265407 -1.927125024622335e-5 0.06369701568577522 
0.0019885124313565724 -1.5052633297054877e-5 0.05293706168417046 
8.84457050760681e-16 4.467866587868405e-13 0.05896609549429329 
-2.831664208206176e-15 4.741315132132043e-13 0.03766369451766802 
-0.003398451080281719 4.499795789717379e-13 0.03764499630160641 
7.231953835147289e-15 4.4656108090494627e-13 0.058970819914681685 
-0.0015728186120732488 4.2380095217186237e-13 0.05894092037644711 
-0.0033980776879902037 -1.2104657095080373e-5 0.03764745924406053 
-0.001572719756327417 -2.2673379848003933e-5 0.05894571014225695 
1.1403913615246705e-15 2.817092416609093e-13 0.006407797226597251 
-2.380189136271283e-14 -1.2565582299519822e-13 -0.02627322209589442 
-0.003726147879141917 -1.4817391943128898e-13 -0.026258373254290573 
-1.3984494297868202e-14 2.81445783202467e-13 0.006408209534689479 
-0.0038649774935376 2.579597139113771e-13 0.0064056708618517805 
-0.0037256948423191097 9.763713330260108e-6 -0.026260367417742746 
-0.003864734246707865 -1.979503784542003e-6 0.006406091215019149 
1.7124641084565604e-15 -4.908446910138627e-13 -0.05100599251217497 
6.924709599439395e-15 -5.511479226562793e-13 -0.05976015790421835 
-1.2724489219785751e-14 -5.641943610337554e-13 -0.05972740218298459 
-9.068431427841274e-15 -4.907165074268731e-13 -0.05101054656107271 
-0.002024569318176943 -5.090585969536092e-13 -0.050981543175800156 
-7.50172367837051e-15 2.1436481641482434e-5 -0.059731775431449544 
-0.002024440857070888 2.185150055301917e-5 -0.05098615372035834 
2.011113372287191e-15 -3.385040292096547e-13 -0.051005992512384864 
2.6926685540229788e-14 7.344306665672498e-14 -0.02627322209620353 
0.0037261478791429424 6.999748780931516e-14 -0.026258373254591547 
1.7831895930461994e-14 -3.383141140050878e-13 -0.051010546561286556 
0.002024569318162377 -3.46967087748208e-13 -0.050981543176010016 
0.0037256948423201107 9.763713548622237e-6 -0.026260367418051676 
0.00202444085706175 2.1851500715303297e-5 -0.050986153720572455 
1.8889564399308896e-15 4.337128194645959e-13 0.006407797226345521 
-2.0690155569171985e-15 5.057042983097006e-13 0.03766369451757409 
0.0033984510803104504 5.132675673115441e-13 0.037644996301525874 
1.2783458059333579e-14 4.3341076351640833e-13 0.006408209534426955 
0.003864977493553999 4.363660598395579e-13 0.006405670861600491 
0.003398077688011467 -1.2104657031657379e-5 0.03764745924396651 
0.003864734246720334 -1.979503605940774e-6 0.0064060912147567645 
1.3838875376170474e-15 3.5100253224322285e-13 0.05896609549440895 
-1.661998776220498e-14 5.4352145365069645e-14 0.06372260384496263 
-0.0004465339876174904 5.930852283886123e-14 0.0636930889306859 
-1.0061886106146583e-14 3.509218348837256e-13 0.05897081991478452 
0.0015728186120924372 3.5895812604398766e-13 0.05894092037656257 
-0.0004462701462276027 -1.927125039227397e-5 0.06369701568596135 
0.0015727197563413895 -2.2673379912977177e-5 0.05894571014235988 
8.50626893811168e-16 -1.7959399710347063e-13 0.05295056891811672 
7.448116742664678e-15 -1.6392175609838558e-13 0.030943731939926895 
-0.00304054923384101 -1.637759208750707e-13 0.03093855378717023 
-4.618421773147942e-15 -1.7954860719572215e-13 0.05295370646924552 
-0.0019885942836580656 -1.7779321281310763e-13 0.05293387828721108 
-0.003039513170988893 -4.073671527035441e-6 0.030939395875768723 
-0.0019885124313616274 -1.5052633459181107e-5 0.05293706168430764 
1.9709164179026908e-16 -4.7300254869390145e-14 0.009004415614279107 
4.442160330970884e-15 -4.7325508986872704e-14 0.00899995231448558 
-0.0018787570349165909 -4.717428065089397e-14 0.009028551260083235 
-0.001878815482416524 2.1539119116676773e-5 0.00902403963424479 
2.190005335261334e-15 -5.187387644197648e-14 0.030943731939850692 
1.5871561673009736e-15 -1.6979808188952565e-14 0.008999952314462758 
0.0030395131709908337 4.073671301133627e-6 0.03093939587569242 
0.0018788154824184525 -2.153911918528824e-5 0.009024039634222016 
-1.45634646979085e-14 2.2526685672358305e-13 0.06372260384475964 
-6.296531136754764e-15 -3.7738977617350874e-16 0.05295370646909607 
0.0004462701461961884 1.9271250656608898e-5 0.06369701568575842 
0.0019885124313430546 1.5052633265988822e-5 0.05293706168415757 
4.951232910135494e-15 4.74489512611773e-13 0.037663694517647374 
-5.458255720293524e-15 4.464390084423584e-13 0.05897081991466243 
-0.003398077687982411 1.2104657994728688e-5 0.0376474592440404 
-0.0015727197563399405 2.267338069544057e-5 0.05894571014223843 
2.6512595399151604e-14 -1.2589883969419715e-13 -0.026273222095912967 
1.6267791260796118e-14 2.8126904266186155e-13 0.006408209534669783 
-0.0037256948422689467 -9.763713626508766e-6 -0.026260367417761346 
-0.003864734246677682 1.9795043004640773e-6 0.006406091215000021 
-3.091906874102871e-15 -5.513855296082232e-13 -0.059760157904228464 
1.2481074013186449e-14 -4.90846803570345e-13 -0.051010546561087534 
-1.792984628934019e-14 -2.1436482769681226e-5 -0.0597317754314604 
-0.0020244408570497486 -2.1851501571139244e-5 -0.05098615372037404 
-2.259677612126069e-14 7.331038755753238e-14 -0.026273222096206212 
-1.3761219433698531e-14 -3.3843000759366737e-13 -0.051010546561293585 
0.003725694842270024 -9.763713408411626e-6 -0.02626036741805418 
0.002024440857029781 -2.185150140920051e-5 -0.050986153720579915 
5.366439125398152e-15 5.058243207340109e-13 0.037663694517579796 
-9.011534738007368e-15 4.334576145091778e-13 0.006408209534428878 
0.0033980776880186084 1.2104658058240543e-5 0.03764745924397319 
0.003864734246698071 1.9795044787679944e-6 0.006406091214759412 
1.8768016156494734e-14 5.426500708380887e-14 0.06372260384496665 
1.2808107727408003e-14 3.509411482726304e-13 0.05897081991479106 
-0.0004462701461918981 1.9271250510812712e-5 0.06369701568596557 
0.0015727197563643743 2.2673380630698077e-5 0.05894571014236663 
-6.4072124353867176e-15 -1.6395053863854185e-13 0.03094373193992704 
6.3424637976415735e-15 -1.7954819272754758e-13 0.05295370646924751 
-0.0030395131710027204 4.073671199487795e-6 0.030939395875768657 
-0.001988512431350456 1.5052633103870037e-5 0.05293706168430868 
-4.032890098888972e-15 -4.7307008279734095e-14 0.008999952314485585 
-0.001878815482425013 -2.153911921106612e-5 0.009024039634245033 
-0.00304054923383324 -4.171206391637331e-14 0.03093855378709828 
-0.0018787570349122285 -1.239801077225874e-14 0.009028551260062204 
-0.003039513170989656 4.07367132154386e-6 0.030939395875700975 
-0.0018788154824175567 -2.1539119176240584e-5 0.009024039634225784 
-0.0004465339876175234 2.4588155031587883e-13 0.06369308893048957 
-0.0019885942836505095 1.420217748184768e-14 0.05293387828706679 
-0.0004462701461942606 1.9271250696933325e-5 0.06369701568577554 
-0.001988512431341287 1.5052633295822712e-5 0.05293706168416984 
0.0033984510802837955 4.993893668836562e-13 0.037644996301606455 
0.0015728186120750126 4.699124744331457e-13 0.058940920376447145 
0.0033980776879845493 1.2104658044325678e-5 0.03764745924406103 
0.001572719756341879 2.2673380741373608e-5 0.05894571014225754 
0.0037261478791446386 -1.0403882363509659e-13 -0.026258373254290413 
0.003864977493539857 3.0563854488050615e-13 0.006405670861851804 
0.003725694842271472 -9.763713582399743e-6 -0.026260367417742788 
0.0038647342466798656 1.9795043482293553e-6 0.00640609121501979 
1.6581412445270792e-14 -5.392502083730165e-13 -0.05972740218298405 
0.00202456931818034 -4.735184156723125e-13 -0.050981543175800385 
2.138309294793694e-14 -2.143648274465965e-5 -0.0597317754314497 
0.00202444085705273 -2.1851501535430053e-5 -0.050986153720359396 
-0.0037261478791386733 7.659892493228411e-14 -0.026258373254591308 
-0.002024569318158299 -3.30337350352508e-13 -0.05098154317601 
-0.0037256948422662497 -9.763713401841136e-6 -0.02626036741805141 
-0.002024440857026077 -2.1851501392488063e-5 -0.05098615372057287 
-0.0033984510803071106 4.995712866632384e-13 0.037644996301525596 
-0.0038649774935502336 4.3187168445977215e-13 0.006405670861600354 
-0.0033980776880155918 1.2104658044401396e-5 0.037647459243967056 
-0.003864734246694734 1.97950447415907e-6 0.0064060912147575364 
0.00044653398761964567 4.941900387673242e-14 0.06369308893068579 
-0.0015728186120897141 3.4344305462552254e-13 0.05894092037656269 
0.0004462701461943562 1.9271250500895657e-5 0.06369701568596138 
-0.001572719756361543 2.267338061532349e-5 0.05894571014236023 
0.003040549233842061 -1.6419835131857911e-13 0.030938553787170493 
0.001988594283659757 -1.8239328396129544e-13 0.05293387828721107 
0.003039513171003851 4.073671199104982e-6 0.030939395875768855 
0.001988512431352371 1.5052633099267256e-5 0.05293706168430686 
0.0018787570349169925 -4.7162132192048944e-14 0.009028551260083197 
0.0018788154824253922 -2.153911921106652e-5 0.00902403963424497 
-0.0030395131709864283 -4.073671404979053e-6 0.03093939587569259 
-0.001878815482415265 2.1539119151408234e-5 0.00902403963422193 
-0.0004462701462253218 -1.9271250205401362e-5 0.06369701568575854 
-0.0019885124313556847 -1.5052633267203723e-5 0.052937061684158 
0.0033980776879922276 -1.210465704585703e-5 0.03764745924404003 
0.0015727197563290105 -2.2673379801952927e-5 0.058945710142237935 
0.0037256948423220375 9.763713374341378e-6 -0.026260367417761173 
0.0038647342467102402 -1.9795037367413773e-6 0.006406091214999395 
1.1741093406516437e-14 2.1436481666400405e-5 -0.05973177543145945 
0.0020244408570747135 2.1851500588732485e-5 -0.05098615372037337 
-0.0037256948423153137 9.763713554922458e-6 -0.026260367418054154 
-0.002024440857057296 2.185150073188216e-5 -0.05098615372057941 
-0.003398077688007829 -1.2104657045609172e-5 0.03764745924397222 
-0.003864734246716125 -1.97950361049997e-6 0.006406091214758633 
0.0004462701462294735 -1.9271250401828052e-5 0.0636970156859653 
-0.0015727197563387535 -2.2673379928480415e-5 0.05894571014236633 
0.0030395131709898366 -4.073671527508686e-6 0.03093939587576917 
0.001988512431363103 -1.5052633463771138e-5 0.052937061684309415 
0.0018788154824169211 2.1539119116740602e-5 0.00902403963424474 

VECTORS eigenmode8 float
0.0 0.0 0.0 
0.0 0.0 0.0 
0.0 0.0 0.0 
0.0 0.0 0.0 
0.0 0.0 0.0 
0.0 0.0 0.0 
0.0 0.0 0.0 
0.0 0.0 0.0 
0.0 0.0 0.0 
0.0 0.0 0.0 
0.0 0.0 0.0 
0.0 0.0 0.0 
0.0 0.0 0.0 
0.0 0.0 0.0 
0.0 0.0 0.0 
0.0 0.0 0.0 
0.0 0.0 0.0 
0.0 0.0 0.0 
0.0 0.0 0.0 
0.0 0.0 0.0 
0.0 0.0 0.0 
0.0 0.0 0.0 
0.0 0.0 0.0 
0.0 0.0 0.0 
0.0 0.0 0.0 
0.0 0.0 0.0 
0.0 0.0 0.0 
0.0 0.0 0.0 
0.0 0.0 0.0 
0.0 0.0 0.0 
0.0 0.0 0.0 
0.0 0.0 0.0 
0.004268945518577795 0.04834967182199439 -8.799198241419998e-5 
-0.005740950507598229 0.03338919062469155 -7.398470225766947e-5 
-0.0026017239238419246 -0.05419714071874086 0.00013647927322650788 
0.0066748062596999605 -0.011388718170196611 2.863320586405553e-5 
5.838738914345311e-14 0.058747774498581797 -0.00014582272901127446 
-0.006674806259688941 -0.01138871816884089 2.863320579937618e-5 
0.0026017239237594576 -0.054197140718553714 0.00013647927331246048 
0.005740950507629916 0.03338919062399174 -7.398470205388905e-5 
-0.004268945518577022 0.04834967182174642 -8.799198229436199e-5 
0.002478002447939484 0.01343705533908376 0.00014453446422528566 
-0.0007504740079936462 0.06621548109086474 -0.0003016992042702503 
-0.004419965270746005 -0.01834088421517237 9.338259246690442e-5 
0.0021606336013194173 -0.05626062634994909 0.0002779808277321731 
0.003539833120963231 0.04056627812668718 -0.00020018151127526213 
-0.003539833120898325 0.04056627812768599 -0.00020018151133370285 
-0.0021606336013566536 -0.05626062634888191 0.0002779808277144616 
0.004419965270721235 -0.01834088421577496 9.338259263694766e-5 
0.0007504740080089621 0.06621548109040871 -0.0003016992040851166 
-0.0024780024479401255 0.013437055339013914 0.00014453446426289902 
0.004268945518539186 0.0483496718219511 8.79919825692183e-5 
-0.005740950507636112 0.03338919062460798 7.398470272245808e-5 
-0.0026017239238021205 -0.05419714071893479 -0.00013647927282940065 
0.006674806259786837 -0.011388718170404072 -2.8633206036649386e-5 
7.756597183548241e-14 0.05874777449840735 0.00014582272838954688 
-0.006674806259775572 -0.01138871816895095 -2.8633206096334313e-5 
0.002601723923666982 -0.054197140718564844 -0.0001364792727435196 
0.005740950507653513 0.0333891906239718 7.398470292245747e-5 
-0.004268945518495085 0.048349671821733615 8.799198268855976e-5 
0.0024780024479171547 0.01343705533906417 -0.00014453446418607508 
-0.0007504740080343241 0.06621548109081493 0.00030169920458870774 
-0.004419965270746746 -0.018340884215315247 -9.338259195505928e-5 
0.0021606336013872654 -0.056260626350171775 -0.000277980827583402 
0.0035398331210203344 0.04056627812650567 0.0002001815108123319 
-0.0035398331209322478 0.040566278127541676 0.00020018151076098772 
-0.002160633601453488 -0.05626062634895274 -0.0002779808275913504 
0.004419965270684071 -0.018340884215787938 -9.338259179251549e-5 
0.0007504740080670607 0.06621548109038931 0.0003016992047752307 
-0.0024780024478910554 0.013437055339011943 -0.00014453446414706422 
-0.004268945518538423 0.048349671821994025 8.799198258697888e-5 
0.005740950507635073 0.03338919062469141 7.39847027573976e-5 
0.0026017239238034858 -0.054197140718740475 -0.00013647927274850608 
-0.006674806259778878 -0.011388718170196951 -2.8633205949445796e-5 
-7.114464248736928e-14 0.058747774498581214 0.0001458227284625675 
0.006674806259782439 -0.011388718168840475 -2.8633206050512395e-5 
-0.0026017239236600796 -0.054197140718552535 -0.00013647927273875544 
-0.0057409505076497875 0.03338919062399203 7.398470293088695e-5 
0.0042689455184979205 0.04834967182174645 8.799198269368685e-5 
-0.002478002447917977 0.013437055339083296 -0.0001445344641780899 
0.0007504740080349999 0.06621548109086527 0.0003016992046093304 
0.004419965270746819 -0.018340884215171004 -9.33825918953691e-5 
-0.0021606336013826545 -0.05626062634994852 -0.00027798082749066615 
-0.0035398331210135985 0.040566278126686235 0.00020018151088746763 
0.0035398331209398953 0.040566278127684215 0.0002001815108200546 
0.002160633601461682 -0.05626062634888259 -0.0002779808275621913 
-0.0044199652706801915 -0.018340884215773116 -9.338259178643684e-5 
-0.0007504740080641987 0.06621548109040971 0.00030169920478355 
0.002478002447892436 0.013437055339012889 -0.00014453446414678447 
-0.004268945518575954 0.0483496718219513 -8.79919823961104e-5 
0.005740950507603916 0.03338919062460807 -7.398470222247134e-5 
0.0026017239238486536 -0.054197140718935444 0.000136479273307798 
-0.006674806259696498 -0.011388718170403595 2.8633205950660892e-5 
-5.3407764847661336e-14 0.058747774498408546 -0.0001458227289390546 
0.00667480625969287 -0.011388718168949073 2.8633205844490973e-5 
-0.00260172392375653 -0.05419714071856531 0.00013647927331631834 
-0.00574095050762623 0.03338919062397142 -7.398470204603376e-5 
0.00426894551857807 0.04834967182173291 -8.79919822887002e-5 
-0.0024780024479374345 0.013437055339064608 0.0001445344642331255 
0.0007504740079963575 0.06621548109081478 -0.0003016992042498635 
0.004419965270752561 -0.01834088421531595 9.338259252615037e-5 
-0.0021606336013140757 -0.05626062635017189 0.0002779808278239966 
-0.003539833120958155 0.040566278126506865 -0.0002001815112005211 
0.0035398331209019348 0.040566278127542835 -0.0002001815112746291 
0.002160633601358757 -0.056260626348952444 0.0002779808277440225 
-0.004419965270716346 -0.01834088421578835 9.33825926432869e-5 
-0.0007504740080064054 0.06621548109038872 -0.00030169920407683903 
0.002478002447940769 0.013437055339013081 0.0001445344642632453 
0.0 0.0 0.0 
0.0 0.0 0.0 
0.0 0.0 0.0 
0.0 0.0 0.0 
0.0 0.0 0.0 
0.0 0.0 0.0 
0.0 0.0 0.0 
0.0 0.0 0.0 
0.0 0.0 0.0 
0.0 0.0 0.0 
0.0 0.0 0.0 
0.0 0.0 0.0 
0.0 0.0 0.0 
0.0 0.0 0.0 
0.0 0.0 0.0 
0.0 0.0 0.0 
0.0 0.0 0.0 
0.0 0.0 0.0 
0.004255463869939224 0.048243950204931364 7.764506798654708e-14 
-0.005731185839179799 0.03329839214678516 2.3300680459477783e-13 
-0.002596938060514353 -0.05402892057679752 1.9871572106593995e-13 
0.006662297747119332 -0.011353450819167736 -8.62590342849793e-14 
6.795090567029864e-14 0.05856800201073249 -3.1113737038522446e-13 
-0.006662297747108146 -0.011353450817765398 -1.488426216955202e-13 
0.0025969380604058917 -0.054028920576519514 2.84137990773428e-13 
0.00573118583920415 0.033298392146118266 4.34755412171367e-13 
-0.004255463869916733 0.04824395020469898 1.9698816271269914e-13 
0.004268215760503838 0.04827042952425441 -4.411698460143005e-5 
0.002478097897847919 0.013606424543240864 1.9226987357560978e-14 
0.0024779870825506365 0.013564924092171509 7.091231933168237e-5 
0.004268215760484616 0.04827042952423294 4.411698475657042e-5 
0.002477987082539097 0.013564924092161614 -7.091231929302807e-5 
-0.005740447901182377 0.033321525626361426 -3.771666510181973e-5 
-0.0007498214498928473 0.06585820485524183 1.5882456617832144e-13 
-0.0007504534894278735 0.06594651260609599 -0.00014916148446438232 
-0.005740447901201759 0.033321525626318814 3.771666556747171e-5 
-0.0007504534894484936 0.06594651260607083 0.00014916148478233507 
-0.002601478484194002 -0.05407190845799798 6.971698519730108e-5 
-0.004417901305655835 -0.018230429234590187 2.560590717861758e-13 
-0.004419726102141909 -0.018257707425439928 4.615173529363205e-5 
-0.0026014784841750333 -0.05407190845809577 -6.971698479951428e-5 
-0.004419726102143169 -0.018257707425511138 -4.615173478127739e-5 
0.006674201701000881 -0.011362458085748747 1.4618786374757113e-5 
0.0021596023979831057 -0.055931775621407616 7.470805809685991e-14 
0.002160505117309821 -0.05601299342844606 0.0001373662197836816 
0.006674201701044271 -0.011362458085851335 -1.461878654674934e-5 
0.002160505117343719 -0.0560129934285566 -0.00013736621963447734 
6.324318376416151e-14 0.058613952303261746 -7.451539234643593e-5 
0.003538168030005398 0.04032948516755115 -2.3196005372851543e-13 
0.003539628598466278 0.040387962043024854 -9.891238437306973e-5 
7.281659819438072e-14 0.058613952303174684 7.451539172428754e-5 
0.0035396285984950733 0.04038796204293345 9.891238390932823e-5 
-0.0066742017009903025 -0.011362458084369148 1.461878631095634e-5 
-0.0035381680299288736 0.04032948516856425 -2.874243436757507e-13 
-0.0035396285983959838 0.04038796204402978 -9.891238442997387e-5 
-0.006674201701032505 -0.0113624580844245 -1.4618786608991635e-5 
-0.003539628598412397 0.04038796204395715 9.891238385558654e-5 
0.0026014784840982267 -0.05407190845776526 6.971698528252558e-5 
-0.0021596023980349163 -0.05593177562027095 6.167471210380338e-14 
-0.0021605051173547514 -0.056012993427345725 0.00013736621976835834 
0.002601478484053254 -0.05407190845777147 -6.971698471394941e-5 
-0.0021605051174023522 -0.05601299342738019 -0.0001373662196448878 
0.00574044790121086 0.03332152562567887 -3.7716664899171145e-5 
0.004417901305612106 -0.018230429235122657 4.231519492617152e-13 
0.0044197261021082295 -0.01825770742600668 4.615173546216357e-5 
0.005740447901222293 0.03332152562566925 3.771666576849947e-5 
0.00441972610208945 -0.01825770742601246 -4.615173461671995e-5 
-0.0042682157604920145 0.04827042952401435 -4.411698448166623e-5 
0.0007498214499168992 0.06585820485479961 3.4535599817874167e-13 
0.0007504534894476394 0.0659465126056463 -0.00014916148427866502 
-0.004268215760451562 0.04827042952400749 4.411698487589597e-5 
0.0007504534894767972 0.06594651260563632 0.00014916148496902843 
-0.0024780978978352535 0.013606424543179094 5.725413972661487e-14 
-0.002477987082544446 0.013564924092105506 7.091231936945887e-5 
-0.002477987082519936 0.013564924092104563 -7.091231925462502e-5 
-0.004255463869937887 0.048243950204931135 9.527561202974684e-14 
0.005731185839182184 0.03329839214678409 2.6767674906063884e-13 
0.002596938060518419 -0.05402892057679861 2.7987843379407225e-13 
-0.006662297747113529 -0.011353450819167037 1.9303147718457568e-16 
-6.213238608450353e-14 0.05856800201073263 -2.393205170488612e-13 
0.006662297747113645 -0.01135345081776451 -1.0341119262664172e-13 
-0.0025969380604008887 -0.05402892057651904 2.8952272690861614e-13 
-0.005731185839200518 0.03329839214611848 4.4323103505235335e-13 
0.004255463869918662 0.048243950204698446 2.0258953253647692e-13 
-0.0024780978978472994 0.01360642454324087 2.7263496500548117e-14 
-0.0042682157604837165 0.04827042952425413 4.411698477431068e-5 
-0.0024779870825396046 0.01356492409217126 -7.09123192850305e-5 
-0.0042682157605020785 0.04827042952423307 -4.4116984583631e-5 
-0.0024779870825489456 0.013564924092161805 7.091231933970195e-5 
0.0007498214498945722 0.06585820485524214 1.799227430330821e-13 
0.005740447901201564 0.03332152562636112 3.7716665602163144e-5 
0.0007504534894493808 0.06594651260609545 0.0001491614848031822 
0.005740447901187325 0.033321525626318384 -3.771666506683556e-5 
0.0007504534894303687 0.06594651260607046 -0.00014916148444349864 
0.004417901305659139 -0.018230429234589764 3.165422256549641e-13 
0.0026014784841770287 -0.054071908457998 -6.971698471841192e-5 
0.004419726102143942 -0.018257707425439182 -4.615173472130863e-5 
0.002601478484200142 -0.05407190845809532 6.971698527779568e-5 
0.0044197261021476884 -0.0182577074255119 4.615173535358024e-5 
-0.002159602397978199 -0.055931775621407186 1.6725588280045298e-13 
-0.006674201701036724 -0.01136245808574835 -1.4618786460233991e-5 
-0.002160505117339018 -0.056012993428445776 -0.00013736621954203718 
-0.006674201700996823 -0.011362458085851757 1.4618786461087053e-5 
-0.002160505117304604 -0.056012993428557645 0.00013736621987621753 
-0.003538168029999511 0.04032948516755139 -1.5653877810387164e-13 
-6.647864904691528e-14 0.05861395230326151 7.451539179641817e-5 
-0.0035396285984885586 0.04038796204302435 9.891238398429325e-5 
-5.803997211616616e-14 0.05861395230317521 -7.451539227457327e-5 
-0.00353962859846102 0.040387962042933795 -9.891238429771559e-5 
0.0035381680299344867 0.04032948516856474 -2.276425877747554e-13 
0.006674201701039131 -0.011362458084369614 -1.4618786562727543e-5 
0.0035396285984195894 0.0403879620440288 9.891238391508775e-5 
0.006674201700994515 -0.011362458084424302 1.461878635607232e-5 
0.0035396285984000356 0.040387962043957906 -9.891238437018929e-5 
0.0021596023980400146 -0.055931775620270664 9.053978512464867e-14 
-0.0026014784840467974 -0.05407190845776524 -6.971698470889084e-5 
0.0021605051174098475 -0.056012993427345406 -0.0001373662196160164 
-0.002601478484094799 -0.0540719084577713 6.971698528715294e-5 
0.0021605051173575612 -0.056012993427379955 0.00013736621979755167 
-0.004417901305607721 -0.018230429235122896 4.2883563348110505e-13 
-0.005740447901218619 0.03332152562567968 3.771666577671229e-5 
-0.004419726102085436 -0.01825770742600549 -4.615173461055462e-5 
-0.005740447901207178 0.03332152562566825 -3.771666489067149e-5 
-0.004419726102103382 -0.01825770742601396 4.615173546823573e-5 
-0.0007498214499141737 0.06585820485479972 3.5370410354509026e-13 
0.004268215760454165 0.048270429524014294 4.4116984881252876e-5 
-0.0007504534894739764 0.0659465126056466 0.00014916148497750938 
0.004268215760493274 0.048270429524007515 -4.411698447621673e-5 
-0.0007504534894450902 0.06594651260563607 -0.0001491614842702326 
0.0024780978978362514 0.013606424543179238 5.759118461997155e-14 
0.0024779870825212143 0.013564924092104974 -7.091231925431632e-5 
0.002477987082545171 0.013564924092105071 7.091231936986037e-5 
1.9747686356489075e-14 0.04836848714809767 8.658928002307026e-14 
1.8450150144968638e-14 0.03340439538822735 2.5005883006168076e-13 
-1.9242670805726285e-14 -0.05422469950626376 2.3902508051831773e-13 
-3.945385500897862e-14 -0.01139450434026569 -4.257725703874982e-14 
-6.38828413814681e-15 0.05877726035849658 -2.744514311235601e-13 
4.671321709246375e-14 -0.01139450433890837 -1.2546527170106654e-13 
4.9737140549288956e-14 -0.05422469950607655 2.8639843779562425e-13 
-9.95353108350292e-15 0.0334043953875269 4.3820530461730943e-13 
-3.95852639057327e-14 0.04836848714784997 1.9964926171546803e-13 
1.0717017780322734e-14 0.013405678928401497 2.3624079707300815e-14 
0.002112630157074319 0.04836363069176075 -4.405165968170033e-5 
0.0012399010062769465 0.013413433863236669 7.248509040654577e-5 
2.0676329055676785e-14 0.06627918396735454 1.694125856617396e-13 
-0.0028494225895841383 0.03340043168063799 -3.693463880922833e-5 
-0.0003750520758426818 0.06626354334327972 -0.00015102999449154872 
3.943525874837042e-16 -0.018360705118400794 2.856070741234875e-13 
-0.0012909723119575753 -0.05421756980706027 6.807099733324112e-5 
-0.0022119649325884412 -0.01835582284049338 4.6759428563429716e-5 
-3.1608914601038757e-14 -0.05631952501652911 1.2061623087979979e-13 
0.003311222559611021 -0.011393008847486941 1.4282102758011416e-5 
0.0010813968934976644 -0.05630504151977661 0.00013918309806184475 
-2.5191472185107222e-14 0.040608689806974574 -1.937464239221188e-13 
2.5845602418909026e-14 0.05876961742193712 -7.273423488039278e-5 
0.0017716363823440885 0.04059826357142409 -0.0001002296806046312 
2.081863384895682e-14 0.04060868980797361 -2.5670174407271596e-13 
-0.0033112225596016835 -0.01139300884612988 1.4282102683850922e-5 
-0.0017716363823136077 0.04059826357242336 -0.00010022968066513207 
5.253928974535597e-14 -0.056319525015461766 7.638992415381905e-14 
0.0012909723119319072 -0.05421756980687345 6.807099739992006e-5 
-0.001081396893505702 -0.05630504151870891 0.00013918309803077742 
2.052111609322426e-14 -0.01836070511900331 4.249228394560582e-13 
0.0028494225896038175 0.033400431679937705 -3.693463861356763e-5 
0.0022119649325862594 -0.018355822841096152 4.6759428718262724e-5 
-2.763045204425581e-14 0.06627918396689896 3.4911257604474324e-13 
-0.002112630157083864 0.04836363069151262 -4.4051659565359796e-5 
0.0003750520758468 0.06626354334282378 -0.00015102999430909896 
-2.382199910213218e-14 0.013405678928331489 5.815937218807343e-14 
-0.0012399010062839229 0.013413433863166797 7.248509044260819e-5 
-0.002112630157034895 0.04836363069176043 4.405165985480716e-5 
-0.0012399010062554843 0.01341343386323642 -7.248509035928121e-5 
0.002849422589621047 0.03340043168063742 3.693463930927729e-5 
0.000375052075884006 0.06626354334327982 0.0001510299948303836 
0.0012909723119190711 -0.054217569807060266 -6.807099685503334e-5 
0.002211964932589263 -0.01835582284049293 -4.6759427992172055e-5 
-0.003311222559689955 -0.011393008847486752 -1.4282102842768638e-5 
-0.0010813968935608873 -0.056305041519776465 -0.00013918309782035373 
-3.8594928659799537e-14 0.0587696174219369 7.273423433149315e-5 
-0.0017716363823943905 0.04059826357142362 0.00010022968021691794 
0.003311222559695176 -0.011393008846130119 -1.4282102934962295e-5 
0.0017716363823551367 0.040598263572422376 0.00010022968015169818 
-0.0012909723118324798 -0.05421756980687253 -6.807099682674073e-5 
0.0010813968936107744 -0.056305041518709506 -0.00013918309787818028 
-0.0028494225896237126 0.03340043167993814 3.69346394902092e-5 
-0.002211964932545236 -0.018355822841095406 -4.675942786808084e-5 
0.002112630157004738 0.04836363069151265 4.405165996465716e-5 
-0.00037505207590210476 0.06626354334282425 0.00015102999500729531 
0.0012399010062361852 0.01341343386316626 -7.248509032636105e-5 
-1.841410014518304e-14 0.04836848714805474 8.653849545017639e-14 
-1.6077644505057337e-14 0.03340439538814275 2.5016903266192176e-13 
2.334152967516102e-14 -0.05422469950645859 2.3864664485643417e-13 
4.521353098210137e-14 -0.011394504340473097 -4.266200344047843e-14 
1.2050788869687623e-14 0.05877726035832275 -2.748923623611022e-13 
-4.136622875211856e-14 -0.011394504339018221 -1.261248680449276e-13 
-4.481869049910341e-14 -0.05422469950608862 2.8606968326749713e-13 
1.3627950849011833e-14 0.03340439538750672 4.382406208885151e-13 
4.156892276520946e-14 0.04836848714783698 1.9971155536600596e-13 
0.0021126301570359844 0.048363630691717535 4.405165984585393e-5 
-1.0158113379007577e-14 0.013405678928382306 2.3555080368581783e-14 
0.0012399010062554886 0.013413433863217226 -7.248509036330032e-5 
-0.002849422589619931 0.03340043168055318 3.693463929193539e-5 
-1.8994915048390225e-14 0.06627918396730491 1.6929288991850156e-13 
-0.00037505207588272584 0.06626354334323001 0.0001510299948200064 
-0.001290972311915977 -0.05421756980725486 -6.807099689574117e-5 
2.9224110718872396e-15 -0.01836070511854375 2.855870755883372e-13 
-0.002211964932587175 -0.018355822840636502 -4.675942802195411e-5 
0.0033112225596965356 -0.011393008847693974 -1.4282102886462076e-5 
3.661553821634868e-14 -0.05631952501675173 1.2042748712151596e-13 
0.0010813968935657482 -0.05630504151999916 -0.0001391830978666964 
4.4586301135401593e-14 0.05876961742176302 7.273423429497644e-5 
3.105767681260111e-14 0.04060868980679375 -1.9385715481471443e-13 
0.0017716363824006038 0.040598263571242826 0.0001002296801792019 
-0.003311222559689168 -0.011393008846239432 -1.4282102957780913e-5 
-1.516179297044772e-14 0.040608689807830806 -2.5629286838911217e-13 
-0.0017716363823487553 0.04059826357227972 0.00010022968012195161 
0.0012909723118381864 -0.05421756980688427 -6.807099682921103e-5 
-4.735995811535484e-14 -0.0563195250155318 7.650386979205417e-14 
-0.0010813968936044535 -0.05630504151877942 -0.0001391830978927183 
0.0028494225896274123 0.033400431679917825 3.693463948581053e-5 
-1.6089086743955656e-14 -0.018360705119017894 4.250712116475544e-13 
0.002211964932549431 -0.018355822841110016 -4.675942787106192e-5 
-0.0021126301570023953 0.048363630691499536 4.405165996210242e-5 
3.0317203901827626e-14 0.06627918396687857 3.4908607070898405e-13 
0.00037505207590482324 0.06626354334280399 0.00015102999500304914 
2.4864087124968978e-14 0.013405678928330556 5.823176249014728e-14 
-0.0012399010062350874 0.01341343386316532 -7.248509032649236e-5 
-0.0021126301570727757 0.048363630691717494 -4.405165967286062e-5 
-0.0012399010062758141 0.01341343386321751 7.248509041046212e-5 
0.0028494225895877435 0.033400431680553365 -3.6934638791641805e-5 
0.0003750520758447532 0.06626354334322986 -0.0001510299944812327 
0.0012909723119626166 -0.05421756980725513 6.80709973733249e-5 
0.0022119649325929355 -0.01835582284063685 4.675942859312102e-5 
-0.003311222559606102 -0.011393008847693802 1.428210280079723e-5 
-0.00108139689349254 -0.05630504151999931 0.00013918309810788263 
-2.0438433346694208e-14 0.058769617421763634 -7.273423484471615e-5 
-0.0017716363823384762 0.040598263571243506 -0.00010022968056686688 
0.0033112225596064657 -0.011393008846238764 1.4282102706126652e-5 
0.0017716363823184794 0.04059826357228036 -0.00010022968063519224 
-0.0012909723119277614 -0.05421756980688493 6.807099740181747e-5 
0.0010813968935096685 -0.05630504151877933 0.00013918309804576178 
-0.0028494225896000805 0.0334004316799173 -3.693463860943848e-5 
-0.002211964932581713 -0.018355822841110623 4.6759428721371e-5 
0.002112630157085496 0.04836363069149918 -4.405165956258576e-5 
-0.0003750520758442222 0.06626354334280359 -0.00015102999430483845 
0.001239901006284741 0.013413433863165864 7.248509044292086e-5 
6.662276051284754e-16 0.04826266222971256 8.650203459557454e-14 
1.229582221905768e-15 0.033313274706322206 2.5046577262349806e-13 
2.0421993947319435e-15 -0.05405592682592188 2.396633141767264e-13 
2.882027550078526e-15 -0.011359123693285858 -4.283410433304188e-14 
2.925739829266466e-15 0.05859687347625486 -2.751001975849418e-13 
2.6533354710721064e-15 -0.01135912369188268 -1.2646233458458705e-13 
2.487323241418355e-15 -0.05405592682564389 2.866507976222913e-13 
1.8361864053386097e-15 0.03331327470565562 4.389452902684146e-13 
9.63594926744037e-16 0.048262662229480405 1.998404530171114e-13 
3.1064892337977513e-16 0.013574519536521067 2.3311046870836694e-14 
0.0021137113615802977 0.048257861940698685 8.205059138822848e-14 
1.0065551488037201e-14 0.048289098674028696 8.651373041450369e-14 
0.001239852910219528 0.0135824085393013 2.127817635727428e-14 
5.5017741088592325e-15 0.013533317748764661 2.3415224664168705e-14 
0.0021189882136822638 0.04828430953172584 -2.2058974988316022e-5 
0.0012398118830081128 0.013541111071548208 3.558436973808881e-5 
8.517483992357145e-16 0.06592264332923703 1.6933549554425033e-13 
-0.002850199290800637 0.03330941288609593 2.4173560430340847e-13 
9.602454137655586e-15 0.033336515667524706 2.503290840332626e-13 
-0.00037512266886596503 0.06590677480843922 1.6416692325879076e-13 
1.0739645725616831e-14 0.0660106677137084 1.6936887096270003e-13 
-0.0028540450123125402 0.03333261865143929 -1.8797835561084508e-5 
-0.000375384104714766 0.06599489486038071 -7.472439436036595e-5 
1.6325542672670075e-15 -0.01825045907242506 2.861176296527953e-13 
-0.0012913558371859045 -0.05404892301074572 2.1913536713478596e-13 
-8.483239288338248e-15 -0.0540992095647126 2.3929333090956907e-13 
-0.002212023771595325 -0.018245524576531547 2.711246392025338e-13 
1.0528173911997997e-15 -0.018277629061402727 2.860384985762344e-13 
-0.0012932404771766326 -0.05409212359790567 3.471873395373929e-5 
-0.002212762070052232 -0.018272727028093804 2.312583989068178e-5 
2.4790009906446777e-15 -0.055991337832472295 1.2078008424565492e-13 
0.0033122600740501493 -0.01135765424684382 -6.445396377907931e-14 
-1.7940309555632072e-14 -0.011368191112998263 -4.270414079283763e-14 
0.001081417792846724 -0.055976670220076526 9.77977219103199e-14 
-1.4580403642226203e-14 -0.05607225224867217 1.2096808439799916e-13 
0.0033172044207217463 -0.011366704824592821 7.28091610511384e-6 
0.0010817821208530345 -0.056057680171128096 6.882857901706037e-5 
2.9235634362634857e-15 0.04037237997871965 -1.9419936538433834e-13 
3.529215014975292e-14 0.05858937824415182 -2.929578264525588e-13 
-1.5945309672191384e-15 0.05864313423128973 -2.7491583957833433e-13 
0.0017716729974922099 0.04036181893042923 -2.1308622307522465e-13 
-1.111622214848169e-14 0.04043063794959737 -1.9411048228932777e-13 
3.065570162314533e-14 0.058635551019369354 -3.7107864586502146e-5 
0.0017722627322718943 0.04042014599718948 -4.956156735940297e-5 
2.8381167668119155e-15 0.04037237997973405 -2.574868791176597e-13 
-0.0033122600740417593 -0.011357654245440505 -1.3744633618271618e-13 
2.445594890501631e-14 -0.011368191111618629 -1.2572114693083123e-13 
-0.001771672997451064 0.04036181893144331 -2.7244658309625603e-13 
1.1805934019909616e-14 0.040430637950603074 -2.572931774972174e-13 
-0.003317204420713155 -0.01136670482321339 7.280916031494668e-6 
-0.0017722627322363047 0.040420145998195045 -4.956156741933889e-5 
2.5451889056815494e-15 -0.05599133783133444 7.642735701451268e-14 
0.0012913558371342193 -0.0540489230104674 2.8532872992629345e-13 
2.572544452367403e-14 -0.054099209564479424 2.866432007000545e-13 
-0.0010814177928701496 -0.055976670218938734 6.903127950743601e-14 
2.757822957483207e-14 -0.056072252247570994 7.601620216066698e-14 
0.001293240477137646 -0.05409212359767271 3.471873402014991e-5 
-0.0010817821208690378 -0.0560576801700271 6.882857898709988e-5 
2.187860271610659e-15 -0.018250459072958383 4.258602257098814e-13 
0.0028501992908141756 0.03330941288542941 4.3669222078821104e-13 
-3.873282481299149e-15 0.03333651566684226 4.3874092167353713e-13 
0.0022120237715753457 -0.018245524577064846 4.244624353508976e-13 
1.1402122182526346e-14 -0.01827762906197049 4.2562514105242084e-13 
0.002854045012329458 0.03333261865075697 -1.8797835365580268e-5 
0.002212762070041508 -0.0182727270286614 2.312584004477739e-5 
1.3715266167881974e-15 0.06592264332879463 3.4947337016020375e-13 
-0.0021137113615682887 0.048257861940466364 1.9847456834278932e-13 
-1.8904463233983088e-14 0.04828909867378865 1.9972761111257705e-13 
0.0003751226688790967 0.06590677480799678 3.474462017844824e-13 
-1.3145205516975315e-14 0.06601066771325938 3.493615688056463e-13 
-0.0021189882136808456 0.04828430953148609 -2.205897487188233e-5 
0.00037538410472345277 0.06599489485993128 -7.47243941774655e-5 
4.80382331728978e-16 0.01357451953645951 5.75436526336865e-14 
-0.001239852910212804 0.013582408539239655 5.743034269356909e-14 
-1.1617843542615958e-14 0.013533317748698731 5.772045545434444e-14 
-0.0012398118830080967 0.01354111107148227 3.558436977408416e-5 
-0.0021137113615789876 0.04825786194069854 9.089552832886727e-14 
-0.0012398529102188938 0.013582408539301288 2.5292778770134468e-14 
-0.002118988213662138 0.048284309531725945 2.205897516128061e-5 
-0.0012398118829971098 0.013541111071548014 -3.5584369691322765e-5 
0.0028501992908030746 0.033309412886095555 2.59049915919145e-13 
0.0003751226688676248 0.06590677480843918 1.745977755207773e-13 
0.002854045012331766 0.033332618651438994 1.8797836061556883e-5 
0.0003753841047362447 0.06599489486038043 7.472439469915925e-5 
0.0012913558371899592 -0.05404892301074647 2.597007073198224e-13 
0.0022120237715985707 -0.018245524576531294 3.012829173527766e-13 
0.0012932404771596124 -0.05409212359790533 -3.471873347522619e-5 
0.0022127620700543075 -0.01827272702809357 -2.3125839318484203e-5 
-0.0033122600740443497 -0.011357654246843337 -2.119961183348557e-14 
-0.001081417792841766 -0.055976670220076116 1.4386274627827454e-13 
-0.0033172044207576464 -0.011366704824592835 -7.280916190652725e-6 
-0.0010817821208822238 -0.05605768017112779 -6.882857877519288e-5 
-2.945633220394014e-14 0.0585893782441521 -2.5728852551839225e-13 
-0.0017716729974863324 0.040361818930429415 -1.754452522829738e-13 
-3.38680303188447e-14 0.058635551019369146 3.7107864036814185e-5 
-0.0017722627322941582 0.04042014599718929 4.956156697097406e-5 
0.0033122600740471625 -0.011357654245440203 -1.146712440965576e-13 
0.0017716729974566502 0.04036181893144359 -2.4249874365836497e-13 
0.0033172044207620487 -0.011366704823213695 -7.280916283378284e-6 
0.0017722627322598998 0.04042014599819476 4.9561566904811494e-5 
-0.0012913558371291935 -0.054048923010467445 2.8819157309379955e-13 
0.0010814177928752493 -0.05597667021893881 8.353404846354579e-14 
-0.0012932404770861774 -0.05409212359767262 -3.471873344658308e-5 
0.0010817821209241135 -0.05605768017002706 -6.882857883461644e-5 
-0.0028501992908105335 0.03330941288542977 4.4106367208658056e-13 
-0.0022120237715709283 -0.01824552457706511 4.273325545657293e-13 
-0.002854045012337242 0.033332618650757 1.8797836243068864e-5 
-0.002212762070018754 -0.01827272702866088 -2.312583919345723e-5 
0.0021137113615702463 0.04825786194046612 2.0120432952391074e-13 
-0.0003751226688763971 0.06590677480799681 3.51523595378456e-13 
0.0021189882136430174 0.04828430953148608 2.2058975271375335e-5 
-0.0003753841047497587 0.06599489485993139 7.472439487626967e-5 
0.0012398529102137323 0.013582408539239699 5.760380601300604e-14 
0.0012398118829848694 0.013541111071481999 -3.55843696588134e-5 
-8.730922491972765e-15 0.04828909867400726 8.650060970498721e-14 
-4.918420162549426e-15 0.013533317748755014 2.338712925288979e-14 
0.0021189882136632937 0.048284309531704574 2.205897515248511e-5 
0.0012398118829971866 0.013541111071538407 -3.5584369695361276e-5 
-7.21973033889857e-15 0.033336515667482414 2.5038302175282967e-13 
-9.056416946423773e-15 0.06601066771368339 1.6936052346546175e-13 
-0.0028540450123305957 0.03333261865139738 1.8797836044386956e-5 
-0.0003753841047349458 0.06599489486035533 7.472439468871797e-5 
1.258041164137083e-14 -0.054099209564810076 2.3936680176074955e-13 
2.246204435051931e-15 -0.018277629061475193 2.859340198653275e-13 
-0.0012932404771565172 -0.05409212359800311 -3.471873351560176e-5 
-0.0022127620700521876 -0.01827272702816574 -2.3125839348562492e-5 
2.3711414458881208e-14 -0.01136819111310137 -4.298385658488094e-14 
1.957938921293036e-14 -0.05607225224878354 1.2080838281527537e-13 
0.0033172044207642084 -0.011366704824695933 -7.280916233990408e-6 
0.0010817821208870225 -0.05605768017123936 -6.882857882146472e-5 
7.34723625640276e-15 0.05864313423120309 -2.753020380198119e-13 
1.700765062826854e-14 0.04043063794950705 -1.9413701122453729e-13 
3.993090489875937e-14 0.05863555101928235 3.7107864000401926e-5 
0.0017722627323003219 0.04042014599709868 4.956156693339335e-5 
-1.894839224961136e-14 -0.011368191111673738 -1.2596928940493312e-13 
-6.211173243604409e-15 0.040430637950531596 -2.571570394969768e-13 
-0.003317204420755962 -0.011366704823268677 -7.280916306320389e-6 
-0.001772262732253591 0.04042014599812312 4.9561566875002196e-5 
-2.078113595543382e-14 -0.05409920956448609 2.8667884884368904e-13 
-2.243387098455955e-14 -0.05607225224760586 7.639213651284159e-14 
0.0012932404770918734 -0.054092123597678995 -3.471873344916938e-5 
-0.0010817821209178726 -0.05605768017006174 -6.882857884902982e-5 
7.566504023092451e-15 0.033336515666832024 4.387137625231118e-13 
-6.95985980797761e-15 -0.01827762906197737 4.256504127655593e-13 
0.0028540450123408835 0.03333261865074674 1.879783623881001e-5 
0.0022127620700230053 -0.018272727028668015 -2.3125839196283824e-5 
2.085597559580971e-14 0.048289098673781894 1.9984082633237795e-13 
1.5840766820614112e-14 0.06601066771324911 3.4936518972884054e-13 
-0.002118988213640723 0.04828430953147927 2.2058975268759246e-5 
0.00037538410475249036 0.06599489485992106 7.47243948720375e-5 
1.2588900932839856e-14 0.013533317748698315 5.773564892063262e-14 
-0.0012398118829837293 0.013541111071481576 -3.558436965895241e-5 
-0.002118988213680745 0.04828430953170464 -2.2058974979459293e-5 
-0.0012398118830069982 0.013541111071538518 3.558436974204776e-5 
0.002854045012316131 0.033332618651396896 -1.8797835543577198e-5 
0.0003753841047168134 0.06599489486035548 -7.472439434998868e-5 
0.001293240477181679 -0.05409212359800262 3.471873399399417e-5 
0.002212762070056702 -0.018272727028166128 2.3125839920564553e-5 
-0.0033172044207167763 -0.011366704824695801 7.280916148151965e-6 
-0.0010817821208479103 -0.05605768017123974 6.882857906314504e-5 
-2.5187545762976288e-14 0.05863555101928282 -3.710786455074939e-5 
-0.0017722627322663078 0.040420145997098894 -4.956156732164753e-5 
0.0033172044207180253 -0.011366704823268032 7.28091605420222e-6 
0.0017722627322411832 0.040420145998123616 -4.956156738941798e-5 
-0.0012932404771334048 -0.05409212359767896 3.4718734022502836e-5 
0.0010817821208730506 -0.05605768017006183 6.882857900169487e-5 
-0.0028540450123257528 0.03333261865074622 -1.8797835361366655e-5 
-0.002212762070036923 -0.01827272702866827 2.3125840047850718e-5 
0.002118988213682484 0.04828430953147941 -2.2058974869054654e-5 
-0.00037538410472078416 0.06599489485992106 -7.472439417320694e-5 
0.001239811883008944 0.013541111071481784 3.558436977431544e-5 

VECTORS eigenmode9 float
0.0 0.0 0.0 
0.0 0.0 0.0 
0.0 0.0 0.0 
0.0 0.0 0.0 
0.0 0.0 0.0 
0.0 0.0 0.0 
0.0 0.0 0.0 
0.0 0.0 0.0 
0.0 0.0 0.0 
0.0 0.0 0.0 
0.0 0.0 0.0 
0.0 0.0 0.0 
0.0 0.0 0.0 
0.0 0.0 0.0 
0.0 0.0 0.0 
0.0 0.0 0.0 
0.0 0.0 0.0 
0.0 0.0 0.0 
0.0 0.0 0.0 
0.0 0.0 0.0 
0.0 0.0 0.0 
0.0 0.0 0.0 
0.0 0.0 0.0 
0.0 0.0 0.0 
0.0 0.0 0.0 
0.0 0.0 0.0 
0.0 0.0 0.0 
0.0 0.0 0.0 
0.0 0.0 0.0 
0.0 0.0 0.0 
0.0 0.0 0.0 
0.0 0.0 0.0 
0.0008589442179004761 0.027698254988715403 -0.011535549690779318 
0.0007432401307212478 0.055441705294832756 -0.023099020475129187 
0.0005414714600459317 0.0775873595738386 -0.032326614155177034 
0.00028517399045063264 0.09184414572093323 -0.03826676942680857 
-7.07380029501255e-14 0.09676305879856051 -0.040316237969123106 
-0.0002851739904594715 0.09184414572028893 -0.03826676942723855 
-0.0005414714599496893 0.07758735957363501 -0.03232661415538312 
-0.0007432401307464759 0.055441705294598236 -0.02309902047502336 
-0.0008589442178885155 0.027698254988333414 -0.011535549690680694 
0.0008894678105545505 0.011876487493023603 -0.004955383748174952 
0.0008053748537944444 0.04208683636308836 -0.017536058663736157 
0.0006426034842729981 0.06738026450502795 -0.028073955987217857 
0.00041378933919523724 0.08581679492611087 -0.03575544232988366 
0.00014277420598256087 0.09552897615562193 -0.039802000549412714 
-0.00014277420606305713 0.0955289761551191 -0.03980200054969182 
-0.00041378933914451436 0.08581679492557562 -0.03575544233026723 
-0.0006426034842358564 0.06738026450502882 -0.02807395598723747 
-0.0008053748538054509 0.04208683636258268 -0.01753605866359136 
-0.000889467810549381 0.01187648749292485 -0.004955383748149807 
-0.0008589442178581568 -0.02769825498821927 -0.011535549690778637 
-0.0007432401307361958 -0.05544170529411027 -0.02309902047513033 
-0.000541471460012331 -0.07758735957291016 -0.032326614155177104 
-0.0002851739904591502 -0.0918441457197712 -0.03826676942681029 
-1.1523755802159304e-15 -0.09676305879818572 -0.04031623796912245 
0.00028517399046563014 -0.0918441457206552 -0.03826676942724074 
0.0005414714599955405 -0.07758735957337741 -0.032326614155381315 
0.000743240130676337 -0.05544170529465802 -0.023099020475023612 
0.0008589442179240357 -0.027698254988767122 -0.011535549690681943 
-0.000889467810528911 -0.01187648749288143 -0.004955383748176451 
-0.000805374853783377 -0.04208683636233299 -0.017536058663734887 
-0.0006426034842619585 -0.06738026450432606 -0.028073955987219776 
-0.0004137893391828357 -0.08581679492495875 -0.03575544232988307 
-0.00014277420602116006 -0.09552897615469635 -0.03980200054941192 
0.0001427742060258584 -0.09552897615531586 -0.039802000549694946 
0.000413789339176929 -0.08581679492573609 -0.035755442330268505 
0.0006426034842196277 -0.06738026450464121 -0.028073955987234132 
0.0008053748537866539 -0.04208683636309903 -0.017536058663594773 
0.0008894678105719882 -0.011876487493053988 -0.0049553837481485915 
-0.0008589442179329806 0.02769825498871499 0.011535549690595021 
-0.0007432401306978834 0.05544170529483194 0.023099020474889414 
-0.0005414714599930894 0.07758735957383862 0.03232661415528539 
-0.0002851739904826437 0.09184414572093433 0.03826676942703715 
-9.659487689920133e-16 0.09676305879856048 0.040316237968848555 
0.00028517399047361085 0.09184414572028787 0.03826676942670437 
0.0005414714600067923 0.07758735957363436 0.03232661415519045 
0.0007432401307599978 0.0554417052945981 0.023099020475127064 
0.0008589442178731612 0.02769825498833348 0.011535549690761187 
-0.0008894678105772972 0.01187648749302411 0.004955383748116108 
-0.0008053748538011603 0.04208683636308802 0.01753605866346542 
-0.0006426034842302517 0.06738026450502775 0.028073955987121372 
-0.0004137893391796009 0.0858167949261117 0.03575544233014225 
-0.0001427742060433976 0.09552897615562239 0.039802000549431386 
0.00014277420603234437 0.09552897615511802 0.039802000549196456 
0.00041378933918630065 0.08581679492557498 0.03575544232985739 
0.0006426034842718561 0.06738026450502982 0.02807395598723956 
0.0008053748538025693 0.04208683636258314 0.017536058663714226 
0.0008894678105395841 0.011876487492924628 0.004955383748174371 
0.000858944217890963 -0.0276982549882192 0.01153554969059465 
0.0007432401307133155 -0.055441705294109495 0.02309902047489068 
0.0005414714599606024 -0.07758735957291044 0.03232661415528564 
0.00028517399049246734 -0.09184414571977159 0.038266769427038314 
7.387586573984668e-14 -0.09676305879818436 0.04031623796884704 
-0.00028517399047910965 -0.09184414572065365 0.038266769426706704 
-0.0005414714600520351 -0.0775873595733771 0.03232661415518792 
-0.0007432401306893404 -0.05544170529465812 0.023099020475127005 
-0.0008589442179084913 -0.027698254988767154 0.011535549690762342 
0.0008894678105517064 -0.011876487492881938 0.00495538374811759 
0.0008053748537904278 -0.0420868363623321 0.01753605866346403 
0.000642603484220175 -0.06738026450432567 0.028073955987123183 
0.00041378933916845484 -0.08581679492495953 0.03575544233014143 
0.00014277420608323186 -0.09552897615469685 0.03980200054943048 
-0.00014277420599401633 -0.09552897615531497 0.03980200054919972 
-0.00041378933921832245 -0.08581679492573553 0.03575544232985885 
-0.0006426034842550333 -0.06738026450464121 0.028073955987236165 
-0.0008053748537835049 -0.04208683636309947 0.01753605866371781 
-0.0008894678105620546 -0.011876487493053782 0.004955383748173156 
0.0 0.0 0.0 
0.0 0.0 0.0 
0.0 0.0 0.0 
0.0 0.0 0.0 
0.0 0.0 0.0 
0.0 0.0 0.0 
0.0 0.0 0.0 
0.0 0.0 0.0 
0.0 0.0 0.0 
0.0 0.0 0.0 
0.0 0.0 0.0 
0.0 0.0 0.0 
0.0 0.0 0.0 
0.0 0.0 0.0 
0.0 0.0 0.0 
0.0 0.0 0.0 
0.0 0.0 0.0 
0.0 0.0 0.0 
2.110300618006607e-14 2.4782723529494165e-13 -0.011527073958131108 
-7.456942115174123e-15 3.628569816614549e-13 -0.023096256477598782 
1.6795078544926996e-14 4.646217456956539e-13 -0.03232461782120576 
-4.178119176990589e-15 5.825509409381386e-13 -0.038264681976260026 
-3.582213632665947e-14 1.8658783020303438e-13 -0.04031407448610325 
3.075981125561323e-15 -1.8182468654585113e-13 -0.0382646819766911 
2.288800821157621e-14 1.2672624630142366e-13 -0.0323246178214113 
-3.5022631020129425e-14 -3.005680230307616e-14 -0.023096256477491837 
1.7662137077843432e-14 -2.161341069857587e-13 -0.01152707395803303 
0.000662646907703216 0.013853575523050549 -0.01152852203426925 
1.2816976579216236e-14 7.199555890665004e-14 -0.0049649578925472625 
0.0006864886716523641 0.0059326697232429905 -0.004963454972122403 
-0.0006626469076609044 -0.013853575522554845 -0.011528522034268953 
-0.0006864886716267396 -0.005932669723099494 -0.0049634549721231285 
0.0005734735055115433 0.027722252343125676 -0.02309674163237099 
5.5932687577850305e-15 3.772428803909189e-13 -0.01753645213447169 
0.0006215014205463185 0.021043481546918458 -0.017536319131320793 
-0.000573473505526475 -0.027722252342401596 -0.023096741632371746 
-0.0006215014205352083 -0.02104348154616312 -0.017536319131320234 
0.00041781777486487345 0.03879485794763671 -0.032324927542127936 
5.478466862450188e-15 3.5187244908619695e-13 -0.02807262570424213 
0.0004958638362879433 0.03369105308004548 -0.028072798697613668 
-0.0004178177748312632 -0.038794857946707985 -0.03232492754212826 
-0.0004958638362769577 -0.033691053079341865 -0.028072798697614552 
0.00022005361028018018 0.045923381941488074 -0.038264986902033234 
6.19948201315868e-15 5.757791088001272e-13 -0.03575348748969284 
0.00031929532718592775 0.042909648444784794 -0.035753766769711086 
-0.00022005361028862576 -0.045923381940323124 -0.03826498690203405 
-0.0003192953271735337 -0.04290964844363331 -0.035753766769710926 
-5.2585861466773106e-14 0.04838290035702014 -0.0403143870226297 
-1.9342298816434783e-14 4.626347390964364e-13 -0.039799786213417156 
0.00011016958607059418 0.04776588863493612 -0.039800106629725135 
-1.921366620304919e-14 -0.04838290035664619 -0.040314387022629114 
-0.00011016958610922582 -0.04776588863401073 -0.039800106629724705 
-0.00022005361028466078 0.04592338194078408 -0.03826498690246397 
-1.8579446797925517e-14 -9.639940045045273e-14 -0.03979978621369906 
-0.00011016958612879213 0.04776588863440569 -0.03980010663000588 
0.0002200536102908254 -0.04592338194114764 -0.03826498690246551 
0.00011016958609158456 -0.04776588863459919 -0.03980010663000746 
-0.0004178177747969339 0.03879485794736585 -0.03232492754233419 
1.613680558219013e-14 -7.918716749086466e-14 -0.03575348749007803 
-0.00031929532714943405 0.042909648444189596 -0.03575376677009549 
0.00041781777484279096 -0.03879485794711087 -0.032324927542333036 
0.00031929532718179716 -0.042909648444349135 -0.03575376677009644 
-0.0005734735055457538 0.02772225234281151 -0.023096741632264536 
-8.079198841516215e-15 1.922772589252167e-13 -0.02807262570425826 
-0.0004958638362704275 0.03369105307996508 -0.028072798697631438 
0.0005734735054755627 -0.02772225234287114 -0.023096741632264606 
0.0004958638362542635 -0.03369105307957999 -0.028072798697629815 
-0.0006626469076782499 0.013853575522627795 -0.011528522034170787 
-9.384075390994302e-15 -2.55905829587465e-13 -0.01753645213432862 
-0.0006215014205543245 0.02104348154634957 -0.01753631913117679 
0.0006626469077137232 -0.013853575523060303 -0.011528522034171448 
0.0006215014205355424 -0.0210434815468627 -0.017536319131178542 
1.1295552137300621e-14 -6.525935086249493e-14 -0.004964957892521269 
-0.0006864886716383866 0.005932669723124595 -0.004963454972096921 
0.0006864886716609739 -0.0059326697232548 -0.0049634549720963565 
-2.093002694512821e-14 2.477618127492465e-13 0.01152707395794649 
7.700237616768469e-15 3.624732938546202e-13 0.0230962564773584 
-1.6209363745786395e-14 4.640089894527849e-13 0.03232461782131398 
4.8583288561858074e-15 5.829457902622048e-13 0.038264681976489204 
3.639941002521811e-14 1.8680398381618093e-13 0.04031407448582808 
-2.7041318939904565e-15 -1.8145861883831082e-13 0.03826468197615678 
-2.2520981041114088e-14 1.2708498924281795e-13 0.03232461782121869 
3.521930811211642e-14 -3.008683864225509e-14 0.023096256477595944 
-1.7612092491943075e-14 -2.162686535332981e-13 0.011527073958113627 
-1.2788527861105636e-14 7.198426139361294e-14 0.004964957892488961 
-0.0006626469077189414 0.013853575523050287 0.011528522034084686 
-0.0006864886716636336 0.005932669723243248 0.004963454972063966 
0.0006626469076769613 -0.013853575522554697 0.011528522034084486 
0.0006864886716380376 -0.005932669723099756 0.004963454972064724 
-5.394875681685056e-15 3.7736225400151974e-13 0.01753645213420002 
-0.000573473505499901 0.027722252343125187 0.023096741632130643 
-0.0006215014205495843 0.02104348154691786 0.017536319131049326 
0.0005734735055153557 -0.027722252342401558 0.023096741632131736 
0.0006215014205388349 -0.02104348154616307 0.0175363191310488 
-5.013830326229318e-15 3.5225140614501273e-13 0.02807262570414547 
-0.00041781777483880826 0.03879485794763653 0.03232492754223656 
-0.0004958638362663564 0.033691053080045504 0.0280727986975169 
0.00041781777480636665 -0.038794857946707596 0.032324927542236405 
0.0004958638362562476 -0.03369105307934186 0.028072798697517793 
-5.594776728684137e-15 5.75941212430934e-13 0.0357534874899528 
-0.0002200536102955686 0.04592338194148863 0.03826498690226226 
-0.00031929532717786535 0.04290964844478546 0.035753766769970656 
0.00022005361030538222 -0.04592338194032385 0.03826498690226308 
0.000319295327166717 -0.04290964844363422 0.035753766769970496 
1.9946672962564378e-14 4.628316147845132e-13 0.039799786213436446 
1.77449673399079e-14 0.04838290035702025 0.04031438702235461 
-0.00011016958610066802 0.04776588863493628 0.039800106629743974 
5.51316100676031e-14 -0.048382900356646344 0.04031438702235386 
0.00011016958614053075 -0.04776588863401086 0.03980010662974389 
1.9116761688339242e-14 -9.621538776570693e-14 0.039799786213202376 
0.00022005361029168747 0.04592338194078415 0.03826498690192977 
0.00011016958611365591 0.047765888634404834 0.03980010662950944 
-0.00022005361029718229 -0.0459233819411475 0.03826498690193062 
-0.00011016958607535996 -0.04776588863459855 0.039800106629511195 
-1.5989126597931448e-14 -7.917833222583812e-14 0.035753487489667675 
0.00041781777482512926 0.03879485794736583 0.032324927542141516 
0.0003192953271703942 0.04290964844418965 0.035753766769685426 
-0.0004178177748703229 -0.03879485794711072 0.03232492754213989 
-0.00031929532720238133 -0.042909648444348726 0.03575376676968636 
8.399141661558724e-15 1.921775953236669e-13 0.028072625704260813 
0.0005734735055526419 0.027722252342811962 0.023096741632368595 
0.0004958638362886724 0.03369105307996559 0.028072798697633728 
-0.0005734735054820032 -0.02772225234287179 0.023096741632368627 
-0.0004958638362718331 -0.03369105307958067 0.028072798697632035 
9.530527360867442e-15 -2.55882740678556e-13 0.017536452134451822 
0.0006626469076708307 0.013853575522627797 0.011528522034251405 
0.000621501420552946 0.021043481546349756 0.01753631913129985 
-0.000662646907706177 -0.013853575523060348 0.011528522034251922 
-0.0006215014205338816 -0.021043481546862672 0.01753631913130171 
-1.1216560460637199e-14 -6.523701623119697e-14 0.00496495789254558 
0.0006864886716335472 0.005932669723124495 0.004963454972121276 
-0.0006864886716559867 -0.005932669723254719 0.004963454972120749 
-1.6248101500387483e-14 0.027700992315995848 -9.204598007402795e-14 
1.1694094158135595e-14 0.05544254093197901 -1.1968736350278964e-13 
2.644307837082444e-14 0.07758803675333067 5.416677422609044e-14 
-1.6007939056272312e-14 0.0918448971260243 1.141320606947739e-13 
-3.586006402805425e-14 0.09676384659138106 -1.3728806811595398e-13 
7.053343928879986e-15 0.09184489712537872 -2.6652533628045463e-13 
2.85684329080358e-14 0.07758803675312644 -9.625289096152875e-14 
6.738860163855498e-15 0.05544254093174448 5.181690937133726e-14 
-7.686929469456318e-15 0.02770099231561393 4.024160368873063e-14 
-1.1391918092027139e-14 0.011873098728038966 -2.948420696825656e-14 
0.0003263053057432752 0.027701125132343973 -0.005767583661568794 
0.0003334668055693251 0.011873024473750075 -0.0024779040757843627 
-3.354502223007769e-15 0.04208683164151226 -1.3542368206271096e-13 
0.0002811327640093726 0.055442605913141804 -0.011549445701331415 
0.000303745875820513 0.042086800360624343 -0.008768037646782578 
2.1361975952976293e-14 0.06738079068626593 -4.8193405403763946e-14 
0.00020451594753014124 0.07758806919877395 -0.016163260014841155 
0.00024266501685994403 0.06738079304184526 -0.01403694715117095 
7.841569260917331e-15 0.08581751305938701 1.2925625138020584e-13 
0.00010766768971756106 0.091844919712175 -0.019133335909386966 
0.00015630970680758122 0.08581753038497726 -0.01787767548427263 
-3.043958739010813e-14 0.09552977920548043 9.271744116712098e-15 
-5.3324896499790515e-14 0.09676386738802037 -0.020158068548930867 
5.3937594333726015e-5 0.09552980183171275 -0.01990094836934025 
-1.5353824431329123e-14 0.09552977920497643 -2.476848768757126e-13 
-0.00010766768972670445 0.09184491971153032 -0.019133335909792142 
-5.393759439736683e-5 0.09552980183120911 -0.01990094836960811 
2.090729670282317e-14 0.08581751305885056 -2.0470066741070228e-13 
-0.00020451594745498768 0.07758806919857006 -0.016163260015019346 
-0.00015630970676783445 0.08581753038444156 -0.017877675484631417 
1.801507967984722e-14 0.06738079068626843 8.001085047081222e-16 
-0.00028113276401243596 0.05544260591290713 -0.011549445701192715 
-0.00024266501682177437 0.06738079304184703 -0.014036947151156125 
-1.4391905224228641e-15 0.0420868316410064 6.13578911774203e-14 
-0.00032630530574908207 0.027701125131961876 -0.005767583661453341 
-0.0003037458758281477 0.042086800360118366 -0.008768037646611788 
-4.885501702441043e-15 0.01187309872794009 1.2306604543240417e-14 
-0.00033346680557456694 0.011873024473651333 -0.00247790407575091 
-0.0003263053057757859 0.0277011251323437 0.005767583661384612 
-0.0003334668055920941 0.011873024473750313 0.0024779040757254528 
-0.0002811327639859809 0.055442605913141256 0.011549445701091747 
-0.0003037458758272408 0.04208680036062413 0.008768037646511757 
-0.00020451594747728795 0.07758806919877373 0.01616326001494948 
-0.00024266501681719174 0.06738079304184502 0.014036947151074494 
-0.00010766768974959258 0.09184491971217572 0.0191333359096154 
-0.0001563097067919072 0.08581753038497768 0.017877675484531383 
-1.8380186985808538e-14 0.09676386738802041 0.020158068548656143 
-5.3937594394547974e-5 0.09552980183171288 0.01990094836935873 
0.00010766768974085458 0.09184491971152939 0.019133335909258774 
5.3937594366598015e-5 0.09552980183120854 0.019900948369112784 
0.00020451594751210385 0.07758806919856968 0.016163260014826777 
0.0001563097068096454 0.0858175303844411 0.01787767548422191 
0.00028113276402592696 0.05544260591290717 0.01154944570129641 
0.00024266501685778815 0.06738079304184745 0.01403694715115791 
0.00032630530573373595 0.027701125131961907 0.005767583661533782 
0.000303745875825235 0.042086800360118595 0.00876803764673452 
0.0003334668055647383 0.011873024473651224 0.0024779040757754883 
1.6426548306565897e-14 -0.027700992315499808 -9.205601828467702e-14 
-1.1423115502920138e-14 -0.05544254093125685 -1.1962008424650718e-13 
-2.5842276713424892e-14 -0.07758803675240218 5.3878273298034725e-14 
1.6665474044452054e-14 -0.09184489712486156 1.1415317729459906e-13 
3.6348550075156836e-14 -0.09676384659100565 -1.3738090577356594e-13 
-6.731342517595814e-15 -0.09184489712574483 -2.66944147213263e-13 
-2.8268794587518912e-14 -0.07758803675286903 -9.661699066617987e-14 
-6.522047943268043e-15 -0.0554425409318043 5.168129279952733e-14 
7.795589283945087e-15 -0.027700992316047626 4.019796459149704e-14 
-0.00032630530572216995 -0.027701125131847693 -0.005767583661568487 
1.1384833574797622e-14 -0.011873098727897071 -2.948721068313998e-14 
-0.00033346680555651953 -0.011873024473608136 -0.002477904075785104 
-0.000281132764016551 -0.05544260591241964 -0.011549445701331769 
3.52179008729823e-15 -0.042086831640756 -1.3538047543921942e-13 
-0.0003037458758148755 -0.042086800359868295 -0.008768037646781857 
-0.0002045159475131876 -0.07758806919784542 -0.0161632600148412 
-2.08888613541113e-14 -0.06738079068556425 -4.81974194959756e-14 
-0.0002426650168542222 -0.06738079304114347 -0.014036947151171842 
-0.00010766768972150347 -0.09184491971101248 -0.01913333590938772 
-7.192668604293306e-15 -0.08581751305823461 1.2918341862476048e-13 
-0.0001563097068010084 -0.08581753038382506 -0.01787767548427249 
1.7902468183953782e-14 -0.0967638673876455 -0.020158068548930583 
3.104416303116571e-14 -0.09552977920455437 9.23106760870912e-15 
-5.393759435276927e-5 -0.09552980183078681 -0.019900948369339613 
0.00010766768972991286 -0.09184491971189615 -0.019133335909793388 
1.5915789024281455e-14 -0.09552977920517354 -2.474242175286274e-13 
5.3937594379043483e-5 -0.09552980183140612 -0.019900948369609633 
0.00020451594747782832 -0.07758806919831221 -0.016163260015018718 
-2.069541491517599e-14 -0.08581751305901163 -2.046981629242436e-13 
0.00015630970678410667 -0.08581753038460221 -0.01787767548463209 
0.00028113276397778486 -0.055442605912966805 -0.011549445701192792 
-1.767793637613676e-14 -0.06738079068587945 9.535251687077043e-16 
0.0002426650168138423 -0.06738079304145847 -0.014036947151154505 
0.00032630530576671873 -0.027701125132395706 -0.0057675836614539105 
1.5777964653613957e-15 -0.04208683164152351 6.137895890328043e-14 
0.0003037458758187931 -0.04208680036063518 -0.008768037646613585 
4.969835515592261e-15 -0.011873098728069027 1.2303799482521708e-14 
0.0003334668055858633 -0.011873024473780261 -0.0024779040757503122 
0.0003263053057550213 -0.027701125131847748 0.005767583661384351 
0.000333466805579286 -0.011873024473608355 0.0024779040757261913 
0.0002811327639936794 -0.05544260591241905 0.011549445701092518 
0.00030374587582192986 -0.0420868003598679 0.00876803764651115 
0.00020451594746148771 -0.07758806919784557 0.01616326001494917 
0.00024266501681239607 -0.0673807930411432 0.014036947151075386 
0.00010766768975484743 -0.09184491971101283 0.01913333590961577 
0.0001563097067866256 -0.08581753038382546 0.017877675484531022 
5.482844550453266e-14 -0.09676386738764467 0.02015806854865554 
5.393759441484955e-5 -0.09552980183078705 0.019900948369358233 
-0.00010766768974337493 -0.09184491971189541 0.019133335909259582 
-5.393759434718658e-5 -0.09552980183140572 0.019900948369114477 
-0.00020451594753432423 -0.0775880691983123 0.01616326001482545 
-0.00015630970682553737 -0.08581753038460206 0.01787767548422276 
-0.00028113276399077523 -0.05544260591296707 0.011549445701296188 
-0.0002426650168492586 -0.06738079304145857 0.014036947151156377 
-0.0003263053057511311 -0.027701125132395615 0.0057675836615343305 
-0.0003037458758156626 -0.04208680036063555 0.008768037646736407 
-0.00033346680557596773 -0.011873024473780176 0.0024779040757749215 
7.419524423137076e-17 2.4781787993217884e-13 -9.226938430844904e-14 
1.4853454218893135e-16 3.6245581271163586e-13 -1.2000397302315033e-13 
3.0663054337026974e-16 4.646395970656368e-13 5.4431912313025085e-14 
3.3306181215963546e-16 5.82736882035854e-13 1.145459777972896e-13 
2.8366071914202263e-16 1.866106360123492e-13 -1.3756901350556892e-13 
1.3299830334099103e-16 -1.8177772350124542e-13 -2.6752284289640194e-13 
1.7993569113115562e-16 1.2699511544231463e-13 -9.645547530175492e-14 
1.1035558875168186e-16 -3.0120352078710776e-14 5.205652477484545e-14 
2.3605869478327887e-17 -2.1625223722389979e-13 4.0310047880932356e-14 
1.7396469583483427e-17 7.183108421762701e-14 -2.919173673746959e-14 
1.0541549209867644e-14 2.4776906628809843e-13 -0.005759665062412244 
-7.877205945277154e-15 0.013857243238605217 -9.219606826006251e-14 
6.419723055738507e-15 7.188070327749401e-14 -0.00248716443585541 
-5.641010052230787e-15 0.005928260909980032 -2.9254199899934884e-14 
0.00031404233831528345 0.013856676177008906 -0.005762147275196036 
0.0003230782962660745 0.005928970229430061 -0.0024842862206726976 
9.843813082630787e-17 3.7759605640367164e-13 -1.358071700509884e-13 
-3.613890297622163e-15 3.62467490824361e-13 -0.011546893835745123 
5.816669997549825e-15 0.02772341341457781 -1.1992747411107488e-13 
2.8258388605018275e-15 3.7759641446802467e-13 -0.008768253695371729 
-1.6423257277413895e-15 0.02104342797852846 -1.3572119402754935e-13 
0.00027117169974838956 0.027723240216191505 -0.011547698391115071 
0.0002935399761431395 0.021043427856386895 -0.008768174671469182 
2.1548035682431013e-16 3.5174349087911966e-13 -4.844419176764719e-14 
8.504966649900388e-15 4.645163794533561e-13 -0.01616132296271961 
1.3044557147501594e-14 0.03879576837139132 5.4239265717461797e-14 
2.8304025435727593e-15 3.5197331707363676e-13 -0.014035579718194224 
1.0821284177437534e-14 0.03369172278718074 -4.8369168489938055e-14 
0.00019744099995612323 0.03879562713518794 -0.016161926720227888 
0.00023433297878287768 0.03369161314071914 -0.014035999271626697 
3.1380363352082075e-16 5.75807793828589e-13 1.2974649483953358e-13 
-1.916925818199942e-15 5.824494364302107e-13 -0.019131266675971592 
-7.704436783693785e-15 0.04592437042006487 1.1444900903646325e-13 
3.2625689414630777e-15 5.758727736503128e-13 -0.017875723840977888 
4.053238719437821e-15 0.04291058522117734 1.297637887676149e-13 
0.00010396932091468276 0.045924213551007426 -0.019131907862440733 
0.00015091155520052154 0.04291043574582225 -0.017876327211830648 
2.958913776605006e-16 4.630148807404843e-13 9.57304015156821e-15 
-1.7684935251068875e-14 1.8646715147794879e-13 -0.020155915843519733 
-1.7419350455762353e-14 0.04838393193065031 -1.3751440538700266e-13 
-9.531467481653052e-15 4.628266629209617e-13 -0.019898747052673284 
-1.5031153133401305e-14 0.04776694157444655 9.504242824165162e-15 
-3.494522784114285e-14 0.048383767462208696 -0.020156582138316698 
5.207219801015329e-5 0.047766774422603804 -0.01989942848479127 
2.9099763004744548e-16 -9.638734448652171e-14 -2.482415729064673e-13 
1.5752088036452742e-15 -1.817870506080368e-13 -0.019131266676378003 
3.5456031843231468e-15 0.04592437041936033 -2.669204549968858e-13 
-9.168617857430344e-15 -9.645007519608416e-14 -0.019898747052943176 
-7.565837295476821e-15 0.04776694157391528 -2.4811165873066946e-13 
-0.00010396932091906248 0.045924213550302954 -0.01913190786284679 
-5.2072198050640895e-5 0.04776677442207281 -0.01989942848506037 
7.237960004450578e-17 -7.930418773838534e-14 -2.0492793010375838e-13 
1.1452486955709696e-14 1.2693373354508632e-13 -0.016161322962897812 
1.41137768256271e-14 0.038795768371120844 -9.62315510490858e-14 
8.11929704437557e-15 -7.905315417774394e-14 -0.017875723841337877 
1.0485096845621075e-14 0.04291058522058176 -2.0514576472072773e-13 
-0.00019744099990877677 0.03879562713491724 -0.016161926720406092 
-0.0001509115551749999 0.042910435745226745 -0.01787632721219016 
1.5500366852121772e-16 1.9257481920936296e-13 1.1847922204049612e-15 
-1.7352146051555107e-14 -3.008708829402543e-14 -0.011546893835605735 
3.44882965603554e-15 0.02772341341426409 5.202444362732506e-14 
-3.955072350116924e-15 1.9254812835634226e-13 -0.014035579718177505 
9.122048299164486e-15 0.03369172278710104 1.051741965878695e-15 
-0.0002711716997606879 0.027723240215877562 -0.011547698390975848 
-0.00023433297876417972 0.033691613140639266 -0.01403599927161087 
8.501387326700509e-17 -2.562261595027322e-13 6.1577454972848e-14 
8.791560066868473e-15 -2.1618610826996429e-13 -0.005759665062296875 
-3.693065811333074e-15 0.013857243238182347 4.029591345106245e-14 
-4.659094036005493e-15 -2.561105776628509e-13 -0.008768253695201511 
-6.786786667723121e-16 0.021043427977959484 6.147593804000645e-14 
-0.0003140423383086653 0.013856676176586194 -0.005762147275080566 
-0.000293539976148268 0.021043427855817736 -0.00876817467129859 
2.5695575485907224e-17 -6.510823757404932e-14 1.2172819856646119e-14 
5.652487254277534e-15 -6.51514774580682e-14 -0.002487164435821722 
-2.4211666900088176e-15 0.005928260909861769 1.2220159505311762e-14 
-0.0003230782962630643 0.005928970229311794 -0.0024842862206392417 
-1.0395428158952869e-14 2.4776611612953776e-13 0.005759665062227663 
-6.379759201865033e-15 7.185214088362096e-14 0.0024871644357970352 
-0.0003140423383310343 0.013856676177008954 0.005762147275011584 
-0.0003230782962773585 0.005928970229430144 0.002484286220614197 
3.892119058319995e-15 3.6251330301798187e-13 0.011546893835504978 
-2.656639946413673e-15 3.7745444338023897e-13 0.008768253695100118 
-0.0002711716997367382 0.02772324021619112 0.011547698390874985 
-0.00029353997614642763 0.021043427856386545 0.008768174671197802 
-7.917712501631028e-15 4.640853287927398e-13 0.01616132296282813 
-2.4065592115899854e-15 3.5211250917310314e-13 0.014035579718097466 
-0.00019744099993006527 0.038795627135188006 0.01616192672033635 
-0.00023433297876125343 0.03369161314071913 0.014035999271530061 
2.6015734530940146e-15 5.827254890301423e-13 0.019131266676200718 
-2.633509102448037e-15 5.760425142066741e-13 0.01787572384123756 
-0.00010396932093010407 0.045924213551007696 0.01913190786266964 
-0.00015091155519243268 0.04291043574582269 0.017876327212090166 
1.8255266866255657e-14 1.866759409324628e-13 0.020155915843244582 
1.0135937476458856e-14 4.629997211445806e-13 0.019898747052692456 
9.530579715856744e-17 0.04838376746220876 0.020156582138041786 
-5.207219804022303e-5 0.047766774422603915 0.01989942848481017 
-1.2615770019901632e-15 -1.816270019049893e-13 0.019131266675843524 
9.695129807376623e-15 -9.631056330077809e-14 0.019898747052446687 
0.00010396932092614116 0.04592421355030307 0.019131907862312624 
5.207219803550131e-5 0.047766774422072444 0.019899428484564177 
-1.1065289768340386e-14 1.269912790725464e-13 0.016161322962705067 
-7.974768407727061e-15 -7.92209750163898e-14 0.017875723840927792 
0.00019744099993700435 0.03879562713491734 0.01616192672021364 
0.00015091155519592772 0.0429104357452268 0.017876327211780178 
1.7554264717054773e-14 -3.0044344575908615e-14 0.011546893835709794 
4.28605546261033e-15 1.924393200600712e-13 0.014035579718179926 
0.00027117169976756503 0.02772324021587757 0.011547698391079915 
0.00023433297878240213 0.03369161314063947 0.014035999271613073 
-8.722795010068845e-15 -2.1620250275125028e-13 0.005759665062377531 
4.802412630933437e-15 -2.561220892932648e-13 0.008768253695324666 
0.00031404233830126515 0.013856676176586208 0.005762147275161181 
0.00029353997614689936 0.02104342785581778 0.008768174671421642 
-5.6172102343666665e-15 -6.515282325449436e-14 0.002487164435846044 
0.00032307829625822756 0.0059289702293117445 0.0024842862206636137 
8.043417452927633e-15 -0.013857243238109418 -9.223775693346568e-14 
5.650273709028647e-15 -0.00592826090983684 -2.924590690268839e-14 
-0.00031404233829414844 -0.013856676176513228 -0.005762147275195903 
-0.0003230782962532571 -0.0059289702292867775 -0.00248428622067307 
-5.559353332465327e-15 -0.027723413413853797 -1.1989135324140932e-13 
1.820314546164925e-15 -0.021043427977773106 -1.356428399582352e-13 
-0.0002711716997556324 -0.027723240215467144 -0.011547698391115297 
-0.0002935399761375073 -0.021043427855631593 -0.008768174671468851 
-1.2440004050126623e-14 -0.03879576837046291 5.4187285941065764e-14 
-1.0365053062747226e-14 -0.0336917227864773 -4.838497703264454e-14 
-0.00019744099993912028 -0.03879562713425936 -0.016161926720228002 
-0.0002343329787771628 -0.03369161314001554 -0.014035999271627199 
8.38026986885341e-15 -0.04592437041889954 1.1431543110002919e-13 
-3.4041205816653825e-15 -0.042910585220025374 1.2971356254895612e-13 
-0.00010396932091857121 -0.045924213549842344 -0.019131907862441195 
-0.00015091155519399033 -0.04291043574467051 -0.017876327211830488 
1.794858197068447e-14 -0.04838393193027621 -1.3766365484330862e-13 
1.564383411402811e-14 -0.047766941573520814 9.481154343648385e-15 
-5.117229975914602e-16 -0.048383767461834606 -0.020156582138316538 
-5.207219802918395e-5 -0.04776677442167812 -0.01989942848479103 
-3.1619056269208098e-15 -0.04592437041972412 -2.671444280872222e-13 
8.101498641411704e-15 -0.04776694157410932 -2.48023247973964e-13 
0.00010396932092229126 -0.04592421355066698 -0.01913190786284748 
5.207219803229253e-5 -0.04776677442226673 -0.01989942848506116 
-1.3775282130565908e-14 -0.03879576837086579 -9.652232622016637e-14 
-1.0312007762414253e-14 -0.042910585220740885 -2.0489114677677435e-13 
0.00019744099993170334 -0.03879562713466218 -0.01616192672040579 
0.00015091155519126258 -0.04291043574538609 -0.017876327212190585 
-3.2177600784610618e-15 -0.027723413414323845 5.1929012083404674e-14 
-8.781581738002845e-15 -0.03369172278671506 1.1459015977793525e-15 
0.00027117169972591757 -0.02772324021593722 -0.011547698390975952 
0.00023433297875625797 -0.033691613140253526 -0.014035999271609955 
3.764120078949976e-15 -0.013857243238615204 4.027686349973944e-14 
8.227138455615668e-16 -0.021043427978473077 6.153720152218722e-14 
0.0003140423383263112 -0.013856676177018912 -0.005762147275080878 
0.0002935399761389248 -0.02104342785633135 -0.008768174671299457 
2.4760156657478263e-15 -0.005928260909991657 1.2224654647217702e-14 
0.0003230782962743959 -0.0059289702294417716 -0.0024842862206389434 
0.0003140423383102368 -0.013856676176513181 0.00576214727501145 
0.0003230782962645744 -0.005928970229286909 0.002484286220614571 
0.0002711716997444971 -0.027723240215467192 0.011547698390875433 
0.0002935399761411309 -0.021043427855631305 0.008768174671197547 
0.0001974409999142404 -0.038795627134259 0.016161926720336242 
0.00023433297875644486 -0.033691613140015585 0.014035999271530415 
0.00010396932093533193 -0.04592421354984252 0.01913190786266994 
0.00015091155518716164 -0.04291043574467088 0.017876327212089965 
3.6422809528430124e-14 -0.04838376746183462 0.02015658213804132 
5.207219806046992e-5 -0.04776677442167815 0.01989942848481009 
-0.00010396932092863044 -0.04592421355066661 0.01913190786231305 
-5.2072198016085176e-5 -0.04776677442226638 0.01989942848456505 
-0.0001974409999592371 -0.0387956271346622 0.01616192672021275 
-0.00015091155521185625 -0.04291043574538597 0.01787632721178068 
-0.00027117169973235453 -0.027723240215937493 0.011547698391079763 
-0.00023433297877382438 -0.033691613140253665 0.014035999271612327 
-0.00031404233831874644 -0.013856676177018818 0.005762147275161444 
-0.00029353997613726737 -0.021043427856331263 0.00876817467142257 
-0.00032307829626942097 -0.005928970229441774 0.0024842862206633414 

VECTORS eigenmode10 float
0.0 0.0 0.0 
0.0 0.0 0.0 
0.0 0.0 0.0 
0.0 0.0 0.0 
0.0 0.0 0.0 
0.0 0.0 0.0 
0.0 0.0 0.0 
0.0 0.0 0.0 
0.0 0.0 0.0 
0.0 0.0 0.0 
0.0 0.0 0.0 
0.0 0.0 0.0 
0.0 0.0 0.0 
0.0 0.0 0.0 
0.0 0.0 0.0 
0.0 0.0 0.0 
0.0 0.0 0.0 
0.0 0.0 0.0 
0.0 0.0 0.0 
0.0 0.0 0.0 
0.0 0.0 0.0 
0.0 0.0 0.0 
0.0 0.0 0.0 
0.0 0.0 0.0 
0.0 0.0 0.0 
0.0 0.0 0.0 
0.0 0.0 0.0 
0.0 0.0 0.0 
0.0 0.0 0.0 
0.0 0.0 0.0 
0.0 0.0 0.0 
0.0 0.0 0.0 
0.007661309268329473 -6.77227728621932e-5 0.04279340286292069 
-0.005043408683711032 -0.00011191725950557258 0.05665308880807619 
-0.010784382848844977 3.799123867300882e-5 -0.01635001067104034 
0.0015721387946170619 0.00012730066066878694 -0.05897949513874564 
0.01114042885341868 2.0159272749639482e-13 -1.4995218376965268e-13 
0.0015721387946132262 -0.00012730066030501184 0.05897949513845723 
-0.0107843828488279 -3.7991238474388195e-5 0.016350010670871898 
-0.005043408683643122 0.00011191725981538708 -0.05665308880790042 
0.007661309268260308 6.772277317573847e-5 -0.04279340286268581 
0.005283553196256686 0.00011407827873051901 0.013600063842305908 
0.0017088630023146512 -0.00015292283503596924 0.06333010946410324 
-0.00887817585456367 -6.998370409681308e-5 0.026282329921542953 
-0.005186268947420895 0.00014971537833274003 -0.050822347777725076 
0.007177577754868302 0.00011602736921748884 -0.03968043855583327 
0.007177577754867078 -0.00011602736882286418 0.039680438555537725 
-0.0051862689474165774 -0.0001497153780320677 0.050822347777463514 
-0.008878175854519435 6.998370426731455e-5 -0.026282329921557063 
0.001708863002318826 0.00015292283545854688 -0.06333010946379407 
0.005283553196206981 -0.0001140782786200337 -0.013600063842236445 
-0.007661309268339614 6.772277271058631e-5 0.04279340286292021 
0.005043408683766196 0.00011191725981329578 0.05665308880807715 
0.01078438284879006 -3.79912383771323e-5 -0.016350010671039462 
-0.0015721387946465524 -0.00012730066129407658 -0.058979495138747555 
-0.011140428853330128 -2.392740462636667e-13 -1.499206980161113e-13 
-0.0015721387946468998 0.00012730066082960168 0.05897949513845876 
0.010784382848758439 3.799123785441993e-5 0.01635001067087021 
0.005043408683752198 -0.00011191726002465631 -0.056653088807901104 
-0.007661309268300447 -6.772277266730457e-5 -0.04279340286268476 
-0.0052835531962645175 -0.00011407827877965073 0.01360006384230622 
-0.0017088630022904611 0.0001529228349476065 0.06333010946410095 
0.008878175854564527 6.998370467853464e-5 0.026282329921546308 
0.005186268947375635 -0.00014971537856147045 -0.05082234777772583 
-0.007177577754837172 -0.00011602736984862382 -0.03968043855583695 
-0.007177577754836822 0.00011602736937628858 0.039680438555541195 
0.005186268947359967 0.00014971537807550607 0.050822347777464895 
0.00887817585454154 -6.998370513615208e-5 -0.026282329921562507 
-0.0017088630022818515 -0.00015292283492945156 -0.06333010946378927 
-0.005283553196233128 0.0001140782787726989 -0.01360006384223778 
0.007661309268336791 6.772277281005152e-5 0.04279340286296149 
-0.005043408683767664 0.00011191726001688773 0.05665308880816162 
-0.010784382848791024 -3.799123808032512e-5 -0.01635001067091578 
0.0015721387946458346 -0.000127300660933252 -0.0589794951385971 
0.011140428853329767 2.0159950967505105e-13 3.3853606430539194e-14 
0.0015721387946488932 0.00012730066129676532 0.05897949513865353 
-0.010784382848754711 3.799123827845897e-5 0.016350010671046966 
-0.00504340868374757 -0.00011191725970669928 -0.05665308880776869 
0.007661309268305996 -6.772277249522424e-5 -0.04279340286261242 
0.005283553196261607 -0.00011407827873791554 0.013600063842323684 
0.0017088630022883923 0.0001529228351047441 0.06333010946416645 
-0.008878175854565944 6.998370493117541e-5 0.026282329921651526 
-0.005186268947376143 -0.0001497153782307406 -0.05082234777758807 
0.007177577754836275 -0.00011602736944519455 -0.03968043855566878 
0.00717757775483774 0.00011602736983983075 0.03968043855573439 
-0.005186268947357298 0.00014971537853063495 0.050822347777654514 
-0.008878175854537302 -6.998370476105335e-5 -0.026282329921406243 
0.0017088630022867421 -0.0001529228346797051 -0.06333010946368531 
0.005283553196239054 0.00011407827884685893 -0.013600063842207024 
-0.007661309268325366 -6.772277296185973e-5 0.042793402862962265 
0.005043408683714829 -0.00011191725970906169 0.056653088808161174 
0.010784382848848513 3.799123837619066e-5 -0.01635001067091674 
-0.001572138794613487 0.00012730066030791073 -0.058979495138595586 
-0.011140428853415265 -2.391586958445298e-13 3.362173730833662e-14 
-0.0015721387946117979 -0.00012730066077213179 0.05897949513865163 
0.010784382848826574 -3.799123889852645e-5 0.016350010671048434 
0.005043408683640417 0.00011191725949730229 -0.05665308880776796 
-0.007661309268264796 6.772277300354549e-5 -0.042793402862614315 
-0.005283553196253303 0.00011407827868877013 0.013600063842323273 
-0.0017088630023106845 -0.00015292283519307138 0.0633301094641686 
0.00887817585456776 -6.998370434945457e-5 0.0262823299216482 
0.00518626894742395 0.00014971537800208674 -0.05082234777758731 
-0.007177577754864396 0.00011602736881408835 -0.039680438555665186 
-0.007177577754864635 -0.00011602736928647711 0.03968043855573071 
0.00518626894741683 -0.00014971537848731953 0.05082234777765321 
0.008878175854517516 6.998370389250083e-5 -0.026282329921400907 
-0.0017088630023223722 0.00015292283520892407 -0.06333010946368998 
-0.005283553196212166 -0.00011407827869418013 -0.01360006384220546 
0.0 0.0 0.0 
0.0 0.0 0.0 
0.0 0.0 0.0 
0.0 0.0 0.0 
0.0 0.0 0.0 
0.0 0.0 0.0 
0.0 0.0 0.0 
0.0 0.0 0.0 
0.0 0.0 0.0 
0.0 0.0 0.0 
0.0 0.0 0.0 
0.0 0.0 0.0 
0.0 0.0 0.0 
0.0 0.0 0.0 
0.0 0.0 0.0 
0.0 0.0 0.0 
0.0 0.0 0.0 
0.0 0.0 0.0 
-5.0608610760732174e-15 -7.551464100189091e-14 0.04287596616826537 
2.751887312228993e-14 1.536290743335111e-13 0.05679957830692408 
-2.7367311358195306e-14 1.4745786288985525e-13 -0.016399536523821867 
-1.470661531738797e-14 -3.116125960056472e-13 -0.05914653905263912 
4.4182221052331807e-14 -1.886763745022935e-14 -1.4999620152670876e-13 
-1.679781759125849e-14 2.6109954623751265e-13 0.059146539052350115 
-3.4632503407499326e-14 -3.092026879167767e-13 0.016399536523652482 
5.44165634066964e-14 -1.0408075972215251e-13 -0.056799578306748054 
-1.997345538001562e-14 2.5336770303503396e-13 -0.04287596616802935 
0.0037279812464309802 -3.411311425367112e-5 0.04285511755456554 
-3.905909962609288e-15 -2.4761931647019612e-14 0.013470936740806877 
0.002621199759479231 5.6082661267077157e-5 0.013501404960206334 
-0.0037279812464411683 3.411311410246726e-5 0.042855117554565385 
-0.0026211997594870525 -5.608266131651506e-5 0.013501404960206465 
-0.0024782265451624274 -5.7654119404682275e-5 0.056760198575667345 
1.2112321165463394e-14 -4.282149490219359e-14 0.06350093582060756 
0.0008536766361549949 -7.474852729339338e-5 0.06346107920966208 
0.002478226545217612 5.7654119711782846e-5 0.05676019857566793 
-0.0008536766361307766 7.474852720723116e-5 0.06346107920966086 
-0.005281825207021991 1.9555002339648398e-5 -0.01638621699396808 
3.94635407907596e-16 2.8878365901429543e-13 0.026360262356402094 
-0.00444047818737487 -3.417772133304491e-5 0.026342145148699266 
0.0052818252069671235 -1.9555002044527723e-5 -0.016386216993967726 
0.004440478187375681 3.417772191176897e-5 0.02634214514870095 
0.0007686727793434985 6.565172717098861e-5 -0.059101458136379216 
-2.2637664582461997e-14 -1.1390154412718692e-13 -0.050990204117368376 
-0.0025939845679638796 7.325249898826139e-5 -0.050950952449349975 
-0.0007686727793729876 -6.56517277946527e-5 -0.0591014581363801 
0.0025939845679185955 -7.325249921627794e-5 -0.050950952449350384 
0.0054526858040896305 9.138189442567501e-14 -1.4997784762255282e-13 
1.5581028871746037e-14 -3.134979479108117e-13 -0.0398104182644398 
0.00359035841008272 5.675641045428661e-5 -0.039780046648181064 
-0.005452685804001081 -1.2908215794868195e-13 -1.4988745008399003e-13 
-0.0035903584100515657 -5.675641108220414e-5 -0.039780046648182785 
0.0007686727793403778 -6.565172701419071e-5 0.0591014581360905 
1.5111426717331606e-14 2.7457847631390795e-13 0.0398104182641442 
0.0035903584100816163 -5.675641027629568e-5 0.03978004664788538 
-0.000768672779374039 6.565172753715719e-5 0.05910145813609146 
-0.0035903584100513784 5.675641082662824e-5 0.039780046647887056 
-0.00528182520701794 -1.955500232098791e-5 0.01638621699379918 
-2.8297951494901194e-14 2.092508911111918e-14 0.05099020411710677 
-0.0025939845679649205 -7.325249888471618e-5 0.05095095244908839 
0.005281825206948482 1.9555001702294852e-5 0.016386216993798525 
0.002593984567908297 7.325249892677297e-5 0.05095095244908899 
-0.0024782265451164923 5.765411958431776e-5 -0.056760198575491326 
1.1055872046993945e-14 -4.3114107984477113e-13 -0.02636026235641741 
-0.0044404781873481226 3.417772134742147e-5 -0.026342145148714215 
0.0024782265452255566 -5.765411979264981e-5 -0.05676019857549171 
0.004440478187370241 -3.4177722211386596e-5 -0.026342145148716894 
0.0037279812463886235 3.411311449918572e-5 -0.042855117554329594 
1.8432408592524822e-14 2.617351445052919e-13 -0.06350093582029578 
0.0008536766361591566 7.47485276139193e-5 -0.06346107920935125 
-0.0037279812464287567 -3.411311399211537e-5 -0.04285511755432925 
-0.0008536766361222327 -7.474852708903734e-5 -0.06346107920934889 
-1.3047397894429322e-14 7.715506275872215e-14 -0.01347093674073888 
0.0026211997594487767 -5.6082661185514755e-5 -0.013501404960137903 
-0.0026211997594748904 5.608266133941603e-5 -0.013501404960138514 
5.654609223437467e-15 -7.551861061307933e-14 0.04287596616830677 
-2.6318056842961562e-14 1.535078352490883e-13 0.05679957830700902 
2.874779621140884e-14 1.4734500148275297e-13 -0.016399536523698122 
1.6122731639020473e-14 -3.1145444810953823e-13 -0.05914653905248866 
-4.2685519001330295e-14 -1.883903549851248e-14 3.368938654316339e-14 
1.85250146073961e-14 2.612401830907118e-13 0.05914653905254502 
3.5857111174822716e-14 -3.090827638968067e-13 0.016399536523829264 
-5.340696867215648e-14 -1.0412464112393577e-13 -0.05679957830661557 
2.0502506906907876e-14 2.5344160699316523e-13 -0.04287596616795776 
4.1590772215518655e-15 -2.4776256740655826e-14 0.013470936740824335 
0.003727981246439098 3.411311415224801e-5 0.04285511755460666 
0.0026211997594848655 -5.608266129566929e-5 0.013501404960223952 
-0.003727981246427699 -3.411311430349486e-5 0.042855117554607025 
-0.00262119975947656 5.6082661246220095e-5 0.013501404960223756 
-1.1121986706787342e-14 -4.2832140710658566e-14 0.06350093582067302 
-0.00247822654521844 5.765411981368863e-5 0.05676019857575243 
0.000853676636129424 7.474852728568995e-5 0.06346107920972636 
0.00247822654516566 -5.765411950666429e-5 0.05676019857575231 
-0.000853676636151697 -7.474852737195871e-5 0.06346107920972739 
8.7796159008419e-16 2.88871487825829e-13 0.026360262356507357 
-0.005281825206967509 -1.955500189603009e-5 -0.016386216993844016 
-0.004440478187376527 3.417772203809903e-5 0.026342145148806236 
0.0052818252070250945 1.9555002191231885e-5 -0.016386216993844512 
0.004440478187378279 -3.417772145936755e-5 0.026342145148804574 
2.3879988148538732e-14 -1.1383412280405364e-13 -0.05099020411723063 
0.0007686727793727656 -6.565172761419257e-5 -0.059101458136229655 
-0.0025939845679187096 -7.325249905101417e-5 -0.050950952449212654 
-0.0007686727793404385 6.565172699047845e-5 -0.05910145813622892 
0.002593984567966501 7.325249882292084e-5 -0.05095095244921225 
-1.4035209493736628e-14 -3.1341793731109506e-13 -0.03981041826427175 
0.005452685804001132 9.13793517290591e-14 3.3767275073051873e-14 
0.0035903584100512457 -5.67564108804538e-5 -0.03978004664801468 
-0.005452685804086705 -1.290420593898982e-13 3.3682136982060554e-14 
-0.0035903584100793313 5.67564102525679e-5 -0.03978004664801292 
-1.3445568260122008e-14 2.746529356007142e-13 0.039810418264337365 
0.0007686727793759685 6.565172777081524e-5 0.05910145813628615 
0.00359035841005246 5.675641105843023e-5 0.039780046648080256 
-0.0007686727793388904 -6.565172724788967e-5 0.059101458136285104 
-0.0035903584100793586 -5.675641050811503e-5 0.03978004664807839 
2.9755198243047026e-14 2.09080349310499e-14 0.050990204117296434 
-0.005281825206945332 1.9555001914401036e-5 0.016386216993975262 
-0.0025939845679059017 7.325249915437275e-5 0.05095095244927862 
0.00528182520701719 -1.9555002533017268e-5 0.016386216993975883 
0.0025939845679654517 -7.32524991121419e-5 0.050950952449278 
-9.88493655508588e-15 -4.3115659113043215e-13 -0.026360262356261335 
-0.0024782265452217597 -5.7654119633680635e-5 -0.056760198575359286 
-0.004440478187366706 -3.417772202389701e-5 -0.02634214514856063 
0.002478226545114672 5.765411942528216e-5 -0.05676019857535881 
0.004440478187346919 3.417772115987984e-5 -0.026342145148557986 
-1.7835086850043162e-14 2.6180546410977807e-13 -0.06350093582019169 
0.0037279812464331304 -3.4113113906039606e-5 -0.04285511755425719 
0.0008536766361261106 -7.474852696407998e-5 -0.06346107920924489 
-0.0037279812463919533 3.411311441328717e-5 -0.042855117554258325 
-0.0008536766361617811 7.474852748899988e-5 -0.06346107920924714 
1.3476509302525264e-14 7.716102024638577e-14 -0.013470936740707887 
0.002621199759479593 5.608266137648009e-5 -0.013501404960107613 
-0.00262119975945266 -5.608266122259038e-5 -0.013501404960106824 
0.007673206872848709 -2.617407971089789e-14 0.0427794507816788 
-0.005044967254233458 2.557752679184541e-13 0.05663072091039594 
-0.010791445375951295 2.9649201527400096e-13 -0.01634239556197026 
0.0015732904392117618 -1.323781444890765e-13 -0.05895406944829209 
0.011148148460074484 2.015977400849019e-13 -5.804010355815909e-14 
0.001573290439211348 4.961271656061577e-13 0.05895406944817609 
-0.010791445375924568 -9.811395862683787e-14 0.016342395561951693 
-0.0050449672541894 5.432226726144375e-14 -0.056630720910111565 
0.007673206872798634 3.404445494241838e-13 -0.042779450781386986 
0.005283842690156424 -3.65187472282534e-15 0.013624360775267918 
0.007670755991454494 -3.379040674321572e-5 0.04278295071063952 
0.005283769049923957 5.695373138706517e-5 0.013618337820961243 
0.0017087616582642882 3.4190364659391275e-14 0.06329728082704798 
-0.005044640299888219 -5.600171120917181e-5 0.05663640159334751 
0.0017087651089767247 -7.642697585741064e-5 0.06330539906767664 
-0.008881003625709701 4.1749593160305785e-13 0.02626729081018656 
-0.010789994541773729 1.9045914523523036e-5 -0.01634432894796962 
-0.008880396293879277 -3.496969925251951e-5 0.026271008156456267 
-0.00518786125546599 5.087507024404447e-14 -0.050790265172285694 
0.0015730560823204705 6.376965265859712e-5 -0.05896053133063138 
-0.0051875171136799925 7.477906673577702e-5 -0.050798201851135025 
0.007179793992051167 -1.1421645728547628e-13 -0.039655566689169704 
0.0111465683699251 2.0160711284519383e-13 -1.0407752888982783e-13 
0.007179312408301375 5.7954496060403625e-5 -0.039661718896027105 
0.0071797939920512956 5.088805678273953e-13 0.03965556668905474 
0.0015730560823184827 -6.37696522947509e-5 0.05896053133042916 
0.0071793124083009245 -5.795449566572776e-5 0.039661718895821776 
-0.005187861255454406 2.493470246355615e-13 0.05079026517218825 
-0.010789994541751481 -1.9045914325063657e-5 0.01634432894787608 
-0.005187517113671861 -7.477906643534413e-5 0.05079820185095568 
-0.008881003625673263 -2.47417088830405e-13 -0.02626729081007097 
-0.005044640299831933 5.600171151913038e-5 -0.056636401593117634 
-0.008880396293838579 3.496969942281328e-5 -0.0262710081564055 
0.001708761658265564 3.8991802809887155e-13 -0.06329728082665306 
0.00767075599139545 3.379040705715116e-5 -0.04278295071037605 
0.001708765108979891 7.642697628084835e-5 -0.06330539906732469 
0.0052838426901203 1.132434173710848e-13 -0.013624360775174697 
0.005283769049881584 -5.6953731277060264e-5 -0.013618337820879883 
0.007670755991458478 3.379040669095824e-5 0.04278295071065991 
0.005283769049926803 -5.695373139439605e-5 0.013618337820970135 
-0.005044640299915941 5.60017117206367e-5 0.056636401593390354 
0.0017087651089639515 7.642697592591117e-5 0.06330539906770828 
-0.010789994541746686 -1.9045913930641498e-5 -0.01634432894790727 
-0.008880396293880077 3.496970008742785e-5 0.026271008156510567 
0.001573056082334983 -6.376965292322293e-5 -0.0589605313305571 
-0.005187517113657377 -7.477906663397497e-5 -0.05079820185106666 
0.011146568369881248 2.0159262618937907e-13 -1.2248146471206982e-14 
0.007179312408285646 -5.7954496288640115e-5 -0.03966171889594481 
0.001573056082336143 6.376965328685054e-5 0.05896053133052728 
0.007179312408286338 5.795449668329565e-5 0.03966171889592016 
-0.010789994541715524 1.9045914128860584e-5 0.016344328947963675 
-0.005187517113642332 7.477906693403873e-5 0.050798201851051175 
-0.005044640299884107 -5.6001711410421134e-5 -0.05663640159305168 
-0.008880396293847903 -3.4969699917376386e-5 -0.026271008156330128 
0.007670755991417418 -3.379040637633837e-5 -0.04278295071033931 
0.001708765108963322 -7.642697550127011e-5 -0.06330539906727028 
0.005283769049896922 5.695373150362601e-5 -0.013618337820865155 
-0.00767320687284808 -1.256934870923685e-13 0.042779450781678864 
0.005044967254234621 5.207580873774962e-14 0.05663072091039614 
0.010791445375952589 -3.8836582650828834e-16 -0.016342395561970424 
-0.0015732904392103241 -4.932656494328141e-13 -0.05895406944829239 
-0.011148148460072957 -2.392326142242422e-13 -5.817720161271103e-14 
-0.0015732904392096415 2.8943576896932376e-14 0.058954069448175876 
0.0107914453759258 -5.222095052585703e-13 0.01634239556195157 
0.005044967254190373 -2.636523799074692e-13 -0.05663072091011146 
-0.007673206872798094 1.6831792752578643e-13 -0.0427794507813876 
-0.00767075599145915 3.3790406591476796e-5 0.04278295071063925 
-0.0052838426901562 -4.539332802054302e-14 0.013624360775267862 
-0.005283769049927763 -5.6953731436134007e-5 0.013618337820961383 
0.005044640299916111 5.600171151689598e-5 0.05663640159334825 
-0.0017087616582633315 -1.2290711763665623e-13 0.06329728082704783 
-0.0017087651089641447 7.64269757688119e-5 0.06330539906767543 
0.010789994541747132 -1.904591422747703e-5 -0.016344328947969198 
0.008881003625711028 1.6493402214884168e-13 0.02626729081018658 
0.008880396293880382 3.496969983481871e-5 0.02627100815645794 
-0.0015730560823343604 -6.376965328408033e-5 -0.05896053133063242 
0.005187861255467251 -2.7979096749067923e-13 -0.05079026517228554 
0.005187517113657974 -7.477906696464895e-5 -0.050798201851135434 
-0.011146568369880433 -2.392632954960615e-13 -1.0400349395731067e-13 
-0.007179793992049668 -5.176259610030981e-13 -0.03965556668916963 
-0.007179312408285054 -5.795449669207454e-5 -0.03966171889602893 
-0.0015730560823343346 6.376965281977027e-5 0.0589605313304299 
-0.007179793992049615 4.532492557648348e-14 0.03965556668905459 
-0.0071793124082849494 5.795449621975483e-5 0.03966171889582341 
0.010789994541717666 1.9045913704870738e-5 0.01634432894787534 
0.005187861255455868 -2.0580215629177767e-13 0.05079026517218818 
0.005187517113644255 7.477906647890289e-5 0.05079820185095628 
0.005044640299886448 -5.600171172840346e-5 -0.05663640159311784 
0.008881003625674413 -6.224498229741473e-13 -0.02626729081007093 
0.008880396293850219 -3.4969700292441085e-5 -0.02627100815640827 
-0.007670755991414973 -3.3790406548481884e-5 -0.042782950710375786 
-0.001708761658264889 1.4017454889896308e-13 -0.06329728082665304 
-0.001708765108961063 -7.642697575098515e-5 -0.0633053990673223 
-0.005283842690119924 3.909763707739544e-14 -0.013624360775174553 
-0.005283769049894477 5.695373142948237e-5 -0.01361833782088047 
-0.007670755991452541 -3.3790406842831864e-5 0.04278295071066024 
-0.00528376904992254 5.695373134532712e-5 0.013618337820969908 
0.005044640299890381 -5.600171141276776e-5 0.05663640159339022 
-0.0017087651089746332 -7.642697601452131e-5 0.06330539906770935 
0.010789994541775866 1.9045914226639178e-5 -0.01634432894790788 
0.008880396293881642 -3.496969950517791e-5 0.02627100815650891 
-0.0015730560823182236 6.376965229768584e-5 -0.05896053133055646 
0.005187517113681932 7.477906640512014e-5 -0.050798201851066156 
-0.011146568369922855 -2.39204892681409e-13 -1.2231977800902455e-14 
-0.0071793124082989695 5.795449565697254e-5 -0.03966171889594303 
-0.0015730560823168933 -6.37696527619433e-5 0.0589605313305263 
-0.007179312408298959 -5.795449612930461e-5 0.03966171889591822 
0.010789994541751701 -1.904591474914097e-5 0.01634432894796447 
0.005187517113672858 -7.477906689055208e-5 0.05079820185105048 
0.005044640299831502 5.6001711201104534e-5 -0.05663640159305131 
0.008880396293838584 3.4969699047847965e-5 -0.02627100815632741 
-0.007670755991396811 3.379040688498633e-5 -0.042782950710340564 
-0.0017087651089808125 7.64269760311605e-5 -0.06330539906727264 
-0.005283769049883289 -5.6953731351198286e-5 -0.013618337820864274 
2.9101077761896346e-16 -7.559757321125434e-14 0.042861797472441364 
6.042834169916418e-16 1.5353962061921064e-13 0.05677530152001181 
6.902091147633332e-16 1.4757418149705512e-13 -0.0163912996177392 
7.069665771657786e-16 -3.1174015890250704e-13 -0.059118868255591 
7.510094467009824e-16 -1.8867567395895985e-14 -5.809996912787643e-14 
8.507898528579515e-16 2.6134567222778836e-13 0.05911886825547474 
6.108331359158978e-16 -3.093078370319035e-13 0.01639129961772022 
5.06132531043356e-16 -1.0411377421680168e-13 -0.0567753015197271 
2.630673052332699e-16 2.5357711735897707e-13 -0.04286179747214893 
1.276434034110636e-16 -2.4722730737312053e-14 0.013494046962750755 
-2.356718459565173e-15 -7.560080912042852e-14 0.04286530945950467 
0.003735210481078043 -5.078234607496671e-14 0.04284108339339158 
-1.8875431874824768e-15 -2.4723115475688514e-14 0.013488247355520898 
0.002621393504191922 -1.426118307904365e-14 0.013525024154233437 
0.0037333973276314435 -1.7014759485548575e-5 0.042844575184957705 
0.0026213412423779945 2.8024340499396868e-5 0.013519149168131466 
4.963396672877242e-16 -4.30092559026792e-14 0.06347007800850278 
1.3971842179825173e-14 1.5354501585793478e-13 0.05678128829688276 
-0.002479147442298704 2.0453802851938918e-13 0.05673681849804451 
6.307539771092155e-15 -4.294016117726162e-14 0.06347786943696296 
0.0008536415540948693 -4.0724317534904345e-15 0.0634293083771683 
-0.0024789066728388384 -2.8808015660096686e-5 0.056742675901014145 
0.0008536468437141865 -3.739931128449571e-5 0.0634372346035176 
6.333968238667941e-16 2.891498685379301e-13 0.02634616304285354 
-1.3259429718232365e-14 1.4751484426250626e-13 -0.016393332894418102 
-0.005286056472763698 2.2185233964743117e-13 -0.01637827277378338 
5.10748206017808e-16 2.8912489228015057e-13 0.026349723390429784 
-0.004442268551009244 3.5291970883424987e-13 0.026327612474642128 
-0.005284982788150332 9.791241829477762e-6 -0.016380265966465295 
-0.004441822985891798 -1.7097836287412922e-5 0.026331236600959283 
6.224102768061855e-16 -1.1400679967712456e-13 -0.05095996186891937 
-6.950673967663917e-15 -3.1178813618305053e-13 -0.05912569233415595 
0.0007693635328897475 -2.217153663228352e-13 -0.0590748400778529 
-1.1023457477906236e-14 -1.139643112750592e-13 -0.05096759213669206 
-0.0025949964914766597 -3.140937670078869e-14 -0.0509198591863939 
0.0007691897191377463 3.28410280378875e-5 -0.059081516048915705 
-0.0025947443377598136 3.662436240269515e-5 -0.05092761239671532 
7.690328675409249e-16 -3.138424930769204e-13 -0.03978698883056498 
2.233195370863664e-14 -1.8894349443771523e-14 -1.040306143872217e-13 
0.005457312381240524 9.14453432572866e-14 -5.810014448673755e-14 
8.18655333789467e-15 -3.137754020246911e-13 -0.03979290078411304 
0.0035917677161304102 -2.135092135490811e-13 -0.03975595044490361 
0.00545614206927197 9.142379235964647e-14 -1.0407058996832737e-13 
0.003591415271087706 2.8378081041431505e-5 -0.03976195888132548 
8.357095214344747e-16 2.7504851181024156e-13 0.039786988830449954 
-7.922007543487317e-15 2.6126417245447503e-13 0.05912569233395347 
0.0007693635328897828 3.7857744266032543e-13 0.05907484007773689 
7.981571195678165e-15 2.749157548344729e-13 0.03979290078390767 
0.0035917677161304597 3.9144646918398643e-13 0.03975595044478863 
0.0007691897191362214 -3.2841027881064475e-5 0.05908151604871343 
0.0035914152710872014 -2.837808086348057e-5 0.039761958881120094 
7.305905742833046e-16 2.1068861838057198e-14 0.05095996186882162 
-1.6897930803273854e-14 -3.0928784838789477e-13 0.01639333289432402 
-0.005286056472750592 -2.0346505756366605e-13 0.016378272773764545 
-1.3803361183465662e-14 2.1030808256742985e-14 0.05096759213651238 
-0.0025949964914707777 1.3501895948656295e-13 0.05091985918629611 
-0.005284982788141665 -9.791241810969184e-6 0.01638026596637149 
-0.0025947443377573698 -3.6624362299097915e-5 0.05092761239653573 
5.81957595326406e-16 -4.3176852453025864e-13 -0.026346163042738173 
2.7288178384313106e-14 -1.0408656880272587e-13 -0.05678128829665247 
-0.002479147442277367 -2.4710994081982e-14 -0.05673681849776018 
5.826597908534404e-15 -4.316062015379835e-13 -0.026349723390379744 
-0.0044422685509909665 -3.3882368890852785e-13 -0.02632761247452669 
-0.0024789066728052177 2.8808015839908947e-5 -0.05674267590078392 
-0.0044418229858692185 1.7097836301592057e-5 -0.02633123660090903 
3.005002422180187e-16 2.622569499250389e-13 -0.06347007800810651 
-9.77641196993662e-15 2.5351230404694127e-13 -0.04286530945924026 
0.0037352104810538266 2.9672566240466805e-13 -0.04284108339309909 
9.381051056416784e-15 2.6212824983063377e-13 -0.06347786943660898 
0.0008536415540953076 3.2540115662832963e-13 -0.06342930837677228 
0.0037333973275982864 1.7014759731312966e-5 -0.04284457518469353 
0.0008536468437165802 3.7399311605498896e-5 -0.06343723460316432 
2.0896073106494118e-16 7.699714202698618e-14 -0.013494046962658384 
-6.422970007681123e-15 7.703022706794341e-14 -0.013488247355440703 
0.0026213935041740576 9.531581421017624e-14 -0.013525024154140896 
0.002621341242353933 -2.802434041812154e-5 -0.013519149168050956 
2.940903733506437e-15 -7.558261606257953e-14 0.04286530945952536 
2.143483053310952e-15 -2.4739537022574913e-14 0.013488247355529653 
0.0037333973276355193 1.701475938405108e-5 0.04284457518497826 
0.0026213412423808802 -2.802434052794447e-5 0.013519149168140279 
-1.2758466829024036e-14 1.5352524958525746e-13 0.05678128829692524 
-5.321832756878585e-15 -4.299433966408815e-14 0.06347786943699567 
-0.0024789066728665987 2.880801606921155e-5 0.05674267590105671 
0.0008536468437014521 3.739931127646626e-5 0.06343723460354987 
1.4637904371362282e-14 1.4742481136875243e-13 -0.016393332894356193 
7.526735524930795e-16 2.891472574414725e-13 0.026349723390482388 
-0.005284982788123209 -9.791241385740574e-6 -0.016380265966403258 
-0.00444182298589257 1.7097836993032736e-5 0.026331236601012793 
8.368057416163359e-15 -3.1166926293907074e-13 -0.059125692334080715 
1.227185735172824e-14 -1.139059969557849e-13 -0.05096759213662321 
0.0007691897191523127 -3.284102848129087e-5 -0.059081516048841 
-0.0025947443377371654 -3.6624362465472e-5 -0.050927612396646664 
-2.083518396907654e-14 -1.8862109494776816e-14 -1.2227275381008767e-14 
-6.644457621113251e-15 -3.1372495180242366e-13 -0.039792900784029 
0.005456142069228046 9.141076731183795e-14 -1.2192330420363961e-14 
0.003591415271071991 -2.8378081468234097e-5 -0.03976195888124228 
9.63776356483272e-15 2.613274398304509e-13 0.059125692334050885 
-6.320517268400958e-15 2.7497090473454666e-13 0.039792900784004256 
0.0007691897191539088 3.2841028638000885e-5 0.05908151604881124 
0.003591415271072615 2.8378081646189316e-5 0.039761958881217495 
1.812001634026489e-14 -3.092619091040747e-13 0.016393332894412464 
1.5262135371576758e-14 2.1029587766241276e-14 0.05096759213660721 
-0.0052849827881056455 9.791241404133552e-6 0.0163802659664595 
-0.0025947443377278448 3.66243625689989e-5 0.05092761239663087 
-2.6284930415974656e-14 -1.0409863079807491e-13 -0.05678128829658621 
-4.65378154894308e-15 -4.3160997963804486e-13 -0.02634972339030172 
-0.0024789066728575604 -2.880801588929526e-5 -0.056742675900717916 
-0.004441822985878584 -1.7097836978940337e-5 -0.02633123660083226 
1.0304532610126059e-14 2.5357318685220885e-13 -0.04286530945920456 
-8.781372709094811e-15 2.621569585432115e-13 -0.06347786943655696 
0.003733397327620273 -1.7014759137921494e-5 -0.04284457518465734 
0.0008536468436999425 -3.739931095494338e-5 -0.06343723460311113 
6.8390558837939385e-15 7.703074615169035e-14 -0.013488247355425167 
0.0026213412423692173 2.8024340608830337e-5 -0.0135191491680358 
-0.0037352104810774306 -1.0061727070880934e-13 0.0428410833933916 
-0.002621393504191683 -3.5091112656203355e-14 0.013525024154233416 
-0.0037333973276361724 1.7014759334205902e-5 0.04284457518495764 
-0.0026213412423817823 -2.8024340548766912e-5 0.013519149168131519 
0.002479147442299911 1.0260694438734941e-13 0.05673681849804489 
-0.0008536415540938975 -8.259826784560804e-14 0.06342930837716822 
0.0024789066728668364 2.880801596733057e-5 0.056742675901014616 
-0.0008536468437015807 3.73993111979369e-5 0.063437234603517 
0.005286056472765078 7.338759373050324e-14 -0.016378272773783377 
0.004442268551010528 2.265454559271557e-13 0.026327612474642097 
0.005284982788123752 -9.791241534255888e-6 -0.016380265966465128 
0.0044418229858928454 1.7097836866696342e-5 0.026331236600960116 
-0.0007693635328883284 -4.0222169115154256e-13 -0.05907484007785312 
0.002594996491477919 -1.9671563485174146e-13 -0.050919859186393863 
-0.0007691897191516758 -3.284102866179012e-5 -0.05908151604891637 
0.00259474433773777 -3.662436263082364e-5 -0.050927612396715505 
-0.005457312381239043 -1.2906379133059958e-13 -5.813318410017237e-14 
-0.0035917677161288733 -4.151895688361428e-13 -0.03975595044490369 
-0.005456142069227226 -1.290852697598905e-13 -1.0406137588404118e-13 
-0.0035914152710713374 -2.8378081669929058e-5 -0.03976195888132637 
-0.0007693635328880552 1.447892479954755e-13 0.05907484007773674 
-0.0035917677161287904 1.5966723811113656e-13 0.039755950444788524 
-0.0007691897191520827 3.2841028404271644e-5 0.059081516048713784 
-0.00359141527107123 2.8378081414389653e-5 0.03976195888112087 
0.0052860564727518 -4.155769178009071e-13 0.01637827277376447 
0.0025949964914722336 -9.255321176339259e-14 0.050919859186296136 
0.0052849827881077775 9.791241192021852e-6 0.01638026596637106 
0.0025947443377297495 3.6624362341419876e-5 0.05092761239653605 
0.002479147442278364 -1.8369294741395536e-13 -0.056736818497760085 
0.004442268550992125 -5.262900010639897e-13 -0.02632761247452671 
0.0024789066728598823 -2.8808016048277723e-5 -0.056742675900784134 
0.004441822985880869 -1.7097837166429095e-5 -0.026331236600910347 
-0.0037352104810532962 2.107617004567467e-13 -0.04284108339309947 
-0.0008536415540946769 2.0049140052703298e-13 -0.06342930837677226 
-0.0037333973276179114 -1.701475922396308e-5 -0.04284457518469357 
-0.0008536468436977838 -3.7399311079895695e-5 -0.0634372346031631 
-0.0026213935041736543 5.826659059558333e-14 -0.013525024154140811 
-0.0026213412423667887 2.8024340571781393e-5 -0.013519149168051242 
-0.003733397327629573 -1.701475953539004e-5 0.04284457518497847 
-0.0026213412423766085 2.80243404785601e-5 0.013519149168140177 
0.0024789066728410007 -2.8808015762079538e-5 0.056742675901056756 
-0.0008536468437121202 -3.739931136303404e-5 0.0634372346035503 
0.0052849827881525195 9.791241681072668e-6 -0.01638026596640355 
0.004441822985894084 -1.709783641372578e-5 0.026331236601011918 
-0.0007691897191355496 3.284102785741019e-5 -0.05908151604884075 
0.0025947443377617218 3.6624362237350305e-5 -0.05092761239664646 
-0.005456142069269809 -1.2902951254867883e-13 -1.2252396937276242e-14 
-0.003591415271085296 2.8378080839740597e-5 -0.03976195888124142 
-0.0007691897191346067 -3.284102811473405e-5 0.05908151604881064 
-0.0035914152710852516 -2.837808109526343e-5 0.03976195888121655 
0.005284982788141953 -9.79124202305612e-6 0.016380265966459764 
0.0025947443377583855 -3.662436252660614e-5 0.050927612396630524 
0.00247890667280488 2.8808015680843687e-5 -0.05674267590071767 
0.004441822985869255 1.709783611410796e-5 -0.02633123660083092 
-0.0037333973275995858 1.70147596453784e-5 -0.04284457518465813 
-0.0008536468437174815 3.739931148059812e-5 -0.06343723460311221 
-0.002621341242355548 -2.8024340455183086e-5 -0.013519149168035363 

