# vtk DataFile Version 3.0
eigenfunctions
ASCII

DATASET UNSTRUCTURED_GRID
POINTS 1025 float
0.0 0.0 24.0 
0.0 0.0 0.0 
0.0 10.0 24.0 
0.0 10.0 0.0 
1000.0 0.0 24.0 
1000.0 0.0 0.0 
1000.0 10.0 24.0 
1000.0 10.0 0.0 
0.0 0.0 12.0 
0.0 0.0 6.0 
0.0 0.0 18.0 
0.0 5.0 24.0 
0.0 2.5 24.0 
0.0 7.5 24.0 
0.0 10.0 12.0 
0.0 10.0 6.0 
0.0 10.0 18.0 
0.0 5.0 0.0 
0.0 2.5 0.0 
0.0 7.5 0.0 
1000.0 0.0 12.0 
1000.0 0.0 6.0 
1000.0 0.0 18.0 
1000.0 5.0 24.0 
1000.0 2.5 24.0 
1000.0 7.5 24.0 
1000.0 10.0 12.0 
1000.0 10.0 6.0 
1000.0 10.0 18.0 
1000.0 5.0 0.0 
1000.0 2.5 0.0 
1000.0 7.5 0.0 
50.0 0.0 0.0 
100.0 0.0 0.0 
150.0 0.0 0.0 
200.0 0.0 0.0 
250.0 0.0 0.0 
300.0 0.0 0.0 
350.0 0.0 0.0 
400.0 0.0 0.0 
450.0 0.0 0.0 
500.0 0.0 0.0 
550.0 0.0 0.0 
600.0 0.0 0.0 
650.0 0.0 0.0 
700.0 0.0 0.0 
750.0 0.0 0.0 
800.0 0.0 0.0 
850.0 0.0 0.0 
900.0 0.0 0.0 
950.0 0.0 0.0 
25.0 0.0 0.0 
75.0 0.0 0.0 
125.0 0.0 0.0 
175.0 0.0 0.0 
225.0 0.0 0.0 
275.0 0.0 0.0 
325.0 0.0 0.0 
375.0 0.0 0.0 
425.0 0.0 0.0 
475.0 0.0 0.0 
525.0 0.0 0.0 
575.0 0.0 0.0 
625.0 0.0 0.0 
675.0 0.0 0.0 
725.0 0.0 0.0 
775.0 0.0 0.0 
825.0 0.0 0.0 
875.0 0.0 0.0 
925.0 0.0 0.0 
975.0 0.0 0.0 
50.0 0.0 24.0 
100.0 0.0 24.0 
150.0 0.0 24.0 
200.0 0.0 24.0 
250.0 0.0 24.0 
300.0 0.0 24.0 
350.0 0.0 24.0 
400.0 0.0 24.0 
450.0 0.0 24.0 
500.0 0.0 24.0 
550.0 0.0 24.0 
600.0 0.0 24.0 
650.0 0.0 24.0 
700.0 0.0 24.0 
750.0 0.0 24.0 
800.0 0.0 24.0 
850.0 0.0 24.0 
900.0 0.0 24.0 
950.0 0.0 24.0 
25.0 0.0 24.0 
75.0 0.0 24.0 
125.0 0.0 24.0 
175.0 0.0 24.0 
225.0 0.0 24.0 
275.0 0.0 24.0 
325.0 0.0 24.0 
375.0 0.0 24.0 
425.0 0.0 24.0 
475.0 0.0 24.0 
525.0 0.0 24.0 
575.0 0.0 24.0 
625.0 0.0 24.0 
675.0 0.0 24.0 
725.0 0.0 24.0 
775.0 0.0 24.0 
825.0 0.0 24.0 
875.0 0.0 24.0 
925.0 0.0 24.0 
975.0 0.0 24.0 
50.0 10.0 0.0 
100.0 10.0 0.0 
150.0 10.0 0.0 
200.0 10.0 0.0 
250.0 10.0 0.0 
300.0 10.0 0.0 
350.0 10.0 0.0 
400.0 10.0 0.0 
450.0 10.0 0.0 
500.0 10.0 0.0 
550.0 10.0 0.0 
600.0 10.0 0.0 
650.0 10.0 0.0 
700.0 10.0 0.0 
750.0 10.0 0.0 
800.0 10.0 0.0 
850.0 10.0 0.0 
900.0 10.0 0.0 
950.0 10.0 0.0 
25.0 10.0 0.0 
75.0 10.0 0.0 
125.0 10.0 0.0 
175.0 10.0 0.0 
225.0 10.0 0.0 
275.0 10.0 0.0 
325.0 10.0 0.0 
375.0 10.0 0.0 
425.0 10.0 0.0 
475.0 10.0 0.0 
525.0 10.0 0.0 
575.0 10.0 0.0 
625.0 10.0 0.0 
675.0 10.0 0.0 
725.0 10.0 0.0 
775.0 10.0 0.0 
825.0 10.0 0.0 
875.0 10.0 0.0 
925.0 10.0 0.0 
975.0 10.0 0.0 
50.0 10.0 24.0 
100.0 10.0 24.0 
150.0 10.0 24.0 
200.0 10.0 24.0 
250.0 10.0 24.0 
300.0 10.0 24.0 
350.0 10.0 24.0 
400.0 10.0 24.0 
450.0 10.0 24.0 
500.0 10.0 24.0 
550.0 10.0 24.0 
600.0 10.0 24.0 
650.0 10.0 24.0 
700.0 10.0 24.0 
750.0 10.0 24.0 
800.0 10.0 24.0 
850.0 10.0 24.0 
900.0 10.0 24.0 
950.0 10.0 24.0 
25.0 10.0 24.0 
75.0 10.0 24.0 
125.0 10.0 24.0 
175.0 10.0 24.0 
225.0 10.0 24.0 
275.0 10.0 24.0 
325.0 10.0 24.0 
375.0 10.0 24.0 
425.0 10.0 24.0 
475.0 10.0 24.0 
525.0 10.0 24.0 
575.0 10.0 24.0 
625.0 10.0 24.0 
675.0 10.0 24.0 
725.0 10.0 24.0 
775.0 10.0 24.0 
825.0 10.0 24.0 
875.0 10.0 24.0 
925.0 10.0 24.0 
975.0 10.0 24.0 
0.0 5.0 12.0 
0.0 2.5 12.0 
0.0 5.0 6.0 
0.0 2.5 6.0 
0.0 7.5 12.0 
0.0 7.5 6.0 
0.0 5.0 18.0 
0.0 2.5 18.0 
0.0 7.5 18.0 
1000.0 5.0 12.0 
1000.0 5.0 6.0 
1000.0 2.5 12.0 
1000.0 2.5 6.0 
1000.0 7.5 12.0 
1000.0 7.5 6.0 
1000.0 5.0 18.0 
1000.0 2.5 18.0 
1000.0 7.5 18.0 
50.0 0.0 12.0 
100.0 0.0 12.0 
150.0 0.0 12.0 
200.0 0.0 12.0 
250.0 0.0 12.0 
300.0 0.0 12.0 
350.0 0.0 12.0 
400.0 0.0 12.0 
450.0 0.0 12.0 
500.0 0.0 12.0 
550.0 0.0 12.0 
600.0 0.0 12.0 
650.0 0.0 12.0 
700.0 0.0 12.0 
750.0 0.0 12.0 
800.0 0.0 12.0 
850.0 0.0 12.0 
900.0 0.0 12.0 
950.0 0.0 12.0 
50.0 0.0 6.0 
25.0 0.0 12.0 
25.0 0.0 6.0 
50.0 0.0 18.0 
25.0 0.0 18.0 
100.0 0.0 6.0 
75.0 0.0 12.0 
75.0 0.0 6.0 
100.0 0.0 18.0 
75.0 0.0 18.0 
150.0 0.0 6.0 
125.0 0.0 12.0 
125.0 0.0 6.0 
150.0 0.0 18.0 
125.0 0.0 18.0 
200.0 0.0 6.0 
175.0 0.0 12.0 
175.0 0.0 6.0 
200.0 0.0 18.0 
175.0 0.0 18.0 
250.0 0.0 6.0 
225.0 0.0 12.0 
225.0 0.0 6.0 
250.0 0.0 18.0 
225.0 0.0 18.0 
300.0 0.0 6.0 
275.0 0.0 12.0 
275.0 0.0 6.0 
300.0 0.0 18.0 
275.0 0.0 18.0 
350.0 0.0 6.0 
325.0 0.0 12.0 
325.0 0.0 6.0 
350.0 0.0 18.0 
325.0 0.0 18.0 
400.0 0.0 6.0 
375.0 0.0 12.0 
375.0 0.0 6.0 
400.0 0.0 18.0 
375.0 0.0 18.0 
450.0 0.0 6.0 
425.0 0.0 12.0 
425.0 0.0 6.0 
450.0 0.0 18.0 
425.0 0.0 18.0 
500.0 0.0 6.0 
475.0 0.0 12.0 
475.0 0.0 6.0 
500.0 0.0 18.0 
475.0 0.0 18.0 
550.0 0.0 6.0 
525.0 0.0 12.0 
525.0 0.0 6.0 
550.0 0.0 18.0 
525.0 0.0 18.0 
600.0 0.0 6.0 
575.0 0.0 12.0 
575.0 0.0 6.0 
600.0 0.0 18.0 
575.0 0.0 18.0 
650.0 0.0 6.0 
625.0 0.0 12.0 
625.0 0.0 6.0 
650.0 0.0 18.0 
625.0 0.0 18.0 
700.0 0.0 6.0 
675.0 0.0 12.0 
675.0 0.0 6.0 
700.0 0.0 18.0 
675.0 0.0 18.0 
750.0 0.0 6.0 
725.0 0.0 12.0 
725.0 0.0 6.0 
750.0 0.0 18.0 
725.0 0.0 18.0 
800.0 0.0 6.0 
775.0 0.0 12.0 
775.0 0.0 6.0 
800.0 0.0 18.0 
775.0 0.0 18.0 
850.0 0.0 6.0 
825.0 0.0 12.0 
825.0 0.0 6.0 
850.0 0.0 18.0 
825.0 0.0 18.0 
900.0 0.0 6.0 
875.0 0.0 12.0 
875.0 0.0 6.0 
900.0 0.0 18.0 
875.0 0.0 18.0 
950.0 0.0 6.0 
925.0 0.0 12.0 
925.0 0.0 6.0 
950.0 0.0 18.0 
925.0 0.0 18.0 
975.0 0.0 12.0 
975.0 0.0 6.0 
975.0 0.0 18.0 
50.0 10.0 12.0 
100.0 10.0 12.0 
150.0 10.0 12.0 
200.0 10.0 12.0 
250.0 10.0 12.0 
300.0 10.0 12.0 
350.0 10.0 12.0 
400.0 10.0 12.0 
450.0 10.0 12.0 
500.0 10.0 12.0 
550.0 10.0 12.0 
600.0 10.0 12.0 
650.0 10.0 12.0 
700.0 10.0 12.0 
750.0 10.0 12.0 
800.0 10.0 12.0 
850.0 10.0 12.0 
900.0 10.0 12.0 
950.0 10.0 12.0 
25.0 10.0 12.0 
50.0 10.0 6.0 
25.0 10.0 6.0 
50.0 10.0 18.0 
25.0 10.0 18.0 
75.0 10.0 12.0 
100.0 10.0 6.0 
75.0 10.0 6.0 
100.0 10.0 18.0 
75.0 10.0 18.0 
125.0 10.0 12.0 
150.0 10.0 6.0 
125.0 10.0 6.0 
150.0 10.0 18.0 
125.0 10.0 18.0 
175.0 10.0 12.0 
200.0 10.0 6.0 
175.0 10.0 6.0 
200.0 10.0 18.0 
175.0 10.0 18.0 
225.0 10.0 12.0 
250.0 10.0 6.0 
225.0 10.0 6.0 
250.0 10.0 18.0 
225.0 10.0 18.0 
275.0 10.0 12.0 
300.0 10.0 6.0 
275.0 10.0 6.0 
300.0 10.0 18.0 
275.0 10.0 18.0 
325.0 10.0 12.0 
350.0 10.0 6.0 
325.0 10.0 6.0 
350.0 10.0 18.0 
325.0 10.0 18.0 
375.0 10.0 12.0 
400.0 10.0 6.0 
375.0 10.0 6.0 
400.0 10.0 18.0 
375.0 10.0 18.0 
425.0 10.0 12.0 
450.0 10.0 6.0 
425.0 10.0 6.0 
450.0 10.0 18.0 
425.0 10.0 18.0 
475.0 10.0 12.0 
500.0 10.0 6.0 
475.0 10.0 6.0 
500.0 10.0 18.0 
475.0 10.0 18.0 
525.0 10.0 12.0 
550.0 10.0 6.0 
525.0 10.0 6.0 
550.0 10.0 18.0 
525.0 10.0 18.0 
575.0 10.0 12.0 
600.0 10.0 6.0 
575.0 10.0 6.0 
600.0 10.0 18.0 
575.0 10.0 18.0 
625.0 10.0 12.0 
650.0 10.0 6.0 
625.0 10.0 6.0 
650.0 10.0 18.0 
625.0 10.0 18.0 
675.0 10.0 12.0 
700.0 10.0 6.0 
675.0 10.0 6.0 
700.0 10.0 18.0 
675.0 10.0 18.0 
725.0 10.0 12.0 
750.0 10.0 6.0 
725.0 10.0 6.0 
750.0 10.0 18.0 
725.0 10.0 18.0 
775.0 10.0 12.0 
800.0 10.0 6.0 
775.0 10.0 6.0 
800.0 10.0 18.0 
775.0 10.0 18.0 
825.0 10.0 12.0 
850.0 10.0 6.0 
825.0 10.0 6.0 
850.0 10.0 18.0 
825.0 10.0 18.0 
875.0 10.0 12.0 
900.0 10.0 6.0 
875.0 10.0 6.0 
900.0 10.0 18.0 
875.0 10.0 18.0 
925.0 10.0 12.0 
950.0 10.0 6.0 
925.0 10.0 6.0 
950.0 10.0 18.0 
925.0 10.0 18.0 
975.0 10.0 12.0 
975.0 10.0 6.0 
975.0 10.0 18.0 
50.0 5.0 0.0 
100.0 5.0 0.0 
150.0 5.0 0.0 
200.0 5.0 0.0 
250.0 5.0 0.0 
300.0 5.0 0.0 
350.0 5.0 0.0 
400.0 5.0 0.0 
450.0 5.0 0.0 
500.0 5.0 0.0 
550.0 5.0 0.0 
600.0 5.0 0.0 
650.0 5.0 0.0 
700.0 5.0 0.0 
750.0 5.0 0.0 
800.0 5.0 0.0 
850.0 5.0 0.0 
900.0 5.0 0.0 
950.0 5.0 0.0 
25.0 5.0 0.0 
50.0 2.5 0.0 
25.0 2.5 0.0 
75.0 5.0 0.0 
100.0 2.5 0.0 
75.0 2.5 0.0 
125.0 5.0 0.0 
150.0 2.5 0.0 
125.0 2.5 0.0 
175.0 5.0 0.0 
200.0 2.5 0.0 
175.0 2.5 0.0 
225.0 5.0 0.0 
250.0 2.5 0.0 
225.0 2.5 0.0 
275.0 5.0 0.0 
300.0 2.5 0.0 
275.0 2.5 0.0 
325.0 5.0 0.0 
350.0 2.5 0.0 
325.0 2.5 0.0 
375.0 5.0 0.0 
400.0 2.5 0.0 
375.0 2.5 0.0 
425.0 5.0 0.0 
450.0 2.5 0.0 
425.0 2.5 0.0 
475.0 5.0 0.0 
500.0 2.5 0.0 
475.0 2.5 0.0 
525.0 5.0 0.0 
550.0 2.5 0.0 
525.0 2.5 0.0 
575.0 5.0 0.0 
600.0 2.5 0.0 
575.0 2.5 0.0 
625.0 5.0 0.0 
650.0 2.5 0.0 
625.0 2.5 0.0 
675.0 5.0 0.0 
700.0 2.5 0.0 
675.0 2.5 0.0 
725.0 5.0 0.0 
750.0 2.5 0.0 
725.0 2.5 0.0 
775.0 5.0 0.0 
800.0 2.5 0.0 
775.0 2.5 0.0 
825.0 5.0 0.0 
850.0 2.5 0.0 
825.0 2.5 0.0 
875.0 5.0 0.0 
900.0 2.5 0.0 
875.0 2.5 0.0 
925.0 5.0 0.0 
950.0 2.5 0.0 
925.0 2.5 0.0 
975.0 5.0 0.0 
975.0 2.5 0.0 
50.0 7.5 0.0 
25.0 7.5 0.0 
100.0 7.5 0.0 
75.0 7.5 0.0 
150.0 7.5 0.0 
125.0 7.5 0.0 
200.0 7.5 0.0 
175.0 7.5 0.0 
250.0 7.5 0.0 
225.0 7.5 0.0 
300.0 7.5 0.0 
275.0 7.5 0.0 
350.0 7.5 0.0 
325.0 7.5 0.0 
400.0 7.5 0.0 
375.0 7.5 0.0 
450.0 7.5 0.0 
425.0 7.5 0.0 
500.0 7.5 0.0 
475.0 7.5 0.0 
550.0 7.5 0.0 
525.0 7.5 0.0 
600.0 7.5 0.0 
575.0 7.5 0.0 
650.0 7.5 0.0 
625.0 7.5 0.0 
700.0 7.5 0.0 
675.0 7.5 0.0 
750.0 7.5 0.0 
725.0 7.5 0.0 
800.0 7.5 0.0 
775.0 7.5 0.0 
850.0 7.5 0.0 
825.0 7.5 0.0 
900.0 7.5 0.0 
875.0 7.5 0.0 
950.0 7.5 0.0 
925.0 7.5 0.0 
975.0 7.5 0.0 
50.0 5.0 24.0 
100.0 5.0 24.0 
150.0 5.0 24.0 
200.0 5.0 24.0 
250.0 5.0 24.0 
300.0 5.0 24.0 
350.0 5.0 24.0 
400.0 5.0 24.0 
450.0 5.0 24.0 
500.0 5.0 24.0 
550.0 5.0 24.0 
600.0 5.0 24.0 
650.0 5.0 24.0 
700.0 5.0 24.0 
750.0 5.0 24.0 
800.0 5.0 24.0 
850.0 5.0 24.0 
900.0 5.0 24.0 
950.0 5.0 24.0 
50.0 2.5 24.0 
25.0 5.0 24.0 
25.0 2.5 24.0 
100.0 2.5 24.0 
75.0 5.0 24.0 
75.0 2.5 24.0 
150.0 2.5 24.0 
125.0 5.0 24.0 
125.0 2.5 24.0 
200.0 2.5 24.0 
175.0 5.0 24.0 
175.0 2.5 24.0 
250.0 2.5 24.0 
225.0 5.0 24.0 
225.0 2.5 24.0 
300.0 2.5 24.0 
275.0 5.0 24.0 
275.0 2.5 24.0 
350.0 2.5 24.0 
325.0 5.0 24.0 
325.0 2.5 24.0 
400.0 2.5 24.0 
375.0 5.0 24.0 
375.0 2.5 24.0 
450.0 2.5 24.0 
425.0 5.0 24.0 
425.0 2.5 24.0 
500.0 2.5 24.0 
475.0 5.0 24.0 
475.0 2.5 24.0 
550.0 2.5 24.0 
525.0 5.0 24.0 
525.0 2.5 24.0 
600.0 2.5 24.0 
575.0 5.0 24.0 
575.0 2.5 24.0 
650.0 2.5 24.0 
625.0 5.0 24.0 
625.0 2.5 24.0 
700.0 2.5 24.0 
675.0 5.0 24.0 
675.0 2.5 24.0 
750.0 2.5 24.0 
725.0 5.0 24.0 
725.0 2.5 24.0 
800.0 2.5 24.0 
775.0 5.0 24.0 
775.0 2.5 24.0 
850.0 2.5 24.0 
825.0 5.0 24.0 
825.0 2.5 24.0 
900.0 2.5 24.0 
875.0 5.0 24.0 
875.0 2.5 24.0 
950.0 2.5 24.0 
925.0 5.0 24.0 
925.0 2.5 24.0 
975.0 5.0 24.0 
975.0 2.5 24.0 
50.0 7.5 24.0 
25.0 7.5 24.0 
100.0 7.5 24.0 
75.0 7.5 24.0 
150.0 7.5 24.0 
125.0 7.5 24.0 
200.0 7.5 24.0 
175.0 7.5 24.0 
250.0 7.5 24.0 
225.0 7.5 24.0 
300.0 7.5 24.0 
275.0 7.5 24.0 
350.0 7.5 24.0 
325.0 7.5 24.0 
400.0 7.5 24.0 
375.0 7.5 24.0 
450.0 7.5 24.0 
425.0 7.5 24.0 
500.0 7.5 24.0 
475.0 7.5 24.0 
550.0 7.5 24.0 
525.0 7.5 24.0 
600.0 7.5 24.0 
575.0 7.5 24.0 
650.0 7.5 24.0 
625.0 7.5 24.0 
700.0 7.5 24.0 
675.0 7.5 24.0 
750.0 7.5 24.0 
725.0 7.5 24.0 
800.0 7.5 24.0 
775.0 7.5 24.0 
850.0 7.5 24.0 
825.0 7.5 24.0 
900.0 7.5 24.0 
875.0 7.5 24.0 
950.0 7.5 24.0 
925.0 7.5 24.0 
975.0 7.5 24.0 
50.0 5.0 12.0 
100.0 5.0 12.0 
150.0 5.0 12.0 
200.0 5.0 12.0 
250.0 5.0 12.0 
300.0 5.0 12.0 
350.0 5.0 12.0 
400.0 5.0 12.0 
450.0 5.0 12.0 
500.0 5.0 12.0 
550.0 5.0 12.0 
600.0 5.0 12.0 
650.0 5.0 12.0 
700.0 5.0 12.0 
750.0 5.0 12.0 
800.0 5.0 12.0 
850.0 5.0 12.0 
900.0 5.0 12.0 
950.0 5.0 12.0 
25.0 5.0 12.0 
50.0 2.5 12.0 
50.0 5.0 6.0 
25.0 2.5 12.0 
25.0 5.0 6.0 
50.0 2.5 6.0 
25.0 2.5 6.0 
75.0 5.0 12.0 
100.0 2.5 12.0 
100.0 5.0 6.0 
75.0 2.5 12.0 
75.0 5.0 6.0 
100.0 2.5 6.0 
75.0 2.5 6.0 
125.0 5.0 12.0 
150.0 2.5 12.0 
150.0 5.0 6.0 
125.0 2.5 12.0 
125.0 5.0 6.0 
150.0 2.5 6.0 
125.0 2.5 6.0 
175.0 5.0 12.0 
200.0 2.5 12.0 
200.0 5.0 6.0 
175.0 2.5 12.0 
175.0 5.0 6.0 
200.0 2.5 6.0 
175.0 2.5 6.0 
225.0 5.0 12.0 
250.0 2.5 12.0 
250.0 5.0 6.0 
225.0 2.5 12.0 
225.0 5.0 6.0 
250.0 2.5 6.0 
225.0 2.5 6.0 
275.0 5.0 12.0 
300.0 2.5 12.0 
300.0 5.0 6.0 
275.0 2.5 12.0 
275.0 5.0 6.0 
300.0 2.5 6.0 
275.0 2.5 6.0 
325.0 5.0 12.0 
350.0 2.5 12.0 
350.0 5.0 6.0 
325.0 2.5 12.0 
325.0 5.0 6.0 
350.0 2.5 6.0 
325.0 2.5 6.0 
375.0 5.0 12.0 
400.0 2.5 12.0 
400.0 5.0 6.0 
375.0 2.5 12.0 
375.0 5.0 6.0 
400.0 2.5 6.0 
375.0 2.5 6.0 
425.0 5.0 12.0 
450.0 2.5 12.0 
450.0 5.0 6.0 
425.0 2.5 12.0 
425.0 5.0 6.0 
450.0 2.5 6.0 
425.0 2.5 6.0 
475.0 5.0 12.0 
500.0 2.5 12.0 
500.0 5.0 6.0 
475.0 2.5 12.0 
475.0 5.0 6.0 
500.0 2.5 6.0 
475.0 2.5 6.0 
525.0 5.0 12.0 
550.0 2.5 12.0 
550.0 5.0 6.0 
525.0 2.5 12.0 
525.0 5.0 6.0 
550.0 2.5 6.0 
525.0 2.5 6.0 
575.0 5.0 12.0 
600.0 2.5 12.0 
600.0 5.0 6.0 
575.0 2.5 12.0 
575.0 5.0 6.0 
600.0 2.5 6.0 
575.0 2.5 6.0 
625.0 5.0 12.0 
650.0 2.5 12.0 
650.0 5.0 6.0 
625.0 2.5 12.0 
625.0 5.0 6.0 
650.0 2.5 6.0 
625.0 2.5 6.0 
675.0 5.0 12.0 
700.0 2.5 12.0 
700.0 5.0 6.0 
675.0 2.5 12.0 
675.0 5.0 6.0 
700.0 2.5 6.0 
675.0 2.5 6.0 
725.0 5.0 12.0 
750.0 2.5 12.0 
750.0 5.0 6.0 
725.0 2.5 12.0 
725.0 5.0 6.0 
750.0 2.5 6.0 
725.0 2.5 6.0 
775.0 5.0 12.0 
800.0 2.5 12.0 
800.0 5.0 6.0 
775.0 2.5 12.0 
775.0 5.0 6.0 
800.0 2.5 6.0 
775.0 2.5 6.0 
825.0 5.0 12.0 
850.0 2.5 12.0 
850.0 5.0 6.0 
825.0 2.5 12.0 
825.0 5.0 6.0 
850.0 2.5 6.0 
825.0 2.5 6.0 
875.0 5.0 12.0 
900.0 2.5 12.0 
900.0 5.0 6.0 
875.0 2.5 12.0 
875.0 5.0 6.0 
900.0 2.5 6.0 
875.0 2.5 6.0 
925.0 5.0 12.0 
950.0 2.5 12.0 
950.0 5.0 6.0 
925.0 2.5 12.0 
925.0 5.0 6.0 
950.0 2.5 6.0 
925.0 2.5 6.0 
975.0 5.0 12.0 
975.0 2.5 12.0 
975.0 5.0 6.0 
975.0 2.5 6.0 
50.0 7.5 12.0 
25.0 7.5 12.0 
50.0 7.5 6.0 
25.0 7.5 6.0 
100.0 7.5 12.0 
75.0 7.5 12.0 
100.0 7.5 6.0 
75.0 7.5 6.0 
150.0 7.5 12.0 
125.0 7.5 12.0 
150.0 7.5 6.0 
125.0 7.5 6.0 
200.0 7.5 12.0 
175.0 7.5 12.0 
200.0 7.5 6.0 
175.0 7.5 6.0 
250.0 7.5 12.0 
225.0 7.5 12.0 
250.0 7.5 6.0 
225.0 7.5 6.0 
300.0 7.5 12.0 
275.0 7.5 12.0 
300.0 7.5 6.0 
275.0 7.5 6.0 
350.0 7.5 12.0 
325.0 7.5 12.0 
350.0 7.5 6.0 
325.0 7.5 6.0 
400.0 7.5 12.0 
375.0 7.5 12.0 
400.0 7.5 6.0 
375.0 7.5 6.0 
450.0 7.5 12.0 
425.0 7.5 12.0 
450.0 7.5 6.0 
425.0 7.5 6.0 
500.0 7.5 12.0 
475.0 7.5 12.0 
500.0 7.5 6.0 
475.0 7.5 6.0 
550.0 7.5 12.0 
525.0 7.5 12.0 
550.0 7.5 6.0 
525.0 7.5 6.0 
600.0 7.5 12.0 
575.0 7.5 12.0 
600.0 7.5 6.0 
575.0 7.5 6.0 
650.0 7.5 12.0 
625.0 7.5 12.0 
650.0 7.5 6.0 
625.0 7.5 6.0 
700.0 7.5 12.0 
675.0 7.5 12.0 
700.0 7.5 6.0 
675.0 7.5 6.0 
750.0 7.5 12.0 
725.0 7.5 12.0 
750.0 7.5 6.0 
725.0 7.5 6.0 
800.0 7.5 12.0 
775.0 7.5 12.0 
800.0 7.5 6.0 
775.0 7.5 6.0 
850.0 7.5 12.0 
825.0 7.5 12.0 
850.0 7.5 6.0 
825.0 7.5 6.0 
900.0 7.5 12.0 
875.0 7.5 12.0 
900.0 7.5 6.0 
875.0 7.5 6.0 
950.0 7.5 12.0 
925.0 7.5 12.0 
950.0 7.5 6.0 
925.0 7.5 6.0 
975.0 7.5 12.0 
975.0 7.5 6.0 
50.0 5.0 18.0 
25.0 5.0 18.0 
50.0 2.5 18.0 
25.0 2.5 18.0 
100.0 5.0 18.0 
75.0 5.0 18.0 
100.0 2.5 18.0 
75.0 2.5 18.0 
150.0 5.0 18.0 
125.0 5.0 18.0 
150.0 2.5 18.0 
125.0 2.5 18.0 
200.0 5.0 18.0 
175.0 5.0 18.0 
200.0 2.5 18.0 
175.0 2.5 18.0 
250.0 5.0 18.0 
225.0 5.0 18.0 
250.0 2.5 18.0 
225.0 2.5 18.0 
300.0 5.0 18.0 
275.0 5.0 18.0 
300.0 2.5 18.0 
275.0 2.5 18.0 
350.0 5.0 18.0 
325.0 5.0 18.0 
350.0 2.5 18.0 
325.0 2.5 18.0 
400.0 5.0 18.0 
375.0 5.0 18.0 
400.0 2.5 18.0 
375.0 2.5 18.0 
450.0 5.0 18.0 
425.0 5.0 18.0 
450.0 2.5 18.0 
425.0 2.5 18.0 
500.0 5.0 18.0 
475.0 5.0 18.0 
500.0 2.5 18.0 
475.0 2.5 18.0 
550.0 5.0 18.0 
525.0 5.0 18.0 
550.0 2.5 18.0 
525.0 2.5 18.0 
600.0 5.0 18.0 
575.0 5.0 18.0 
600.0 2.5 18.0 
575.0 2.5 18.0 
650.0 5.0 18.0 
625.0 5.0 18.0 
650.0 2.5 18.0 
625.0 2.5 18.0 
700.0 5.0 18.0 
675.0 5.0 18.0 
700.0 2.5 18.0 
675.0 2.5 18.0 
750.0 5.0 18.0 
725.0 5.0 18.0 
750.0 2.5 18.0 
725.0 2.5 18.0 
800.0 5.0 18.0 
775.0 5.0 18.0 
800.0 2.5 18.0 
775.0 2.5 18.0 
850.0 5.0 18.0 
825.0 5.0 18.0 
850.0 2.5 18.0 
825.0 2.5 18.0 
900.0 5.0 18.0 
875.0 5.0 18.0 
900.0 2.5 18.0 
875.0 2.5 18.0 
950.0 5.0 18.0 
925.0 5.0 18.0 
950.0 2.5 18.0 
925.0 2.5 18.0 
975.0 5.0 18.0 
975.0 2.5 18.0 
50.0 7.5 18.0 
25.0 7.5 18.0 
100.0 7.5 18.0 
75.0 7.5 18.0 
150.0 7.5 18.0 
125.0 7.5 18.0 
200.0 7.5 18.0 
175.0 7.5 18.0 
250.0 7.5 18.0 
225.0 7.5 18.0 
300.0 7.5 18.0 
275.0 7.5 18.0 
350.0 7.5 18.0 
325.0 7.5 18.0 
400.0 7.5 18.0 
375.0 7.5 18.0 
450.0 7.5 18.0 
425.0 7.5 18.0 
500.0 7.5 18.0 
475.0 7.5 18.0 
550.0 7.5 18.0 
525.0 7.5 18.0 
600.0 7.5 18.0 
575.0 7.5 18.0 
650.0 7.5 18.0 
625.0 7.5 18.0 
700.0 7.5 18.0 
675.0 7.5 18.0 
750.0 7.5 18.0 
725.0 7.5 18.0 
800.0 7.5 18.0 
775.0 7.5 18.0 
850.0 7.5 18.0 
825.0 7.5 18.0 
900.0 7.5 18.0 
875.0 7.5 18.0 
950.0 7.5 18.0 
925.0 7.5 18.0 
975.0 7.5 18.0 

CELLS 80 2240
27 1 32 440 17 8 206 674 188 51 460 459 18 226 694 693 189 9 225 695 190 191 698 227 697 461 696 699 
27 32 33 441 440 206 207 675 674 52 463 462 460 231 701 700 694 225 230 702 695 698 705 232 704 464 703 706 
27 33 34 442 441 207 208 676 675 53 466 465 463 236 708 707 701 230 235 709 702 705 712 237 711 467 710 713 
27 34 35 443 442 208 209 677 676 54 469 468 466 241 715 714 708 235 240 716 709 712 719 242 718 470 717 720 
27 35 36 444 443 209 210 678 677 55 472 471 469 246 722 721 715 240 245 723 716 719 726 247 725 473 724 727 
27 36 37 445 444 210 211 679 678 56 475 474 472 251 729 728 722 245 250 730 723 726 733 252 732 476 731 734 
27 37 38 446 445 211 212 680 679 57 478 477 475 256 736 735 729 250 255 737 730 733 740 257 739 479 738 741 
27 38 39 447 446 212 213 681 680 58 481 480 478 261 743 742 736 255 260 744 737 740 747 262 746 482 745 748 
27 39 40 448 447 213 214 682 681 59 484 483 481 266 750 749 743 260 265 751 744 747 754 267 753 485 752 755 
27 40 41 449 448 214 215 683 682 60 487 486 484 271 757 756 750 265 270 758 751 754 761 272 760 488 759 762 
27 41 42 450 449 215 216 684 683 61 490 489 487 276 764 763 757 270 275 765 758 761 768 277 767 491 766 769 
27 42 43 451 450 216 217 685 684 62 493 492 490 281 771 770 764 275 280 772 765 768 775 282 774 494 773 776 
27 43 44 452 451 217 218 686 685 63 496 495 493 286 778 777 771 280 285 779 772 775 782 287 781 497 780 783 
27 44 45 453 452 218 219 687 686 64 499 498 496 291 785 784 778 285 290 786 779 782 789 292 788 500 787 790 
27 45 46 454 453 219 220 688 687 65 502 501 499 296 792 791 785 290 295 793 786 789 796 297 795 503 794 797 
27 46 47 455 454 220 221 689 688 66 505 504 502 301 799 798 792 295 300 800 793 796 803 302 802 506 801 804 
27 47 48 456 455 221 222 690 689 67 508 507 505 306 806 805 799 300 305 807 800 803 810 307 809 509 808 811 
27 48 49 457 456 222 223 691 690 68 511 510 508 311 813 812 806 305 310 814 807 810 817 312 816 512 815 818 
27 49 50 458 457 223 224 692 691 69 514 513 511 316 820 819 813 310 315 821 814 817 824 317 823 515 822 825 
27 50 5 29 458 224 20 197 692 70 30 516 514 320 199 826 820 315 21 198 821 824 200 321 828 517 827 829 
27 17 440 110 3 188 674 323 14 459 518 129 19 693 830 342 192 190 695 343 15 193 832 697 344 519 831 833 
27 440 441 111 110 674 675 324 323 462 520 130 518 700 834 347 830 695 702 348 343 832 836 704 349 521 835 837 
27 441 442 112 111 675 676 325 324 465 522 131 520 707 838 352 834 702 709 353 348 836 840 711 354 523 839 841 
27 442 443 113 112 676 677 326 325 468 524 132 522 714 842 357 838 709 716 358 353 840 844 718 359 525 843 845 
27 443 444 114 113 677 678 327 326 471 526 133 524 721 846 362 842 716 723 363 358 844 848 725 364 527 847 849 
27 444 445 115 114 678 679 328 327 474 528 134 526 728 850 367 846 723 730 368 363 848 852 732 369 529 851 853 
27 445 446 116 115 679 680 329 328 477 530 135 528 735 854 372 850 730 737 373 368 852 856 739 374 531 855 857 
27 446 447 117 116 680 681 330 329 480 532 136 530 742 858 377 854 737 744 378 373 856 860 746 379 533 859 861 
27 447 448 118 117 681 682 331 330 483 534 137 532 749 862 382 858 744 751 383 378 860 864 753 384 535 863 865 
27 448 449 119 118 682 683 332 331 486 536 138 534 756 866 387 862 751 758 388 383 864 868 760 389 537 867 869 
27 449 450 120 119 683 684 333 332 489 538 139 536 763 870 392 866 758 765 393 388 868 872 767 394 539 871 873 
27 450 451 121 120 684 685 334 333 492 540 140 538 770 874 397 870 765 772 398 393 872 876 774 399 541 875 877 
27 451 452 122 121 685 686 335 334 495 542 141 540 777 878 402 874 772 779 403 398 876 880 781 404 543 879 881 
27 452 453 123 122 686 687 336 335 498 544 142 542 784 882 407 878 779 786 408 403 880 884 788 409 545 883 885 
27 453 454 124 123 687 688 337 336 501 546 143 544 791 886 412 882 786 793 413 408 884 888 795 414 547 887 889 
27 454 455 125 124 688 689 338 337 504 548 144 546 798 890 417 886 793 800 418 413 888 892 802 419 549 891 893 
27 455 456 126 125 689 690 339 338 507 550 145 548 805 894 422 890 800 807 423 418 892 896 809 424 551 895 897 
27 456 457 127 126 690 691 340 339 510 552 146 550 812 898 427 894 807 814 428 423 896 900 816 429 553 899 901 
27 457 458 128 127 691 692 341 340 513 554 147 552 819 902 432 898 814 821 433 428 900 904 823 434 555 903 905 
27 458 29 7 128 692 197 26 341 516 31 148 554 826 201 437 902 821 198 27 433 904 202 828 438 556 906 907 
27 8 206 674 188 0 71 557 11 226 694 693 189 90 576 577 12 10 228 908 194 195 910 229 909 696 578 911 
27 206 207 675 674 71 72 558 557 231 701 700 694 91 579 580 576 228 233 912 908 910 914 234 913 703 581 915 
27 207 208 676 675 72 73 559 558 236 708 707 701 92 582 583 579 233 238 916 912 914 918 239 917 710 584 919 
27 208 209 677 676 73 74 560 559 241 715 714 708 93 585 586 582 238 243 920 916 918 922 244 921 717 587 923 
27 209 210 678 677 74 75 561 560 246 722 721 715 94 588 589 585 243 248 924 920 922 926 249 925 724 590 927 
27 210 211 679 678 75 76 562 561 251 729 728 722 95 591 592 588 248 253 928 924 926 930 254 929 731 593 931 
27 211 212 680 679 76 77 563 562 256 736 735 729 96 594 595 591 253 258 932 928 930 934 259 933 738 596 935 
27 212 213 681 680 77 78 564 563 261 743 742 736 97 597 598 594 258 263 936 932 934 938 264 937 745 599 939 
27 213 214 682 681 78 79 565 564 266 750 749 743 98 600 601 597 263 268 940 936 938 942 269 941 752 602 943 
27 214 215 683 682 79 80 566 565 271 757 756 750 99 603 604 600 268 273 944 940 942 946 274 945 759 605 947 
27 215 216 684 683 80 81 567 566 276 764 763 757 100 606 607 603 273 278 948 944 946 950 279 949 766 608 951 
27 216 217 685 684 81 82 568 567 281 771 770 764 101 609 610 606 278 283 952 948 950 954 284 953 773 611 955 
27 217 218 686 685 82 83 569 568 286 778 777 771 102 612 613 609 283 288 956 952 954 958 289 957 780 614 959 
27 218 219 687 686 83 84 570 569 291 785 784 778 103 615 616 612 288 293 960 956 958 962 294 961 787 617 963 
27 219 220 688 687 84 85 571 570 296 792 791 785 104 618 619 615 293 298 964 960 962 966 299 965 794 620 967 
27 220 221 689 688 85 86 572 571 301 799 798 792 105 621 622 618 298 303 968 964 966 970 304 969 801 623 971 
27 221 222 690 689 86 87 573 572 306 806 805 799 106 624 625 621 303 308 972 968 970 974 309 973 808 626 975 
27 222 223 691 690 87 88 574 573 311 813 812 806 107 627 628 624 308 313 976 972 974 978 314 977 815 629 979 
27 223 224 692 691 88 89 575 574 316 820 819 813 108 630 631 627 313 318 980 976 978 982 319 981 822 632 983 
27 224 20 197 692 89 4 23 575 320 199 826 820 109 24 633 630 318 22 203 980 982 204 322 984 827 634 985 
27 188 674 323 14 11 557 149 2 693 830 342 192 577 635 168 13 194 908 345 16 196 986 909 346 831 636 987 
27 674 675 324 323 557 558 150 149 700 834 347 830 580 637 169 635 908 912 350 345 986 988 913 351 835 638 989 
27 675 676 325 324 558 559 151 150 707 838 352 834 583 639 170 637 912 916 355 350 988 990 917 356 839 640 991 
27 676 677 326 325 559 560 152 151 714 842 357 838 586 641 171 639 916 920 360 355 990 992 921 361 843 642 993 
27 677 678 327 326 560 561 153 152 721 846 362 842 589 643 172 641 920 924 365 360 992 994 925 366 847 644 995 
27 678 679 328 327 561 562 154 153 728 850 367 846 592 645 173 643 924 928 370 365 994 996 929 371 851 646 997 
27 679 680 329 328 562 563 155 154 735 854 372 850 595 647 174 645 928 932 375 370 996 998 933 376 855 648 999 
27 680 681 330 329 563 564 156 155 742 858 377 854 598 649 175 647 932 936 380 375 998 1000 937 381 859 650 1001 
27 681 682 331 330 564 565 157 156 749 862 382 858 601 651 176 649 936 940 385 380 1000 1002 941 386 863 652 1003 
27 682 683 332 331 565 566 158 157 756 866 387 862 604 653 177 651 940 944 390 385 1002 1004 945 391 867 654 1005 
27 683 684 333 332 566 567 159 158 763 870 392 866 607 655 178 653 944 948 395 390 1004 1006 949 396 871 656 1007 
27 684 685 334 333 567 568 160 159 770 874 397 870 610 657 179 655 948 952 400 395 1006 1008 953 401 875 658 1009 
27 685 686 335 334 568 569 161 160 777 878 402 874 613 659 180 657 952 956 405 400 1008 1010 957 406 879 660 1011 
27 686 687 336 335 569 570 162 161 784 882 407 878 616 661 181 659 956 960 410 405 1010 1012 961 411 883 662 1013 
27 687 688 337 336 570 571 163 162 791 886 412 882 619 663 182 661 960 964 415 410 1012 1014 965 416 887 664 1015 
27 688 689 338 337 571 572 164 163 798 890 417 886 622 665 183 663 964 968 420 415 1014 1016 969 421 891 666 1017 
27 689 690 339 338 572 573 165 164 805 894 422 890 625 667 184 665 968 972 425 420 1016 1018 973 426 895 668 1019 
27 690 691 340 339 573 574 166 165 812 898 427 894 628 669 185 667 972 976 430 425 1018 1020 977 431 899 670 1021 
27 691 692 341 340 574 575 167 166 819 902 432 898 631 671 186 669 976 980 435 430 1020 1022 981 436 903 672 1023 
27 692 197 26 341 575 23 6 167 826 201 437 902 633 25 187 671 980 203 28 435 1022 205 984 439 906 673 1024 

CELL_TYPES 80
29
29
29
29
29
29
29
29
29
29
29
29
29
29
29
29
29
29
29
29
29
29
29
29
29
29
29
29
29
29
29
29
29
29
29
29
29
29
29
29
29
29
29
29
29
29
29
29
29
29
29
29
29
29
29
29
29
29
29
29
29
29
29
29
29
29
29
29
29
29
29
29
29
29
29
29
29
29
29
29

POINT_DATA 1025
VECTORS eigenmode1 float
0.0 0.0 0.0 
0.0 0.0 0.0 
0.0 0.0 0.0 
0.0 0.0 0.0 
0.0 0.0 0.0 
0.0 0.0 0.0 
0.0 0.0 0.0 
0.0 0.0 0.0 
0.0 0.0 0.0 
0.0 0.0 0.0 
0.0 0.0 0.0 
0.0 0.0 0.0 
0.0 0.0 0.0 
0.0 0.0 0.0 
0.0 0.0 0.0 
0.0 0.0 0.0 
0.0 0.0 0.0 
0.0 0.0 0.0 
0.0 0.0 0.0 
0.0 0.0 0.0 
0.0 0.0 0.0 
0.0 0.0 0.0 
0.0 0.0 0.0 
0.0 0.0 0.0 
0.0 0.0 0.0 
0.0 0.0 0.0 
0.0 0.0 0.0 
0.0 0.0 0.0 
0.0 0.0 0.0 
0.0 0.0 0.0 
0.0 0.0 0.0 
0.0 0.0 0.0 
0.00041758604189416577 0.002101703371872264 1.721390780741803e-5 
0.0007304183674746846 0.007882551671593114 1.347234275802461e-5 
0.0009345950826859082 0.016250024373028228 7.98095888452802e-6 
0.0010332301222812077 0.026129625485314435 2.5990154622002327e-6 
0.0010329606751382822 0.03649776684275121 -2.358997200763879e-6 
0.0009436968886769196 0.046413690054800096 -6.7101422167179334e-6 
0.0007785643071234827 0.05505186132225373 -1.0290996133572082e-5 
0.0005536251668613327 0.06173283735241874 -1.2959980064434074e-5 
0.00028736640209318665 0.06595016109011978 -1.4607587219754279e-5 
-1.0580765133130104e-12 0.06739117449091023 -1.5164667186458742e-5 
-0.0002873664039270712 0.06595016107064695 -1.4607587401263404e-5 
-0.0005536251680044188 0.06173283731833479 -1.2959980380212266e-5 
-0.0007785643075086283 0.05505186128069832 -1.029099651815826e-5 
-0.0009436968883628392 0.046413690012948046 -6.710142607902165e-6 
-0.0010329606743250338 0.03649776680651036 -2.358997549344034e-6 
-0.001033230121236709 0.026129625458278054 2.599015186420061e-6 
-0.0009345950816900266 0.016250024356061436 7.980958696717815e-6 
-0.0007304183666916312 0.007882551663378643 1.3472342651132942e-5 
-0.0004175860414501684 0.002101703369699784 1.7213907760746186e-5 
0.00021120510857338288 0.000520942597643364 2.3224374772085496e-5 
0.0005783751358481449 0.004600888205638315 1.6628903440046367e-5 
0.0008370328039106097 0.011811210680751139 1.0786402213440508e-5 
0.0009882392951616303 0.021066671649861087 5.200535858095454e-6 
0.001037072207247738 0.03131421028551631 -2.6397846577794e-8 
0.0009918191322351424 0.041567537569016294 -4.729291941354078e-6 
0.0008640039407715554 0.05093947142480238 -8.738765176851028e-6 
0.0006682369212678742 0.058673845533550255 -1.1899523796758516e-5 
0.0004218184066193778 0.06417467507229956 -1.4083315220411797e-5 
0.0001441304337931401 0.0670302438347658 -1.5198896973869814e-5 
-0.0001441304357914522 0.06703024382468642 -1.5198897068994577e-5 
-0.00042181840811649483 0.06417467504467017 -1.4083315473876295e-5 
-0.0006682369220327522 0.05867384549480349 -1.1899524154644873e-5 
-0.0008640039408013466 0.05093947138224321 -8.738765571092642e-6 
-0.0009918191316603368 0.04156753752935701 -4.729292314797718e-6 
-0.0010370722063063537 0.031314210253593634 -2.639816199241238e-8 
-0.0009882392941318126 0.02106667162792136 5.200535625501326e-6 
-0.0008370328030155495 0.011811210668421427 1.0786402067598799e-5 
-0.0005783751352297584 0.004600888200860493 1.6628903365450543e-5 
-0.0002112051083495927 0.0005209425971086268 2.3224374739018428e-5 
0.00041758604208169805 0.002101703371918246 -1.7213908192232786e-5 
0.0007304183678040767 0.00788255167168667 -1.3472344207473556e-5 
0.000934595083112805 0.01625002437316828 -7.980961896469914e-6 
0.0010332301227626375 0.026129625485499436 -2.5990203541311545e-6 
0.001032960675634248 0.03649776684294809 2.358990266560216e-6 
0.0009436968891507445 0.04641369005500909 6.710133253008267e-6 
0.0007785643075422096 0.05505186132245606 1.0290985293614484e-5 
0.0005536251671864222 0.06173283735264336 1.2959967673529123e-5 
0.00028736640229116056 0.06595016109037408 1.460757374753943e-5 
-1.0099930893578945e-12 0.06739117449114596 1.5164653183615688e-5 
-0.0002873664040433007 0.0659501610708548 1.4607573515909953e-5 
-0.0005536251682809433 0.061732837318479304 1.2959967283449606e-5 
-0.000778564307912855 0.05505186128081698 1.0290984834708157e-5 
-0.0009436968888568064 0.04641369001305077 6.71013280058567e-6 
-0.001032960674860926 0.036497766806566904 2.358989880873554e-6 
-0.0010332301217616687 0.026129625458314393 -2.599020638938869e-6 
-0.0009345950821578213 0.016250024356082735 -7.980962070874909e-6 
-0.0007304183670516385 0.007882551663392393 -1.3472344286229128e-5 
-0.0004175860416541536 0.0021017033697085952 -1.72139082026531e-5 
0.0002112051086710415 0.0005209425976662251 -2.32243748716178e-5 
0.0005783751361104752 0.004600888205708809 -1.6628904283535355e-5 
0.0008370328042924134 0.011811210680868512 -1.0786404393347757e-5 
0.000988239295619455 0.02106667165002613 -5.200539780253262e-6 
0.0010370722077392572 0.03131421028571277 2.6391944335309465e-8 
0.0009918191327238472 0.04156753756922032 4.729283981095215e-6 
0.0008640039412202483 0.05093947142500804 8.738755246371054e-6 
0.0006682369216431676 0.05867384553376312 1.1899512131395721e-5 
0.0004218184068833058 0.06417467507254329 1.4083302225058204e-5 
0.00014413043391730683 0.06703024383501963 1.5198883163538321e-5 
-0.00014413043582408075 0.06703024382491003 1.5198883039424318e-5 
-0.00042181840831564087 0.0641746750448523 1.408330190167107e-5 
-0.0006682369223755698 0.058673845494932965 1.1899511695321417e-5 
-0.0008640039412535718 0.05093947138235596 8.738754780316586e-6 
-0.0009918191321804327 0.041567537529438155 4.7292835559644244e-6 
-0.001037072206840735 0.0313142102536374 2.6391605117145003e-8 
-0.0009882392946324685 0.021066671627952553 -5.200540007864465e-6 
-0.0008370328034334971 0.01181121066843778 -1.0786404516979868e-5 
-0.0005783751355161313 0.00460088820087263 -1.6628904322823843e-5 
-0.0002112051084546928 0.0005209425971161869 -2.322437485623343e-5 
-0.0004175860420789325 0.002101703371875201 -1.721390821016904e-5 
-0.0007304183678014308 0.007882551671595605 -1.3472344245492737e-5 
-0.0009345950831101838 0.016250024373029828 -7.980961954252667e-6 
-0.0010332301227609169 0.02612962548531517 -2.599020430756889e-6 
-0.0010329606756344833 0.036497766842751196 2.358990184557885e-6 
-0.0009436968891512784 0.04641369005479947 6.71013316575469e-6 
-0.0007785643075424673 0.055051861322251955 1.0290985208615146e-5 
-0.0005536251671854165 0.061732837352416046 1.295996757895612e-5 
-0.00028736640229138423 0.06595016109011674 1.4607573641181361e-5 
1.0065950508807696e-12 0.0673911744909067 1.516465308387442e-5 
0.0002873664040396084 0.06595016107064305 1.4607573427622295e-5 
0.0005536251682757945 0.06173283731833131 1.2959967221269063e-5 
0.0007785643079101557 0.05505186128069574 1.0290984784155567e-5 
0.0009436968888533179 0.046413690012946915 6.710132757571608e-6 
0.0010329606748570004 0.03649776680650996 2.3589898570975186e-6 
0.0010332301217598468 0.026129625458278308 -2.599020654017545e-6 
0.0009345950821557992 0.01625002435606302 -7.98096207911476e-6 
0.0007304183670508343 0.007882551663381306 -1.347234429077675e-5 
0.0004175860416535219 0.002101703369702988 -1.7213908204944866e-5 
-0.00021120510866840067 0.0005209425976480601 -2.3224374879231315e-5 
-0.0005783751361078392 0.004600888205641531 -1.662890431157611e-5 
-0.0008370328042899239 0.011811210680753317 -1.0786404441352202e-5 
-0.0009882392956170503 0.021066671649862333 -5.200539848561259e-6 
-0.0010370722077390185 0.03131421028551663 2.639186262287555e-8 
-0.000991819132723509 0.041567537569015774 4.729283895650882e-6 
-0.0008640039412213329 0.05093947142480129 8.738755160101396e-6 
-0.0006682369216426863 0.05867384553354821 1.1899512041631223e-5 
-0.00042181840688257697 0.06417467507229688 1.4083302122121599e-5 
-0.00014413043391974708 0.06703024383476264 1.5198883056462713e-5 
0.00014413043582101796 0.06703024382468292 1.519888294482687e-5 
0.0004218184083100312 0.06417467504466674 1.4083301824464036e-5 
0.0006682369223725389 0.05867384549480075 1.1899511640257509e-5 
0.0008640039412510848 0.05093947138224135 8.738754732372512e-6 
0.0009918191321760192 0.04156753752935608 4.729283521733486e-6 
0.0010370722068381844 0.031314210253593995 2.639158689214276e-8 
0.0009882392946304224 0.021066671627922685 -5.200540020286659e-6 
0.0008370328034323204 0.011811210668423805 -1.0786404522865402e-5 
0.000578375135515398 0.0046008882008640424 -1.662890432638101e-5 
0.0002112051084542121 0.000520942597113797 -2.3224374857217464e-5 
-0.00041758604189709436 0.002101703371915305 1.7213907789486824e-5 
-0.0007304183674777046 0.007882551671684111 1.3472342720048603e-5 
-0.0009345950826890639 0.016250024373166614 7.980958826786795e-6 
-0.001033230122283655 0.026129625485498742 2.599015385513291e-6 
-0.0010329606751389388 0.03649776684294806 -2.3589972828934528e-6 
-0.0009436968886776133 0.04641369005501007 -6.710142304447924e-6 
-0.0007785643071247933 0.0550518613224579 -1.0290996218620992e-5 
-0.0005536251668642122 0.06173283735264615 -1.2959980159018967e-5 
-0.0002873664020952442 0.06595016109037771 -1.460758732642666e-5 
1.058719229366306e-12 0.06739117449114942 -1.516466728600346e-5 
0.00028736640392748803 0.06595016107085847 -1.460758748941196e-5 
0.0005536251680061705 0.061732837318482565 -1.2959980442167832e-5 
0.0007785643075081196 0.055051861280819216 -1.029099656858125e-5 
0.0009436968883630884 0.04641369001305226 -6.710142651311859e-6 
0.0010329606743259415 0.036497766806567244 -2.3589975731508195e-6 
0.0010332301212360004 0.026129625458313672 2.5990151714344903e-6 
0.0009345950816902919 0.016250024356080986 7.980958688562909e-6 
0.0007304183666913442 0.00788255166338965 1.347234264657365e-5 
0.00041758604145026174 0.00210170336970531 1.7213907758432634e-5 
-0.0002112051085761019 0.0005209425976615337 2.322437476448148e-5 
-0.0005783751358510414 0.004600888205705609 1.6628903412005e-5 
-0.0008370328039135805 0.011811210680866407 1.0786402165411834e-5 
-0.000988239295164658 0.02106667165002494 5.200535789831487e-6 
-0.0010370722072487806 0.03131421028571244 -2.639792823733683e-8 
-0.0009918191322365166 0.04156753756922078 -4.729292026674991e-6 
-0.0008640039407717743 0.050939471425009264 -8.738765263112682e-6 
-0.0006682369212701437 0.05867384553376512 -1.1899523886379735e-5 
-0.0004218184066224122 0.06417467507254616 -1.4083315323421668e-5 
-0.0001441304337931297 0.06703024383502283 -1.5198897081076599e-5 
0.0001441304357914526 0.06703024382491375 -1.5198897163887771e-5 
0.00042181840811869364 0.06417467504485577 -1.4083315550990535e-5 
0.0006682369220325371 0.058673845494935976 -1.1899524209891984e-5 
0.0008640039408006197 0.05093947138235809 -8.738765619165586e-6 
0.000991819131661653 0.0415675375294391 -4.729292349041989e-6 
0.0010370722063061401 0.0313142102536372 -2.639818029877157e-8 
0.0009882392941316638 0.02106667162795132 5.200535612959325e-6 
0.000837032803015289 0.011811210668435422 1.0786402061706348e-5 
0.0005783751352296718 0.004600888200869089 1.6628903361838896e-5 
0.00021120510834981136 0.0005209425971110086 2.3224374738001314e-5 
0.0 0.0 0.0 
0.0 0.0 0.0 
0.0 0.0 0.0 
0.0 0.0 0.0 
0.0 0.0 0.0 
0.0 0.0 0.0 
0.0 0.0 0.0 
0.0 0.0 0.0 
0.0 0.0 0.0 
0.0 0.0 0.0 
0.0 0.0 0.0 
0.0 0.0 0.0 
0.0 0.0 0.0 
0.0 0.0 0.0 
0.0 0.0 0.0 
0.0 0.0 0.0 
0.0 0.0 0.0 
0.0 0.0 0.0 
0.00041682134167356715 0.0021234142872306044 -1.9060550399222543e-13 
0.0007301535918223396 0.007898968410020132 -7.232396369112594e-13 
0.0009344266522770321 0.01625963718635788 -1.5049879952768125e-12 
0.001033081136251429 0.026132736273524557 -2.445347802173263e-12 
0.0010328268806318128 0.0364949163932615 -3.467065592472219e-12 
0.0009435826718473565 0.046405612002671535 -4.482569738936507e-12 
0.0007784742002471509 0.05503948144304061 -5.420822948091413e-12 
0.00055356288688109 0.06171725104621878 -6.196666876804908e-12 
0.0002873345801311634 0.06593259535868745 -6.7370420237023395e-12 
-1.0336712679083022e-12 0.06737293947888985 -7.0033132181355195e-12 
-0.0002873345819237239 0.06593259533922242 -6.944909094553392e-12 
-0.0005535628879997084 0.06171725101214021 -6.550607635487289e-12 
-0.0007784742006249931 0.05503948140148835 -5.84325106235604e-12 
-0.0009435826715435524 0.04640561196080326 -4.904564161820959e-12 
-0.001032826879838948 0.036494916356972336 -3.834447944048889e-12 
-0.0010330811352291522 0.026132736246418896 -2.7258033813048287e-12 
-0.0009344266513018494 0.016259637169323705 -1.6858934650259066e-12 
-0.000730153591054865 0.007898968401748478 -8.157585757077225e-13 
-0.0004168213412385783 0.00212341428501667 -2.189058408652856e-13 
0.0004175810816628478 0.002117782608316521 8.922471661116156e-6 
0.00021193262012785653 0.0005474490636436264 -4.6969752445722865e-14 
0.0002112743239489852 0.0005410948243008101 1.1177758352564144e-5 
0.00041758108175696815 0.0021177826083395262 -8.922472043268677e-6 
0.0002112743239980604 0.0005410948243122029 -1.1177758447867133e-5 
0.000730433391682186 0.007894818610682105 6.805416689987398e-6 
0.0005783253543987771 0.004620586052013052 -4.1985402691477895e-13 
0.0005783463677956333 0.004615709646606575 8.241752318048764e-6 
0.0007304333918469967 0.007894818610728823 -6.805418137192547e-6 
0.0005783463679273098 0.004615709646641799 -8.241753158680302e-6 
0.0009345940445269382 0.016257228382451784 3.999325005641464e-6 
0.0008368827088178352 0.011824118368098928 -1.0886783795781303e-12 
0.0008370136196853282 0.011820897350295897 5.384101790305797e-6 
0.0009345940447404973 0.01625722838252181 -3.999328016110692e-6 
0.0008370136198767898 0.011820897350354567 -5.3841039682915155e-6 
0.001033222689715101 0.026131960665577006 1.2963429114132495e-6 
0.000988087472964691 0.021072916631612724 -1.9604063433015254e-12 
0.0009882267356076677 0.02107135409968179 2.602235017144417e-6 
0.0010332226899557439 0.026131960665669803 -1.2963478024861551e-6 
0.0009882267358371586 0.021071354099764218 -2.6022389382718597e-6 
0.0010329524541901542 0.03649563315567393 -1.1861252819558397e-6 
0.0010369324180526545 0.03131419318374702 -2.9509979707207543e-12 
0.0010370620889101534 0.031314194346429555 -8.168653013843296e-9 
0.001032952454437576 0.03649563315577254 1.1861183477566278e-6 
0.0010370620891559299 0.03131419434652772 8.162751000462973e-9 
0.0009436896110739129 0.04640763687548033 -3.363729674926439e-6 
0.000991696570658129 0.041561882634849764 -3.980592988350445e-12 
0.0009918105110993199 0.04156329215051725 -2.3577407849469697e-6 
0.0009436896113103306 0.04640763687558469 3.3637207101693194e-6 
0.0009918105113437459 0.041563292150618956 2.357732824067156e-6 
0.0007785585383883743 0.05504258274841765 -5.155759419419423e-6 
0.000863903105749944 0.05092900970836844 -4.9660574690133285e-12 
0.0008639968790169515 0.050931619980174106 -4.360914874030613e-6 
0.000778558538597193 0.05504258274851899 5.155748578144258e-6 
0.0008639968792410475 0.05093161998027675 4.3609049423574635e-6 
0.0005536211817348665 0.06172115470820283 -6.49147145613206e-6 
0.0006681617701884111 0.05865959462874638 -5.834111459763123e-12 
0.0006682316584683105 0.058663151426535644 -5.94002274377884e-6 
0.0005536211818973934 0.06172115470831572 6.491459063323763e-6 
0.0006682316586561885 0.05866315142664176 5.940011076376687e-6 
0.00028736436762684034 0.065936994350682 -7.31604357521184e-6 
0.00042177201601248994 0.06415780626005024 -6.499633208211651e-12 
0.0004218151564846289 0.06416201698586947 -7.031015896254582e-6 
0.00028736436772576604 0.06593699435081057 7.316030101117536e-6 
0.00042181515661704174 0.06416201698599092 7.031002898079726e-6 
-1.045686034080488e-12 0.0673775059529991 -7.594846170913072e-6 
0.00014411474865238185 0.0670120376961308 -6.90721631844679e-12 
0.00014412933460506935 0.06701658246846529 -7.588338311019149e-6 
-1.0224142182560034e-12 0.06737750595311737 7.594832165185543e-6 
0.00014412933466670792 0.06701658246859203 7.5883244976368105e-6 
-0.000287364369440112 0.06593699433122081 -7.316043769641146e-6 
-0.00014411475060417483 0.06701203768605328 -7.017022242896008e-12 
-0.00014412933657995933 0.06701658245839112 -7.588338413661069e-6 
-0.00028736436949865966 0.06593699433132479 7.316029880958567e-6 
-0.00014412933659676636 0.06701658245850281 7.588324380751693e-6 
-0.00055362118286551 0.06172115467413309 -6.491471790876082e-6 
-0.0004217720174768521 0.0641578062324301 -6.788093966212995e-12 
-0.0004218151579652164 0.06416201695825512 -7.031016167765591e-6 
-0.0005536211830042753 0.06172115467420486 6.49145869099049e-6 
-0.0004218151580657759 0.06416201695834634 7.031002592506598e-6 
-0.0007785585387697461 0.05504258270687488 -5.1557598229508995e-6 
-0.0006681617709371104 0.058659594590003694 -6.231295365483584e-12 
-0.0006682316592251046 0.05866315138780269 -5.940023121726765e-6 
-0.0007785585389715286 0.055042582706933976 5.155748137281649e-6 
-0.0006682316593967231 0.058663151387867624 5.940010659915071e-6 
-0.0009436896107647209 0.046407636833629126 -3.363730081531785e-6 
-0.0008639031057817236 0.050929009665805165 -5.3967862654162304e-12 
-0.0008639968790475055 0.050931619937623865 -4.360915286805552e-6 
-0.0009436896110114556 0.046407636833680425 3.3637202728348208e-6 
-0.0008639968792736793 0.05093161993767999 4.360904494035907e-6 
-0.0010329524533867077 0.03649563311941453 -1.1861256400582784e-6 
-0.0009916965700993935 0.04156188259515996 -4.37997923629369e-12 
-0.0009918105105321603 0.04156329211085034 -2.357741171470318e-6 
-0.0010329524536545254 0.03649563311944278 1.1861179712806451e-6 
-0.0009918105107927658 0.041563292110890875 2.357732411790695e-6 
-0.0010332226886817758 0.026131960638507246 1.2963426332223973e-6 
-0.0010369324171330884 0.03131419315176203 -3.2784395479640796e-12 
-0.0010370620879794662 0.03131419431447941 -8.168974507668499e-9 
-0.0010332226889436336 0.026131960638525555 -1.2963480850580713e-6 
-0.0010370620882467717 0.03131419431450104 8.162417710069852e-9 
-0.0009345940435415968 0.01625722836544914 3.9993248213012245e-6 
-0.000988087471956568 0.021072916609603157 -2.190476160621857e-12 
-0.0009882267345888254 0.02107135407770647 2.602234785855794e-6 
-0.0009345940437750162 0.016257228365459998 -3.999328193740659e-6 
-0.0009882267348392145 0.021071354077721993 -2.602239167140091e-6 
-0.0007304333909071548 0.007894818602434635 6.805416590213723e-6 
-0.0008368827079410606 0.011824118355705493 -1.2233344799546353e-12 
-0.0008370136187996486 0.011820897337930973 5.384101650131302e-6 
-0.0007304333910865033 0.007894818602441693 -6.805418222683728e-6 
-0.0008370136190085381 0.011820897337939052 -5.384104097439699e-6 
-0.0004175810812233336 0.002117782606117762 8.922471623348919e-6 
-0.0005783253537924659 0.0046205860471851485 -4.766120489148461e-13 
-0.0005783463671836292 0.004615709641798451 8.241752252501325e-6 
-0.0004175810813249567 0.002117782606122233 -8.922472062252042e-6 
-0.0005783463673266417 0.004615709641804483 -8.241753206736422e-6 
-0.0002119326199070222 0.0005474490630735731 -5.555978282143346e-14 
-0.0002112743237273232 0.0005410948237412052 1.1177758332250617e-5 
-0.00021127432377943394 0.0005410948237449686 -1.1177758444857221e-5 
-0.00041682134167364657 0.002123414287230608 -2.0846128738690228e-13 
-0.0007301535918225294 0.007898968410020146 -7.611104102789877e-13 
-0.000934426652277296 0.01625963718635786 -1.562700770411687e-12 
-0.0010330811362517767 0.026132736273524585 -2.522213898932873e-12 
-0.0010328268806322597 0.03649491639326163 -3.5493138228947447e-12 
-0.0009435826718479565 0.04640561200267163 -4.569771348549483e-12 
-0.0007784742002479324 0.05503948144304055 -5.506142167992188e-12 
-0.0005535628868820831 0.06171725104621868 -6.291658688450558e-12 
-0.0002873345801323573 0.06593259535868702 -6.845179872787789e-12 
1.0322960631855182e-12 0.06737293947888917 -7.103295811131289e-12 
0.0002873345819221336 0.06593259533922215 -7.033061772860173e-12 
0.0005535628879980097 0.06171725101214013 -6.612241450219859e-12 
0.0007784742006234504 0.05503948140148817 -5.8937294983397785e-12 
0.0009435826715419591 0.04640561196080349 -4.947942934750704e-12 
0.001032826879837431 0.036494916356972565 -3.858246317089849e-12 
0.0010330811352278746 0.026132736246418924 -2.740700157395383e-12 
0.0009344266513009618 0.016259637169323604 -1.694181941775503e-12 
0.0007301535910543149 0.007898968401748472 -8.204259983933744e-13 
0.000416821341238308 0.002123414285016635 -2.2124850159098728e-13 
-0.0002119326201278957 0.0005474490636436278 -5.4643236608289495e-14 
-0.00041758108175485076 0.002117782608318005 -8.922472061156546e-6 
-0.00021127432399603045 0.0005410948243031551 -1.1177758455530526e-5 
-0.0004175810816651228 0.002117782608338047 8.92247164323504e-6 
-0.0002112743239510941 0.0005410948243098623 1.117775834490451e-5 
-0.0005783253543989087 0.0046205860520130565 -4.4788867025737204e-13 
-0.0007304333918449992 0.007894818610683396 -6.80541817513783e-6 
-0.0005783463679253088 0.004615709646608165 -8.241753186718414e-6 
-0.0007304333916845543 0.007894818610727562 6.805416652053123e-6 
-0.0005783463677979 0.004615709646640209 8.241752290012436e-6 
-0.0008368827088180708 0.011824118368098959 -1.136663980437839e-12 
-0.0009345940447385449 0.016257228382452613 -3.999328073846869e-6 
-0.0008370136198749176 0.011820897350296965 -5.384104016295498e-6 
-0.0009345940445294273 0.016257228382520948 3.999324947916782e-6 
-0.0008370136196876757 0.011820897350353477 5.384101742312326e-6 
-0.0009880874729650136 0.021072916631612697 -2.0285729586153646e-12 
-0.0010332226899545168 0.0261319606655775 -1.2963478792343873e-6 
-0.000988226735835376 0.021071354099682388 -2.602239006495725e-6 
-0.0010332226897170628 0.026131960665669373 1.2963428346346417e-6 
-0.0009882267356100837 0.02107135409976365 2.602234948935949e-6 
-0.0010369324180530513 0.03131419318374693 -3.032515901985214e-12 
-0.001032952454437862 0.03649563315567392 1.1861182655903272e-6 
-0.001037062089155826 0.03131419434642971 8.162669402369335e-9 
-0.0010329524541907804 0.036495633155772464 -1.1861253640919705e-6 
-0.0010370620889110442 0.03131419434652754 -8.168734607400754e-9 
-0.0009916965706586556 0.04156188263484978 -4.065637808229114e-12 
-0.0009436896113108567 0.0464076368754798 3.363720622910044e-6 
-0.0009918105113436236 0.04156329215051699 2.3577327388462785e-6 
-0.0009436896110745806 0.046407636875584996 -3.3637297623133694e-6 
-0.000991810511100495 0.04156329215061929 -2.357740870126326e-6 
-0.0008639031057506031 0.05092900970836843 -5.052170636904298e-12 
-0.0007785585385976236 0.05504258274841694 5.155748492997321e-6 
-0.0008639968792420285 0.050931619980173495 4.360904856176946e-6 
-0.0007785585383895513 0.055042582748520016 -5.155759504731067e-6 
-0.0008639968790172914 0.0509316199802774 -4.360914960188653e-6 
-0.0006681617701892671 0.058659594628746245 -5.923483137892782e-12 
-0.0005536211818969055 0.06172115470820159 6.491458968418731e-6 
-0.0006682316586559765 0.058663151426534596 5.940010986864506e-6 
-0.0005536211817373188 0.06172115470831676 -6.491471550929022e-6 
-0.0006682316584702481 0.05866315142664283 -5.9400228333154325e-6 
-0.0004217720160136037 0.0641578062600505 -6.602000834998678e-12 
-0.0002873643677262227 0.06593699435068008 7.316029993733591e-6 
-0.0004218151566166942 0.06416201698586814 7.03100279543133e-6 
-0.00028736436762870593 0.06593699435081178 -7.316043682542712e-6 
-0.00042181515648722186 0.06416201698599235 -7.031015998851014e-6 
-0.0001441147486536282 0.06701203769613123 -7.0141093525738055e-12 
1.0195033533119671e-12 0.06737750595299746 7.594832065413812e-6 
-0.0001441293346689131 0.0670165824684637 7.588324390646045e-6 
1.0458388840144706e-12 0.06737750595311916 -7.594846270859328e-6 
-0.0001441293346053528 0.06701658246859378 -7.588338417971418e-6 
0.00014411475060262152 0.06701203768605371 -7.1115981976472555e-12 
0.000287364369495415 0.06593699433121905 7.316029792799968e-6 
0.00014412933659404645 0.06701658245838932 7.588324286094339e-6 
0.00028736436944001506 0.06593699433132665 -7.316043857762938e-6 
0.0001441293365796381 0.06701658245850466 -7.588338508319434e-6 
0.000421772017475178 0.06415780623242984 -6.8654144997713004e-12 
0.0005536211829998972 0.061721154674131126 6.491458628937596e-6 
0.0004218151580610918 0.06416201695825342 7.031002515352118e-6 
0.0005536211828664823 0.06172115467420654 -6.4914718526475105e-6 
0.00042181515796656455 0.064162016958348 -7.031016245035749e-6 
0.0006681617709354545 0.05865959459000381 -6.286486307651236e-12 
0.0007785585389690889 0.05504258270687343 5.155748086744053e-6 
0.0006682316593940008 0.05866315138780145 5.940010604787662e-6 
0.0007785585387690439 0.05504258270693529 -5.155759873424068e-6 
0.0006682316592245269 0.05866315138786895 -5.940023176946261e-6 
0.0008639031057800959 0.050929009665805464 -5.4443102691727254e-12 
0.0009436896110084062 0.04640763683362814 3.3637202295949725e-6 
0.0008639968792713805 0.05093161993762297 4.3609044462802005e-6 
0.0009436896107645352 0.046407636833681064 -3.3637301247780668e-6 
0.0008639968790465683 0.05093161993768092 -4.360915334544848e-6 
0.0009916965700978414 0.041561882595159826 -4.414126383537472e-12 
0.001032952453651167 0.036495633119414346 1.1861179473952033e-6 
0.0009918105107889952 0.041563292110849914 2.357732377649892e-6 
0.0010329524533870718 0.03649563311944291 -1.1861256638217926e-6 
0.0009918105105328203 0.04156329211089131 -2.3577412056696475e-6 
0.0010369324171316883 0.03131419315176203 -3.296501249314398e-12 
0.0010332226889419305 0.026131960638507794 -1.2963481000327844e-6 
0.001037062088244461 0.03131419431447946 8.16239955617132e-9 
0.0010332226886809405 0.026131960638525215 1.2963426182294813e-6 
0.001037062087978969 0.03131419431450095 -8.168992699275646e-9 
0.0009880874719554956 0.021072916609603146 -2.20285724671055e-12 
0.0009345940437732534 0.0162572283654501 -3.9993282019980395e-6 
0.0009882267348374043 0.02107135407770711 -2.6022391795354546e-6 
0.0009345940435415929 0.016257228365459002 3.999324813042347e-6 
0.0009882267345884702 0.02107135407772136 2.6022347734139773e-6 
0.0008368827079403416 0.011824118355705448 -1.2291184323223882e-12 
0.000730433391085758 0.007894818602436033 -6.805418227307362e-6 
0.0008370136190074668 0.011820897337932157 -5.384104103264869e-6 
0.0007304333909068037 0.00789481860244023 6.805416585589579e-6 
0.0008370136187992862 0.011820897337937883 5.384101644277292e-6 
0.0005783253537920572 0.004620586047185151 -4.801824560131621e-13 
0.00041758108132440585 0.002117782606119369 -8.922472064566607e-6 
0.0005783463673259805 0.0046157096418001885 -8.241753210303338e-6 
0.00041758108122334 0.0021177826061205443 8.92247162102301e-6 
0.0005783463671834713 0.00461570964180272 8.241752248920234e-6 
0.00021193261990689347 0.0005474490630735687 -5.656141163033702e-14 
0.0002112743237790335 0.0005410948237437787 -1.1177758445853475e-5 
0.00021127432372746406 0.0005410948237423807 1.117775833123894e-5 
-9.251655044739812e-14 0.002098560694124939 -2.016800367478812e-13 
-1.6342684771032154e-13 0.007879859843364083 -7.439771461203999e-13 
-2.12169289889804e-13 0.016248384209542683 -1.535012657016943e-12 
-2.398782980412094e-13 0.026129088288241016 -2.4843078301707996e-12 
-2.4812135277520487e-13 0.03649825952366152 -3.5081527127636514e-12 
-2.371802364820036e-13 0.04641508886432541 -4.525546556310496e-12 
-2.095068976326221e-13 0.05505400619920664 -5.462248688090291e-12 
-1.6204239837578463e-13 0.06173553836006143 -6.242499121850065e-12 
-9.911392842539981e-14 0.06595320541310361 -6.789144863917562e-12 
-2.575055033025422e-14 0.06739433489437624 -7.050833823317148e-12 
5.628352731372404e-14 0.06595320539362523 -6.986449933740653e-12 
1.3571504696046806e-13 0.061735538325969126 -6.579329840591475e-12 
2.0077506092035032e-13 0.05505400615764289 -5.866847593154937e-12 
2.452632156949556e-13 0.046415088822466644 -4.9252656676961414e-12 
2.6601914826391215e-13 0.0364982594874166 -3.846139730370666e-12 
2.6159041536333687e-13 0.02612908826120345 -2.7336917504632983e-12 
2.329091365230228e-13 0.016248384192577257 -1.691312950703978e-12 
1.7965555778521677e-13 0.007879859835152473 -8.200753324019539e-13 
1.0182124635983204e-13 0.002098560691955904 -2.2243183659711597e-13 
-4.741911791831203e-14 0.0005155567748813099 -5.4061998159354534e-14 
0.00020802212773548311 0.0020993444592140964 8.54215908190629e-6 
0.00010577672182678343 0.0005169040388729806 1.1698098189944245e-5 
-1.2983797568819483e-13 0.004597310391199508 -4.3610491752105876e-13 
0.0003644551706509659 0.007880532153570556 6.7217496098621426e-6 
0.00028924420026617726 0.004598205458996202 8.329628172865947e-6 
-1.8967097878481909e-13 0.01180894365138847 -1.114193519696558e-12 
0.0004665693991645324 0.016248793342121173 3.988314846774015e-6 
0.00041856311039683365 0.011809510750570192 5.395183295110454e-6 
-2.2772238917936903e-13 0.021065585753333015 -1.9953601409330033e-12 
0.0005159314581750082 0.02612922079701164 1.2992888668022482e-6 
0.0004941651621932777 0.02106585806135569 2.6002682703624062e-6 
-2.4565668163675575e-13 0.03131421661881546 -2.992027215454678e-12 
0.000515864839247125 0.03649813371016457 -1.179486266719538e-6 
0.0005185784253732442 0.031314216411571665 -1.350897034837306e-8 
-2.44198397605353e-13 0.04156852456486306 -4.022787708050803e-12 
0.00047132375603909136 0.046414735775931706 -3.3550383419946544e-6 
0.0004959467712613092 0.04156827967606068 -2.3650712243242906e-6 
-2.249146280649068e-13 0.0509412942033329 -5.0082618659931354e-12 
0.00038886863002368037 0.05505346597170938 -5.145460935853625e-6 
0.00043203256802056683 0.05094084078893417 -4.369900962792927e-6 
-1.8742451321450015e-13 0.05867632715088431 -5.877304895501776e-12 
0.0002765269330525591 0.06173485862435412 -6.479948754940993e-6 
0.0003341412451829648 0.058675709367858014 -5.9503581145791055e-6 
-1.316133990480067e-13 0.06417761188788428 -6.548878254471417e-12 
0.0001435372948509023 0.0659524395492763 -7.3037493072473746e-6 
0.00021092325905749053 0.06417688054686264 -7.042309713981031e-6 
-6.330629675808823e-14 0.06703341318818129 -6.958381976685869e-12 
-5.402902528014609e-13 0.06739353990822496 -7.5822882447085316e-6 
7.2069967731128e-5 0.06703262383799628 -7.600129720292593e-6 
1.4775520656527037e-14 0.0670334131780987 -7.0617643600373e-12 
-0.00014353729578671856 0.06595243952979948 -7.303749496591964e-6 
-7.206996875484113e-5 0.06703262382791447 -7.600129819498791e-6 
9.676349462916746e-14 0.06417761186024702 -6.824247109026967e-12 
-0.00027652693363676407 0.061734858590264154 -6.47994908127324e-6 
-0.0002109232598237346 0.06417688051922742 -7.042309978305076e-6 
1.6991389383146498e-13 0.058676327112128966 -6.256828840044265e-12 
-0.000388868630221028 0.05505346593014787 -5.14546133032846e-6 
-0.0003341412455741772 0.0586757093291049 -5.950358483281475e-6 
2.2489580455023076e-13 0.05094129416076578 -5.419157634917831e-12 
-0.0004713237558793839 0.046414735734074765 -3.355038737363618e-6 
-0.0004320325680355105 0.05094084074636914 -4.369901365371315e-6 
2.578564774955769e-13 0.04156852452519811 -4.396391836499297e-12 
-0.0005158648388334226 0.03649813367392075 -1.1794866099824434e-6 
-0.000495946770967124 0.041568279636397205 -2.3650715978027956e-6 
2.659304092917697e-13 0.03131421658689022 -3.287597563431719e-12 
-0.0005159314576436329 0.02612922076997439 1.2992886042756293e-6 
-0.0005185784248923494 0.03131421637964709 -1.3509275819338757e-8 
2.493314526779789e-13 0.0210655857313939 -2.1975467776946788e-12 
-0.00046656939865727355 0.016248793325155424 3.988314674747741e-6 
-0.0004941651616673601 0.02106585803941642 2.6002680529391152e-6 
2.0840382065944283e-13 0.01180894363906117 -1.227877684612293e-12 
-0.00036445517025206073 0.007880532145358166 6.721749518399621e-6 
-0.0004185631099397168 0.011809510738242273 5.395183165354429e-6 
1.4281120315593416e-13 0.004597310386425663 -4.808469655374462e-13 
-0.0002080221275094719 0.002099344457044159 8.542159048260917e-6 
-0.00028924419995027755 0.00459820545422132 8.329628113167387e-6 
5.2211777110749496e-14 0.0005155567743524194 -5.964038262605726e-14 
-0.00010577672171215293 0.0005169040383425652 1.169809817051909e-5 
-0.00020802212792046402 0.0020993444592155774 -8.542159485113052e-6 
-0.00010577672192165775 0.0005169040388753215 -1.1698098297824259e-5 
-0.00036445517097779916 0.007880532153571802 -6.72175109769122e-6 
-0.000289244200525855 0.004598205458997805 -8.329629044907327e-6 
-0.0004665693995888564 0.01624879334212198 -3.988317916724576e-6 
-0.0004185631107761684 0.011809510750571277 -5.395185523380394e-6 
-0.0005159314586547548 0.026129220797012038 -1.2992938354191148e-6 
-0.0004941651626487193 0.021065858061356278 -2.6002722610100314e-6 
-0.0005158648397433581 0.03649813371016465 1.1794792504324002e-6 
-0.0005185784258645458 0.03131421641157183 1.35029863293237e-8 
-0.00047132375651345106 0.0464147357759315 3.355029290923696e-6 
-0.0004959467717496992 0.04156827967606038 2.36506317871402e-6 
-0.00038886863044269084 0.05505346597170857 5.145450011188029e-6 
-0.00043203256847038573 0.050940840788933586 4.369890946217638e-6 
-0.00027652693337665074 0.06173485862435288 6.479936269833439e-6 
-0.00033414124555780823 0.05867570936785695 5.9503463598401895e-6 
-0.0001435372950491298 0.06595243954927481 7.303735728842428e-6 
-0.00021092325932070834 0.06417688054686127 7.042296616080822e-6 
4.887907897943806e-13 0.06739353990822328 7.5822741428043025e-6 
-7.206996785773843e-5 0.06703262383799467 7.600115803355146e-6 
0.0001435372958992742 0.06595243952979758 7.303735523596911e-6 
7.206996878439264e-5 0.06703262382791272 7.60011569580607e-6 
0.00027652693390817326 0.061734858590262516 6.4799359226034585e-6 
0.00021092326001727072 0.0641768805192257 7.042296329525959e-6 
0.00038886863062257055 0.055053465930146664 5.145449596583408e-6 
0.00033414124591399976 0.05867570932910349 5.95034596942149e-6 
0.00047132375636989266 0.046414735734074286 3.3550288869138427e-6 
0.000432032568485295 0.050940840746368184 4.36989052695062e-6 
0.0005158648393654499 0.036498133673920546 1.179478917699e-6 
0.0004959467714828301 0.041568279636396734 2.3650628049535793e-6 
0.0005159314581668076 0.026129220769974485 -1.299294071716832e-6 
0.0005185784254242004 0.03131421637964726 1.3502700648634366e-8 
0.00046656939912307954 0.016248793325156212 -3.988318057310604e-6 
0.0004941651621660116 0.021065858039417105 -2.6002724479621757e-6 
0.00036445517061135097 0.007880532145359494 -6.72175115842851e-6 
0.0004185631103565166 0.011809510738243469 -5.3951856209762025e-6 
0.00020802212771305756 0.002099344457045774 -8.542159492958708e-6 
0.0002892442002359022 0.004598205454223088 -8.329629074670156e-6 
0.0001057767218166161 0.0005169040383451424 -1.169809828952821e-5 
9.243728636401514e-14 0.0020985606941679984 -2.0167664632465424e-13 
1.6324134126288372e-13 0.007879859843455126 -7.43993013948915e-13 
2.1189382643488165e-13 0.016248384209681135 -1.5350003911323991e-12 
2.3951266270010337e-13 0.026129088288425414 -2.4843412887438513e-12 
2.47670272130958e-13 0.03649825952385845 -3.5080927805314374e-12 
2.365751118299751e-13 0.046415088864535235 -4.525540857265908e-12 
2.0872046660453935e-13 0.055054006199410796 -5.462399124150161e-12 
1.6111805591707678e-13 0.06173553836028887 -6.242326209442196e-12 
9.797648583216328e-14 0.06595320541336151 -6.788818526016717e-12 
2.437678174306697e-14 0.0673943348946157 -7.0508833718445324e-12 
-5.792232717049797e-14 0.06595320539383699 -6.986391955311039e-12 
-1.373839192425165e-13 0.06173553832611718 -6.57897786335633e-12 
-2.0238005024481166e-13 0.05505400615776394 -5.866749313840387e-12 
-2.4688111268961706e-13 0.04641508882257059 -4.925127239018508e-12 
-2.6751734814315587e-13 0.036498259487473414 -3.84606259387256e-12 
-2.628565660487531e-13 0.026129088261239344 -2.7338237218712906e-12 
-2.337956770467476e-13 0.016248384192596926 -1.691300080327475e-12 
-1.8020573705549148e-13 0.007879859835163554 -8.200819221166721e-13 
-1.0209328988584341e-13 0.0020985606919614787 -2.2244210947487215e-13 
0.00020802212792147542 0.002099344459258639 -8.54215947614431e-6 
4.737949351151478e-14 0.0005155567748994542 -5.405786418675084e-14 
0.00010577672192260369 0.0005169040388934645 -1.1698098294014821e-5 
0.00036445517097868143 0.007880532153662868 -6.721751078708642e-6 
1.2970560765230128e-13 0.004597310391266794 -4.361018775508378e-13 
0.00028924420052676525 0.004598205459065085 -8.329629030886076e-6 
0.0004665693995896621 0.01624879334226043 -3.9883178878287885e-6 
1.894293557227627e-13 0.011808943651503695 -1.1141794441520654e-12 
0.00041856311077696274 0.011809510750686493 -5.39518549936459e-6 
0.000515931458655163 0.026129220797196356 -1.2992937970882526e-6 
2.274199634626434e-13 0.021065585753496815 -1.9953485641754066e-12 
0.0004941651626494455 0.0210658580615201 -2.6002722268778884e-6 
0.0005158648397429956 0.03649813371036154 1.1794792915270451e-6 
2.4524705473590017e-13 0.03131421661901156 -2.992001493366876e-12 
0.0005185784258643879 0.03131421641176796 1.3503027162954571e-8 
0.00047132375651287817 0.04641473577614117 3.355029334591605e-6 
2.436885708192885e-13 0.04156852456506755 -4.0227900209924764e-12 
0.0004959467717494972 0.041568279676264905 2.36506322138429e-6 
0.00038886863044208434 0.055053465971912664 5.145450053642444e-6 
2.2425741686680375e-13 0.05094129420353969 -5.008241864145543e-12 
0.00043203256846958233 0.05094084078914035 4.369890989364995e-6 
0.00027652693337642175 0.061734858624580224 6.4799363173146676e-6 
1.8652292157834273e-13 0.058676327151099134 -5.8773232686441745e-12 
0.000334141245557436 0.05867570936807186 5.950346404666884e-6 
0.00014353729504832204 0.0659524395495324 7.303735782535545e-6 
1.3046693927390374e-13 0.06417761188813072 -6.548895563502545e-12 
0.00021092325932028845 0.06417688054710778 7.042296667491153e-6 
-4.909010444968104e-13 0.06739353990846254 7.582274192709847e-6 
6.208729216203903e-14 0.06703341318843835 -6.958424356436731e-12 
7.206996785604977e-5 0.06703262383825176 7.600115856852709e-6 
-0.0001435372959016887 0.0659524395300092 7.303735567725948e-6 
-1.630737021980786e-14 0.06703341317832588 -7.061836924187891e-12 
-7.206996878651625e-5 0.0670326238281399 7.6001157430908844e-6 
-0.0002765269339111474 0.06173485859041037 6.479935953883058e-6 
-9.849021181882402e-14 0.06417761186043248 -6.82434994206986e-12 
-0.00021092326002045185 0.06417688051941128 7.042296368061489e-6 
-0.00038886863062459736 0.055053465930267664 5.1454496219180145e-6 
-1.7154300996333826e-13 0.0586763271122613 -6.256934529781025e-12 
-0.00033414124591616545 0.058675709329235805 5.950345996918725e-6 
-0.00047132375637221166 0.046414735734178106 3.3550289085072862e-6 
-2.264919666710722e-13 0.050941294160880474 -5.4191598628369695e-12 
-0.00043203256848722984 0.050940840746482904 4.369890550880682e-6 
-0.0005158648393678557 0.03649813367397739 1.1794789296535965e-6 
-2.5941338781582925e-13 0.04156852452528022 -4.3964541852031896e-12 
-0.000495946771485466 0.041568279636478835 2.365062822017384e-6 
-0.0005159314581682918 0.026129220770010463 -1.299294064281047e-6 
-2.6731728974312714e-13 0.031314216586933695 -3.2876229215455667e-12 
-0.000518578425426033 0.03131421637969072 1.3502709742393877e-8 
-0.0004665693991243951 0.016248793325175894 -3.988318053173537e-6 
-2.5042210247951e-13 0.021065585731423815 -2.1975868311518104e-12 
-0.0004941651621674585 0.021065858039446994 -2.6002724417814173e-6 
-0.0003644551706119986 0.007880532145370584 -6.721751156133967e-6 
-2.0911963291005451e-13 0.011808943639075137 -1.2278960623053866e-12 
-0.000418563110357408 0.011809510738257438 -5.3951856180621965e-6 
-0.0002080221277134674 0.0020993444570513733 -8.54215949181355e-6 
-1.43219644623911e-13 0.0045973103864342495 -4.808628506576621e-13 
-0.00028924420023643396 0.004598205454231672 -8.329629072895879e-6 
-5.2339999162523813e-14 0.0005155567743548015 -5.965550809194658e-14 
-0.00010577672181687412 0.0005169040383475268 -1.1698098289044373e-5 
-0.00020802212773665376 0.0020993444592571544 8.542159072941887e-6 
-0.00010577672182780831 0.0005169040388911259 1.1698098186143852e-5 
-0.00036445517065221926 0.007880532153661567 6.721749590862354e-6 
-0.0002892442002673509 0.00459820545906349 8.329628158852153e-6 
-0.000466569399165885 0.016248793342259583 3.988314817897257e-6 
-0.0004185631103981097 0.011809510750685422 5.395183271119804e-6 
-0.0005159314581761515 0.026129220797196054 1.2992888284199548e-6 
-0.0004941651621946135 0.021065858061519508 2.6002682362558483e-6 
-0.000515864839247666 0.036498133710361536 -1.1794863078013106e-6 
-0.0005185784253738945 0.03131421641176778 -1.3509011137109225e-8 
-0.0004713237560397334 0.04641473577614175 -3.3550383857652937e-6 
-0.0004959467712621307 0.04156827967626511 -2.365071266944439e-6 
-0.0003888686300246495 0.0550534659719136 -5.145460978473598e-6 
-0.00043203256802107673 0.050940840789140976 -4.369901005898733e-6 
-0.0002765269330541993 0.06173485862458159 -6.479948802231845e-6 
-0.0003341412451843877 0.05867570936807282 -5.950358159363214e-6 
-0.0001435372948523798 0.06595243954953435 -7.303749360548391e-6 
-0.0002109232590593615 0.06417688054710917 -7.0423097653561825e-6 
5.396492637935506e-13 0.06739353990846433 -7.58228829466221e-6 
-7.206996773187467e-5 0.06703262383825336 -7.600129773836709e-6 
0.0001435372957858485 0.06595243953001118 -7.303749540668162e-6 
7.206996875390277e-5 0.06703262382814174 -7.600129866918696e-6 
0.0002765269336363694 0.06173485859041214 -6.479949112013131e-6 
0.00021092325982348753 0.06417688051941295 -7.042310016893681e-6 
0.0003888686302198335 0.05505346593026883 -5.145461355513285e-6 
0.0003341412455730967 0.05867570932923729 -5.950358510929991e-6 
0.0004713237558784531 0.0464147357341789 -3.3550387589431935e-6 
0.00043203256803425413 0.05094084074648389 -4.369901389314205e-6 
0.0005158648388328309 0.03649813367397759 -1.1794866218581364e-6 
0.0004959467709666484 0.04156827963647929 -2.36507161494065e-6 
0.000515931457642584 0.026129220770010134 1.2992885966508835e-6 
0.0005185784248914053 0.031314216379690604 -1.3509284955850264e-8 
0.0004665693986568096 0.016248793325175044 3.988314670621922e-6 
0.0004941651616666212 0.021065858039446363 2.6002680466866246e-6 
0.0003644551702516054 0.00788053214536921 6.72174951609697e-6 
0.00041856310993917804 0.011809510738256253 5.395183162406518e-6 
0.00020802212750933686 0.0020993444570497153 8.542159047093311e-6 
0.00028924419994999197 0.0045982054542299065 8.329628111363395e-6 
0.00010577672171215327 0.000516904038344945 1.1698098170003824e-5 
-4.058966322243101e-17 0.0021203554846091805 -1.9984645408873556e-13 
-9.247936315504705e-17 0.007896282304814256 -7.424451145868688e-13 
-1.4009519249692039e-16 0.016257994060307257 -1.534026380474578e-12 
-1.838736408004756e-16 0.02613219665652438 -2.4838788530117427e-12 
-2.11388940799584e-16 0.03649540677975888 -3.50819911496285e-12 
-2.978175629533466e-16 0.046407008175274385 -4.526073634919928e-12 
-4.1235087168397903e-16 0.05504162325635301 -5.463288813291717e-12 
-4.520918368485781e-16 0.061719948634333846 -6.243949453584761e-12 
-5.573408899716507e-16 0.06593563603344864 -6.790839082954463e-12 
-7.153426406704078e-16 0.0673760961556615 -7.052934971385345e-12 
-8.621151619823305e-16 0.0659356360139784 -6.988565421943836e-12 
-8.297365392977953e-16 0.06171994860024743 -6.58098572413664e-12 
-7.700496555941689e-16 0.05504162321479274 -5.86816896967457e-12 
-8.278290208415228e-16 0.046407008133399694 -4.9260001697086225e-12 
-7.538443183756831e-16 0.03649540674346576 -3.8463226208900255e-12 
-6.287131214283265e-16 0.026132196629417657 -2.7333900343689917e-12 
-4.3840759304638754e-16 0.016257994043274437 -1.690272547327289e-12 
-2.7108461611057935e-16 0.007896282296545376 -8.184059599079307e-13 
-1.3415746186038924e-16 0.002120355482398446 -2.2042706892713646e-13 
-1.9289374668470012e-17 0.0005419105180603284 -5.128931644682614e-14 
0.0002081315562418922 0.0021211408476554798 -1.9531030743989805e-13 
-4.60859366159027e-14 0.0021146262054689475 -2.003294718758523e-13 
0.00010572350370808065 0.0005432862230773546 -4.923687548733499e-14 
-2.3466739050512017e-14 0.0005356714133003008 -5.1966931564092593e-14 
0.00020844545666372151 0.0021154361845167236 4.427603198387775e-6 
0.00010546115055668586 0.0005370122476886704 5.6321500343963545e-6 
-6.57142001122744e-17 0.004616997016655382 -4.3419929102560715e-13 
0.0003645034745224111 0.007896964111494624 -7.32902384261158e-13 
-8.144034135346368e-14 0.007892105676867442 -7.428317730205468e-13 
0.0002892222671902953 0.00461788569988647 -4.2710792741109325e-13 
-6.482970710288528e-14 0.004612146626789608 -4.3466871766599715e-13 
0.00036462269814313764 0.007892792699497142 3.3950283656493054e-6 
0.0002892286347971319 0.004613029806194587 4.128968561268477e-6 
-1.1997600823423025e-16 0.011821853451677548 -1.112898281306427e-12 
0.00046658909931278966 0.01625840686745659 -1.5195505156396077e-12 
-1.058224721208951e-13 0.016255580090775983 -1.5342731874517542e-12 
0.00041856556335363054 0.011822417338607298 -1.1008428557167872e-12 
-9.480334620194078e-14 0.01181863721790057 -1.1132196053818105e-12 
0.00046665981070228543 0.016255993688293103 1.9987147749064e-6 
0.0004186182446545789 0.011819200395477526 2.693050477381951e-6 
-1.570339851884362e-16 0.021071832817557905 -1.9946199787807678e-12 
0.0005159433377565545 0.026132330209422364 -2.4646587718627473e-12 
-1.1972177183733585e-13 0.02613142083082273 -2.483977623484234e-12 
0.0004941736499128448 0.02107210405778487 -1.977539925541728e-12 
-1.1386000520888252e-13 0.021070270600052968 -1.994805744511287e-12 
0.0005160022651444957 0.026131554407235313 6.484653418705032e-7 
0.000494230670443711 0.02107054187087484 1.3009344588342018e-6 
-1.9971408592116434e-16 0.03131420161014732 -2.9917839543999517e-12 
0.0005158743544338898 0.03649528133092315 -3.4876362653217123e-12 
-1.238543609300335e-13 0.036496124553944465 -3.5081727120606883e-12 
0.0005185873507906915 0.031314200850235556 -2.971404567553311e-12 
-1.2284977654723262e-13 0.03131420200143196 -2.9918523858480264e-12 
0.0005159263452920761 0.036495998971736186 -5.924720805305541e-7 
0.0005186407064089742 0.03131420143835405 -4.534870791811556e-9 
-2.702176132816552e-16 0.041562872152145575 -4.0230507522753755e-12 
0.0004713317185182219 0.04640665533839782 -4.504299932595179e-12 
-1.1847712930379652e-13 0.0464090345440914 -4.525942298166217e-12 
0.0004959547572319823 0.04156262672763883 -4.001792105273755e-12 
-1.2216635925108602e-13 0.0415642804511001 -4.022998555280224e-12 
0.00047137593138912246 0.04640868151290938 -1.6811074468305893e-6 
0.0004960016990466112 0.0415640353089317 -1.1794756672606511e-6 
-3.3055194546023665e-16 0.050930835520782494 -5.008992627640506e-12 
0.00038887490295349116 0.055041083290536245 -5.442011032557747e-12 
-1.0463404172444802e-13 0.055044726364781936 -5.463060381834631e-12 
0.00043203915115762857 0.05093038148414361 -4.987482658541788e-12 
-1.1254650072855238e-13 0.050933444273633104 -5.008808825375811e-12 
0.00038890976136904344 0.055044186164549216 -2.5769861184604555e-6 
0.00043207779483552856 0.05093299058633198 -2.1811959646794857e-6 
-4.3383341630315485e-16 0.05866207972781554 -5.878584317863225e-12 
0.00027653127297816015 0.061719269186786774 -6.220273925591823e-12 
-8.100251906346355e-14 0.06172385431880255 -6.243587883618309e-12 
0.0003341461491960647 0.058661461233279234 -5.856261933613679e-12 
-9.384975265841351e-14 0.05866563477397097 -5.878275907995596e-12 
0.00027655536644475035 0.06172317460790439 -3.244736737969537e-6 
0.00033417495110088416 0.05866501668224828 -2.9708600822153374e-6 
-5.762318053216905e-16 0.06416074688007632 -6.550518897929084e-12 
0.00014353951402600593 0.06593487047708722 -6.764025273856958e-12 
-4.9689639580296535e-14 0.06594003718397087 -6.790506893970657e-12 
0.00021092628481787518 0.06416001476138176 -6.524970749944093e-12 
-6.60609527062768e-14 0.06416495569126549 -6.550108284398394e-12 
0.00014355182543772862 0.06593927134632367 -3.656956095131874e-6 
0.00021094406351324926 0.06416422401310037 -3.516435265268883e-6 
-6.248087247399011e-16 0.0670152110220248 -6.9603315160231235e-12 
-5.156770806298457e-13 0.06737530148376301 -7.028064077993718e-12 
-1.3107677693947719e-14 0.06738066483459958 -7.052488745976979e-12 
7.207099053803767e-5 0.06701442085952537 -6.933677422263096e-12 
-3.1910137806395895e-14 0.06701975379539765 -6.959786300788276e-12 
-5.278776154325067e-13 0.06737986987531608 -3.7963346119832306e-6 
7.207700153715892e-5 0.06701896409296204 -3.7951373538586747e-6 
-7.485509250883367e-16 0.06701521101194405 -7.063953648834402e-12 
-0.00014353951492070474 0.06593487045761834 -6.966644469758745e-12 
2.766248904966711e-14 0.06594003716450444 -6.988081123506726e-12 
-7.207099151516143e-5 0.06701442084944542 -7.0403854169997654e-12 
7.04177701762256e-15 0.06701975378532034 -7.063356719257139e-12 
-0.00014355182635305977 0.06593927132685853 -3.656956291157106e-6 
-7.207700253754958e-5 0.06701896408288549 -3.7951374569313053e-6 
-8.375711300963472e-16 0.06416074685244838 -6.826404210514886e-12 
-0.00027653127353757784 0.061719269152702476 -6.5656501472789806e-12 
6.72050636407516e-14 0.061723854284724856 -6.5806379645967536e-12 
-0.0002109262855510779 0.0641600147337559 -6.807177328631522e-12 
4.792626116545764e-14 0.06416495566364322 -6.8259062156743385e-12 
-0.0002765553670164393 0.061723174573828865 -3.2447370738575304e-6 
-0.00021094406426292483 0.06416422398548007 -3.5164355388333727e-6 
-8.306174514733085e-16 0.05866207968906477 -6.25863623904812e-12 
-0.00038887490314336895 0.05504108324897796 -5.855633660076984e-12 
9.967318653776206e-14 0.05504472632323112 -5.867863007375088e-12 
-0.0003341461495710562 0.058661461194530376 -6.244882950817029e-12 
8.446723153332598e-14 0.058665634735229684 -6.258166505123123e-12 
-0.00038890976156256735 0.05504418612300048 -2.576986522634367e-6 
-0.00033417495148398266 0.05866501664350907 -2.9708604610505834e-6 
-8.084612305927526e-16 0.050930835478211714 -5.420383067780019e-12 
-0.00047133171836799087 0.04640665529652466 -4.91525648785479e-12 
1.218363187369166e-13 0.046409034502233555 -4.925821415317771e-12 
-0.00043203915117392847 0.050930381441574676 -5.4085130271847e-12 
1.1195566052212571e-13 0.05093344423107506 -5.420030671792662e-12 
-0.00047137593123398224 0.04640868147105326 -1.6811078500800027e-6 
-0.0004320777948509772 0.05093299054377593 -2.181196376639559e-6 
-7.698238431769538e-16 0.041562872112450196 -4.396977405760018e-12 
-0.00051587435403943 0.036495281294631 -3.840386690066074e-12 
1.322282859666809e-13 0.03649612451768107 -3.846240917682614e-12 
-0.0004959547569528673 0.04156262668794494 -4.388457824316057e-12 
1.2844144633797428e-13 0.04156428041142766 -4.396834272996043e-12 
-0.0005159263448877112 0.03649599893547384 -5.924724285924218e-7 
-0.000496001698759679 0.04156403526926067 -1.1794760474306543e-6 
-7.037674198229836e-16 0.03131420157815977 -3.287475848667865e-12 
-0.0005159433372473913 0.02613233018231581 -2.729623687315149e-12 
1.300897376949836e-13 0.02613142080375211 -2.733402885731009e-12 
-0.0005185873503310461 0.03131420081824868 -3.2829348263409656e-12 
1.3251739576577737e-13 0.03131420196947924 -3.2875167723855477e-12 
-0.0005160022646242313 0.026131554380164908 6.484650780908197e-7 
-0.0005186407059385196 0.03131420140640197 -4.535179342470636e-9 
-5.454973942682389e-16 0.021071832795548934 -2.1967992959690225e-12 
-0.00046658909882650666 0.016258406850423433 -1.6881418722976662e-12 
1.1584798705197576e-13 0.01625558007377479 -1.6905243141746766e-12 
-0.0004941736494088665 0.02107210403577579 -2.1936702263851107e-12 
1.242986350642655e-13 0.021070270578078264 -2.196983442649535e-12 
-0.0004666598102056191 0.016255993671291512 1.998714604610539e-6 
-0.0004942306699288053 0.02107054184889995 1.300934242094228e-6 
-3.585724006139516e-16 0.011821853439286382 -1.2264682263712844e-12 
-0.00036450347413956595 0.007896964103224994 -8.171672218099399e-13 
8.933776817416269e-14 0.007892105668622851 -8.188262286726047e-13 
-0.00041856556291529015 0.011822417326215603 -1.2249511788024774e-12 
1.0391856374473215e-13 0.011818637205538033 -1.2268230608979983e-12 
-0.00036462269775237475 0.007892792691251819 3.3950282777762245e-6 
-0.0004186182442069844 0.01181920038311439 2.6930503504871864e-6 
-2.0499841668534124e-16 0.004616997011831299 -4.787564601271074e-13 
-0.00020813155602477144 0.0021211408454439233 -2.1975726670807096e-13 
5.062839242282228e-14 0.0021146262032735895 -2.209515371697465e-13 
-0.0002892222668872006 0.004617885695061437 -4.777731301251021e-13 
7.116820474463056e-14 0.004612146621985342 -4.792679961759426e-13 
-0.00020844545644202 0.0021154361823204734 4.42760316922428e-6 
-0.0002892286344878652 0.004613029801389354 4.1289685061767695e-6 
-6.351684376824249e-17 0.0005419105174960507 -5.6592158336242215e-14 
-0.00010572350359795479 0.0005432862225116415 -5.620699632182e-14 
2.5794824794718496e-14 0.0005356714127464545 -5.733452659645475e-14 
-0.00010546115044484197 0.0005370122471333715 5.63215002149175e-6 
-0.0002081315562419728 0.0021211408476554854 -2.0422528109712694e-13 
-0.00010572350370811944 0.0005432862230773545 -5.310225062861744e-14 
-0.00020844545675585265 0.0021154361845174717 -4.427603598889609e-6 
-0.00010546115060364658 0.0005370122476898402 -5.632150138090783e-6 
-0.00036450347452259826 0.007896964111494636 -7.518486956961566e-13 
-0.0002892222671904263 0.004617885699886467 -4.4112614413449217e-13 
-0.00036462269830600253 0.00789279269949781 -3.3950298511849565e-6 
-0.00028922863492679494 0.0046130298061953755 -4.128969430439868e-6 
-0.0004665890993130655 0.01625840686745657 -1.5484075274101915e-12 
-0.00041856556335386836 0.011822417338607321 -1.1248385468415993e-12 
-0.00046665981091391926 0.016255993688293526 -1.998717843366362e-6 
-0.00041861824484418117 0.011819200395478048 -2.6930527037075624e-6 
-0.0005159433377569194 0.026132330209422426 -2.5030577157164417e-12 
-0.0004941736499131594 0.021072104057784858 -2.0116314219134987e-12 
-0.00051600226538393 0.026131554407235587 -6.484703097874305e-7 
-0.0004942306706714299 0.021070541870875127 -1.3009384483799797e-6 
-0.000515874354434327 0.03649528133092326 -3.5287447486634164e-12 
-0.0005185873507910863 0.03131420085023549 -3.012148129779343e-12 
-0.000515926345539785 0.03649599897173615 5.924650641857487e-7 
-0.0005186407066546689 0.0313142014383541 4.528887100266274e-9 
-0.0004713317185188203 0.046406655338397884 -4.54791002271399e-12 
-0.0004959547572325161 0.041562626727638836 -4.0443463337125526e-12 
-0.00047137593162607815 0.046408681512909056 1.6810983949341725e-6 
-0.0004960016992909364 0.04156403530893159 1.1794676212344927e-6 
-0.0003888749029543042 0.05504108329053617 -5.484698113774591e-12 
-0.0004320391511582896 0.05093038148414361 -5.0305504601273876e-12 
-0.00038890976157830964 0.05504418616454881 2.5769751923015385e-6 
-0.0004320777950606139 0.0509329905863317 2.1811859469987052e-6 
-0.0002765312729791005 0.0617192691867868 -6.267752718340837e-12 
-0.00033414614919692576 0.058661461233279 -5.9009768355071555e-12 
-0.0002765553666067672 0.061723174607903705 3.244724250671864e-6 
-0.0003341749512885763 0.05866501668224778 2.9708483255624623e-6 
-0.00014353951402714757 0.06593487047708696 -6.8178695425203115e-12 
-0.00021092628481901438 0.06416001476138186 -6.5761961089941605e-12 
-0.00014355182553710906 0.06593927134632258 3.6569425140422334e-6 
-0.000210944063645351 0.06416422401309974 3.516422164913388e-6 
5.142663536805897e-13 0.06737530148376253 -7.078009523402093e-12 
-7.207099053928684e-5 0.06701442085952566 -6.987132341014191e-12 
5.016672366779616e-13 0.0673798698753152 3.796320506889486e-6 
-7.207700160098697e-5 0.06701896409296132 3.795123434082222e-6 
0.00014353951491902382 0.06593487045761821 -7.010713877317712e-12 
7.207099151365156e-5 0.06701442084944574 -7.087674316936379e-12 
0.0001435518264083806 0.06593927132685756 3.6569423148627666e-6 
7.207700255163476e-5 0.06701896408288462 3.7951233300062816e-6 
0.00027653127353590166 0.06171926915270247 -6.5965583165383185e-12 
0.0002109262855494101 0.06416001473375559 -6.845818933354502e-12 
0.00027655536715085176 0.06172317457382768 3.2447239124507024e-6 
0.00021094406435878376 0.06416422398547932 3.5164218868803915e-6 
0.0003888749031418273 0.055041083248977885 -5.880878370175913e-12 
0.00033414614956939843 0.0586614611945304 -6.272494387938655e-12 
0.0003889097617619168 0.05504418612299966 2.5769747867894557e-6 
0.0003341749516529023 0.05866501664350848 2.9708479445717255e-6 
0.0004713317183663517 0.04640665529652481 -4.936897693635121e-12 
0.00043203915117230986 0.05093038144157487 -5.432304132913894e-12 
0.00047137593147766535 0.04640868147105264 1.6810979983471529e-6 
0.00043207779507487817 0.05093299054377554 2.181185536467777e-6 
0.0005158743540379255 0.0364952812946312 -3.852307547283719e-12 
0.0004959547569513208 0.041562626687944845 -4.405518146627471e-12 
0.0005159263451521724 0.036495998935473686 5.924647360486145e-7 
0.000496001699016551 0.04156403526926048 1.179467253721477e-6 
0.0005159433372461274 0.0261323301823159 -2.7370842742644776e-12 
0.0005185873503296375 0.03131420081824865 -3.2920067850234035e-12 
0.0005160022648844088 0.026131554380165206 -6.48470544909047e-7 
0.0005186407062035451 0.031314201406401995 4.528604327775752e-9 
0.0004665890988256196 0.01625840685042338 -1.6922894907140401e-12 
0.0004941736494077806 0.02107210403577579 -2.199860727218356e-12 
0.00046665981043730724 0.01625599367129199 -1.9987179855697956e-6 
0.0004942306701773984 0.021070541848900278 -1.300938635987761e-6 
0.00036450347413901756 0.007896964103224989 -8.19491330424593e-13 
0.0004185655629145746 0.011822417326215555 -1.2278590699955812e-12 
0.0003646226979310343 0.007892792691252534 -3.395029915285671e-6 
0.00041861824441481504 0.011819200383114981 -2.693052804002776e-6 
0.0002081315560245009 0.002121140845443905 -2.2092246189869497e-13 
0.00028922226688679083 0.004617885695061439 -4.79556416792654e-13 
0.00020844545654323375 0.0021154361823212853 -4.427603610953408e-6 
0.0002892286346302037 0.004613029801390215 -4.128969464529432e-6 
0.0001057235035978275 0.000543286222511639 -5.6712173353641395e-14 
0.00010546115049646102 0.000537012247134655 -5.632150135896148e-6 
4.6004666428724854e-14 0.0021146262054904863 -2.0032895553942095e-13 
2.3427929749050356e-14 0.0005356714133093224 -5.1964589221374616e-14 
0.00020844545675681694 0.002115436184539006 -4.427603589954876e-6 
0.00010546115060457127 0.0005370122476988653 -5.6321501342421665e-6 
8.125314032211648e-14 0.007892105676912876 -7.428422060750423e-13 
6.469972490128341e-14 0.004612146626823238 -4.346675567455146e-13 
0.0003646226983068474 0.007892792699543223 -3.395029832219901e-6 
0.00028922863492767173 0.00461302980622901 -4.128969416419863e-6 
1.0555165348066858e-13 0.01625558009084514 -1.534261645440112e-12 
9.456335555504403e-14 0.011818637217958158 -1.1132148367743585e-12 
0.0004666598109146988 0.0162559936883627 -1.998717814483202e-6 
0.00041861824484493935 0.011819200395535651 -2.6930526797068465e-6 
1.193556943745747e-13 0.026131420830915107 -2.4839827037765476e-12 
1.135498465352094e-13 0.021070270600134822 -1.9947956667535896e-12 
0.0005160022653843156 0.026131554407327923 -6.484702714226695e-7 
0.000494230670672107 0.02107054187095697 -1.3009384142722545e-6 
1.2341488304808935e-13 0.036496124554042976 -3.5081857488573746e-12 
1.2245057194075205e-13 0.03131420200152998 -2.9918303940963764e-12 
0.0005159263455394291 0.03649599897183474 5.924651052828842e-7 
0.0005186407066545077 0.03131420143845213 4.528927897944045e-9 
1.1787138726819538e-13 0.046409034544196225 -4.525958386393199e-12 
1.216379307298141e-13 0.041564280451202085 -4.022986225822325e-12 
0.00047137593162550196 0.04640868151301391 1.681098438555058e-6 
0.0004960016992907124 0.041564035309033534 1.1794676638421079e-6 
1.0383527036274155e-13 0.05504472636488424 -5.463071747809527e-12 
1.1189304873194268e-13 0.05093344427373634 -5.00879293167789e-12 
0.00038890976157768834 0.05504418616465102 2.5769752348816916e-6 
0.00043207779505981616 0.05093299058643497 2.181185990107531e-6 
8.006221090533484e-14 0.06172385431891655 -6.243515454319236e-12 
9.297106612029752e-14 0.058665634774078136 -5.878211738038271e-12 
0.0002765553666065155 0.06172317460801786 3.2447242981822496e-6 
0.00033417495128820106 0.0586650166823549 2.970848370355422e-6 
4.8533686489108896e-14 0.06594003718410109 -6.790240943874848e-12 
6.491065789393575e-14 0.0641649556913883 -6.5501294138443245e-12 
0.00014355182553627276 0.06593927134645305 3.6569425678876245e-6 
0.0002109440636448988 0.06416422401322251 3.5164222162040964e-6 
1.170265655650788e-14 0.06738066483471948 -7.052361214477474e-12 
3.0696255361842366e-14 0.06701975379552609 -6.959891502216269e-12 
-5.037935528975162e-13 0.06737986987543515 3.796320556918914e-6 
7.207700159931997e-5 0.06701896409308965 3.795123487476531e-6 
-2.933069041561008e-14 0.06594003716461033 -6.987985784218849e-12 
-8.556306696842828e-15 0.06701975378543382 -7.0634562200269265e-12 
-0.00014355182641080416 0.06593927132696338 3.656942358989929e-6 
-7.207700255371604e-5 0.0670189640829981 3.795123377250014e-6 
-6.890028135996648e-14 0.061723854284798305 -6.580448586666836e-12 
-4.9621935967662256e-14 0.06416495566373627 -6.82586943139898e-12 
-0.000276555367153799 0.0617231745739014 3.2447239436166825e-6 
-0.00021094406436188414 0.06416422398557223 3.516421925470391e-6 
-1.0125843903512635e-13 0.05504472632329165 -5.867810984488589e-12 
-8.610313502767991e-14 0.05866563473529584 -6.2582141591378055e-12 
-0.00038890976176389214 0.0550441861230603 2.576974812101834e-6 
-0.00033417495165506537 0.058665016643574604 2.9708479721135074e-6 
-1.23479917363865e-13 0.04640903450228581 -4.925820363702788e-12 
-1.1356435793321118e-13 0.050933444231132094 -5.4200805190268815e-12 
-0.0004713759314799708 0.046408681471104975 1.6810980199509294e-6 
-0.00043207779507682117 0.05093299054383252 2.181185560289591e-6 
-1.3374132765502136e-13 0.03649612451770943 -3.846274611016239e-12 
-1.2998683371262965e-13 0.04156428041146863 -4.396829808508605e-12 
-0.0005159263451545522 0.03649599893550212 5.924647479793445e-7 
-0.0004960016990191414 0.041564035269301455 1.1794672707969764e-6 
-1.31354758540981e-13 0.026131420803769883 -2.7335052486972497e-12 
-1.3391484466374062e-13 0.03131420196950077 -3.2875201668752315e-12 
-0.0005160022648858829 0.026131554380182977 -6.484705374737455e-7 
-0.0005186407062053749 0.03131420140642355 4.528613415511627e-9 
-1.167297626554607e-13 0.016255580073784644 -1.6905159293859328e-12 
-1.2539144671374624e-13 0.02107027057809318 -2.196989953517766e-12 
-0.0004666598104385988 0.016255993671301885 -1.9987179814198305e-6 
-0.0004942306701788303 0.021070541848915162 -1.3009386298014915e-6 
-8.988860069874388e-14 0.007892105668628484 -8.188315531651637e-13 
-1.0463487940914708e-13 0.011818637205544907 -1.2268186786986388e-12 
-0.00036462269793167913 0.007892792691258184 -3.3950299129768977e-6 
-0.0004186182444157021 0.011819200383121864 -2.6930528010802126e-6 
-5.0900345781968846e-14 0.0021146262032764175 -2.209579650683429e-13 
-7.157714977282678e-14 0.004612146621989625 -4.792765153781668e-13 
-0.0002084454565436382 0.0021154361823241307 -4.427603609800128e-6 
-0.00028922863463073126 0.0046130298013945074 -4.12896946275147e-6 
-2.5921970503928155e-14 0.0005356714127476335 -5.734212324050929e-14 
-0.00010546115049671447 0.0005370122471358384 -5.6321501353999055e-6 
-0.0002084454566648463 0.002115436184538261 4.4276031894554464e-6 
-0.00010546115055768872 0.0005370122476976977 5.632150030552174e-6 
-0.0003646226981443553 0.007892792699542602 3.3950283466733393e-6 
-0.0002892286347982716 0.004613029806228219 4.12896854725087e-6 
-0.0004666598107036034 0.016255993688362256 1.9987147460388114e-6 
-0.0004186182446558162 0.011819200395535105 2.693050453387934e-6 
-0.0005160022651456107 0.026131554407327694 6.484653034788287e-7 
-0.0004942306704450143 0.02107054187095668 1.3009344247456855e-6 
-0.0005159263452926056 0.036495998971834684 -5.924721216469697e-7 
-0.0005186407064096121 0.031314201438452045 -4.534911543229458e-9 
-0.00047137593138975585 0.046408681513014076 -1.6811074905143569e-6 
-0.000496001699047443 0.04156403530903373 -1.1794757098381854e-6 
-0.0003889097613700226 0.055044186164651496 -2.576986161131681e-6 
-0.00043207779483603624 0.05093299058643527 -2.18119600775401e-6 
-0.00027655536644640203 0.06172317460801832 -3.244736785342098e-6 
-0.0003341749511022635 0.05866501668235548 -2.970860126944342e-6 
-0.00014355182543921162 0.06593927134645357 -3.656956148625583e-6 
-0.0002109440635150763 0.06416422401322326 -3.5164353165715627e-6 
5.27209222368352e-13 0.06737986987543605 -3.7963346618834217e-6 
-7.20770015379414e-5 0.06701896409309052 -3.7951374073927655e-6 
0.00014355182635214975 0.0659392713269644 -3.656956335180534e-6 
7.207700253659688e-5 0.06701896408299901 -3.7951375043364864e-6 
0.0002765553670160014 0.06172317457390212 -3.244737104708361e-6 
0.0002109440642626551 0.06416422398557312 -3.516435577403382e-6 
0.0003889097615613892 0.05504418612306093 -2.576986547856052e-6 
0.00033417495148285763 0.05866501664357529 -2.970860488691976e-6 
0.00047137593123302635 0.046408681471105356 -1.6811078716737746e-6 
0.00043207779484969063 0.05093299054383298 -2.1811964005406497e-6 
0.0005159263448870811 0.03649599893550218 -5.924724405232467e-7 
0.0004960016987591757 0.041564035269301663 -1.1794760645130153e-6 
0.0005160022646231776 0.026131554380182775 6.484650705235876e-7 
0.0005186407059375526 0.031314201406423506 -4.53518844574869e-9 
0.0004666598102051488 0.016255993671301365 1.998714600475283e-6 
0.0004942306699280597 0.02107054184891486 1.300934235878777e-6 
0.0003646226977519197 0.007892792691257436 3.3950282754592086e-6 
0.0004186182442064377 0.011819200383121281 2.6930503475634134e-6 
0.00020844545644188134 0.0021154361823232794 4.427603168058072e-6 
0.00028922863448757385 0.004613029801393632 4.128968504382304e-6 
0.00010546115044484019 0.0005370122471345478 5.6321500209802784e-6 

VECTORS eigenmode2 float
0.0 0.0 0.0 
0.0 0.0 0.0 
0.0 0.0 0.0 
0.0 0.0 0.0 
0.0 0.0 0.0 
0.0 0.0 0.0 
0.0 0.0 0.0 
0.0 0.0 0.0 
0.0 0.0 0.0 
0.0 0.0 0.0 
0.0 0.0 0.0 
0.0 0.0 0.0 
0.0 0.0 0.0 
0.0 0.0 0.0 
0.0 0.0 0.0 
0.0 0.0 0.0 
0.0 0.0 0.0 
0.0 0.0 0.0 
0.0 0.0 0.0 
0.0 0.0 0.0 
0.0 0.0 0.0 
0.0 0.0 0.0 
0.0 0.0 0.0 
0.0 0.0 0.0 
0.0 0.0 0.0 
0.0 0.0 0.0 
0.0 0.0 0.0 
0.0 0.0 0.0 
0.0 0.0 0.0 
0.0 0.0 0.0 
0.0 0.0 0.0 
0.0 0.0 0.0 
0.0009943293197468984 1.5565375767043913e-5 0.0021769627554612536 
0.001738992844107006 1.2977661765440972e-5 0.00798508113098733 
0.0022240073506368946 7.806303572731304e-6 0.01635061362873501 
0.0024578785923338687 2.5093269539246475e-6 0.026207959260082146 
0.002456682779322204 -2.4094249634911184e-6 0.036541573730707114 
0.0022440438350258356 -6.732113861898619e-6 0.046418068689001814 
0.0018511758482273042 -1.0290518650242972e-5 0.05501835417213812 
0.0013162515477151604 -1.2942970537408874e-5 0.06166828311130999 
0.0006831904845391091 -1.4580420264188013e-5 0.06586534850600695 
3.76171774210237e-14 -1.513407309191818e-5 0.06729933374013798 
-0.0006831904844431427 -1.4580423766103675e-5 0.0658653485078327 
-0.0013162515476122254 -1.2942976873963493e-5 0.06166828311475317 
-0.0018511758481333828 -1.0290526757137276e-5 0.055018354176735375 
-0.002244043834957929 -6.732122500469972e-6 0.04641806869416618 
-0.0024566827793119864 -2.409432948759575e-6 0.03654157373576532 
-0.0024578785923978436 2.5093205195316396e-6 0.02620795926436604 
-0.002224007350750249 7.80629919634274e-6 0.01635061363176075 
-0.0017389928442291768 1.2977659490542222e-5 0.00798508113261282 
-0.0009943293198311786 1.556537513036341e-5 0.002176962755936309 
0.0005131136126645997 2.5304150279978515e-5 0.000581203282190673 
0.001389556300760775 1.6845286325338028e-5 0.004694895994245158 
0.00200382873274426 1.0721427046795605e-5 0.011915692136084932 
0.0023620625732802616 5.136684852473734e-6 0.021157909775408726 
0.0024766635838003176 -4.8450365557735886e-8 0.03137598378214258 
0.0023673713768507195 -4.708180036333147e-6 0.04159135188242911 
0.0020616099949007593 -8.679970128475877e-6 0.05092378517467091 
0.0015941505614391598 -1.1810744105726848e-5 0.05862302389867422 
0.001006164571943608 -1.3973690531463493e-5 0.06409773633090432 
0.0003437740139520125 -1.5078583429768173e-5 0.06693942386571004 
-0.0003437740138652329 -1.5078585231254756e-5 0.06693942386663214 
-0.0010061645718402 -1.397369556552509e-5 0.06409773633358402 
-0.0015941505613392888 -1.1810751475659945e-5 0.058623023902761334 
-0.002061609994817625 -8.679978660879261e-6 0.05092378517963277 
-0.002367371376810076 -4.708188482315804e-6 0.04159135188762699 
-0.0024766635838294887 -4.845766558649582e-8 0.031375983786891 
-0.002362062573374277 5.1366794115345475e-6 0.02115790977910436 
-0.0020038287328679647 1.0721423746565653e-5 0.011915692138404762 
-0.0013895563008707547 1.6845284960606085e-5 0.00469489599523789 
-0.0005131136127126341 2.5304150125101156e-5 0.0005812032823165545 
-0.0009943293194999863 -1.5565374511554605e-5 0.002176962755452067 
-0.001738992843708946 -1.2977657248400942e-5 0.007985081130982025 
-0.002224007350183869 -7.80629476372572e-6 0.01635061362873448 
-0.0024578785919152257 -2.509313753400911e-6 0.026207959260085813 
-0.0024566827790142715 2.4094418229331e-6 0.036541573730714275 
-0.002244043834878937 6.732133011801482e-6 0.04641806868901045 
-0.0018511758482666937 1.0290538336039422e-5 0.055018354172147385 
-0.001316251547911933 1.2942989025173441e-5 0.06166828311131742 
-0.0006831904848490793 1.4580436198480867e-5 0.06586534850601089 
-4.041085396970366e-13 1.5134085611900952e-5 0.06729933374013872 
0.0006831904840987803 1.4580432696799556e-5 0.06586534850783028 
0.0013162515473384801 1.2942982699587151e-5 0.06166828311474933 
0.0018511758479388147 1.0290530236238893e-5 0.055018354176731586 
0.0022440438348328225 6.732124380415584e-6 0.04641806869416287 
0.002456682779239414 2.409433842566693e-6 0.03654157373576333 
0.002457878592358751 -2.5093201860262953e-6 0.026207959264364512 
0.002224007350734106 -7.806299142419675e-6 0.016350613631759898 
0.0017389928442274342 -1.2977659527924803e-5 0.007985081132612358 
0.0009943293198354892 -1.556537515464554e-5 0.0021769627559362166 
-0.0005131136125382875 -2.5304149965813053e-5 0.000581203282176899 
-0.001389556300434308 -1.6845283628088323e-5 0.00469489599423713 
-0.0020038287323147714 -1.0721420452298411e-5 0.011915692136082083 
-0.0023620625728408566 -5.136673804515867e-6 0.021157909775410603 
-0.002476663583434291 4.846553411991351e-8 0.031375983782148294 
-0.002367371376621579 4.70819824237497e-6 0.041591351882437635 
-0.0020616099948471984 8.679989780494318e-6 0.05092378517468099 
-0.0015941505615589592 1.1810763389031261e-5 0.058623023898682396 
-0.0010061645721987107 1.3973707883939188e-5 0.06409773633091059 
-0.00034377401429338096 1.5078597728255579e-5 0.06693942386571293 
0.00034377401350647565 1.5078595928569873e-5 0.0669394238666308 
0.0010061645715302126 1.3973702855348097e-5 0.06409773633358085 
0.0015941505611052956 1.1810756029089207e-5 0.058623023902757206 
0.0020616099946583304 8.679981254099816e-6 0.05092378517962933 
0.0023673713767121732 4.708189803240503e-6 0.04159135188762429 
0.002476663583774258 4.84582372971352e-8 0.03137598378688929 
0.0023620625733469895 -5.136679246531083e-6 0.02115790977910328 
0.0020038287328593874 -1.0721423756514087e-5 0.011915692138404028 
0.0013895563008724428 -1.6845284999394492e-5 0.004694895995237557 
0.0005131136127152275 -2.53041501319801e-5 0.0005812032823168161 
0.0009943293195005232 -1.5565374519483264e-5 0.0021769627554487467 
0.0017389928437095737 -1.2977657265351792e-5 0.007985081130974887 
0.0022240073501844865 -7.806294790509087e-6 0.01635061362872333 
0.002457878591915724 -2.5093137891262572e-6 0.026207959260070954 
0.0024566827790148092 2.4094417750879184e-6 0.03654157373069437 
0.002244043834879505 6.732132954044602e-6 0.04641806868898683 
0.0018511758482676322 1.0290538266935037e-5 0.055018354172118505 
0.0013162515479126123 1.294298894583157e-5 0.061668283111284215 
0.000683190484849435 1.4580436109407409e-5 0.06586534850597407 
4.0472943329579225e-13 1.513408552314644e-5 0.06729933374010147 
-0.0006831904840985369 1.4580432609744605e-5 0.06586534850779406 
-0.0013162515473383164 1.2942982614269896e-5 0.06166828311471378 
-0.0018511758479393212 1.0290530166126705e-5 0.05501835417670238 
-0.0022440438348326126 6.732124322621659e-6 0.046418068694138816 
-0.0024566827792395175 2.409433796974264e-6 0.03654157373574414 
-0.0024578785923586905 -2.509320218494643e-6 0.026207959264350888 
-0.0022240073507340014 -7.806299165242492e-6 0.0163506136317504 
-0.0017389928442274236 -1.2977659542645751e-5 0.007985081132606132 
-0.0009943293198357139 -1.5565375161534076e-5 0.0021769627559333217 
0.0005131136125387963 -2.5304149969185325e-5 0.00058120328217549 
0.001389556300434871 -1.6845283640367218e-5 0.004694895994232004 
0.0020038287323153854 -1.0721420474249473e-5 0.011915692136072903 
0.0023620625728413844 -5.136673836205574e-6 0.021157909775397377 
0.0024766635834349844 4.8465492670423516e-8 0.03137598378213097 
0.0023673713766221047 4.708198189958321e-6 0.04159135188241572 
0.0020616099948478463 8.679989717859587e-6 0.05092378517465481 
0.0015941505615596817 1.1810763314472863e-5 0.05862302389865143 
0.00100616457219959 1.3973707799407699e-5 0.06409773633087519 
0.0003437740142936272 1.5078597640114614e-5 0.06693942386567621 
-0.0003437740135061216 1.507859583931814e-5 0.06693942386659373 
-0.001006164571529704 1.3973702769432126e-5 0.06409773633354482 
-0.0015941505611055638 1.1810755950231002e-5 0.058623023902724246 
-0.0020616099946584596 8.67998119216672e-6 0.0509237851796037 
-0.0023673713767122214 4.708189751244318e-6 0.04159135188760266 
-0.002476663583774293 4.845819911408741e-8 0.03137598378687344 
-0.002362062573346865 -5.1366792736956664e-6 0.021157909779092 
-0.002003828732859332 -1.0721423774961313e-5 0.011915692138396328 
-0.0013895563008725466 -1.684528501016933e-5 0.004694895995233058 
-0.0005131136127155402 -2.5304150134893287e-5 0.0005812032823155752 
-0.0009943293197473746 1.5565375774965046e-5 0.002176962755457962 
-0.0017389928441075373 1.2977661782357312e-5 0.007985081130980289 
-0.002224007350637428 7.806303599391847e-6 0.016350613628723948 
-0.002457878592334413 2.509326989822768e-6 0.026207959260067196 
-0.002456682779322901 -2.4094249158660815e-6 0.03654157373068716 
-0.0022440438350263834 -6.732113804525286e-6 0.04641806868897738 
-0.0018511758482278875 -1.029051858146677e-5 0.055018354172109436 
-0.00131625154771556 -1.2942970458294051e-5 0.061668283111277075 
-0.000683190484538972 -1.4580420174989624e-5 0.06586534850596919 
-3.7406131748000357e-14 -1.5134073003189176e-5 0.06729933374010102 
0.0006831904844440047 -1.4580423678713206e-5 0.06586534850779632 
0.001316251547613257 -1.2942976788296475e-5 0.06166828311471727 
0.0018511758481350711 -1.0290526686756194e-5 0.05501835417670605 
0.00224404383495899 -6.732122442637757e-6 0.046418068694141765 
0.0024566827793135525 -2.4094329031252967e-6 0.03654157373574627 
0.0024578785923991555 2.5093205521289505e-6 0.026207959264352456 
0.0022240073507513343 7.80629921926978e-6 0.01635061363175123 
0.0017389928442300404 1.2977659505211765e-5 0.007985081132606708 
0.000994329319831847 1.556537513725225e-5 0.002176962755933431 
-0.0005131136126650794 2.530415028334941e-5 0.0005812032821892602 
-0.0013895563007612457 1.6845286337628147e-5 0.004694895994240051 
-0.0020038287327447837 1.0721427068720328e-5 0.011915692136075818 
-0.002362062573280795 5.136684884066082e-6 0.02115790977539556 
-0.0024766635838010366 -4.845032399316002e-8 0.031375983782125236 
-0.002367371376851326 -4.708179983726868e-6 0.04159135188240738 
-0.0020616099949013916 -8.679970065913291e-6 0.0509237851746451 
-0.0015941505614396336 -1.181074403106986e-5 0.058623023898643115 
-0.0010061645719439012 -1.3973690447158761e-5 0.0640977363308693 
-0.0003437740139517031 -1.5078583341928727e-5 0.06693942386567345 
0.0003437740138657728 -1.507858514248181e-5 0.06693942386659518 
0.0010061645718408313 -1.397369547928286e-5 0.0640977363335481 
0.001594150561340799 -1.1810751397181436e-5 0.05862302390272878 
0.002061609994818951 -8.679978599244341e-6 0.050923785179607065 
0.0023673713768114536 -4.708188430158034e-6 0.04159135188760539 
0.0024766635838309897 -4.84576274574309e-8 0.03137598378687529 
0.002362062573375502 5.13667943850558e-6 0.021157909779093178 
0.0020038287328689617 1.0721423765021994e-5 0.011915692138397107 
0.0013895563008715498 1.684528497141689e-5 0.004694895995233396 
0.0005131136127131768 2.5304150128025985e-5 0.0005812032823153487 
0.0 0.0 0.0 
0.0 0.0 0.0 
0.0 0.0 0.0 
0.0 0.0 0.0 
0.0 0.0 0.0 
0.0 0.0 0.0 
0.0 0.0 0.0 
0.0 0.0 0.0 
0.0 0.0 0.0 
0.0 0.0 0.0 
0.0 0.0 0.0 
0.0 0.0 0.0 
0.0 0.0 0.0 
0.0 0.0 0.0 
0.0 0.0 0.0 
0.0 0.0 0.0 
0.0 0.0 0.0 
0.0 0.0 0.0 
1.23195718430825e-13 6.335876079630838e-13 0.0021573893125220256 
1.9892930304977906e-13 2.2617912233663345e-12 0.007969175612667807 
2.2643282582819428e-13 4.404863257716093e-12 0.01634120198099451 
2.09282905149308e-13 6.598074359037703e-12 0.026204996197140243 
1.5397056745868438e-13 8.425504452697507e-12 0.0365445502883051 
7.341484064332031e-14 9.56954689162133e-12 0.046426257249176844 
-1.973848664673529e-14 9.837325473139886e-12 0.05503083287841046 
-9.826276509363151e-14 9.239425586693462e-12 0.06168396011766116 
-1.5494683527360878e-13 7.964378931764842e-12 0.06588300013998574 
-1.832215935264226e-13 6.259702340269236e-12 0.06731765306722068 
-1.7219509989984106e-13 4.4668621817849674e-12 0.0658830001418098 
-1.3679362607602767e-13 2.915184659825447e-12 0.061683960121101986 
-9.734530582278077e-14 1.7417910715824336e-12 0.05503083288300528 
-6.256018947129129e-14 9.420404290525676e-13 0.046426257254339534 
-3.6282072735213224e-14 4.4817361248868106e-13 0.03654455029336284 
-1.955856309612222e-14 1.6765838364087828e-13 0.026204996201424687 
-8.078918983605147e-15 2.7453248605368783e-14 0.016341201984021086 
-8.823416684185281e-16 -1.8382517408204265e-14 0.007969175614294225 
2.1462463045676238e-15 -1.2091821011959676e-14 0.00215738931299813 
0.0004946533304762597 7.888359171240777e-6 0.0021625654441810058 
6.336040116534106e-14 1.649206192583806e-13 0.000551448056538041 
0.0002538340330918531 1.2618969351569823e-5 0.0005587117735742439 
-0.0004946533302293531 -7.888357907106173e-6 0.002162565444176214 
-0.00025383403296549983 -1.2618969025477288e-5 0.0005587117735676305 
0.0008656711449187948 6.5439091227122e-6 0.007973271542133597 
1.6319848545845343e-13 1.353371220942477e-12 0.004674982685975421 
0.0006934035394009329 8.376951965511774e-6 0.0046798580032635945 
-0.0008656711445207159 -6.5439046008093416e-6 0.00797327154213089 
-0.0006934035390744866 -8.376949261121232e-6 0.004679858003259627 
0.001108046072865979 3.9138777139561535e-6 0.016343579103694644 
2.146808784977093e-13 3.2989566085866016e-12 0.011902876050023737 
0.001000822789128963 5.349676462990441e-6 0.011906056591964148 
-0.0011080460724129646 -3.913868904471577e-6 0.01634357910369434 
-0.00100082278869949 -5.349669865899445e-6 0.011906056591962751 
0.001225196019157014 1.2484513684088873e-6 0.026205729137375833 
2.1964511538413765e-13 5.52285214790313e-12 0.021151710666592157 
0.0011800268837531777 2.572058039595412e-6 0.021153265370834663 
-0.0012251960187383618 -1.2484381709969527e-6 0.026205729137377665 
-0.0011800268833137796 -2.5720469933775863e-6 0.021153265370835603 
0.0012249700186905367 -1.217765031967479e-6 0.036543786646495505 
1.8294951070651525e-13 7.58089113620521e-12 0.0313759713134795 
0.0012374120447243388 -1.4389693346237006e-8 0.03137599010129867 
-0.0012249700183825506 1.217781884809586e-6 0.03654378664649903 
-0.001237412044358332 1.4404856834615141e-8 0.031375990101301494 
0.0011191481018330187 -3.3832749165409e-6 0.04642418402047551 
1.145030971702458e-13 9.098032004359957e-12 0.04159690601245843 
0.0011828785713048993 -2.340388791969243e-6 0.04159553957217086 
-0.001119148101686158 3.3832940580030876e-6 0.04642418402047982 
-0.0011828785710758147 2.340406990566136e-6 0.04159553957217506 
0.0009233229257834653 -5.165689925435365e-6 0.05502768218151293 
2.6850669113313833e-14 9.820091950594675e-12 0.050934084029506076 
0.0010301405488638655 -4.323151012900341e-6 0.05093153651236893 
-0.0009233229258229561 5.1657096026905015e-6 0.05502768218151772 
-0.0010301405488102001 4.323170655988978e-6 0.050931536512373865 
0.0006565611204131466 -6.494341694895422e-6 0.061680006152092896 
-5.988253616378929e-14 9.636672380386036e-12 0.05863706216456161 
0.0007965799197678817 -5.886012004244545e-6 0.058633583889295654 
-0.0006565611206097877 6.494360175797123e-6 0.061680006152096636 
-0.0007965799198876778 5.8860312800546235e-6 0.058633583889299616 
0.00034079602068871754 -7.314592210724863e-6 0.06587855020002417 
-1.2757100293732717e-13 8.672594906608623e-12 0.06411435768164597 
0.0005027764495869734 -6.965695926402338e-6 0.06411023653207644 
-0.00034079602099869506 7.3146081412151515e-6 0.06587855020002616 
-0.0005027764498421405 6.965713273455294e-6 0.06411023653207944 
-7.315915280566102e-14 -7.591940310640667e-6 0.06731303541292316 
-1.7057673448022226e-13 7.147521101899827e-12 0.06695736462228742 
0.00017178359263578813 -7.517214499449581e-6 0.06695291512372022 
-2.9339464138583837e-13 7.5919528299405575e-6 0.06731303541292336 
-0.00017178359297707568 7.517228795228118e-6 0.06695291512372172 
-0.00034079602080540594 -7.314595709579801e-6 0.06587855020184924 
-1.7931579106121227e-13 5.349519221129372e-12 0.06695736462320795 
-0.00017178359276754892 -7.5172162987336485e-6 0.06695291512464176 
0.00034079602046096667 7.3146046428288056e-6 0.06587855020184814 
0.00017178359240883093 7.5172269971068805e-6 0.06695291512464105 
-0.0006565611204798826 -6.494348023594063e-6 0.06168000615553527 
-1.5497649164101645e-13 3.646937143445872e-12 0.06411435768432297 
-0.0005027764496769164 -6.9657009548760285e-6 0.06411023653475538 
0.0006565611202062351 6.4943538528349804e-6 0.0616800061555336 
0.0005027764493669377 6.9657082474064725e-6 0.06411023653475362 
-0.0009233229257954574 -5.1656980246800785e-6 0.05502768218611004 
-1.169910828823957e-13 2.2794766014782044e-12 0.05863706216864558 
-0.0007965799198064382 -5.886019365985141e-6 0.05863358389338213 
0.0009233229256008365 5.1657015076539094e-6 0.055027682186108026 
0.0007965799195724456 5.886023922839509e-6 0.05863358389337981 
-0.0011191481017937955 -3.3832835475084815e-6 0.046424184025640164 
-7.966896202430727e-14 1.298625740021926e-12 0.05093408403446513 
-0.0010301405488487734 -4.323159537998857e-6 0.05093153651733046 
0.0011191481016686864 3.383285430299978e-6 0.046424184025638415 
0.0010301405486894605 4.323162134011152e-6 0.05093153651732857 
-0.0012249700186262268 -1.2177730117265796e-6 0.03654378665155437 
-4.8938117921894676e-14 6.620999483618783e-13 0.04159690601765493 
-0.0011828785712517833 -2.3403972312073404e-6 0.04159553957736915 
0.0012249700185536698 1.2177739073347664e-6 0.03654378665155348 
0.0011828785711539213 2.340398554792821e-6 0.04159553957736778 
-0.001225196019093007 1.2484449367391728e-6 0.026205729141660784 
-2.764165626901061e-14 2.8693799653935394e-13 0.031375971318227974 
-0.0012374120446610568 -1.4396989349349767e-8 0.03137599010604813 
0.0012251960190539266 -1.2484446017869606e-6 0.02620572914166002 
0.00123741204460579 1.4397562478231695e-8 0.03137599010604724 
-0.0011080460728120332 3.91387333716949e-6 0.016343579106720983 
-1.3663467277570783e-14 8.315575815305953e-14 0.021151710670288332 
-0.0011800268836968046 2.5720525997031953e-6 0.021153265374531105 
0.0011080460727959057 -3.913873282476634e-6 0.01634357910672056 
0.001180026883669502 -2.57205243384509e-6 0.021153265374530526 
-0.0008656711448793049 6.5439068444362796e-6 0.007973271543759139 
-4.2867751850093416e-15 -4.5118613851348144e-15 0.011902876052344292 
-0.0010008227890852181 5.349673160827302e-6 0.01190605659428429 
0.000865671144877564 -6.543906881412011e-6 0.007973271543758912 
0.0010008227890766436 -5.349673170106196e-6 0.01190605659428392 
-0.0004946533304544351 7.88835852870397e-6 0.0021625654446556755 
8.32607994232834e-16 -1.9183874307695856e-14 0.004674982686969032 
-0.0006934035393734121 8.376950595720655e-6 0.004679858004256033 
0.0004946533304587569 -7.888358552911192e-6 0.0021625654446556382 
0.0006934035393750908 -8.376950634165258e-6 0.004679858004255858 
1.2954348339764829e-15 -3.571466944976346e-15 0.0005514480566646706 
-0.00025383403308277684 1.2618969187783026e-5 0.0005587117736990098 
0.00025383403308536744 -1.2618969194867218e-5 0.0005587117736991298 
-1.2316768141899235e-13 6.335880893029833e-13 0.002157389312518731 
-1.9886994365999103e-13 2.26178551993695e-12 0.00796917561266074 
-2.2641493208480938e-13 4.404853085985836e-12 0.016341201980983308 
-2.0928161080506042e-13 6.598145633820691e-12 0.02620499619712509 
-1.5395657316014216e-13 8.425372292892762e-12 0.03654455028828513 
-7.342308504658982e-14 9.569478668399518e-12 0.046426257249152905 
1.975889851478942e-14 9.837507547107145e-12 0.05503083287838197 
9.853043631307818e-14 9.23951001204589e-12 0.06168396011762824 
1.5520213015830332e-13 7.964625814162386e-12 0.06588300013994858 
1.8353906994057545e-13 6.259756321165456e-12 0.06731765306718371 
1.7270736042594364e-13 4.4667601375469824e-12 0.06588300014177349 
1.3746102593581583e-13 2.914863596461675e-12 0.06168396012106598 
9.786755984146078e-14 1.7420771878380592e-12 0.05503083288297577 
6.319279882959019e-14 9.419101582094033e-13 0.0464262572543156 
3.702229693991346e-14 4.4808533633140336e-13 0.03654455029334402 
2.0241670038394744e-14 1.6767291467394152e-13 0.026204996201411035 
8.676587827548537e-15 2.7533205699025398e-14 0.016341201984011452 
1.318002910612809e-15 -1.8416701675052254e-14 0.007969175614288082 
-1.9126120408119814e-15 -1.2095281201203022e-14 0.0021573893129952343 
-6.334278338923221e-14 1.6491993811441383e-13 0.0005514480565366176 
0.0004946533302297706 -7.888357911071728e-6 0.002162565444172912 
0.0002538340329658983 -1.2618969027157832e-5 0.0005587117735662095 
-0.0004946533304766185 7.888359175199915e-6 0.002162565444177721 
-0.0002538340330922196 1.2618969353249216e-5 0.0005587117735728214 
-1.6314648469506236e-13 1.353360195511978e-12 0.00467498268597031 
0.0008656711445212173 -6.543904609266021e-6 0.007973271542123808 
0.0006934035390749359 -8.376949267250489e-6 0.004679858003254505 
-0.0008656711449191775 6.543909131177381e-6 0.007973271542126556 
-0.0006934035394012861 8.376951971652821e-6 0.004679858003258476 
-2.1463875426673926e-13 3.29894865284842e-12 0.011902876050014614 
0.001108046072413443 -3.913868917861989e-6 0.016343579103683187 
0.0010008227886999723 -5.349669876886055e-6 0.011906056591953592 
-0.0011080460728663962 3.913877727337629e-6 0.016343579103683503 
-0.0010008227891293625 5.3496764739691695e-6 0.011906056591955044 
-2.1963465061863651e-13 5.5228211967679945e-12 0.021151710666578963 
0.001225196018738766 -1.2484381891325915e-6 0.026205729137362705 
0.0011800268833141864 -2.572047009188692e-6 0.021153265370822332 
-0.0012251960191574215 1.2484513862842755e-6 0.026205729137360915 
-0.001180026883753582 2.572058055475757e-6 0.021153265370821434 
-1.8300014778784953e-13 7.580948388480676e-12 0.031375971313462134 
0.0012249700183829995 1.2177818608769322e-6 0.03654378664647907 
0.0012374120443588497 1.4404836054688516e-8 0.031375990101284154 
-0.0012249700186910324 -1.2177650079775728e-6 0.03654378664647547 
-0.0012374120447249306 -1.4389672550544205e-8 0.03137599010128131 
-1.146213923974593e-13 9.098013913190817e-12 0.0415969060124365 
0.0011191481016865716 3.3832940292762794e-6 0.04642418402045603 
0.0011828785710761634 2.340406964294638e-6 0.04159553957215317 
-0.0011191481018334659 -3.3832748876302013e-6 0.04642418402045125 
-0.0011828785713054216 -2.3403887656428903e-6 0.041595539572148996 
-2.6712986058498728e-14 9.820096019276614e-12 0.05093408402947993 
0.0009233229258235979 5.165709568451634e-6 0.05502768218148888 
0.0010301405488107962 4.32317062481122e-6 0.05093153651234782 
-0.0009233229257839762 -5.165689891068915e-6 0.05502768218148436 
-0.001030140548864265 -4.323150981558309e-6 0.050931536512342966 
6.002447979149714e-14 9.636604011795723e-12 0.05863706216453043 
0.000656561120610436 6.494360136342119e-6 0.06168000615206352 
0.0007965799198882659 5.886031242613404e-6 0.05863358388926865 
-0.0006565611204133344 -6.494341655209883e-6 0.06168000615205989 
-0.0007965799197681907 -5.886011966996299e-6 0.05863358388926443 
1.2774809354688664e-13 8.672534748096202e-12 0.06411435768161076 
0.00034079602099903767 7.314608096898386e-6 0.06587855019998912 
0.0005027764498428215 6.96571323106451e-6 0.06411023653204424 
-0.0003407960206885499 -7.3145921664407205e-6 0.06587855019998665 
-0.0005027764495872235 -6.965695884066663e-6 0.06411023653204131 
1.709562856873042e-13 7.147359752847848e-12 0.06695736462225096 
2.939323175398319e-13 7.591952785737158e-6 0.06731303541288634 
0.00017178359297737898 7.517228751323071e-6 0.06695291512368513 
7.332950700282e-14 -7.5919402662993265e-6 0.06731303541288622 
-0.00017178359263541013 -7.51721445554132e-6 0.06695291512368368 
1.7978641559649893e-13 5.3493860622769345e-12 0.06695736462317076 
-0.00034079602046068445 7.314604599141016e-6 0.06587855020181184 
-0.00017178359240844023 7.51722695245779e-6 0.06695291512460391 
0.000340796020806138 -7.314595665831491e-6 0.06587855020181284 
0.0001717835927680894 -7.5172162539061366e-6 0.06695291512460465 
1.5555557226197208e-13 3.646993596582918e-12 0.0641143576842873 
-0.0006565611202059161 6.494353809860846e-6 0.061680006155497895 
-0.0005027764493664238 6.965708204560686e-6 0.06411023653471785 
0.0006565611204808669 -6.494347980836806e-6 0.061680006155499414 
0.0005027764496775437 -6.96570091189325e-6 0.06411023653471942 
1.1762576744966842e-13 2.2791037349308166e-12 0.05863706216861307 
-0.0009233229256011299 5.165701472316495e-6 0.055027682186078675 
-0.000796579919572502 5.886023883747345e-6 0.05863358389334723 
0.0009233229257968578 -5.16569798957073e-6 0.05502768218608057 
0.0007965799198077527 -5.886019326696444e-6 0.05863358389334948 
8.024051035146621e-14 1.2987552115459292e-12 0.050934084034439525 
-0.0011191481016683987 3.3832854017553935e-6 0.046424184025614455 
-0.0010301405486894417 4.3231621030573185e-6 0.05093153651730291 
0.0011191481017947444 -3.3832835189285137e-6 0.04642418402561589 
0.0010301405488499183 -4.323159506859898e-6 0.05093153651730464 
4.9689007127670647e-14 6.621489180022274e-13 0.0415969060176332 
-0.0012249700185535987 1.217773884670385e-6 0.0365437866515344 
-0.0011828785711537487 2.340398528622027e-6 0.04159553957734612 
0.0012249700186276113 -1.2177729892167356e-6 0.03654378665153554 
0.0011828785712530516 -2.340397205142405e-6 0.041595539577347455 
2.8335779582200576e-14 2.868933862453624e-13 0.03137597131821205 
-0.0012251960190537094 -1.2484446180130698e-6 0.026205729141646376 
-0.0012374120446056866 1.439754333181675e-8 0.03137599010603135 
0.0012251960190941848 1.248444952843875e-6 0.0262057291416472 
0.0012374120446623502 -1.4396970124249207e-8 0.03137599010603224 
1.432687551720875e-14 8.30887700379835e-14 0.021151710670277088 
-0.001108046072795685 -3.913873294018368e-6 0.016343579106711 
-0.0011800268836692602 -2.572052447396904e-6 0.021153265374519312 
0.0011080460728130196 3.913873348530603e-6 0.01634357910671144 
0.0011800268836979044 2.5720526133299166e-6 0.021153265374519867 
4.8196695876610445e-15 -4.510044995295352e-15 0.011902876052336656 
-0.0008656711448774517 -6.543906888724752e-6 0.007973271543752714 
-0.0010008227890764823 -5.349673179286088e-6 0.011906056594276236 
0.0008656711448800803 6.543906851769163e-6 0.00797327154375301 
0.001000822789086111 5.349673170051404e-6 0.011906056594276642 
-4.952424826013398e-16 -1.9171268635319436e-14 0.004674982686964548 
-0.000494653330458868 -7.888358556357656e-6 0.0021625654446527343 
-0.0006934035393750997 -8.376950639566655e-6 0.0046798580042513626 
0.0004946533304550067 7.888358532155199e-6 0.0021625654446527846 
0.0006934035393741008 8.376950601113097e-6 0.004679858004251536 
-1.18411793031132e-15 -3.56540931587809e-15 0.0005514480566634394 
-0.0002538340330855872 -1.2618969196314518e-5 0.0005587117736978904 
0.00025383403308322153 1.2618969189243284e-5 0.0005587117736977861 
0.0009957979362496248 6.229525225394861e-13 0.002180167865114051 
0.0017395922737329372 2.2495227519407457e-12 0.007987767199152562 
0.0022243126622613543 4.391050924894902e-12 0.016352238220682647 
0.00245810714021323 6.582746005034699e-12 0.026208486160053023 
0.0024568786751390822 8.406529894790095e-12 0.03654107853321566 
0.0022442094894914305 9.546975676941168e-12 0.0464166748246218 
0.0018513063085746455 9.809254053829895e-12 0.05501622054003973 
0.0013163416883089439 9.204985623591384e-12 0.061665598091007405 
0.0006832365376559843 7.92318077829826e-12 0.06586232311233182 
2.2117955303834073e-13 6.215718685781167e-12 0.0672961932629091 
-0.0006832365372324885 4.421720295926464e-12 0.06586232311415446 
-0.001316341687970336 2.869861675006758e-12 0.06166559809444328 
-0.0018513063083635043 1.7041268582543407e-12 0.05501622054462978 
-0.0022442094894340333 9.10809218308007e-13 0.04641667482977922 
-0.002456878675246342 4.2385275022366287e-13 0.036541078538268844 
-0.0024581071404667543 1.50404823936931e-13 0.026208486164334504 
-0.002224312662592884 1.548935156874459e-14 0.01635223822370885 
-0.0017395922740531186 -2.610176650476048e-14 0.007987767200781174 
-0.0009957979364597343 -1.5593608023811647e-14 0.002180167865594413 
0.0005121534414271515 1.5379862253352404e-13 0.0005864855339603552 
0.0009955139524644308 7.853081251120028e-6 0.0021793594833997773 
0.0005123466875850318 1.2613750803457028e-5 0.0005851681928450063 
0.0013894608221485323 1.3416143085330155e-12 0.004698420894601058 
0.001739483231037303 6.524655248634926e-6 0.007987092265871739 
0.0013894688469853742 8.39385536026325e-6 0.004697542544407294 
0.0020039927919553715 3.2859729017414806e-12 0.011917928160086569 
0.002224255324250179 3.914064654304357e-6 0.016351831433112113 
0.0020039528627134383 5.351234896206375e-6 0.01191736983774696 
0.0023622718728930937 5.508311220047759e-12 0.021158976974336382 
0.00245806131556797 1.2567644055112898e-6 0.026208354824424813 
0.002362226073771897 2.5662569625359125e-6 0.021158709969172896 
0.0024768650055467752 7.564142071482242e-12 0.031375968246767506 
0.0024568381967955224 -1.205156239671074e-6 0.036541203130484576 
0.002476822121494636 -2.4167092217189045e-8 0.03137597157024159 
0.0023675494462509264 9.077699654208848e-12 0.04159036370030164 
0.0022441749409452933 -3.367289378109022e-6 0.046417024337174574 
0.0023675118272304847 -2.3533947003766303e-6 0.0415906099668386 
0.0020617567054905545 9.795823076411044e-12 0.050921967911527935 
0.0018512790328697232 -5.146838645774135e-6 0.055016755187496526 
0.0020617257746638105 -4.339023917067792e-6 0.05092242127165065 
0.0015942599281193743 9.605170856207991e-12 0.058620553057063804 
0.0013163228313641368 -6.4732725324393766e-6 0.061666270731849625 
0.0015942368817473945 -5.904249875859171e-6 0.058621169669039117 
0.0010062320865541767 8.634528822419123e-12 0.06409481392663363 
0.0006832269024676705 -7.292120290307928e-6 0.06586308093870141 
0.0010062178608839154 -6.985618080025637e-6 0.06409554332797954 
0.00034379684167892816 7.105526407149877e-12 0.06693627078287388 
1.2968218821528092e-13 -7.568988660124388e-6 0.0672969798916719 
0.00034379203179040195 -7.538011577902038e-6 0.06693705780127183 
-0.00034379684124173583 5.303891809198437e-12 0.06693627078379367 
-0.000683226902207579 -7.292123792158592e-6 0.06586308094052548 
-0.00034379203152844136 -7.5380133795397845e-6 0.06693705780219279 
-0.0010062320861674704 3.6014181959110463e-12 0.06409481392930781 
-0.0013163228311431625 -6.473278868502126e-6 0.06166627073528894 
-0.0010062178606388135 -6.985623113899202e-6 0.06409554333065647 
-0.0015942599278423516 2.236812157422353e-12 0.05862055306114301 
-0.0018512790327171477 -5.146846752080495e-6 0.055016755192090094 
-0.0015942368815589705 -5.904257245335105e-6 0.058621169673122135 
-0.002061756705354279 1.2652072232491919e-12 0.05092196791648256 
-0.002244174940882774 -3.3672980157535214e-6 0.04641702434233531 
-0.0020617257745540996 -4.3390324489341285e-6 0.05092242127660877 
-0.0023675494462756575 6.342617606000959e-13 0.041590363705493225 
-0.0024568381968443007 -1.2051642238805905e-6 0.03654120313554002 
-0.002367511827222527 -2.3534031453574196e-6 0.04159060997203318 
-0.0024768650057310536 2.665398975084293e-13 0.031375968251512294 
-0.002458061315727047 1.2567579719977155e-6 0.026208354828707304 
-0.00247682212160136 -2.417439127003978e-8 0.03137597157498801 
-0.0023622718731929177 6.877931752559588e-14 0.021158976978031187 
-0.0022242553244729776 3.914060278337399e-6 0.016351831436138033 
-0.0023622260739688218 2.5662515222358966e-6 0.021158709972868055 
-0.002003992792289267 -1.429842076698376e-14 0.011917928162408243 
-0.0017394832312588795 6.524652973498823e-6 0.007987092267498814 
-0.0020039528629422296 5.351231595991019e-6 0.01191736984006773 
-0.0013894608224223743 -2.4818000748006805e-14 0.004698420895598475 
-0.0009955139526120946 7.853080613726907e-6 0.002179359483877631 
-0.001389468847177259 8.393853994879039e-6 0.004697542545402496 
-0.0005121534415393601 -4.866663409632031e-15 0.0005864855340944764 
-0.0005123466876650483 1.261375064708499e-5 0.0005851681929752657 
0.0009955139523418434 -7.853080004801547e-6 0.0021793594833935653 
0.0005123466875219697 -1.2613750495061961e-5 0.0005851681928373612 
0.001739483230839177 -6.524650749333792e-6 0.007987092265865522 
0.0013894688468223115 -8.393852676591761e-6 0.004697542544400706 
0.0022242553240245087 -3.914055872185696e-6 0.01635183143310626 
0.0020039528624988916 -5.351228324098734e-6 0.011917369837740959 
0.0024580613153593516 -1.2567512402102682e-6 0.02620835482441921 
0.0023622260735523624 -2.566245945988097e-6 0.0211587099691672 
0.002456838196642101 1.2051730522736454e-6 0.036541203130478234 
0.0024768221213118512 2.4182220229277682e-8 0.031375971570235764 
0.0022441749408722324 3.3673084715741904e-6 0.04641702433716713 
0.0023675118271160906 2.3534128553034554e-6 0.04159060996683192 
0.0018512790328896087 5.146858263859227e-6 0.055016755187486784 
0.0020617257746372787 4.339043508025489e-6 0.05092242127164262 
0.0013163228314625106 6.473290942004086e-6 0.06166627073183676 
0.0015942368818075935 5.904269085723862e-6 0.05862116966902767 
0.0006832269026224324 7.292136136490145e-6 0.06586308093868495 
0.0010062178610118404 6.985635348919341e-6 0.06409554332796494 
3.126915910697118e-13 7.5690010915253244e-6 0.06729697989165359 
0.00034379203196124245 7.5380257886750146e-6 0.066937057801255 
-0.0006832269020355386 7.2921326355953e-6 0.06586308094050625 
-0.0003437920313488479 7.538023987427518e-6 0.06693705780217357 
-0.00131632283100624 6.4732846083667886e-6 0.06166627073526929 
-0.001006217860483545 6.985630316949782e-6 0.06409554333063675 
-0.0018512790326199152 5.146850160609913e-6 0.05501675519207357 
-0.0015942368814419897 5.904261719159226e-6 0.0586211696731036 
-0.00224417494081996 3.3672998374228855e-6 0.04641702434232172 
-0.0020617257744744385 4.339034979583252e-6 0.050922421276594056 
-0.0024568381968078394 1.2051650717245024e-6 0.036541203135529464 
-0.0023675118271735064 2.3534044139820225e-6 0.04159060997202099 
-0.002458061315707312 -1.256757671162162e-6 0.02620835482869975 
-0.0024768221215736817 2.4174924409805315e-8 0.03137597157497923 
-0.0022242553244647403 -3.914060247354464e-6 0.01635183143613284 
-0.0023622260739550494 -2.5662513846117375e-6 0.021158709972861844 
-0.001739483231257895 -6.524653025689961e-6 0.007987092267495484 
-0.002003952862937858 -5.351231624528277e-6 0.011917369840063505 
-0.0009955139526142479 -7.85308064491793e-6 0.0021793594838761315 
-0.0013894688471781033 -8.393854044484976e-6 0.004697542545400077 
-0.0005123466876664435 -1.2613750656830172e-5 0.0005851681929747765 
-0.0009957979362495953 6.308812800343657e-13 0.0021801678651140626 
-0.001739592273732885 2.2664462837594697e-12 0.00798776719915261 
-0.0022243126622613035 4.4177821609633915e-12 0.016352238220682682 
-0.0024581071402132366 6.6186560411793645e-12 0.026208486160053127 
-0.002456878675139189 8.454377619719182e-12 0.03654107853321566 
-0.0022442094894914344 9.604609406134371e-12 0.046416674824621466 
-0.0018513063085744811 9.878210949246696e-12 0.05501622054003989 
-0.0013163416883088166 9.284231443491304e-12 0.0616655980910075 
-0.0006832365376557305 8.01233528307323e-12 0.06586232311233146 
-2.2076596029411135e-13 6.304414999698096e-12 0.06729619326290918 
0.0006832365372330302 4.5087909025657615e-12 0.0658623231141545 
0.0013163416879708905 2.9551559722589906e-12 0.061665598094443226 
0.001851306308364108 1.774423226267844e-12 0.05501622054462981 
0.0022442094894346617 9.685314334044076e-13 0.04641667482977927 
0.002456878675247074 4.694288315688818e-13 0.036541078538269156 
0.0024581071404674378 1.82840694841623e-13 0.026208486164334587 
0.0022243126625934766 3.825636806588498e-14 0.01635223822370892 
0.0017395922740535605 -1.1415836882557626e-14 0.007987767200781228 
0.0009957979364599578 -8.714574774641418e-15 0.002180167865594416 
-0.0009955139523416176 -7.853079996869593e-6 0.002179359483395229 
-0.000512153441427137 1.5716571316605329e-13 0.0005864855339603533 
-0.0005123466875217737 -1.2613750491694624e-5 0.0005851681928380658 
-0.0017394832308389072 -6.5246507323939855e-6 0.00798709226586911 
-0.001389460822148487 1.353892786104886e-12 0.0046984208946010565 
-0.0013894688468220734 -8.393852664310957e-6 0.00469754254440327 
-0.0022242553240242545 -3.9140558454337175e-6 0.01635183143311183 
-0.002003992791955329 3.307902420970015e-12 0.011917928160086603 
-0.00200395286249863 -5.351228302167109e-6 0.011917369837745563 
-0.0024580613153591642 -1.2567512043307473e-6 0.026208354824426676 
-0.002362271872893098 5.539989157232635e-12 0.02115897697433637 
-0.002362226073552163 -2.5662459143085614e-6 0.021158709969173812 
-0.0024568381966419534 1.2051731001761523e-6 0.03654120313048813 
-0.002476865005546784 7.605684996089015e-12 0.03137596824676752 
-0.0024768221213116036 2.418226173107944e-8 0.031375971570244444 
-0.0022441749408720216 3.367308529294452e-6 0.0464170243371787 
-0.0023675494462509533 9.130225140469499e-12 0.04159036370030165 
-0.0023675118271159097 2.3534129077724162e-6 0.04159060996684293 
-0.0018512790328891603 5.146858332774347e-6 0.05501675518750119 
-0.0020617567054905493 9.858198864306552e-12 0.05092196791152796 
-0.0020617257746370294 4.33904357056526e-6 0.050922421271655624 
-0.0013163228314621639 6.473291021252231e-6 0.061666270731853386 
-0.0015942599281192447 9.679730631787008e-12 0.05862055305706356 
-0.001594236881807237 5.904269160352005e-6 0.05862116966904309 
-0.0006832269026221304 7.292136225539336e-6 0.06586308093870322 
-0.0010062320865538883 8.719064743020697e-12 0.06409481392663363 
-0.0010062178610113378 6.985635433447306e-6 0.06409554332798263 
-3.122065263491446e-13 7.569001180416171e-6 0.06729697989167213 
-0.00034379684167866345 7.193457561840413e-12 0.06693627078287395 
-0.00034379203196097444 7.538025876664602e-6 0.06693705780127338 
0.0006832269020359879 7.292132722737435e-6 0.06586308094052427 
0.0003437968412422083 5.392886362799759e-12 0.06693627078379363 
0.0003437920313492801 7.538024076503027e-6 0.06693705780219214 
0.0013163228310066669 6.473284693749362e-6 0.061666270735287 
0.0010062320861680568 3.687705942953703e-12 0.06409481392930767 
0.0010062178604840928 6.985630403283266e-6 0.06409554333065459 
0.0018512790326200969 5.146850230883467e-6 0.05501675519208814 
0.0015942599278429622 2.315467364722455e-12 0.05862055306114303 
0.0015942368814422748 5.904261797824968e-6 0.05862116967312001 
0.00224417494082042 3.367299895206858e-6 0.046417024342333704 
0.0020617567053548653 1.327081032229361e-12 0.0509219679164824 
0.002061725774474751 4.339035041461783e-6 0.050922421276606816 
0.002456838196808254 1.205165117209038e-6 0.03654120313553922 
0.002367549446276321 6.862689170013214e-13 0.04159036370549318 
0.002367511827173908 2.353404465995282e-6 0.04159060997203181 
0.0024580613157077565 -1.2567576386862583e-6 0.0262083548287066 
0.002476865005731792 3.046558845223091e-13 0.031375968251512246 
0.0024768221215741236 2.4174962640805542e-8 0.03137597157498714 
0.0022242553244651436 -3.914060224555442e-6 0.01635183143613765 
0.0023622718731935942 9.58768420135301e-14 0.021158976978031176 
0.0023622260739555186 -2.5662513574780306e-6 0.02115870997286747 
0.001739483231258169 -6.524653010989119e-6 0.0079870922674986 
0.0020039927922897932 4.160173078456603e-15 0.011917928162408274 
0.0020039528629382094 -5.351231606094968e-6 0.011917369840067372 
0.0009955139526142984 -7.853080638029446e-6 0.002179359483877586 
0.0013894608224227216 -1.4018459077064833e-14 0.004698420895598485 
0.001389468847178281 -8.393854033703307e-6 0.004697542545402335 
0.0005121534415394754 -1.9496702796163102e-15 0.000586485534094494 
0.0005123466876664019 -1.2613750653916883e-5 0.0005851681929754051 
-0.000995513952464593 7.853081259044736e-6 0.0021793594833981393 
-0.0005123466875851993 1.2613750806824472e-5 0.0005851681928442984 
-0.0017394832310374713 6.524655265567013e-6 0.007987092265868244 
-0.0013894688469855243 8.39385537253715e-6 0.0046975425444047356 
-0.0022242553242503476 3.9140646810092196e-6 0.01635183143310658 
-0.002003952862713611 5.351234918134768e-6 0.011917369837742423 
-0.002458061315568188 1.2567644413818014e-6 0.026208354824417423 
-0.0023622260737721024 2.566256994192489e-6 0.021158709969166276 
-0.002456838196795861 -1.2051561919021074e-6 0.036541203130474556 
-0.00247682212149491 -2.416705066467395e-8 0.031375971570232884 
-0.002244174940945507 -3.367289320513292e-6 0.04641702433716216 
-0.0023675118272307298 -2.353394647800358e-6 0.04159060996682772 
-0.0018512790328698437 -5.146838576921209e-6 0.05501675518748231 
-0.0020617257746640386 -4.339023854529111e-6 0.05092242127163773 
-0.0013163228313642181 -6.473272453093148e-6 0.0616662707318333 
-0.0015942368817474905 -5.9042498013437885e-6 0.058621169669023386 
-0.0006832269024674585 -7.292120201194693e-6 0.0658630809386824 
-0.001006217860883829 -6.985617995663799e-6 0.06409554332796195 
-1.2933408306788843e-13 -7.568988571591763e-6 0.06729697989165342 
-0.00034379203179013036 -7.538011490007319e-6 0.0669370578012535 
0.0006832269022082322 -7.29212370490246e-6 0.06586308094050737 
0.00034379203152894367 -7.538013290465655e-6 0.06693705780217431 
0.001316322831143897 -6.473278782970683e-6 0.06166627073527097 
0.0010062178606394304 -6.985623027737984e-6 0.06409554333063826 
0.0018512790327181632 -5.146846681776789e-6 0.055016755192075405 
0.001594236881559906 -5.904257166763016e-6 0.058621169673105836 
0.002244174940883559 -3.36729795795342e-6 0.04641702434232312 
0.0020617257745549704 -4.339032387081317e-6 0.05092242127659576 
0.002456838196845336 -1.2051641782843837e-6 0.03654120313553071 
0.0023675118272234595 -2.353403093372278e-6 0.041590609972022304 
0.0024580613157279677 1.2567580044531308e-6 0.02620835482870058 
0.0024768221216023866 -2.417435312179386e-8 0.031375971574980135 
0.0022242553244737574 3.91406030116926e-6 0.016351831436133328 
0.0023622260739697047 2.566251549296585e-6 0.021158709972862413 
0.0017394832312594842 6.5246529881838075e-6 0.007987092267495782 
0.0020039528629429313 5.35123161447072e-6 0.011917369840063922 
0.0009955139526124882 7.853080620609709e-6 0.0021793594838761905 
0.001389468847177775 8.39385400567978e-6 0.004697542545400255 
0.0005123466876653201 1.261375065000469e-5 0.0005851681929746711 
1.55317514754394e-17 6.327871246404224e-13 0.002160734659410509 
3.229939661161567e-17 2.2612476651958722e-12 0.007971917531607002 
1.793138338129381e-17 4.404778322793392e-12 0.016342834786897503 
8.263118422693663e-18 6.598466969626721e-12 0.02620551564828266 
-1.1766146580663222e-17 8.426152995505885e-12 0.036544041444243974 
-1.7011113437422495e-17 9.570398310339859e-12 0.04642484571063496 
1.2389818456827967e-17 9.838348645267294e-12 0.05502867834099471 
1.2707715614788497e-16 9.240132844403523e-12 0.06168125172264553 
1.2850484405832126e-16 7.964830153557527e-12 0.06587994981410221 
1.5894438711410201e-16 6.259759082700482e-12 0.0673144871254628 
2.545178621580192e-16 4.466689426562282e-12 0.06587994981592615 
3.241925171909513e-16 2.9146711654410875e-12 0.06168125172608441 
2.719740763343227e-16 1.741640427514213e-12 0.05502867834558826 
3.1053700299125047e-16 9.416847006270869e-13 0.04642484571579694 
3.6720000335281384e-16 4.4783842343581584e-13 0.0365440414493015 
3.518206237804885e-16 1.6757370727151803e-13 0.026205515652567225 
3.029806960004458e-16 2.7401424914407687e-14 0.01634283478992469 
2.1957791394298e-16 -1.8428369512575178e-14 0.007971917533234125 
1.1715600159629218e-16 -1.210364664767361e-14 0.002160734659887401 
8.369284549171641e-18 1.63271080107248e-13 0.0005566457052130978 
6.144288660169548e-14 6.329981598362938e-13 0.00215989410403037 
0.0004955561094423985 6.292513289902772e-13 0.002165861587119079 
3.161529587192283e-14 1.6367926991797645e-13 0.000555356587771626 
0.0002532411829396408 1.6059494013224777e-13 0.0005639240740867459 
0.0004953427434893042 3.977276753505368e-6 0.0021650250439537626 
0.00025338487234972577 6.293488003543407e-6 0.0005626333197835046 
2.484644529691316e-17 1.3524933252205712e-12 0.004678457827169966 
9.922185027246387e-14 2.261411940534618e-12 0.007971233075098566 
0.0008660344170350433 2.2562090895379513e-12 0.007975988484920789 
8.164628507790865e-14 1.3527072068666183e-12 0.0046775887340292435 
0.0006933475326006406 1.3482613198363635e-12 0.004683354155136119 
0.0008659511837374432 3.289697398254288e-6 0.007975305335627202 
0.0006933554858779019 4.17436514621655e-6 0.004682483709266891 
2.0769558009147554e-17 3.298653618335665e-12 0.0119051030384929 
1.1296423856551025e-13 4.4048228873507156e-12 0.016342426972618337 
0.0011082304580929446 4.3980013635880875e-12 0.016345207471846326 
1.0740431775132003e-13 3.2987322252826826e-12 0.011904545879355927 
0.001000926236312244 3.2927401803258558e-12 0.011908288232080701 
0.0011081870046707539 1.962598153450808e-6 0.01634479950982378 
0.0010008977671278718 2.669993957123341e-6 0.011907731101614838 
5.235438018283078e-19 5.52305983956168e-12 0.02115278308846724 
1.0442068633762756e-13 6.59838743473522e-12 0.026205385435376486 
0.0012253351149924096 6.5900549008507425e-12 0.026206251830636487 
1.0987062674337851e-13 5.522983834942611e-12 0.02115251513405917 
0.0011801567906175273 5.515396700289192e-12 0.021154335633835727 
0.0012253009359379959 6.256339992256821e-7 0.02620612105638216 
0.0011801233832029383 1.2847692667520038e-6 0.02115406815298827 
-2.232571507040932e-17 7.581538950171875e-12 0.0313759668434311 
7.683143413182737e-14 8.425960524534238e-12 0.036544167913509194 
0.0012250898081556032 8.415215730825987e-12 0.03654328418500109 
9.15033943203053e-14 7.58138936599152e-12 0.03137596842729772 
0.001237536468702656 7.571989035220054e-12 0.03137598058074357 
0.0012250598407335703 -6.085994821593274e-7 0.03654340989176775 
0.0012375049867732017 -7.49315182241634e-9 0.03137598286694684 
-5.2326225743379376e-17 9.098965564209918e-12 0.04159593289101047 
3.6622703272479194e-14 9.57015970095733e-12 0.04642519760505484 
0.0011192495463465458 9.557343649027677e-12 0.04642278084046538 
5.72473844301628e-14 9.09873290825495e-12 0.04159617683780595 
0.0011829884210442269 9.087021267716216e-12 0.04159455948899658 
0.0011192240300802953 -1.6916116928719328e-6 0.04642313179200225 
0.0011829607505616858 -1.170283375888709e-6 0.041594804347742945 
6.963370735559685e-17 9.821098105564152e-12 0.050932285206335214 
-9.787457787002059e-15 9.83804015687756e-12 0.05502921579684653 
0.0009234028401299628 9.822489618423983e-12 0.05502553755158353 
1.346081173943217e-14 9.820933479914752e-12 0.05093273573479209 
0.0010302310270327367 9.806941235846967e-12 0.05092972914666149 
0.0009233827088423607 -2.5828758442642534e-6 0.05502607390098153 
0.0010302082635629602 -2.1616297598936022e-6 0.05093018078356493 
6.414794955474825e-17 9.63754913371007e-12 0.058634612521102615 
-4.893750596047747e-14 9.239974869725424e-12 0.06168192750222037 
0.0006566163358981001 9.221393716712071e-12 0.061677308839260786 
-2.993017654145676e-14 9.637254087989111e-12 0.05863522587869713 
0.0007966473659476318 9.620099849534799e-12 0.05863112442195775 
0.0006566024205430694 -3.247216510172473e-6 0.06167798338317093 
0.0007966304026535212 -2.943060099995884e-6 0.05863173905258568 
8.417214803572336e-17 8.673231485448257e-12 0.06411145843533145 
-7.723929511871781e-14 7.964737248761021e-12 0.06588071098824881 
0.0003408242291405783 7.943543266064428e-12 0.06587551169564831 
-6.377197378882693e-14 8.673141446276737e-12 0.06411218428116472 
0.0005028180867271809 8.653074889450613e-12 0.06410732655307805 
0.000340817119147478 -3.657347356759741e-6 0.06587627155194005 
0.000502807615594178 -3.482906679009056e-6 0.06410805378961824 
1.8147859265598295e-16 7.147801016948925e-12 0.06695423571492096 
-9.132411391716182e-14 6.259716523704747e-12 0.06731527717350164 
1.1039664592829507e-13 6.237698226471792e-12 0.06730988154522288 
-8.52399598568041e-14 7.147704714866076e-12 0.06695501902138218 
0.00017179767108895788 7.126189213396205e-12 0.06694977501203905 
1.884637178514958e-14 -3.796023637174693e-6 0.06731067024725759 
0.0001717941306283642 -3.758669359889573e-6 0.06695055977039276 
2.316510527951257e-16 5.34928663320167e-12 0.06695423571584123 
-8.583331777736439e-14 4.4666551356332645e-12 0.06588071099007278 
-0.00034082422892969566 4.444456913554177e-12 0.06587551169747208 
-8.956870308538412e-14 5.349375912259422e-12 0.0669550190223025 
-0.00017179767087034664 5.326821819620506e-12 0.06694977501295914 
-0.0003408171191000491 -3.657350855959482e-6 0.06587627155376431 
-0.00017179413058500336 -3.758671159285081e-6 0.06695055977131349 
2.8336677300250494e-16 3.646342832984003e-12 0.06411145843800793 
-6.819380566941703e-14 2.9147868751254303e-12 0.06168192750566006 
-0.0006566163357292112 2.8927123313907298e-12 0.0616773088426989 
-7.736684182611787e-14 3.6465729736964005e-12 0.06411218428384138 
-0.0005028180865339184 3.624482364091659e-12 0.06410732655575395 
-0.0006566024204918146 -3.2472228391542404e-6 0.06167798338661103 
-0.0005028076155425516 -3.482911707721975e-6 0.06410805379229559 
3.151137848058165e-16 2.2787474106176906e-12 0.05863461252518536 
-4.8558674221994896e-14 1.7417097503314766e-12 0.05502921580144065 
-0.0009234028400247258 1.7234042831418198e-12 0.0550255375561763 
-5.833878411667231e-14 2.278948022721198e-12 0.05863522588278032 
-0.0007966473658090029 2.25847899061072e-12 0.05863112442603953 
-0.000923382708795673 -2.5828839438541186e-6 0.055026073905576206 
-0.0007966304026035144 -2.943067462015353e-6 0.05863173905666966 
2.8515900535930806e-16 1.2981982338498562e-12 0.05093228521129381 
-3.116873403323013e-14 9.417363773003932e-13 0.04642519761021702 
-0.0011192495463178335 9.26792456816948e-13 0.046422780845626066 
-3.96892881369738e-14 1.2983793646713134e-12 0.05093273573975076 
-0.0010302310269645026 1.282215299485756e-12 0.05092972915161917 
-0.0011192240300464296 -1.6916203240003827e-6 0.046423131797164605 
-0.0010302082635212926 -2.1616382851102045e-6 0.050930180788524404 
3.713369727553867e-16 6.618235320199368e-13 0.041595932896206285 
-1.8013412977687534e-14 4.4784250155205666e-13 0.036544167918566614 
-0.0012250898082087646 4.3623546092656563e-13 0.036543284190057375 
-2.4270919015202175e-14 6.619198198111044e-13 0.04159617684300191 
-0.0011829884210564604 6.484105201277286e-13 0.04159455949419146 
-0.0012250598407282062 -6.08607461762047e-7 0.03654340989682518 
-0.0011829607505412234 -1.1702918151026713e-6 0.041594804352939344 
3.4267261968845455e-16 2.86719799239248e-13 0.031375966848179664 
-9.636884733598302e-15 1.6759860011171183e-13 0.026205385439660826 
-0.001225335115117911 1.5921666991890422e-13 0.026206251834920143 
-1.3643728902241592e-14 2.868249168043378e-13 0.031375968432046125 
-0.0012375364687944508 2.7686908559914616e-13 0.031375980585491264 
-0.0012253009359690192 6.256275678594782e-7 0.026206121060666367 
-0.0012375049867874132 -7.500447534199398e-9 0.031375982871695254 
3.3271454175514083e-16 8.297157067158217e-14 0.021152783092164045 
-3.913723941274111e-15 2.7382712731804136e-14 0.01634242697564518 
-0.0011082304582571423 2.1499888549697478e-14 0.016345207474873214 
-6.657339725930733e-15 8.30575925775649e-14 0.02115251513775558 
-0.0011801567907669301 7.606373882957008e-14 0.02115433563753212 
-0.0011081870047261904 1.962593776798846e-6 0.016344799512850366 
-0.001180123383249412 1.2847638270510483e-6 0.021154068156684556 
2.6269394843574288e-16 -4.620249966896713e-15 0.011905103040814255 
-3.542475771590054e-16 -1.8427192327676425e-14 0.007971233076725363 
-0.0008660344171935175 -2.2203852532569214e-14 0.007975988486548248 
-2.0074875255048e-15 -4.603586443858568e-15 0.011904545881676885 
-0.0010009262364786716 -9.318715325551875e-15 0.01190828823440215 
-0.0008659511837972578 3.2896951200213746e-6 0.007975305337253796 
-0.0010008977671891672 2.669990655062797e-6 0.011907731103935646 
1.6745780207985617e-16 -1.9210343999801496e-14 0.004678457828164404 
1.1091866198863784e-15 -1.210344052058173e-14 0.002159894104507009 
-0.0004955561095462609 -1.3844228238739941e-14 0.0021658615875968907 
5.043604535127811e-16 -1.9197421125047362e-14 0.004677588735023396 
-0.000693347532736974 -2.1953855617322985e-14 0.004683354156131293 
-0.000495342743530594 3.977276110892925e-6 0.0021650250444301593 
-0.0006933554859322727 4.1743637764246135e-6 0.004682483710260822 
5.569298404747194e-17 -3.538809415676763e-15 0.0005566457053409275 
6.747154500947086e-16 -3.5468836175514877e-15 0.0005553565878991309 
-0.0002532411829948364 -4.233646534964739e-15 0.0005639240742160843 
-0.00025338487237280637 6.293487839649904e-6 0.0005626333199108243 
-6.141237420423951e-14 6.329956078232791e-13 0.0021598941040287287 
-3.1598460274460655e-14 1.6367959005411518e-13 0.0005553565877709081 
0.0004953427433664245 -3.97727549457099e-6 0.0021650250439497385 
0.00025338487228683494 -6.293487681559941e-6 0.0005626333197794572 
-9.915862312681553e-14 2.261398136047909e-12 0.007971233075095032 
-8.159648667539348e-14 1.3527058082504416e-12 0.004677588734026684 
0.000865951183539183 -3.2896928855869828e-6 0.007975305335622308 
0.0006933554857148263 -4.174362449258752e-6 0.004682483709262341 
-1.1293856277078336e-13 4.404807230145833e-12 0.01634242697261274 
-1.07362142435377e-13 3.298727357392639e-12 0.011904545879351369 
0.0011081870044450113 -1.9625893574728514e-6 0.016344799509818052 
0.001000897766913265 -2.669987371465378e-6 0.011907731101609573 
-1.0441154637062931e-13 6.59837472009127e-12 0.026205385435368905 
-1.0986915987009927e-13 5.523005413540349e-12 0.021152515134052568 
0.0012253009357293212 -6.256208194025238e-7 0.026206121056375566 
0.0011801233829833375 -1.2847582360740668e-6 0.021154068152982094 
-7.683959910613136e-14 8.425946066173812e-12 0.03654416791349917 
-9.155092879595603e-14 7.581430852106861e-12 0.03137596842728907 
0.0012250598405800942 6.086163121938146e-7 0.03654340989175956 
0.001237504986590366 7.50829551813022e-9 0.03137598286693957 
-3.665030716798153e-14 9.57024201934914e-12 0.04642519760504282 
-5.73555672439432e-14 9.098685028460264e-12 0.04159617683779498 
0.0011192240300071997 1.6916308071284776e-6 0.04642313179199244 
0.001182960750447267 1.170301549442601e-6 0.041594804347734084 
9.812549098446324e-15 9.838208135724182e-12 0.05502921579683234 
-1.331761767340372e-14 9.820863222322208e-12 0.05093273573477899 
0.0009233827088622595 2.582895488746264e-6 0.05502607390096948 
0.0010302082635364094 2.161649373369968e-6 0.05093018078355443 
4.9206886851335746e-14 9.24000444041e-12 0.061681927502203936 
3.00620381227346e-14 9.637226842240964e-12 0.058635225878681495 
0.0006566024206414296 3.2472349527559347e-6 0.061677983383156276 
0.000796630402713745 2.9430793397578043e-6 0.058631739052572164 
7.749525752327863e-14 7.96492840461723e-12 0.0658807109882301 
6.395377790464798e-14 8.673085974018498e-12 0.06411218428114723 
0.0003408171193022842 3.6573632435731953e-6 0.06587627155192256 
0.0005028076157221459 3.4829239846734144e-6 0.06410805378960213 
9.164630837560111e-14 6.259755780211593e-12 0.06731527717348312 
8.560613115432705e-14 7.14764898832438e-12 0.06695501902136394 
2.0193817260441225e-13 3.79603611252877e-6 0.06731067024723923 
0.00017179413079923713 3.7586836121598376e-6 0.06695055977037515 
8.634604829405122e-14 4.466662546463857e-12 0.06588071099005464 
9.003862831471464e-14 5.349329667208187e-12 0.06695501902228398 
-0.00034081711892796946 3.6573597449877188e-6 0.06587627155374559 
-0.0001717941304053828 3.758681812960444e-6 0.06695055977129458 
6.885470515259745e-14 2.914695765490214e-12 0.06168192750564187 
7.794175612729107e-14 3.646435837017335e-12 0.06411218428382359 
-0.0006566024203548856 3.2472286249678945e-6 0.061677983386592306 
-0.0005028076153872772 3.482918956833086e-6 0.06410805379227684 
4.909266489523246e-14 1.7417635878596924e-12 0.055029215801425765 
5.897865672178722e-14 2.2788274877205467e-12 0.05863522588276421 
-0.0009233827086984485 2.5828873908473786e-6 0.05502607390556054 
-0.0007966304024865154 2.9430719791586738e-6 0.05863173905665225 
3.178324813868215e-14 9.417948647000162e-13 0.046425197610204985 
4.0257409746483206e-14 1.2984244835213313e-12 0.05093273573973793 
-0.001119224029983646 1.691622177746589e-6 0.04642313179715182 
-0.0010302082634416196 2.1616408496969273e-6 0.05093018078851067 
1.874139931872954e-14 4.4788660318840016e-13 0.03654416791855718 
2.5022510504914616e-14 6.6194277888408e-13 0.041596176842991044 
-0.0012250598406917679 6.086083343399806e-7 0.03654340989681522 
-0.001182960750492201 1.170293112086362e-6 0.04159480435292784 
1.033112381114227e-14 1.6759191580714863e-13 0.02620538543965397 
1.4329696670801126e-14 2.8672712290665865e-13 0.03137596843203817 
-0.001225300935949285 -6.256272493345849e-7 0.026206121060659133 
-0.0012375049867597292 7.501001361170447e-9 0.03137598287168686 
4.51951995117247e-15 2.7414063473532035e-14 0.01634242697564037 
7.323643961565322e-15 8.300324648316059e-14 0.021152515137749975 
-0.0011081870047179474 -1.962593733766804e-6 0.016344799512845367 
-0.0011801233832356443 -1.2847636749171814e-6 0.021154068156678665 
7.954476438008163e-16 -1.8425957185372924e-14 0.007971233076722277 
2.5348135862571524e-15 -4.572126720758215e-15 0.011904545881673084 
-0.0008659511837962722 -3.2896951643955625e-6 0.00797530533725059 
-0.0010008977671847983 -2.6699906736613513e-6 0.011907731103931635 
-8.759599054289211e-16 -1.2105928953205125e-14 0.0021598941045055556 
-1.6871142088593618e-16 -1.919444226626723e-14 0.0046775887350211575 
-0.000495342743532752 -3.977276138571244e-6 0.0021650250444286904 
-0.0006933554859331147 -4.174363820319124e-6 0.004682483710258483 
-5.632078273094851e-16 -3.543784418307104e-15 0.0005553565878985106 
-0.000253384872374199 -6.293487848131842e-6 0.000562633319910263 
-0.0004955561094423674 6.332180735708329e-13 0.0021658615871190815 
-0.0002532411829396252 1.6226975432055791e-13 0.0005639240740867457 
-0.000495342743366209 -3.977275490603364e-6 0.002165025043951396 
-0.00025338487228664125 -6.293487679883676e-6 0.0005626333197801698 
-0.0008660344170349802 2.2646622457679088e-12 0.0079759884849208 
-0.0006933475326005952 1.354396607991111e-12 0.004683354155136126 
-0.0008659511835389122 -3.2896928771095234e-6 0.007975305335625875 
-0.0006933554857145902 -4.174362443137687e-6 0.004682483709264904 
-0.0011082304580929054 4.411392683379632e-12 0.016345207471846316 
-0.0010009262363122036 3.3037065201823635e-12 0.011908288232080745 
-0.0011081870044447593 -1.9625893440506894e-6 0.016344799509823628 
-0.0010008977669130172 -2.6699873605106268e-6 0.011907731101614156 
-0.0012253351149924061 6.608046173933265e-12 0.026206251830636497 
-0.0011801567906175377 5.531219067143696e-12 0.021154335633835723 
-0.0012253009357291243 -6.256208013064819e-7 0.026206121056383102 
-0.0011801233829831519 -1.2847582202485756e-6 0.021154068152988734 
-0.0012250898081556391 8.43916778351584e-12 0.03654328418500092 
-0.0012375364687026943 7.592756247188941e-12 0.031375980580743576 
-0.001225059840579905 6.086163361821949e-7 0.03654340989176947 
-0.0012375049865901411 7.508316258895695e-9 0.03137598286694824 
-0.001119249546346561 9.586214387448164e-12 0.04642278084046493 
-0.0011829884210443125 9.113337230712509e-12 0.04159455948899666 
-0.0011192240300070043 1.6916308359219837e-6 0.04642313179200408 
-0.0011829607504471465 1.1703015757983065e-6 0.041594804347745096 
-0.0009234028401299141 9.856816180455332e-12 0.05502553755158359 
-0.0010302310270326328 9.838276438204041e-12 0.05092972914666155 
-0.0009233827088619237 2.5828955230020594e-6 0.05502607390098382 
-0.001030208263536075 2.161649404600111e-6 0.050930180783567466 
-0.0006566163358978755 9.261006818244147e-12 0.06167730883926089 
-0.0007966473659474926 9.65734053979383e-12 0.058631124421957545 
-0.000656602420640998 3.247234992160443e-6 0.0616779833831728 
-0.0007966304027133955 2.9430793770822663e-6 0.05863173905258761 
-0.0003408242291403218 7.987896976606063e-12 0.06587551169564793 
-0.0005028180867269708 8.695248761214215e-12 0.06410732655307808 
-0.0003408171193019897 3.657363287953824e-6 0.06587627155194083 
-0.0005028076157217236 3.4829240268304665e-6 0.0641080537896198 
-1.1003595513691154e-13 6.2820496693871875e-12 0.06730988154522283 
-0.00017179767108863056 7.170085995328623e-12 0.06694977501203911 
-2.0149919172229092e-13 3.7960361567223557e-6 0.06731067024725775 
-0.00017179413079891121 3.758683656128766e-6 0.0669505597703935 
0.0003408242289302319 4.4880102535366734e-12 0.06587551169747202 
0.0001717976708708151 5.371454725539522e-12 0.06694977501295912 
0.0003408171189283899 3.657359788628535e-6 0.06587627155376381 
0.00017179413040580656 3.7586818576627176e-6 0.06695055977131317 
0.0006566163357298528 2.9356126471704294e-12 0.061677308842698834 
0.0005028180865344987 3.667420132919566e-12 0.06410732655575375 
0.0006566024203553698 3.2472286676790887e-6 0.0616779833866102 
0.000502807615387817 3.4829189997245373e-6 0.06410805379229464 
0.000923402840025292 1.7586093198341407e-12 0.05502553755617627 
0.00079664736580963 2.297724966125452e-12 0.058631124426039564 
0.0009233827086986022 2.582887426035559e-6 0.0550260739055752 
0.0007966304024868262 2.9430720183431104e-6 0.058631739056668616 
0.001119249546318466 9.554298225820816e-13 0.046422780845626024 
0.001030231026965076 1.3131941261001483e-12 0.050929729151619064 
0.0011192240299841081 1.6916222064316892e-6 0.04642313179716375 
0.00103020826344194 2.161640880666963e-6 0.050930180788523446 
0.0012250898082094902 4.588827684825565e-13 0.03654328419005762 
0.0011829884210571762 6.745188308260178e-13 0.04159455949419139 
0.0012250598406921903 6.086083570902406e-7 0.036543409896824884 
0.0011829607504926587 1.1702931381383649e-6 0.04159480435293866 
0.0012253351151186092 1.7540579763757712e-13 0.02620625183492017 
0.0012375364687951561 2.960431822017041e-13 0.03137598058549128 
0.0012253009359497597 -6.25627233145312e-7 0.026206121060665985 
0.001237504986760151 7.50102048745992e-9 0.03137598287169479 
0.0011082304582577492 3.292686276607241e-14 0.016345207474873256 
0.001180156790767604 8.961686039884458e-14 0.021154335637532076 
0.0011081870047183733 -1.9625937222876633e-6 0.016344799512850183 
0.00118012338323611 -1.2847636613419724e-6 0.021154068156684257 
0.0008660344171939604 -1.4875800245226476e-14 0.007975988486548293 
0.0010009262364791985 -1.0460330017600744e-16 0.011908288234402157 
0.0008659511837965574 -3.2896951570845476e-6 0.007975305337253708 
0.0010008977671851554 -2.6699906644576293e-6 0.01190773110393548 
0.0004955561095464915 -1.0384690573409858e-14 0.0021658615875968994 
0.0006933475327373144 -1.6562449208527538e-14 0.004683354156131295 
0.0004953427435328203 -3.977276135115889e-6 0.002165025044430145 
0.0006933554859332898 -4.174363814920542e-6 0.004682483710260733 
0.00025324118299494854 -2.7847904177705643e-15 0.0005639240742160923 
0.0002533848723741569 -6.293487846686057e-6 0.0005626333199108891 
-0.0004953427434894593 3.977276757469978e-6 0.0021650250439521255 
-0.0002533848723498876 6.293488005219509e-6 0.0005626333197827902 
-0.0008659511837375899 3.289697406704792e-6 0.007975305335623697 
-0.0006933554858780437 4.174365152356361e-6 0.0046824837092643325 
-0.0011081870046709286 1.9625981668569856e-6 0.016344799509818212 
-0.0010008977671280392 2.6699939680819792e-6 0.011907731101610301 
-0.0012253009359381854 6.256340171849141e-7 0.026206121056374685 
-0.001180123383203133 1.284769282603142e-6 0.02115406815298166 
-0.0012250598407338212 -6.085994582269643e-7 0.03654340989175763 
-0.0012375049867734981 -7.493131028612571e-9 0.03137598286693817 
-0.0011192240300805123 -1.691611664038612e-6 0.04642313179198985 
-0.001182960750561981 -1.1702833495537828e-6 0.04159480434773207 
-0.0009233827088425675 -2.5828758099194552e-6 0.055026073900967205 
-0.0010302082635630949 -2.161629728571187e-6 0.050930180783551986 
-0.0006566024205430363 -3.24721647066276e-6 0.06167798338315447 
-0.0007966304026535965 -2.94306006274771e-6 0.05863173905257001 
-0.00034081711914725796 -3.657347312396804e-6 0.06587627155192094 
-0.0005028076155941837 -3.482906636680646e-6 0.06410805378960069 
-1.856802018237921e-14 -3.796023592915727e-6 0.06731067024723913 
-0.0001717941306280115 -3.758669315977806e-6 0.06695055977037445 
0.00034081711910067825 -3.6573508123481634e-6 0.06587627155374616 
0.00017179413058550513 -3.7586711146924623e-6 0.06695055977129492 
0.0006566024204926035 -3.247222796314591e-6 0.06167798338659308 
0.0005028076155431547 -3.4829116646695564e-6 0.06410805379227749 
0.0009233827087966381 -2.5828839086114463e-6 0.05502607390556147 
0.0007966304026044629 -2.9430674227222248e-6 0.058631739056653365 
0.0011192240300472226 -1.6916202953598927e-6 0.04642313179715255 
0.0010302082635221318 -2.1616382541447463e-6 0.050930180788511456 
0.0012250598407292476 -6.086074391605848e-7 0.036543409896815864 
0.0011829607505421935 -1.1702917889875308e-6 0.041594804352928505 
0.0012253009359699414 6.256275840139494e-7 0.0262061210606596 
0.0012375049867883981 -7.500428368530796e-9 0.03137598287168731 
0.0011081870047269776 1.962593788198938e-6 0.016344799512845627 
0.0011801233832502845 1.2847638406357025e-6 0.021154068156678925 
0.0008659511837978581 3.289695127358836e-6 0.00797530533725077 
0.0010008977671898673 2.6699906642883883e-6 0.01190773110393184 
0.0004953427435309874 3.977276114352899e-6 0.002165025044428723 
0.000693355485932776 4.174363781815166e-6 0.004682483710258576 
0.00025338487237307314 6.293487841101576e-6 0.0005626333199102142 

VECTORS eigenmode3 float
0.0 0.0 0.0 
0.0 0.0 0.0 
0.0 0.0 0.0 
0.0 0.0 0.0 
0.0 0.0 0.0 
0.0 0.0 0.0 
0.0 0.0 0.0 
0.0 0.0 0.0 
0.0 0.0 0.0 
0.0 0.0 0.0 
0.0 0.0 0.0 
0.0 0.0 0.0 
0.0 0.0 0.0 
0.0 0.0 0.0 
0.0 0.0 0.0 
0.0 0.0 0.0 
0.0 0.0 0.0 
0.0 0.0 0.0 
0.0 0.0 0.0 
0.0 0.0 0.0 
0.0 0.0 0.0 
0.0 0.0 0.0 
0.0 0.0 0.0 
0.0 0.0 0.0 
0.0 0.0 0.0 
0.0 0.0 0.0 
0.0 0.0 0.0 
0.0 0.0 0.0 
0.0 0.0 0.0 
0.0 0.0 0.0 
0.0 0.0 0.0 
0.0 0.0 0.0 
-0.001057112119132411 -0.005409460490246081 -3.687400908330463e-5 
-0.0016153487611338033 -0.01896375114333432 -1.6226526561451072e-5 
-0.0016897454772042695 -0.03566971650508936 7.158809473280791e-6 
-0.0013446164370321534 -0.050988426612032484 2.649775768200546e-5 
-0.0006846757546018975 -0.061233595910563945 3.952582686273352e-5 
0.000154259158791831 -0.06392671175390219 4.497697810255234e-5 
0.0010207053595105685 -0.05803279657843728 4.2537728699303524e-5 
0.0017670566724638374 -0.04402034539034135 3.294601176808816e-5 
0.002269800543301889 -0.023721053201579502 1.7933093710182883e-5 
0.00244695145997682 1.6884051472692125e-11 4.394815742691846e-12 
0.0022698005432338817 0.023721053235425938 -1.793308509906627e-5 
0.0017670566723592225 0.044020345424599344 -3.294600368609149e-5 
0.0010207053593269248 0.05803279661327222 -4.253772145758799e-5 
0.00015425915848507637 0.0639267117889249 -4.497697195647274e-5 
-0.0006846757551412753 0.06123359594444583 -3.9525821993290734e-5 
-0.001344616437904894 0.05098842664213426 -2.649775416970856e-5 
-0.0016897454784276917 0.03566971652781456 -7.158807266071235e-6 
-0.001615348762403082 0.01896375115617741 1.6226527650274012e-5 
-0.0010571121200109866 0.005409460494094173 3.68740093944131e-5 
-0.0005445167039235305 -0.00136133216927471 -5.907973428891033e-5 
-0.0013568122730861522 -0.011488648280911213 -2.9752841063459417e-5 
-0.001671843518241249 -0.027225092054722143 -3.876061706780644e-6 
-0.0015329000326069278 -0.04376238034033578 1.8348860849397704e-5 
-0.001025210498305448 -0.05693832888510266 3.5010736903339244e-5 
-0.0002695979637770411 -0.06363148018174103 4.448069694508568e-5 
0.0005895310521507536 -0.06206540105742379 4.5928448813875846e-5 
0.00140177154872719 -0.051961676965460266 3.955799180210237e-5 
0.0020307492176114862 -0.0345005676114122 2.6644854027144818e-5 
0.0023730835390795117 -0.012082468977154493 9.388577805032763e-6 
0.0023730835390439998 0.012082469010940624 -9.388569060406075e-6 
0.002030749217525757 0.034500567645406995 -2.6644845638039205e-5 
0.0014017715485832138 0.05196167700001986 -3.955798410441766e-5 
0.0005895310519077514 0.06206540109244208 -4.592844209230108e-5 
-0.00026959796419535073 0.06363148021644195 -4.448069141904057e-5 
-0.0010252104990088363 0.056938328917502536 -3.501073271181579e-5 
-0.001532900033662555 0.04376238036722266 -1.8348858005558967e-5 
-0.0016718435195065733 0.027225092072641847 3.8760633210369275e-6 
-0.001356812274181351 0.011488648288897315 2.9752841712414407e-5 
-0.0005445167043826706 0.001361332170265477 5.907973440340864e-5 
-0.0010571121193043442 -0.005409460490314666 3.687400942727678e-5 
-0.0016153487614202597 -0.018963751143475836 1.6226527834823115e-5 
-0.0016897454775529322 -0.03566971650530224 -7.158806904137065e-6 
-0.0013446164373955188 -0.05098842661231316 -2.649775365579973e-5 
-0.0006846757549414593 -0.0612335959108489 -3.9525821364137815e-5 
0.00015425915850460518 -0.0639267117541897 -4.497697128526365e-5 
0.0010207053592947999 -0.05803279657870212 -4.253772081374027e-5 
0.0017670566723395533 -0.04402034539061341 -3.2946003171113606e-5 
0.0022698005432788392 -0.023721053201867154 -1.7933084815701147e-5 
0.0024469514600483156 1.659665659220139e-11 4.394104067259949e-12 
0.002269800543383584 0.02372105323514424 1.793309342346861e-5 
0.0017670566725686183 0.04402034542430778 3.294601125160205e-5 
0.0010207053595821748 0.05803279661300042 4.2537728060566163e-5 
0.0001542591587688248 0.06392671178868253 4.497697744635215e-5 
-0.0006846757548431588 0.061233595944191595 3.952582626214711e-5 
-0.001344616437606221 0.05098842664191251 2.6497757205895693e-5 
-0.0016897454781596116 0.03566971652763292 7.158809136618702e-6 
-0.0016153487621917452 0.01896375115605368 -1.622652675490096e-5 
-0.0010571121198897362 0.005409460494035626 -3.6874009161562276e-5 
-0.0005445167040150649 -0.00136133216930686 5.907973437757693e-5 
-0.0013568122733199413 -0.011488648281017318 2.9752841812647302e-5 
-0.001671843518562875 -0.02722509205490068 3.876063595511586e-6 
-0.0015329000329668669 -0.04376238034058781 -1.8348857562182613e-5 
-0.0010252104986590057 -0.05693832888539564 -3.501073213447051e-5 
-0.00026959796409381536 -0.06363148018202867 -4.4480690759903e-5 
0.0005895310518983431 -0.06206540105770011 -4.5928441425429e-5 
0.0014017715485554895 -0.051961676965727906 -3.955798351184605e-5 
0.0020307492175376087 -0.03450056761169417 -2.6644845229568893e-5 
0.002373083539104736 -0.012082468977444078 -9.388568915279055e-6 
0.0023730835391561726 0.012082469010656318 9.388577657938028e-6 
0.002030749217706081 0.03450056764512316 2.6644853615147897e-5 
0.0014017715488171727 0.05196167699973736 3.955799121114378e-5 
0.0005895310521794622 0.06206540109218748 4.592844815542651e-5 
-0.0002695979639044716 0.0636314802161958 4.4480696307154074e-5 
-0.0010252104987080388 0.05693832891725963 3.5010736361033074e-5 
-0.0015329000333768842 0.04376238036702593 1.834886044559047e-5 
-0.0016718435192636988 0.027225092072486235 -3.876061969472786e-6 
-0.001356812274012504 0.011488648288806656 -2.9752841194536607e-5 
-0.0005445167043186568 0.0013613321702385895 -5.907973434515439e-5 
0.0010571121192996873 -0.005409460490248556 3.68740094548137e-5 
0.0016153487614154374 -0.018963751143336045 1.62265278932181e-5 
0.0016897454775477775 -0.035669716505090085 -7.158806815616383e-6 
0.0013446164373918112 -0.05098842661203235 -2.649775353912357e-5 
0.0006846757549409957 -0.061233595910563286 -3.952582124519537e-5 
-0.0001542591585052979 -0.06392671175390112 -4.4976971165219015e-5 
-0.0010207053592960148 -0.058032796578435346 -4.253772070265391e-5 
-0.0017670566723422747 -0.04402034539033908 -3.294600305692803e-5 
-0.0022698005432811785 -0.023721053201577268 -1.7933084695268342e-5 
-0.002446951460049909 1.6886018565458296e-11 4.514510964405344e-12 
-0.0022698005433853976 0.023721053235427413 1.7933093541396128e-5 
-0.0017670566725708485 0.04402034542460029 3.2946011373065744e-5 
-0.0010207053595827416 0.05803279661327277 4.2537728174081196e-5 
-0.0001542591587704478 0.06392671178892566 4.4976977547980874e-5 
0.0006846757548409723 0.06123359594444592 3.952582636802094e-5 
0.0013446164376076214 0.050988426642133045 2.6497757297666336e-5 
0.0016897454781603452 0.03566971652781323 7.158809211692156e-6 
0.001615348762194963 0.01896375115617556 -1.6226526703964924e-5 
0.0010571121198930786 0.005409460494092232 -3.6874009137906557e-5 
0.0005445167040108305 -0.0013613321692789847 5.9079734389237466e-5 
0.0013568122733153517 -0.011488648280913833 2.975284185576741e-5 
0.001671843518558171 -0.02722509205472357 3.8760636692963915e-6 
0.0015329000329619296 -0.04376238034033616 -1.8348857457244657e-5 
0.0010252104986577945 -0.0569383288851022 -3.5010732012270866e-5 
0.0002695979640921231 -0.06363148018173981 -4.448069063928109e-5 
-0.000589531051898553 -0.062065401057422434 -4.592844130959386e-5 
-0.0014017715485576622 -0.051961676965458246 -3.955798339933724e-5 
-0.0020307492175404367 -0.03450056761141 -2.6644845111058487e-5 
-0.0023730835391066857 -0.0120824689771525 -9.388568793765167e-6 
-0.002373083539157917 0.012082469010942334 9.388577777184595e-6 
-0.0020307492177089547 0.03450056764540846 2.6644853733958217e-5 
-0.0014017715488180602 0.05196167700002091 3.955799132922894e-5 
-0.0005895310521797974 0.06206540109244279 4.592844826160144e-5 
0.0002695979639014731 0.06363148021644241 4.448069640988779e-5 
0.0010252104987081084 0.05693832891750272 3.501073646204801e-5 
0.0015329000333776405 0.043762380367222214 1.834886052742314e-5 
0.0016718435192661827 0.027225092072640626 -3.87606190530658e-6 
0.0013568122740157242 0.011488648288895372 -2.975284115753478e-5 
0.0005445167043220135 0.0013613321702624828 -5.907973433513036e-5 
0.001057112119136577 -0.005409460490312154 -3.687400905573505e-5 
0.0016153487611377455 -0.018963751143473876 -1.6226526503128323e-5 
0.0016897454772080219 -0.035669716505301374 7.158809561838359e-6 
0.0013446164370339766 -0.05098842661231342 2.6497757798914477e-5 
0.0006846757545998651 -0.06123359591084957 3.952582698196779e-5 
-0.00015425915879401812 -0.06392671175419117 4.4976978223339786e-5 
-0.0010207053595126228 -0.05803279657870412 4.253772881043545e-5 
-0.001767056672464779 -0.04402034539061561 3.2946011882398236e-5 
-0.0022698005433034315 -0.023721053201869475 1.7933093830707146e-5 
-0.002446951459979248 1.659473534668392e-11 4.5153641616882505e-12 
-0.002269800543236324 0.023721053235142796 -1.79330849810742e-5 
-0.001767056672361374 0.04402034542430669 -3.294600356441964e-5 
-0.0010207053593306323 0.05803279661299949 -4.253772134396766e-5 
-0.00015425915848787223 0.06392671178868199 -4.497697185525514e-5 
0.0006846757551392621 0.06123359594419143 -3.9525821887596967e-5 
0.0013446164378998913 0.050988426641912936 -2.649775407771606e-5 
0.001689745478424497 0.03566971652763396 -7.158807190827945e-6 
0.0016153487623983965 0.018963751156055343 1.622652770122246e-5 
0.0010571121200069278 0.005409460494037371 3.687400941804964e-5 
0.000544516703927518 -0.001361332169302575 -5.907973427722185e-5 
0.0013568122730900278 -0.011488648281014719 -2.975284102030925e-5 
0.0016718435182448688 -0.027225092054899373 -3.876061632902279e-6 
0.0015329000326102001 -0.043762380340587444 1.8348860954294647e-5 
0.0010252104983044673 -0.05693832888539615 3.5010737025516394e-5 
0.0002695979637760506 -0.06363148018202977 4.4480697065573484e-5 
-0.0005895310521537467 -0.06206540105770169 4.592844892977976e-5 
-0.0014017715487284314 -0.0519616769657299 3.955799191457556e-5 
-0.002030749217612357 -0.034500567611696405 2.6644854145669613e-5 
-0.0023730835390815973 -0.012082468977446177 9.38857792654738e-6 
-0.0023730835390464566 0.012082469010654582 -9.388568941268139e-6 
-0.0020307492175272645 0.03450056764512188 -2.6644845519104304e-5 
-0.0014017715485866074 0.051961676999736466 -3.9557983986341335e-5 
-0.0005895310519117695 0.062065401092186966 -4.5928441986278026e-5 
0.00026959796419406443 0.0636314802161956 -4.4480691316366424e-5 
0.0010252104990048786 0.05693832891725967 -3.5010732610907735e-5 
0.0015329000336586592 0.04376238036702665 -1.8348857924007024e-5 
0.0016718435195020975 0.027225092072487547 3.876063385184055e-6 
0.0013568122741770383 0.011488648288808691 2.9752841749285853e-5 
0.0005445167043789674 0.0013613321702415782 5.907973441338666e-5 
0.0 0.0 0.0 
0.0 0.0 0.0 
0.0 0.0 0.0 
0.0 0.0 0.0 
0.0 0.0 0.0 
0.0 0.0 0.0 
0.0 0.0 0.0 
0.0 0.0 0.0 
0.0 0.0 0.0 
0.0 0.0 0.0 
0.0 0.0 0.0 
0.0 0.0 0.0 
0.0 0.0 0.0 
0.0 0.0 0.0 
0.0 0.0 0.0 
0.0 0.0 0.0 
0.0 0.0 0.0 
0.0 0.0 0.0 
-0.0010547117564493 -0.005456600574186467 1.704896369399583e-13 
-0.0016143337871279933 -0.01898384055462203 6.357047037000523e-13 
-0.0016890763426101697 -0.035661099788371065 1.2841087277086687e-12 
-0.0013441331567221463 -0.0509564393414676 2.0129102808557512e-12 
-0.0006844026981706351 -0.061185919989980686 2.749676799530232e-12 
0.00015429816429959978 -0.06387248303684065 3.40975632001647e-12 
0.001020515614109341 -0.05798151917360262 3.943705454049882e-12 
0.0017666752263699986 -0.043980634411595575 4.299676307004687e-12 
0.0022692917600685377 -0.02369943886683216 4.448190514214708e-12 
0.0024463980742182997 1.6740808549190935e-11 4.395552056249902e-12 
0.0022692917600868326 0.023699438900396285 4.163057734390368e-12 
0.0017666752264321615 0.043980634445573256 3.783244439202757e-12 
0.0010205156141612204 0.057981519208166334 3.3020609737238808e-12 
0.0001542981642782635 0.06387248307158944 2.7450897841564175e-12 
-0.0006844026983914046 0.06118592002357485 2.1344965464189637e-12 
-0.0013441331572640242 0.05095643937129475 1.5179194372684693e-12 
-0.001689076343524786 0.035661099810884056 9.349058244592568e-13 
-0.001614333788147525 0.018983840567338085 4.469222516755116e-13 
-0.001054711757179415 0.005456600578000321 1.153465072441033e-13 
-0.0010570821588039786 -0.00544425343376167 -1.9308294984054353e-5 
-0.0005461893367949665 -0.0014284572808885966 4.1778459511438416e-14 
-0.0005446837170745436 -0.0014124324656797935 -2.8331157470540724e-5 
-0.00105708215889057 -0.0054442534337959545 1.93082953258066e-5 
-0.0005446837171209052 -0.0014124324656958067 2.8331157555333885e-5 
-0.0016153751140065538 -0.018978706253348316 -8.282121310608399e-6 
-0.0013563812433428379 -0.011523681439926244 3.7307375972168717e-13 
-0.0013567111297899317 -0.011515048607602895 -1.4687238984383801e-5 
-0.0016153751141501863 -0.01897870625341893 8.28212258243744e-6 
-0.0013567111299076988 -0.011515048607655879 1.46872397312706e-5 
-0.0016897328341406778 -0.03566326400764974 3.5962412375690104e-6 
-0.0016711980335354698 -0.02722973000436106 9.435758507876296e-13 
-0.0016717729548802445 -0.027228569124681724 -1.9419460382847203e-6 
-0.001689732834315479 -0.03566326400775617 -3.596238669123919e-6 
-0.0016717729550419884 -0.027228569124770927 1.9419479258169926e-6 
-0.0013445939442153934 -0.050964476547809286 1.3313659120122664e-5 
-0.001532355494861067 -0.04374050519555459 1.643505954360576e-12 
-0.001532855239161047 -0.04374594311068312 9.124103712255565e-6 
-0.001344593944397221 -0.05096447654795013 -1.3313655094103188e-5 
-0.0015328552393419734 -0.043745943110808955 -9.124100425228903e-6 
-0.0006846604054741101 -0.061197889830887066 1.98449772907824e-5 
-0.001024843673568402 -0.05689652005134956 2.3848264876060516e-12 
-0.0010251830354496923 -0.05690692957943319 1.7435462340509622e-5 
-0.0006846604056431571 -0.06119788983102968 -1.984497179150892e-5 
-0.0010251830356263667 -0.05690692957957955 -1.7435457571117655e-5 
0.00015426230430653232 -0.06388609324179582 2.2574246320695047e-5 
-0.00026944443930611707 -0.06357833242052432 3.093531974328668e-12 
-0.0002695869974567593 -0.06359157164567579 2.2162007648396692e-5 
0.00015426230416339446 -0.06388609324193936 -2.2574239501743746e-5 
-0.00026958699761510987 -0.06359157164581918 -2.2162001461938452e-5 
0.001020695970904971 -0.05799438650968968 2.134651729283926e-5 
0.0005894627981819215 -0.06201051000289266 3.6952977001513156e-12 
0.0005895255029784907 -0.062024186331052646 2.2887935403705587e-5 
0.001020695970797588 -0.05799438650982231 -2.1346509405800123e-5 
0.0005895255028527278 -0.06202418633119054 -2.2887928013694146e-5 
0.0017670367462476518 -0.043990598486069094 1.6531806128488016e-5 
0.0014015023477415756 -0.05191439390461583 4.146491239199399e-12 
0.0014017510890067743 -0.051926175847313266 1.9715205268217954e-5 
0.0017670367461854132 -0.0439905984862054 -1.653179752965052e-5 
0.0014017510889208613 -0.05192617584744672 -1.971519697599836e-5 
0.0022697736316764808 -0.023704862008940845 8.99820423535587e-6 
0.0020303277287508597 -0.034468717547833816 4.400249865658758e-12 
0.0020307174491325207 -0.03447665430566524 1.3280102547854211e-5 
0.002269773631664718 -0.023704862009085247 -8.99819533926861e-6 
0.0020307174490953018 -0.034476654305805966 -1.3280093748122194e-5 
0.002446922104877008 1.6812556732398226e-11 4.3955042467862224e-12 
0.0023725800228735815 -0.0120712460162175 4.446122181706573e-12 
0.0023730456746773976 -0.012074042738471045 4.679472375197621e-6 
0.0024469221049126075 1.666878625181161e-11 4.3950869820329584e-12 
0.0023730456746900003 -0.012074042738615781 -4.679463483593945e-6 
0.0022697736316515662 0.023704862042646976 -8.998195623551513e-6 
0.002372580022881606 0.012071246049717852 4.29983772742468e-12 
0.00237304567466363 0.012074042772114438 -4.679463629367169e-6 
0.0022697736317262153 0.023704862042506117 8.99820394923142e-6 
0.00237304567471974 0.012074042771972361 4.679472228487133e-6 
0.0017670367462265348 0.04399059852018753 -1.6531798045404606e-5 
0.0020303277287922403 0.03446871758154696 3.98935508784808e-12 
0.002030717449110372 0.034476654339519644 -1.3280094158132764e-5 
0.0017670367463309604 0.043990598520041425 1.653180561177826e-5 
0.0020307174492002573 0.03447665433937771 1.3280102136442214e-5 
0.0010206959708392736 0.05799438654438808 -2.134651004865641e-5 
0.001401502347800303 0.05191439393889856 3.5539347071044603e-12 
0.0014017510889640112 0.05192617588173418 -1.971519756890139e-5 
0.0010206959709670614 0.05799438654425224 2.1346516652525343e-5 
0.0014017510890812952 0.051926175881592866 1.9715204676446598e-5 
0.00015426230414284232 0.06388609327667907 -2.2574240169894983e-5 
0.0005894627982007953 0.06201051003763966 3.0316837326133453e-12 
0.0005895255028664901 0.06202418636593406 -2.2887928679237118e-5 
0.00015426230428463962 0.06388609327655759 2.2574245660021955e-5 
0.0005895255030027723 0.06202418636580656 2.2887934742662287e-5 
-0.0006846604058535603 0.06119788986462091 -1.9844972414029604e-5 
-0.00026944443942085634 0.06357833245494568 2.4442491157148287e-12 
-0.0002695869977230463 0.06359157168023367 -2.2162002116306932e-5 
-0.0006846604057048523 0.0611978898644937 1.9844976683035986e-5 
-0.00026958699757786996 0.06359157168011059 2.2162007004679882e-5 
-0.0013445939449229147 0.050964476577767884 -1.3313655598755332e-5 
-0.0010248436739447176 0.056896520083460175 1.824348326167984e-12 
-0.0010251830359896787 0.05690692961168332 -1.7435458140116174e-5 
-0.0013445939447731337 0.05096447657765725 1.3313658634682165e-5 
-0.0010251830358388252 0.05690692961156146 1.743546178906374e-5 
-0.001689732835210221 0.03566326403026476 -3.5962390247187003e-6 
-0.0015323554955936442 0.043740505222193575 1.2195085540914987e-12 
-0.0015328552400559593 0.04374594313744026 -9.12410085885997e-6 
-0.0016897328350760897 0.035663264030174266 3.596240894584876e-6 
-0.0015328552399126194 0.043745943137341786 9.124103298178108e-6 
-0.001615375115151905 0.018978706266128926 8.282122395884241e-6 
-0.0016711980345180994 0.027229730022106727 6.748624632230654e-13 
-0.0016717729560052654 0.027228569142512638 1.9419476542965592e-6 
-0.001615375115045617 0.018978706266067423 -8.282121501716479e-6 
-0.0016717729558830136 0.02722856914243459 -1.9419463040329973e-6 
-0.001057082159609919 0.005444253437599468 1.930829528253415e-5 
-0.001356381244236309 0.011523681447832012 2.5769926590258345e-13 
-0.001356711130785256 0.01151504861555348 1.4687239623416363e-5 
-0.0010570821595485523 0.005444253437570259 -1.9308295051296975e-5 
-0.0013567111306999745 0.011515048615508101 -1.4687239107396509e-5 
-0.0005461893371774195 0.0014284572818963448 2.731583612973305e-14 
-0.0005446837174955267 0.0014124324666911813 2.8331157560332125e-5 
-0.0005446837174628723 0.0014124324666777678 -2.833115750481485e-5 
0.0010547117564490478 -0.005456600574186463 1.9789712278115263e-13 
0.0016143337871275562 -0.01898384055462206 6.937809157650163e-13 
0.0016890763426094647 -0.035661099788371065 1.372570594700733e-12 
0.0013441331567211768 -0.05095643934146769 2.1300354270963405e-12 
0.0006844026981693878 -0.06118591998998087 2.8690459511145122e-12 
-0.00015429816430106066 -0.0638724830368408 3.529784682579625e-12 
-0.0010205156141109826 -0.05798151917360259 4.055144838295313e-12 
-0.0017666752263717951 -0.043980634411595526 4.4141837376675204e-12 
-0.002269291760070487 -0.023699438866832012 4.5693175551595055e-12 
-0.0024463980742203423 1.674086306338702e-11 4.516127703312406e-12 
-0.0022692917600889767 0.023699438900396216 4.281082536761455e-12 
-0.0017666752264343772 0.043980634445573055 3.905079085797146e-12 
-0.001020515614163335 0.05798151920816625 3.415446540377984e-12 
-0.00015429816428044976 0.06387248307158966 2.8464198480638745e-12 
0.0006844026983893105 0.061185920023575244 2.2403511495353633e-12 
0.001344133157262184 0.05095643937129481 1.6100633642942273e-12 
0.0016890763435235335 0.0356610998108839 1.0098387472764775e-12 
0.0016143337881467901 0.018983840567338015 4.975996953936848e-13 
0.0010547117571790589 0.005456600578000235 1.3880404648271054e-13 
0.0005461893367948466 -0.0014284572808885892 5.355034721433399e-14 
0.0010570821588869142 -0.0054442534337629115 1.9308295353272708e-5 
0.0005446837171176105 -0.0014124324656819213 2.8331157567079532e-5 
0.0010570821588071293 -0.0054442534337947055 -1.9308294956582886e-5 
0.000544683717077598 -0.0014124324656936663 -2.8331157458778973e-5 
0.0013563812433424862 -0.011523681439926237 4.161921335695629e-13 
0.0016153751141463697 -0.018978706253349294 8.28212264067705e-6 
0.001356711129904084 -0.011515048607604168 1.4687239774378624e-5 
0.0016153751140094846 -0.018978706253418066 -8.282121252372891e-6 
0.001356711129792847 -0.011515048607654604 -1.4687238941250265e-5 
0.001671198033534916 -0.027229730004361102 1.0173201006962098e-12 
0.0016897328343113576 -0.03566326400765011 -3.5962385806423463e-6 
0.0016717729550382178 -0.027228569124682377 1.941947999607454e-6 
0.0016897328341434037 -0.035663264007755685 3.596241326059998e-6 
0.0016717729548829134 -0.02722856912477021 -1.9419459645035906e-6 
0.0015323554948602613 -0.04374050519555452 1.7481727386690433e-12 
0.0013445939443941725 -0.0509644765478094 -1.331365497719491e-5 
0.0015328552393379868 -0.043745943110683305 -9.124100320466472e-6 
0.0013445939442165748 -0.05096447654795008 1.3313659237151472e-5 
0.0015328552391634005 -0.04374594311080879 9.12410381701401e-6 
0.0010248436735672897 -0.05689652005134937 2.50679157773333e-12 
0.0006846604056425227 -0.061197889830886594 -1.9844971672307345e-5 
0.0010251830356251587 -0.056906929579432906 -1.7435457449046672e-5 
0.0006846604054722821 -0.06119788983102993 1.9844977409962375e-5 
0.001025183035448671 -0.05690692957957982 1.7435462462573717e-5 
0.0002694444393047943 -0.06357833242052421 3.2136100718622686e-12 
-0.0001542623041643065 -0.06388609324179499 -2.257423938167561e-5 
0.00026958699761352954 -0.06359157164567524 -2.2162001341620573e-5 
-0.00015426230430856276 -0.0638860932419398 2.2574246440938715e-5 
0.0002695869974556779 -0.0635915716458199 2.2162007768714128e-5 
-0.000589462798183516 -0.06201051000289261 3.81096160400599e-12 
-0.0010206959707988613 -0.057994386509688925 -2.1346509294621794e-5 
-0.0005895255028532578 -0.062024186331051834 -2.2887927897948476e-5 
-0.0010206959709069465 -0.057994386509823324 2.1346517404263133e-5 
-0.0005895255029811392 -0.06202418633119138 2.288793551946109e-5 
-0.0014015023477433135 -0.051914393904615656 4.258718022859215e-12 
-0.0017670367461878902 -0.043990598486068 -1.6531797415263278e-5 
-0.0014017510889229624 -0.0519261758473122 -1.9715196863654132e-5 
-0.0017670367462487738 -0.04399059848620632 1.6531806242831498e-5 
-0.0014017510890081393 -0.05192617584744776 1.971520538058274e-5 
-0.002030327728752715 -0.03446871754783385 4.518478834994363e-12 
-0.002269773631666988 -0.02370486200893967 -8.998195218434352e-6 
-0.0020307174490979208 -0.0344766543056642 -1.3280093629771997e-5 
-0.0022697736316781175 -0.023704862009086232 8.99820435617068e-6 
-0.002030717449133621 -0.0344766543058071 1.3280102666195186e-5 
-0.0023725800228755825 -0.012071246016217613 4.56761871714251e-12 
-0.0024469221049143327 1.6813580206144944e-11 4.515637300050657e-12 
-0.002373045674691944 -0.012074042738470004 -4.679463362083252e-6 
-0.0024469221048793585 1.6667842596567182e-11 4.516067655556743e-12 
-0.0023730456746794636 -0.012074042738616847 4.679472496697458e-6 
-0.0023725800228836893 0.01207124604971788 4.418984546789661e-12 
-0.0022697736317281365 0.023704862042647736 8.998204067230053e-6 
-0.002373045674721542 0.012074042772115313 4.679472347636911e-6 
-0.0022697736316539693 0.023704862042505395 -8.998195505541007e-6 
-0.002373045674665993 0.012074042771971494 -4.679463510190389e-6 
-0.0020303277287943887 0.03446871758154677 4.108192479108603e-12 
-0.0017670367463332084 0.04399059852018767 1.653180573335033e-5 
-0.0020307174492029466 0.034476654339520324 1.3280102255359999e-5 
-0.0017670367462286987 0.04399059852004087 -1.653179792363658e-5 
-0.002030717449111998 0.034476654339377064 -1.328009403929273e-5 
-0.0014015023478024576 0.05191439393889844 3.672101340454697e-12 
-0.0010206959709680035 0.05799438654438829 2.134651676593441e-5 
-0.0014017510890824703 0.05192617588173482 1.9715204794658625e-5 
-0.001020695970842578 0.05799438654425185 -2.134650993516522e-5 
-0.0014017510889671504 0.05192617588159243 -1.9715197450792983e-5 
-0.0005894627982029923 0.06201051003764006 3.13836080675775e-12 
-0.00015426230428639947 0.06388609327667885 2.257424576142528e-5 
-0.0005895255030035366 0.06202418636593456 2.2887934849044137e-5 
-0.00015426230414552296 0.06388609327655735 -2.257424006841018e-5 
-0.0005895255028700992 0.0620241863658062 -2.28879285728356e-5 
0.0002694444394187063 0.06357833245494554 2.547012970790936e-12 
0.0006846604057027014 0.0611978898646209 1.9844976788714415e-5 
0.0002695869975750595 0.0635915716802339 2.216200710749246e-5 
0.0006846604058515581 0.0611978898644935 -1.9844972308144193e-5 
0.00026958699772155863 0.06359157168011034 -2.2162002013572217e-5 
0.0010248436739427444 0.05689652008346013 1.9256717843898094e-12 
0.0013445939447737816 0.05096447657776807 1.3313658726690366e-5 
0.0010251830358383844 0.0569069296116832 1.7435461890239958e-5 
0.0013445939449186427 0.05096447657765747 -1.3313655506791787e-5 
0.0010251830359861449 0.056906929611561505 -1.743545803901941e-5 
0.0015323554955921238 0.04374050522219361 1.3014160832334197e-12 
0.0016897328350763661 0.035663264030264284 3.59624096959567e-6 
0.0015328552399128813 0.04374594313743998 9.124103380060054e-6 
0.0016897328352074657 0.035663264030174564 -3.596238949693288e-6 
0.0015328552400526152 0.04374594313734209 -9.124100777093804e-6 
0.001671198034517102 0.027229730022106675 7.392833426506445e-13 
0.0016153751150479367 0.018978706266128128 -8.282121450939176e-6 
0.0016717729558847045 0.02722856914251202 -1.9419462397220766e-6 
0.0016153751151481114 0.018978706266068048 8.282122446672833e-6 
0.0016717729560015906 0.027228569142435263 1.9419477185534933e-6 
0.0013563812442357662 0.011523681447832055 2.946808967033148e-13 
0.0010570821595510455 0.005444253437598451 -1.930829502775476e-5 
0.001356711130702331 0.011515048615552432 -1.4687239070415903e-5 
0.0010570821596066948 0.005444253437571091 1.930829530606318e-5 
0.0013567111307818097 0.011515048615509097 1.4687239660374808e-5 
0.0005461893371772489 0.0014284572818963424 3.742179903557355e-14 
0.0005446837174654238 0.0014124324666896777 -2.8331157494724107e-5 
0.0005446837174926321 0.0014124324666792518 2.8331157570402513e-5 
8.37665320689659e-14 -0.005402933579967336 1.8601728761860441e-13 
1.4087304783112327e-13 -0.01896066746545681 6.6603106442851e-13 
1.71790669438567e-13 -0.035671268374487496 1.328900321870385e-12 
1.7985190585229054e-13 -0.05099396226767493 2.0713507541481384e-12 
1.6957153159741977e-13 -0.061241838732033135 2.8087815150816195e-12 
1.4325410799056395e-13 -0.06393608915497222 3.4687381518598726e-12 
1.072854592319161e-13 -0.05804166491307534 3.998013199021081e-12 
6.077894878977739e-14 -0.04402721388376749 4.355419031479063e-12 
1.0354889825649097e-14 -0.023724791808774202 4.507284964828512e-12 
-3.6547458091962043e-14 1.688495710550312e-11 4.4544866478564245e-12 
-7.575592551914649e-14 0.023724791842622273 4.220973094538681e-12 
-1.0581975358491413e-13 0.0440272139180269 3.843206472304254e-12 
-1.2791710487622746e-13 0.058041664947911985 3.3580950481844577e-12 
-1.426823311758696e-13 0.0639360891899973 2.795368431882563e-12 
-1.5014009208711593e-13 0.0612418387659183 2.1872403522918914e-12 
-1.4865364593925815e-13 0.050993962297780054 1.5643625407249656e-12 
-1.3370240559007608e-13 0.03567126839721437 9.730283807302495e-13 
-1.0410521362084188e-13 0.018960667478297357 4.734089512254424e-13 
-5.904824321112203e-14 0.0054029335838093155 1.2845010541922148e-13 
4.357298835180598e-14 -0.0013475755359691449 5.0609504969935526e-14 
-0.0005252143470221793 -0.005404576934615013 -1.8266755055553062e-5 
-0.0002726443064699448 -0.0013509984960187315 -2.976940690617645e-5 
1.1459891636696896e-13 -0.011482159924508852 3.9643177688317014e-13 
-0.0008043761404629724 -0.018961433376493964 -8.076327049728616e-6 
-0.0006786181665362094 -0.011483781769830002 -1.4915056110975375e-5 
1.5847837681059864e-13 -0.02722424207259536 9.814290121594763e-13 
-0.0008420063367228244 -0.035670863160292526 3.584523425630667e-6 
-0.0008361091028140222 -0.027224462133608587 -1.9411365354195045e-6 
1.7751173661666475e-13 -0.04376620933060791 1.6961105039986109e-12 
-0.0006701532505974349 -0.050992551977104346 1.3249026626945254e-5 
-0.0007666056308227585 -0.043765266073920374 9.17735642470331e-6 
1.7618779628431127e-13 -0.056945640628884193 2.4455080582398424e-12 
-0.00034110926911423884 -0.06123974615797149 1.9762447434503336e-5 
-0.0005127112880819443 -0.056943831229286326 1.7509799495551496e-5 
1.5754926886069834e-13 -0.06364076820351275 3.152780039577313e-12 
7.732518708032462e-5 -0.06393371163743473 2.2487968829432807e-5 
-0.00013484484138275956 -0.06363846689932764 2.224531915070718e-5 
1.2612405596180224e-13 -0.062074990347008904 3.752005921533703e-12 
0.0005095424912869921 -0.05803941781462611 2.1268391769805602e-5 
0.00029478217423965113 -0.062072613164469895 2.2969067636919157e-5 
8.477142306851092e-14 -0.051969935707917164 4.201156687876544e-12 
0.0008818769970918448 -0.044025474039048086 1.647264660533601e-5 
0.0007009588835847046 -0.05196788785190948 1.9783050392068848e-5 
3.552290213041117e-14 -0.034506130243186516 4.457803440461287e-12 
0.0011326907709314424 -0.02372384492634082 8.966353629354781e-6 
0.0010154904123459475 -0.0345047507472957 1.3325120072372877e-5 
-1.3599303417969454e-14 -0.012084429000547056 4.505404761571221e-12 
0.0012210708058020714 1.6884521045384634e-11 4.424631655804122e-12 
0.0011866805422562547 -0.012083942901862191 4.6952335764752196e-6 
-5.696871446910149e-14 0.012084429034334852 4.358202915563604e-12 
0.0011326907708545308 0.02372384496018813 -8.966344959792206e-6 
0.0011866805422168518 0.012083942935649022 -4.695224772499721e-6 
-9.161674752994864e-14 0.03450613027718258 4.0478854771174045e-12 
0.0008818769969559386 0.04402547407330683 -1.6472638465144354e-5 
0.0010154904122395244 0.03450475078129097 -1.332511162499332e-5 
-1.174272471937566e-13 0.05196993574247838 3.6123782740961875e-12 
0.0005095424910771755 0.05803941784946196 -2.1268384470842834e-5 
0.000700958883411754 0.05196788788646984 -1.978304263653294e-5 
-1.3602837871247027e-13 0.062074990382028954 3.084586412343771e-12 
7.732518678315875e-5 0.06393371167245908 -2.2487962624291317e-5 
0.0002947821739871375 0.062072613199489216 -2.2969060857862427e-5 
-1.469522682876219e-13 0.0636407682382167 2.4954173988800592e-12 
-0.00034110926954459696 0.06123974619185577 -1.9762442501770196e-5 
-0.00013484484174418478 0.06363846693403066 -2.2245313563608785e-5 
-1.503874762455461e-13 0.05694564066128788 1.8750685113452784e-12 
-0.0006701532511978933 0.050992552007208695 -1.3249023052802592e-5 
-0.0005127112885968125 0.056943831261688976 -1.750979523949369e-5 
-1.4245720713606297e-13 0.04376620935749868 1.2609536431096124e-12 
-0.0008420063374851759 0.03567086318301925 -3.584521170954338e-6 
-0.0007666056315102222 0.0437652661008103 -9.177353524287637e-6 
-1.2020051059268973e-13 0.027224242090514873 7.079974182017916e-13 
-0.0008043761412170019 0.018961433389335505 8.076328163973257e-6 
-0.0008361091035856649 0.027224462151528482 1.9411381873544554e-6 
-8.280095875775982e-14 0.011482159932489284 2.776106305190841e-13 
-0.0005252143475296002 0.005404576938459081 1.8266755368348425e-5 
-0.0006786181671821665 0.011483781777812396 1.4915056772603182e-5 
-3.026797219067532e-14 0.001347575536946669 3.444845953281528e-14 
-0.00027264430673612527 0.0013509984970004397 2.9769407006307237e-5 
0.0005252143471896609 -0.005404576934616264 1.826675542745477e-5 
0.0002726443065571217 -0.0013509984960208626 2.9769407007173257e-5 
0.0008043761407446954 -0.018961433376494804 8.076328381711365e-6 
0.0006786181667654056 -0.0114837817698313 1.4915056903697937e-5 
0.0008420063370663887 -0.03567086316029292 -3.584520767846292e-6 
0.00083610910313097 -0.027224462133609306 1.9411384981945775e-6 
0.0006701532509571298 -0.050992551977104277 -1.3249022484172837e-5 
0.0007666056311777815 -0.04376526607392056 -9.177353032513362e-6 
0.0003411092694533736 -0.061239746157971196 -1.9762441816919196e-5 
0.0005127112884343064 -0.05694383122928609 -1.7509794604541794e-5 
-7.732518679380991e-5 -0.06393371163743432 -2.2487961891994126e-5 
0.00013484484169785344 -0.06363846689932706 -2.2245312845098776e-5 
-0.000509542491072423 -0.05803941781462511 -2.1268383773540586e-5 
-0.0002947821739874149 -0.06207261316446925 -2.2969060132810254e-5 
-0.0008818769969702849 -0.04402547403904702 -1.6472637894428767e-5 
-0.0007009588834151647 -0.05196788785190847 -1.9783041989643177e-5 
-0.0011326907709107328 -0.02372384492633971 -8.966344614698243e-6 
-0.0010154904122748965 -0.034504750747294595 -1.3325111156663474e-5 
-0.001221070805875157 1.6885443191354656e-11 4.4844920956060485e-12 
-0.0011866805422834483 -0.012083942901861155 -4.695224565566556e-6 
-0.0011326907710060452 0.02372384496018889 8.966353401858967e-6 
-0.0011866805423307854 0.012083942935649915 4.695233488951883e-6 
-0.0008818769971675735 0.04402547407330732 1.6472646151759337e-5 
-0.0010154904124227454 0.03450475078129162 1.3325119720798437e-5 
-0.000509542491333011 0.058039417849462316 2.1268391187152126e-5 
-0.0007009588836466077 0.05196788788647033 1.978304986130657e-5 
-7.732518706853514e-5 0.06393371167245954 2.2487968215297647e-5 
-0.0002947821742591835 0.062072613199489576 2.2969067027056434e-5 
0.00034110926924431936 0.06123974619185581 1.9762446876323094e-5 
0.00013484484145028153 0.06363846693403087 2.224531855443483e-5 
0.000670153250900597 0.05099255200720799 1.324902618135392e-5 
0.0005127112882960406 0.0569438312616891 1.750979898963577e-5 
0.0008420063372177765 0.03567086318301855 3.5845231168950666e-6 
0.0007666056312253073 0.043765266100810066 9.17735604617156e-6 
0.0008043761410088068 0.01896143338933455 -8.076327217294657e-6 
0.0008361091033452686 0.0272244621515279 -1.941136771416254e-6 
0.0005252143474115385 0.005404576938458094 -1.8266755111552836e-5 
0.0006786181670165619 0.011483781777811434 -1.4915056217470832e-5 
0.00027264430667556504 0.0013509984969989467 -2.9769406937559637e-5 
-8.40177271421495e-14 -0.005402933580033466 1.8603008733444558e-13 
-1.4131511809366844e-13 -0.018960667465596534 6.660975058956481e-13 
-1.72475329127019e-13 -0.03567126837469965 1.3288994165558594e-12 
-1.8079045161852418e-13 -0.05099396226795602 2.071472332756466e-12 
-1.7081310659495066e-13 -0.06124183873231886 2.808721307638343e-12 
-1.4471275154508942e-13 -0.06393608915526093 3.4687601549425576e-12 
-1.089177288389387e-13 -0.05804166491334212 3.998257092633679e-12 
-6.262072886489907e-14 -0.044027213884041794 4.35534378366364e-12 
-1.2298950172312585e-14 -0.02372479180906425 4.507171916085022e-12 
3.4535331444746537e-14 1.659559123921165e-11 4.454509911581994e-12 
7.36375350712898e-14 0.023724791842339076 4.221048343814873e-12 
1.0363603501157471e-13 0.04402721391773438 3.8434777371179415e-12 
1.257839617145801e-13 0.058041664947639446 3.358189179639981e-12 
1.4048706989877483e-13 0.06393608918975421 2.795540770872608e-12 
1.4805040414623958e-13 0.061241838765663886 2.1874003933685584e-12 
1.4684985563582182e-13 0.05099396229755922 1.5641159041601547e-12 
1.324580045475004e-13 0.035671268397033926 9.730628631947977e-13 
1.033660333262311e-13 0.018960667478175413 4.73399663784549e-13 
5.868266032165875e-14 0.0054029335837526005 1.2843788296214295e-13 
-0.0005252143471915994 -0.0054045769346823995 1.826675541369285e-5 
-4.369384480206992e-14 -0.0013475755359969772 5.062500997565533e-14 
-0.00027264430655875527 -0.0013509984960486969 2.9769407001351e-5 
-0.0008043761407467844 -0.01896143337663459 8.076328352586417e-6 
-1.1494996843632895e-13 -0.011482159924612345 3.9644822490664913e-13 
-0.0006786181667673535 -0.011483781769934778 1.4915056882154957e-5 
-0.0008420063370687355 -0.03567086316050504 -3.584520812137755e-6 
-1.5902040800154045e-13 -0.027224242072772502 9.814145549915907e-13 
-0.0008361091031330944 -0.02722446213378643 1.9411384612874758e-6 
-0.0006701532509590926 -0.05099255197738521 -1.32490225425191e-5 
-1.7836057593832196e-13 -0.04376620933085952 1.6961016284943964e-12 
-0.0007666056311801851 -0.04376526607417219 -9.177353084928154e-6 
-0.0003411092694543397 -0.06123974615825685 -1.9762441876542926e-5 
-1.772674362886154e-13 -0.05694564062917762 2.445488091341858e-12 
-0.000512711288435444 -0.05694383122957953 -1.7509794665602562e-5 
7.732518679262188e-5 -0.06393371163772296 -2.2487961952030405e-5 
-1.5890306292145848e-13 -0.06364076820380152 3.1527873891356483e-12 
-0.00013484484169931253 -0.06363846689961582 -2.2245312905334647e-5 
0.0005095424910709568 -0.05803941781489193 -2.1268383828982575e-5 
-1.2771731841292718e-13 -0.06207499034728669 3.7520043543783504e-12 
0.0002947821739863316 -0.06207261316474691 -2.296906019073561e-5 
0.0008818769969681194 -0.044025474039321284 -1.647263795161679e-5 
-8.646996077344085e-14 -0.051969935708186775 4.2011521280862676e-12 
0.0007009588834132877 -0.051967887852178055 -1.9783042045862197e-5 
0.0011326907709086336 -0.02372384492662965 -8.966344675086532e-6 
-3.738085026922477e-14 -0.034506130243470635 4.457823132430555e-12 
0.0010154904122726717 -0.034504750747578763 -1.3325111215837521e-5 
0.0012210708058732918 1.6596143995997974e-11 4.424228448978774e-12 
1.1578504553869665e-14 -0.012084429000838686 4.505429758750041e-12 
0.0011866805422814635 -0.012083942902152768 -4.695224626299584e-6 
0.0011326907710040258 0.023723844959905684 8.966353342916151e-6 
5.487114037212993e-14 0.01208442903404881 4.35818506043619e-12 
0.0011866805423288297 0.012083942935363856 4.695233429360858e-6 
0.0008818769971653781 0.04402547407301475 1.6472646091137833e-5 
8.941750320162848e-14 0.034506130276897376 4.04780415405114e-12 
0.0010154904124203036 0.03450475078100648 1.3325119661324828e-5 
0.0005095424913314509 0.05803941784918987 2.126839113047145e-5 
1.152783347047184e-13 0.051969935742194814 3.6122840497373717e-12 
0.0007009588836449355 0.05196788788618678 1.9783049802165e-5 
7.732518706655744e-5 0.06393371167221634 2.2487968164538825e-5 
1.3385309796617548e-13 0.06207499038177371 3.0845672687710332e-12 
0.0002947821742577002 0.062072613199234364 2.296906697394227e-5 
-0.0003411092692464353 0.061239746191601385 1.976244682352117e-5 
1.4480200302271056e-13 0.06364076823797019 2.4953543882607363e-12 
-0.0001348448414527483 0.06363846693378432 2.224531850303528e-5 
-0.0006701532509012071 0.05099255200698733 1.3249026135247942e-5 
1.4843793795514075e-13 0.05694564066104488 1.87502863899729e-12 
-0.0005127112882972385 0.05694383126144608 1.750979893909136e-5 
-0.0008420063372182685 0.035670863182838165 3.5845230794071032e-6 
1.409009178058037e-13 0.0437662093573025 1.2608739927782215e-12 
-0.0007666056312259839 0.04376526610061386 9.177356005205854e-6 
-0.0008043761410080475 0.01896143338921264 -8.07632724272522e-6 
1.1920682426440805e-13 0.027224242090360496 7.079696219301469e-13 
-0.0008361091033449537 0.027224462151373512 -1.9411368035512407e-6 
-0.000525214347410479 0.005404576938401445 -1.8266755123375624e-5 
8.225809242991805e-14 0.011482159932400612 2.775898149689295e-13 
-0.0006786181670156902 0.011483781777722734 -1.49150562359626e-5 
3.010157229779813e-14 0.0013475755369228024 3.442902289540778e-14 
-0.000272644306674437 0.0013509984969750813 -2.976940694258505e-5 
0.0005252143470236171 -0.005404576934681132 -1.8266755041760127e-5 
0.0002726443064713354 -0.001350998496046562 -2.9769406900324347e-5 
0.0008043761404641761 -0.01896143337663359 -8.076327020517149e-6 
0.0006786181665374522 -0.01148378176993349 -1.4915056089399925e-5 
0.0008420063367237958 -0.035670863160504634 3.5845234699105097e-6 
0.0008361091028150593 -0.02722446213378576 -1.941136498527259e-6 
0.0006701532505975276 -0.05099255197738546 1.3249026685494017e-5 
0.0007666056308234736 -0.04376526607417201 9.177356477099484e-6 
0.0003411092691127232 -0.06123974615825721 1.976244749414974e-5 
0.0005127112880809009 -0.05694383122957979 1.7509799556579173e-5 
-7.732518708204145e-5 -0.06393371163772378 2.2487968889695867e-5 
0.0001348448413815155 -0.06363846689961632 2.2245319210921213e-5 
-0.0005095424912887878 -0.058039417814892955 2.1268391825516315e-5 
-0.00029478217424175747 -0.06207261316474767 2.2969067694848753e-5 
-0.0008818769970933484 -0.044025474039322346 1.6472646662487092e-5 
-0.0007009588835862342 -0.05196788785217907 1.978305044825794e-5 
-0.0011326907709332248 -0.02372384492663087 8.966353689623706e-6 
-0.001015490412347428 -0.03450475074757987 1.3325120131586215e-5 
-0.0012210708058042188 1.659512968861097e-11 4.484915431116029e-12 
-0.00118668054225831 -0.012083942902153814 4.695233637226175e-6 
-0.0011326907708567528 0.023723844959904986 -8.966344900747983e-6 
-0.0011866805422190876 0.012083942935363022 -4.695224712898075e-6 
-0.0008818769969581079 0.04402547407301432 -1.6472638404135326e-5 
-0.0010154904122414707 0.034504750781005754 -1.3325111565586224e-5 
-0.0005095424910798957 0.05803941784918936 -2.1268384414019863e-5 
-0.0007009588834143751 0.051967887886186365 -1.978304257754204e-5 
-7.732518678560284e-5 0.06393371167221608 -2.2487962573518485e-5 
-0.0002947821739899961 0.062072613199234086 -2.296906080477464e-5 
0.0003411092695425346 0.06123974619160136 -1.9762442448833222e-5 
0.0001348448417423543 0.06363846693378417 -2.224531351229566e-5 
0.0006701532511948978 0.050992552006987574 -1.3249023007057686e-5 
0.0005127112885941006 0.05694383126144606 -1.7509795188979192e-5 
0.0008420063374831689 0.035670863182838755 -3.5845211334143694e-6 
0.0007666056315077759 0.04376526610061422 -9.177353483481816e-6 
0.0008043761412147578 0.018961433389213488 8.07632818940498e-6 
0.0008361091035833678 0.027224462151374144 1.941138219439969e-6 
0.0005252143475278077 0.005404576938402324 1.82667553801469e-5 
0.0006786181671802075 0.011483781777723738 1.491505679105593e-5 
0.00027264430673466154 0.0013509984969765712 2.97694070112903e-5 
-1.2457609617437026e-16 -0.005450309952500322 1.8445432163089863e-13 
-2.24483891781586e-16 -0.018980767434064814 6.649389148034194e-13 
-3.428464688346456e-16 -0.03566263142564527 1.328435888894865e-12 
-4.683869644120777e-16 -0.050961951437083576 2.071489250684729e-12 
-6.331135107621406e-16 -0.061194137106532556 2.80929199247537e-12 
-7.368303440954016e-16 -0.06388183428535492 3.4696234517454277e-12 
-7.973598953157203e-16 -0.05799036392868944 3.99921597613954e-12 
-9.182901702566785e-16 -0.04398748505776107 4.356720223940618e-12 
-9.789803082034408e-16 -0.02370316786454001 4.50855901042843e-12 
-1.0118335411675856e-15 1.6740720888332887e-11 4.455661573965736e-12 
-1.082555589998607e-15 0.02370316789810381 4.221932858195052e-12 
-1.087630305183725e-15 0.04398748509173856 3.844140362214067e-12 
-1.0512879964332324e-15 0.05799036396325358 3.35873118839453e-12 
-1.132257231926215e-15 0.06388183432010525 2.7958555701107705e-12 
-1.0469212832562232e-15 0.06119413714012961 2.1873801038990584e-12 
-8.94234102679166e-16 0.05096195146691437 1.5638963975655392e-12 
-6.136953117004887e-16 0.03566263144816084 9.723765088336047e-13 
-3.6041687139539507e-16 0.018980767446780074 4.723809220221881e-13 
-1.783586441990589e-16 0.005450309956310371 1.2727007496520224e-13 
-6.024051885237082e-17 -0.001414271610460491 4.810429598123695e-14 
-0.0005255357141704512 -0.005451953904340089 1.775458088984665e-13 
4.155125815277576e-14 -0.005437700782382824 1.848688789036077e-13 
-0.000272521504736 -0.0014177771491063291 4.5029824187162335e-14 
2.1485251457871712e-14 -0.0013985592760895936 4.87105764528807e-14 
-0.0005265163819905838 -0.0054394103351834665 -9.562149078130062e-6 
-0.00027192476567638747 -0.0014019704456267232 -1.428494924940411e-5 
-1.7646499523643596e-16 -0.011517165054972633 3.9489341414681416e-13 
-0.0008045308107502483 -0.018981559006791455 6.503549198006355e-13 
6.994095622455116e-14 -0.01897556527535935 6.652024915131108e-13 
-0.0006785766314786855 -0.011518769369600135 3.8404716664304264e-13 
5.707059798893865e-14 -0.011508599914542079 3.9527197781556384e-13 
-0.0008049718904369191 -0.01897636998319039 -4.1220334640812295e-6 
-0.0006787057875927896 -0.011510190211077713 -7.364747500743967e-6 
-2.719079545936211e-16 -0.027228895966658156 9.805995493826842e-13 
-0.0008420772638888155 -0.03566223719733943 1.306292328199668e-12 
8.536131351742904e-14 -0.03566478914854474 1.3285476545148858e-12 
-0.0008361300491309704 -0.027229105245129614 9.621228054516045e-13 
7.899833796600925e-14 -0.027227742615845887 9.80803863236744e-13 
-0.0008423534439939888 -0.035664395974117774 1.7970875155431237e-6 
-0.0008363631666801653 -0.027227951296550177 -9.711737540006592e-7 
-4.0922027671306083e-16 -0.04374435605412739 1.6958904821604783e-12 
-0.0006701930187531139 -0.0509605455469252 2.042240533110341e-12 
8.940403669101428e-14 -0.05096999796026048 2.071429885088911e-12 
-0.0007666362736910294 -0.043743406520916434 1.6696956680272162e-12 
8.847108226594379e-14 -0.04374978669445599 1.695938103397507e-12 
-0.0006703850987739808 -0.05096859079440486 6.651106821823236e-6 
-0.0007668409477457184 -0.04374883915354501 4.566460862562124e-6 
-5.528601049877964e-16 -0.05690385784127719 2.4457486913204845e-12 
-0.00034112971917097073 -0.061192047378597646 2.779480049737456e-12 
8.420668891757291e-14 -0.06120612090426264 2.8091349256145655e-12 
-0.0005127340403196151 -0.05690204265126122 2.4152899318272013e-12 
8.77462118731611e-14 -0.056914255191220856 2.4456995621576205e-12 
-0.0003412366864177563 -0.06120402930858814 9.915271885660623e-6 
-0.0005128735078183357 -0.0569124429050173 8.723840186880808e-6 
-6.558291930653359e-16 -0.06358764892288242 3.153429774510656e-12 
7.732300252694526e-5 -0.0638794593008395 3.4396597695504434e-12 
7.111657119624793e-14 -0.06389545941582654 3.469364771626063e-12 
-0.00013485474355027092 -0.06358534157604172 3.1234264060042287e-12 
7.839757715584544e-14 -0.06360087418134437 3.153285325571101e-12 
7.730827389522541e-5 -0.06389308244013862 1.1279610243183808e-5 
-0.00013491343445783414 -0.06359857011531429 1.1087822588894403e-5 
-7.960128262223542e-16 -0.062020126928639466 3.7529516608313035e-12 
0.0005095577785331671 -0.057988119064660844 3.971423732150845e-12 
5.306510864643635e-14 -0.05800324483222409 3.998937419262683e-12 
0.00029478605072843724 -0.062017743918489354 3.724087566491397e-12 
6.261798670725996e-14 -0.06203378960575606 3.752735200623173e-12 
0.0005096328027717297 -0.05800099815655686 1.0666463181421595e-5 
0.00029481175523620205 -0.06203140979898765 1.1450600919600274e-5 
-8.671211257118579e-16 -0.05192267575002112 4.202389570864183e-12 
0.0008819069266583258 -0.04398574690142331 4.328146586473211e-12 
2.987249897637983e-14 -0.04399745941215848 4.356384907590101e-12 
0.0007009752610318657 -0.05192062302294946 4.174358151686075e-12 
4.191375511606002e-14 -0.05193444627129954 4.202095626418143e-12 
0.0008820571347916979 -0.04399571988190295 8.260759163704133e-6 
0.000701077476723189 -0.05193239622572072 9.863148474650401e-6 
-9.269051761996693e-16 -0.03447429551081382 4.4591380385745436e-12 
0.0011327304424271155 -0.02370222189190645 4.47837724249602e-12 
4.746493249985704e-15 -0.02370859654144445 4.50825217298228e-12 
0.0010155162518367153 -0.03447291278104828 4.4296174486058945e-12 
1.7306623982212748e-14 -0.03448222468999464 4.458795742151378e-12 
0.0011329305974773082 -0.023707649828715593 4.496333932993769e-6 
0.0010156764487796429 -0.034480843740257505 6.643731676751788e-6 
-1.009936138107761e-15 -0.01207321140769161 4.5066447706498776e-12 
0.0012211138925819864 1.6740742765679515e-11 4.425572738533392e-12 
-1.865292825799286e-14 1.6812984787167006e-11 4.455366331767694e-12 
0.001186711474138283 -0.01207272417640568 4.476316550119408e-12 
-7.284429249045104e-15 -0.012076005476644627 4.506333779077324e-12 
0.0012213315443322101 1.6812711344868877e-11 4.425379926106914e-12 
0.0011869028992835921 -0.01207551886867213 2.3410261854941808e-6 
-1.0458948445279025e-15 0.012073211441191698 4.3592193768035875e-12 
0.0011327304424363065 0.02370222192547043 4.1924566525844274e-12 
-3.827028094978269e-14 0.023708596575151196 4.221675527710297e-12 
0.0011867114741422778 0.012072724209905806 4.329478154305493e-12 
-2.896773767275665e-14 0.012076005510288791 4.358975600127751e-12 
0.0011329305974434524 0.023707649862421847 -4.496325262247456e-6 
0.0011869028992658641 0.012075518902315927 -2.3410173800214347e-6 
-1.0889807224384212e-15 0.03447429554452626 4.048631959890794e-12 
0.0008819069266890145 0.04398574693540099 3.813722064743698e-12 
-5.333254919345547e-14 0.04399745944627745 3.843849287634148e-12 
0.0010155162518573394 0.03447291281476097 4.018961966112595e-12 
-4.6311110984235084e-14 0.034482224723849396 4.048432546172709e-12 
0.0008820571347392302 0.04399571991602175 -8.260751022154596e-6 
0.0010156764487367694 0.03448084377411191 -6.643723228333199e-6 
-1.086227051696043e-15 0.05192267578430392 3.6128963277632404e-12 
0.000509557778558527 0.05798811909922486 3.330385457354937e-12 
-6.437003833302683e-14 0.0580032448669237 3.358555841225395e-12 
0.0007009752610612182 0.051920623057232176 3.5833767036982657e-12 
-5.922643906914797e-14 0.05193444630572136 3.612773980298218e-12 
0.00050963280267973 0.05800099819125597 -1.0666455880684708e-5 
0.0007010774766513458 0.05193239626014211 -9.86314071760878e-6 
-1.0902200837658117e-15 0.062020126963387254 3.0849029575902097e-12 
7.732300251536933e-5 0.06387945933558932 2.7704429252414415e-12 
-7.179975328092465e-14 0.06389545945071168 2.7957385602405702e-12 
0.0002947860507378575 0.062017743953236934 3.0583049974892407e-12 
-6.852923037316101e-14 0.06203378964063889 3.0848723279056465e-12 
7.73082737412137e-5 0.06389308247502319 -1.127960403528777e-5 
0.0002948117551147417 0.06203140983386999 -1.145059413857819e-5 
-1.0650955795804908e-15 0.06358764895730581 2.4955701943760618e-12 
-0.00034112971928217437 0.06119204741219378 2.1609328437139817e-12 
-7.546253592546364e-14 0.06120612093799964 2.187419929389772e-12 
-0.00013485474360771087 0.06358534161046471 2.469896390518319e-12 
-7.398044334362981e-14 0.06360087421590474 2.4955175225062185e-12 
-0.0003412366866879563 0.061204029342324336 -9.915266948973766e-6 
-0.0001349134346670692 0.06359857014987394 -1.1087816998497261e-5 
-9.94677542914385e-16 0.05690385787339134 1.8750329546036204e-12 
-0.00067019301902438 0.05096054557675494 1.540909581698926e-12 
-7.457289684968249e-14 0.05096999799022315 1.5641326552017102e-12 
-0.0005127340405079435 0.05690204268337462 1.8497420652572407e-12 
-7.564065538507492e-14 0.05691425522347466 1.875023044187526e-12 
-0.0006703850992097849 0.05096859082436643 -6.651103243294496e-6 
-0.0005128735081699573 0.05691244293727018 -8.723835926300276e-6 
-7.781748494774698e-16 0.04374435608077078 1.2605418101209349e-12 
-0.0008420772643448151 0.03566223721985436 9.536384791598375e-13 
-6.693451198953326e-14 0.03566478917116204 9.725592647167956e-13 
-0.0007666362740576583 0.04374340654755883 1.2400405197678027e-12 
-7.155382542794849e-14 0.04374978672121722 1.2606451627864732e-12 
-0.0008423534446033593 0.03566439599673456 -1.797085258513291e-6 
-0.00076684094827326 0.04374883918030531 -4.566457957559021e-6 
-4.983896423873913e-16 0.027228895984404932 7.072191127938639e-13 
-0.0008045308112580062 0.018981559019506815 4.59671605567952e-13 
-5.2007940178276395e-14 0.018975565288138246 4.726628925724346e-13 
-0.0008361300496227411 0.027229105262876183 6.911004000973562e-13 
-6.028785915513926e-14 0.027227742633677332 7.073997834181915e-13 
-0.0008049718910683496 0.018976369995969973 4.12203457574832e-6 
-0.0008363631673125487 0.027227951314381677 9.711754061782401e-7 
-2.7340709635345873e-16 0.011517165062875026 2.764107300058903e-13 
-0.0005255357145338454 0.005451953908151147 1.213616833638584e-13 
-2.948740829563648e-14 0.005437700786215591 1.275871588634445e-13 
-0.0006785766319258043 0.011518769377503338 2.671105069723927e-13 
-4.1459533697396254e-14 0.011508599922488129 2.7670869494748555e-13 
-0.00052651638242718 0.005439410339017828 9.562149383658337e-6 
-0.0006787057881399307 0.011510190219025187 7.364748156383714e-6 
-8.270328542119844e-17 0.001414271611458351 3.267640694260961e-14 
-0.00027252150492684986 0.0014177771501066216 3.005792064774971e-14 
-1.501371624883205e-14 0.0013985592770894557 3.311181986144722e-14 
-0.00027192476590472234 0.001401970446629873 1.4284949335464987e-5 
0.0005255357141702009 -0.0054519539043400966 1.9123210552909133e-13 
0.00027252150473587925 -0.001417777149106324 5.0960213823489044e-14 
0.0005265163820736463 -0.005439410335184088 9.562149447736209e-6 
0.0002719247657193813 -0.001401970445627787 1.4284949346607193e-5 
0.0008045308107498061 -0.01898155900679148 6.794193600592635e-13 
0.0006785766314783316 -0.011518769369600116 4.0560923543440934e-13 
0.0008049718905767871 -0.018976369983190897 4.12203479440622e-6 
0.0006787057877069331 -0.011510190211078356 7.3647482911534205e-6 
0.00084207726388813 -0.0356622371973394 1.3505291216400955e-12 
0.0008361300491304209 -0.027229105245129667 9.990013274672861e-13 
0.0008423534441646971 -0.03566439597411795 -1.7970848584945135e-6 
0.0008363631668381558 -0.027227951296550496 9.711757155353784e-7 
0.000670193018752174 -0.05096054554692531 2.100747336539306e-12 
0.0007666362736902111 -0.04374340652091643 1.7220415168309061e-12 
0.0006703850989527765 -0.050968590794404925 -6.651102678953152e-6 
0.0007668409479226634 -0.0437488391535451 -4.566457470702088e-6 
0.00034112971916972087 -0.0611920473785978 2.8391320014251233e-12 
0.0005127340403184976 -0.05690204265126114 2.476226439310742e-12 
0.0003412366865861681 -0.061204029308587905 -9.915266267329944e-6 
0.0005128735079938275 -0.056912442905017104 -8.723835295460173e-6 
-7.73230025284117e-5 -0.06387945930083967 3.4996708465153262e-12 
0.00013485474354895188 -0.06358534157604168 3.183511830007041e-12 
-7.730827375298937e-5 -0.06389308244013814 -1.127960330437823e-5 
0.0001349134346146237 -0.063598570115314 -1.1087816282273655e-5 
-0.0005095577785347719 -0.05798811906466077 4.027162665261412e-12 
-0.00029478605073002923 -0.06201774391848936 3.78193268073919e-12 
-0.0005096328026655999 -0.05800099815655644 -1.0666455183487837e-5 
-0.00029481175511097003 -0.062031409798987254 -1.145059341405372e-5 
-0.0008819069266601414 -0.04398574690142337 4.385394489042399e-12 
-0.0007009752610336041 -0.051920623022949225 4.2305025239014626e-12 
-0.0008820571347319453 -0.04399571988190237 -8.260750450843024e-6 
-0.0007010774766393642 -0.051932396225720205 -9.86314007036121e-6 
-0.0011327304424290652 -0.023702221891906346 4.538857083560906e-12 
-0.0010155162518385658 -0.034472912781048276 4.488751699368266e-12 
-0.0011329305974678132 -0.02370764982871496 -4.496324916395942e-6 
-0.0010156764487450367 -0.03448084374025698 -6.643722759038597e-6 
-0.0012211138925840078 1.6740760758392555e-11 4.4858529008798746e-12 
-0.0011867114741402987 -0.012072724176405732 4.537068482131611e-12 
-0.0012213315443695275 1.6813239133577035e-11 4.485459822396555e-12 
-0.0011869028992981508 -0.012075518868671642 -2.3410171727190625e-6 
-0.0011327304424384632 0.023702221925470435 4.251467439797767e-12 
-0.0011867114741443638 0.012072724209905841 4.3890646652252925e-12 
-0.0011329305975199962 0.023707649862422187 4.496333705684931e-6 
-0.0011869028993237952 0.012075518902316347 2.3410260980496214e-6 
-0.000881906926691201 0.04398574693540096 3.874565958782904e-12 
-0.0010155162518595032 0.034472912814760726 4.0783970531035865e-12 
-0.0008820571348458891 0.04399571991602171 8.2607587099218e-6 
-0.0010156764488293815 0.034480843774112306 6.643731325281482e-6 
-0.0005095577785606361 0.057988119099224786 3.387072171768885e-12 
-0.0007009752610633802 0.05192062305723216 3.642464900813944e-12 
-0.0005096328028084641 0.05800099819125602 1.0666462597829169e-5 
-0.0007010774767698035 0.051932396260142503 9.863147943188347e-6 
-7.73230025176185e-5 0.06387945933558958 2.821177205345332e-12 
-0.00029478605074004065 0.06201774395323715 3.111595290480712e-12 
-7.730827388479605e-5 0.0638930824750229 1.127960962676463e-5 
-0.0002948117552518014 0.06203140983387023 1.1450600308360374e-5 
0.0003411297192800841 0.06119204741219423 2.2138304721095938e-12 
0.00013485474360557496 0.06358534161046457 2.5212944182128387e-12 
0.0003412366865370521 0.06120402934232422 9.915271323764338e-6 
0.00013491343451910208 0.0635985701498741 1.1087821989567618e-5 
0.0006701930190225742 0.05096054557675508 1.5869570960002232e-12 
0.0005127340405059513 0.05690204268337449 1.9003341563195583e-12 
0.0006703850990606459 0.050968590824366576 6.6511063714641004e-6 
0.0005128735080186775 0.056912442937270095 8.723839676365252e-6 
0.000842077264343569 0.03566223721985428 9.910973277853501e-13 
0.0007666362740561128 0.04374340654755879 1.2809918086997762e-12 
0.0008423534444694972 0.03566439599673434 1.7970872035754223e-6 
0.0007668409481301573 0.043748839180305144 4.56646047882535e-6 
0.0008045308112572741 0.018981559019506794 4.850272586334672e-13 
0.0008361300496217474 0.027229105262876103 7.232744806979999e-13 
0.0008049718909643478 0.018976369995969605 -4.122033630513334e-6 
0.0008363631671919782 0.027227951314381358 -9.711739914306884e-7 
0.0005255357145334837 0.005451953908151099 1.3307775422046048e-13 
0.0006785766319252589 0.011518769377503365 2.8560937645138373e-13 
0.0005265163823682316 0.005439410339017314 -9.562149128585341e-6 
0.0006787057880570091 0.011510190219024653 -7.364747603069452e-6 
0.00027252150492668376 0.0014177771501066208 3.5146430211367334e-14 
0.00027192476587467666 0.0014019704466291234 -1.4284949269391985e-5 
-4.180022032723107e-14 -0.005437700782415876 1.8488020869565196e-13 
-2.1605606344169794e-14 -0.0013985592761034291 4.8717414093771313e-14 
-0.0005265163820755136 -0.005439410335217151 9.562149434023457e-6 
-0.0002719247657209804 -0.001401970445641633 1.428494934071309e-5 
-7.038311638393467e-14 -0.01897556527542901 6.65243803762417e-13 
-5.742653461161595e-14 -0.011508599914593803 3.9527972051900763e-13 
-0.0008049718905788219 -0.018976369983260497 4.1220347653123395e-6 
-0.0006787057877088303 -0.011510190211130075 7.364748269601642e-6 
-8.60585518508879e-14 -0.03566478914865068 1.3285356544546433e-12 
-7.954235933086348e-14 -0.02722774261593441 9.8080560248043e-13 
-0.000842353444167012 -0.03566439597422395 -1.7970849027604871e-6 
-0.0008363631668402243 -0.027227951296639036 9.711756786468911e-7 
-9.03408650100302e-14 -0.05096999796040135 2.0714728763847495e-12 
-8.930015021057659e-14 -0.04374978669458169 1.6959344286184603e-12 
-0.0006703850989547095 -0.05096859079454571 -6.651102737368155e-6 
-0.0007668409479249828 -0.04374883915367078 -4.5664575230692945e-6 
-8.545678071024753e-14 -0.06120612090440551 2.8091760464225546e-12 
-8.884973534361021e-14 -0.05691425519136755 2.4456641436548856e-12 
-0.00034123668658714816 -0.061204029308730916 -9.915266326956308e-6 
-0.0005128735079949774 -0.05691244290516382 -8.723835356478697e-6 
-7.257317006336916e-14 -0.06389545941597079 3.469436859777615e-12 
-7.97275241039861e-14 -0.0636008741814883 3.153283956168976e-12 
7.730827375179928e-5 -0.06389308244028251 -1.1279603364380073e-5 
-0.00013491343461606426 -0.06359857011545801 -1.108781634242596e-5 
-5.468143497176262e-14 -0.05800324483235777 3.998995115283184e-12 
-6.421986312381202e-14 -0.06203378960589473 3.752725827685717e-12 
0.0005096328026641486 -0.05800099815668994 -1.0666455239091747e-5 
0.00029481175510986273 -0.062031409799125935 -1.1450593471944023e-5 
-3.169259048607603e-14 -0.043997459412295825 4.356358500530389e-12 
-4.3635373458572434e-14 -0.05193444627143412 4.202038489279236e-12 
0.0008820571347298083 -0.0439957198820398 -8.26075050806487e-6 
0.0007010774766374729 -0.051932396225854785 -9.863140126575186e-6 
-6.695546789871028e-15 -0.023708596541589983 4.508173110064667e-12 
-1.9157794720652088e-14 -0.034482224690136516 4.458813939629585e-12 
0.0011329305974657137 -0.023707649828860557 -4.496324976860155e-6 
0.0010156764487428257 -0.03448084374039882 -6.643722818182894e-6 
1.6636500114875122e-14 1.6668255239133197e-11 4.455359012933241e-12 
5.264968399470827e-15 -0.012076005476790415 4.506358693107241e-12 
0.0012213315443676458 1.6668445881226164e-11 4.4251985422291e-12 
0.0011869028992961663 -0.0120755188688174 -2.3410172334385744e-6 
3.6139430250288525e-14 0.023708596575009563 4.221731841651651e-12 
2.687774050582013e-14 0.012076005510145807 4.358959811049895e-12 
0.0011329305975179605 0.02370764986228059 4.496333646725903e-6 
0.001186902899321838 0.012075518902173394 2.341026038456654e-6 
5.1144141197936046e-14 0.04399745944613089 3.844010746518207e-12 
4.413187070894332e-14 0.034482224723706836 4.048452298129049e-12 
0.0008820571348436805 0.0439957199158753 8.26075864925021e-6 
0.0010156764488269633 0.0344808437739697 6.6437312658400016e-6 
6.22456931087471e-14 0.058003244866787554 3.3585922144812743e-12 
5.707673913921289e-14 0.05193444630557957 3.612740015442503e-12 
0.000509632802806909 0.05800099819111998 1.0666462541160805e-5 
0.0007010774767681055 0.05193239626000059 9.863147884098253e-6 
6.955497211375323e-14 0.06389545945059039 2.795729798609559e-12 
6.63469216620188e-14 0.06203378964051091 3.08482338230032e-12 
7.730827388278112e-5 0.06389308247490177 1.1279609575996301e-5 
0.00029481175525028274 0.062031409833742196 1.1450600255115567e-5 
7.335487912061733e-14 0.06120612093787223 2.1873622418996834e-12 
7.184341650661136e-14 0.06360087421578146 2.4955337985323434e-12 
-0.0003412366865391728 0.061204029342197055 9.915271270895577e-6 
-0.0001349134345215496 0.06359857014975075 1.1087821938178505e-5 
7.276958551870167e-14 0.050969997990112405 1.5639477928707441e-12 
7.367161581947398e-14 0.056914255223352826 1.8750370840850785e-12 
-0.0006703850990612993 0.050968590824255755 6.65110632536256e-6 
-0.0005128735080199215 0.05691244293714825 8.723839625806523e-6 
6.570091551302325e-14 0.0356647891710719 9.72575080007658e-13 
6.999525915358291e-14 0.04374978672111905 1.2606225481606831e-12 
-0.0008423534444700005 0.03566439599664428 1.797087166119631e-6 
-0.000766840948130856 0.04374883918020693 4.566460437861038e-6 
5.126780358044457e-14 0.018975565288077496 4.72656340337291e-13 
5.929315911093521e-14 0.0272277426335999 7.074103275755602e-13 
-0.0008049718909636409 0.01897636999590888 -4.122033655902599e-6 
-0.0008363631671917096 0.027227951314303913 -9.711740235700428e-7 
2.912221248565401e-14 0.005437700786187301 1.275790575637066e-13 
4.091555170604412e-14 0.011508599922443763 2.7669577244311955e-13 
-0.0005265163823672333 0.005439410338989069 -9.56214914034639e-6 
-0.0006787057880561839 0.011510190218980315 -7.364747621571406e-6 
1.4848453521238425e-14 0.0013985592770775718 3.3101759785864797e-14 
-0.00027192476587357554 0.0014019704466172373 -1.4284949274463307e-5 
0.0005265163819919504 -0.00543941033521652 -9.562149064401082e-6 
0.0002719247656777464 -0.0014019704456405633 -1.428494924349552e-5 
0.0008049718904380706 -0.018976369983260112 -4.122033434934143e-6 
0.0006787057875939796 -0.011510190211129442 -7.364747479175408e-6 
0.0008423534439949064 -0.0356643959742237 1.797087559813901e-6 
0.0008363631666811423 -0.027227951296638672 -9.711737171128284e-7 
0.0006703850987740355 -0.05096859079454573 6.651106880352499e-6 
0.0007668409477463895 -0.0437488391536707 4.5664609149154475e-6 
0.00034123668641623984 -0.06120402930873097 9.915271945334747e-6 
0.0005128735078172807 -0.05691244290516395 8.723840247843606e-6 
-7.730827389695312e-5 -0.0638930824402827 1.1279610303310715e-5 
0.00013491343445661723 -0.06359857011545833 1.1087822649035343e-5 
-0.0005096328027735129 -0.05800099815669046 1.0666463237175277e-5 
-0.0002948117552382962 -0.06203140979912634 1.145060097746125e-5 
-0.0008820571347931874 -0.043995719882040235 8.260759220895108e-6 
-0.0007010774767247444 -0.051932396225855305 9.863148530798001e-6 
-0.0011329305974791043 -0.023707649828860998 4.496333993356482e-6 
-0.0010156764487811454 -0.034480843740399385 6.643731735918872e-6 
-0.0012213315443343794 1.6667970306462523e-11 4.48566539366271e-12 
-0.0011869028992856317 -0.012075518868817936 2.341026246237621e-6 
-0.0011329305974456915 0.023707649862280227 -4.496325203194181e-6 
-0.0011869028992680878 0.012075518902172922 -2.3410173204462494e-6 
-0.0008820571347414101 0.04399571991587502 -8.260750961241156e-6 
-0.0010156764487387012 0.03448084377396942 -6.643723168882014e-6 
-0.0005096328026824206 0.05800099819111978 -1.0666455823936653e-5 
-0.0007010774766539552 0.05193239626000039 -9.863140658552172e-6 
-7.730827374365762e-5 0.06389308247490172 -1.127960398451719e-5 
-0.0002948117551175976 0.06203140983374202 -1.1450594085424923e-5 
0.0003412366866858898 0.061204029342196875 -9.915266896125449e-6 
0.00013491343466523568 0.06359857014975069 -1.108781694710297e-5 
0.0006703850992068316 0.05096859082425586 -6.651103197445655e-6 
0.0005128735081672576 0.056912442937148325 -8.723835875749116e-6 
0.0008423534446013993 0.03566439599664442 -1.7970852210125994e-6 
0.0007668409482708514 0.04374883918020712 -4.566457916665417e-6 
0.000804971891066167 0.01897636999590916 4.122034601135803e-6 
0.0008363631673102942 0.027227951314304263 9.711754383153474e-7 
0.0005265163824254544 0.005439410338989486 9.562149395405258e-6 
0.0006787057881380151 0.011510190218980825 7.364748174856789e-6 
0.00027192476590328783 0.0014019704466179785 1.4284949340515888e-5 

VECTORS eigenmode4 float
0.0 0.0 0.0 
0.0 0.0 0.0 
0.0 0.0 0.0 
0.0 0.0 0.0 
0.0 0.0 0.0 
0.0 0.0 0.0 
0.0 0.0 0.0 
0.0 0.0 0.0 
0.0 0.0 0.0 
0.0 0.0 0.0 
0.0 0.0 0.0 
0.0 0.0 0.0 
0.0 0.0 0.0 
0.0 0.0 0.0 
0.0 0.0 0.0 
0.0 0.0 0.0 
0.0 0.0 0.0 
0.0 0.0 0.0 
0.0 0.0 0.0 
0.0 0.0 0.0 
0.0 0.0 0.0 
0.0 0.0 0.0 
0.0 0.0 0.0 
0.0 0.0 0.0 
0.0 0.0 0.0 
0.0 0.0 0.0 
0.0 0.0 0.0 
0.0 0.0 0.0 
0.0 0.0 0.0 
0.0 0.0 0.0 
0.0 0.0 0.0 
0.0 0.0 0.0 
0.0018967461472080502 0.009891678872200289 5.2687547451094425e-5 
0.002428524971586303 0.032027896546693406 -4.366658100811118e-6 
0.0017648830624750317 0.053399761605384184 -5.608204785567384e-5 
0.0003033784611697903 0.06395298389994472 -8.360624704853916e-5 
-0.001405645698419569 0.05842295859057516 -8.152759511918862e-5 
-0.002788007529380134 0.03722578185734936 -5.2463196037857275e-5 
-0.0033949233393686146 0.005948327153951775 -6.212584174133873e-6 
-0.0030238186363775563 -0.026529720621400663 4.283720562608405e-5 
-0.0017712500608793639 -0.05079435078206888 7.977126354368453e-5 
-2.0743247843271283e-13 -0.05975775215205505 9.345352929063236e-5 
0.0017712500604452515 -0.05079435078755387 7.977126406567017e-5 
0.003023818635977925 -0.02652972063214913 4.28372065827783e-5 
0.0033949233392042656 0.005948327139614774 -6.212582922618733e-6 
0.0027880075295658013 0.03722578184279531 -5.2463194662599234e-5 
0.0014056456988810573 0.05842295857944005 -8.152759380725184e-5 
-0.00030337846067534274 0.06395298389421965 -8.360624596406353e-5 
-0.0017648830622514521 0.05339976160408464 -5.6082047098388594e-5 
-0.0024285249716111046 0.03202789654721476 -4.366657700175827e-6 
-0.0018967461473316585 0.009891678872628854 5.26875475637874e-5 
0.0009975855555696877 0.0025316327358855762 0.00010658610729118482 
0.0022173654039699805 0.02029706121160396 2.84577914421411e-5 
0.0021400507380229467 0.04355080447567327 -3.5470628359697896e-5 
0.0010568278384471377 0.06051309229723544 -7.78296505641925e-5 
-0.0005531608848701207 0.06333442509402851 -9.093031081325457e-5 
-0.002121402760499389 0.04956026339181647 -7.353083865397107e-5 
-0.0031304038975758903 0.022349280678729717 -3.229003767249125e-5 
-0.0032506175802188156 -0.010756292544366698 1.9710273949499444e-5 
-0.0024285792311266735 -0.040234175787985174 6.657259863423723e-5 
-0.0008971238512794037 -0.057499304353672856 9.414695063808219e-5 
0.0008971238508567377 -0.05749930435640667 9.414695090608174e-5 
0.0024285792307036196 -0.04023417579617734 6.657259938729284e-5 
0.0032506175799296645 -0.01075629255725169 1.9710275074593582e-5 
0.0031304038975850284 0.022349280663792298 -3.229003633496979e-5 
0.002121402760830409 0.04956026337857062 -7.353083728505209e-5 
0.0005531608853615819 0.0633344250855117 -9.09303095982913e-5 
-0.0010568278380824845 0.06051309229404131 -7.782964963581146e-5 
-0.002140050737930195 0.04355080447559808 -3.547062778383838e-5 
-0.0022173654040533535 0.020297061212241098 2.8457791683266167e-5 
-0.0009975855556430754 0.0025316327360169885 0.00010658610732422696 
0.0018967461473104999 0.009891678872236676 -5.268754766625198e-5 
0.002428524971738563 0.032027896546768 4.366657360132558e-6 
0.0017648830626310272 0.053399761605495144 5.608204648081465e-5 
0.0003033784612926753 0.0639529839000863 8.360624509963925e-5 
-0.001405645698351143 0.05842295859067008 8.152759273784417e-5 
-0.002788007529372754 0.037225781857391414 5.246319345878086e-5 
-0.003394923339418622 0.005948327153927824 6.212581644281946e-6 
-0.003023818636473882 -0.026529720621489068 -4.283720788831693e-5 
-0.0017712500610045825 -0.05079435078222108 -7.977126537861054e-5 
-3.391948657737337e-13 -0.05975775215223312 -9.345353059953618e-5 
0.0017712500603295018 -0.050794350787749236 -7.977126485943682e-5 
0.0030238186358912704 -0.02652972063233514 -4.28372069492592e-5 
0.003394923339144179 0.005948327139425652 6.212582860855439e-6 
0.002788007529529637 0.037225781842602855 5.2463194796865286e-5 
0.0014056456988687063 0.05842295857922234 8.152759402997711e-5 
-0.00030337846066216177 0.06395298389402183 8.360624619489487e-5 
-0.001764883062227184 0.053399761603911716 5.6082047264151004e-5 
-0.0024285249715812205 0.03202789654709549 4.366657780955649e-6 
-0.0018967461473113388 0.00989167887257411 -5.2687547548548866e-5 
0.0009975855556257022 0.002531632735902876 -0.00010658610734904098 
0.0022173654041014687 0.02029706121166087 -2.845779189405778e-5 
0.0021400507381803533 0.04355080447576817 3.547062730420019e-5 
0.0010568278385894795 0.060513092297368794 7.782964888880357e-5 
-0.0005531608847740016 0.06333442509415822 9.093030862649536e-5 
-0.0021214027604601615 0.04956026339188552 7.353083614139738e-5 
-0.003130403897598094 0.022349280678739175 3.229003508835897e-5 
-0.003250617580293052 -0.010756292544423039 -1.9710276369914814e-5 
-0.0024285792312390975 -0.04023417578810846 -6.657260069976898e-5 
-0.000897123851409447 -0.05749930435384564 -9.414695221805662e-5 
0.0008971238507305726 -0.057499304356594956 -9.414695194929176e-5 
0.0024285792306026582 -0.040234175796372534 -6.657259995451414e-5 
0.0032506175798559783 -0.010756292557438131 -1.9710275273764794e-5 
0.003130403897537428 0.02234928066360241 3.229003638449281e-5 
0.002121402760805111 0.0495602633783669 7.353083747657757e-5 
0.0005531608853627822 0.06333442508529859 9.093030983449389e-5 
-0.0010568278380631753 0.060513092293862696 7.782964984341153e-5 
-0.002140050737901376 0.04355080447544742 3.5470627907129406e-5 
-0.0022173654040275386 0.020297061212155396 -2.8457791639371025e-5 
-0.0009975855556307689 0.0025316327359936252 -0.00010658610732337905 
-0.0018967461473080828 0.009891678872201529 -5.268754768093546e-5 
-0.0024285249717363785 0.03202789654669371 4.3666573289336965e-6 
-0.0017648830626288566 0.053399761605383615 5.608204643408888e-5 
-0.00030337846129291823 0.06395298389994387 8.360624504060891e-5 
0.0014056456983467709 0.05842295859057398 8.152759269782334e-5 
0.002788007529368924 0.03722578185734823 5.2463193440905007e-5 
0.003394923339414572 0.005948327153950598 6.212581653763103e-6 
0.0030238186364697074 -0.02652972062140137 -4.283720785189898e-5 
0.00177125006100117 -0.050794350782069314 -7.977126531606505e-5 
3.38326398143399e-13 -0.05975775215205486 -9.345353052515416e-5 
-0.0017712500603302265 -0.05079435078755328 -7.97712647777915e-5 
-0.003023818635890762 -0.026529720632148472 -4.283720687132758e-5 
-0.0033949233391448144 0.005948327139615273 6.212582939870825e-6 
-0.002788007529531039 0.03722578184279606 5.246319487761466e-5 
-0.0014056456988703688 0.05842295857944033 8.152759412068312e-5 
0.0003033784606640408 0.06395298389421906 8.360624627691608e-5 
0.0017648830622276981 0.05339976160408437 5.6082047335972845e-5 
0.0024285249715850733 0.032027896547214295 4.366657830690387e-6 
0.0018967461473148376 0.009891678872628514 -5.2687547525773274e-5 
-0.0009975855556235561 0.002531632735888163 -0.0001065861073552147 
-0.002217365404099386 0.02029706121160518 -2.8457791917301367e-5 
-0.002140050738178527 0.043550804475673506 3.5470627264704395e-5 
-0.0010568278385877552 0.060513092297234734 7.782964883280414e-5 
0.0005531608847708136 0.06333442509402742 9.093030857202057e-5 
0.002121402760456963 0.04956026339181519 7.353083611187155e-5 
0.003130403897594021 0.022349280678728496 3.229003508383226e-5 
0.0032506175802890945 -0.01075629254436771 -1.9710276346780047e-5 
0.0024285792312351744 -0.04023417578798598 -6.657260064862213e-5 
0.0008971238514078479 -0.0574993043536731 -9.414695214615076e-5 
-0.0008971238507318049 -0.05749930435640639 -9.414695187077833e-5 
-0.002428579230602221 -0.04023417579617677 -6.657259987298902e-5 
-0.003250617579856666 -0.010756292557251123 -1.9710275195849974e-5 
-0.0031304038975382073 0.022349280663792805 3.2290036463727265e-5 
-0.0021214027608074818 0.049560263378571424 7.353083756174459e-5 
-0.0005531608853623752 0.06333442508551247 9.093030992333595e-5 
0.0010568278380638653 0.06051309229404182 7.782964991808059e-5 
0.0021400507379043168 0.04355080447559826 3.547062796968116e-5 
0.0022173654040311313 0.020297061212241018 -2.8457791603670823e-5 
0.0009975855556341345 0.002531632736016561 -0.00010658610731378079 
-0.0018967461472105885 0.009891678872235429 5.268754743637349e-5 
-0.002428524971588937 0.03202789654676732 -4.366658131906992e-6 
-0.0017648830624777067 0.05339976160549532 -5.6082047902295347e-5 
-0.0003033784611701795 0.06395298390008755 -8.360624710782507e-5 
0.0014056456984233813 0.05842295859067126 -8.152759515938745e-5 
0.0027880075293834614 0.0372257818573929 -5.246319605624866e-5 
0.0033949233393722232 0.005948327153928987 -6.212584164651998e-6 
0.00302381863638133 -0.026529720621488506 4.283720566256532e-5 
0.001771250060882395 -0.050794350782221165 7.977126360657508e-5 
2.0794685425336863e-13 -0.05975775215223334 9.34535293648272e-5 
-0.0017712500604447942 -0.05079435078774988 7.977126414730042e-5 
-0.0030238186359790482 -0.02652972063233593 4.2837206660794445e-5 
-0.003394923339204598 0.005948327139425035 -6.2125828435495365e-6 
-0.0027880075295658303 0.03722578184260221 -5.246319458212617e-5 
-0.0014056456988810714 0.05842295857922203 -8.152759371666701e-5 
0.00030337846067187715 0.06395298389402157 -8.360624588177174e-5 
0.0017648830622500446 0.05339976160391164 -5.6082047026289705e-5 
0.0024285249716069334 0.032027896547095654 -4.366657650373959e-6 
0.001896746147328024 0.009891678872574132 5.2687547586571206e-5 
-0.0009975855555718852 0.002531632735900293 0.00010658610728502186 
-0.0022173654039723124 0.020297061211659737 2.8457791418893533e-5 
-0.00214005073802535 0.04355080447576817 -3.5470628399330534e-5 
-0.0010568278384493843 0.06051309229736955 -7.782965062007996e-5 
0.0005531608848726877 0.06333442509415942 -9.09303108676285e-5 
0.0021214027605020317 0.04956026339188676 -7.353083868339539e-5 
0.0031304038975795414 0.02234928067874043 -3.2290037676991515e-5 
0.0032506175802223887 -0.010756292544421986 1.9710273972556128e-5 
0.0024285792311303654 -0.04023417578810776 6.657259868548994e-5 
0.0008971238512805781 -0.05749930435384543 9.41469507100784e-5 
-0.0008971238508557889 -0.05749930435659535 9.414695098482578e-5 
-0.0024285792307044453 -0.040234175796373124 6.657259946871787e-5 
-0.003250617579929818 -0.010756292557438724 1.9710275152568315e-5 
-0.0031304038975854807 0.022349280663601916 -3.229003625571113e-5 
-0.0021214027608295787 0.049560263378366325 -7.353083719988695e-5 
-0.0005531608853636259 0.06333442508529816 -9.093030950961786e-5 
0.0010568278380803787 0.06051309229386251 -7.782964956142906e-5 
0.0021400507379266192 0.04355080447544738 -3.547062772124512e-5 
0.002217365404049532 0.020297061212155593 2.845779171883024e-5 
0.0009975855556396585 0.002531632735994073 0.0001065861073338114 
0.0 0.0 0.0 
0.0 0.0 0.0 
0.0 0.0 0.0 
0.0 0.0 0.0 
0.0 0.0 0.0 
0.0 0.0 0.0 
0.0 0.0 0.0 
0.0 0.0 0.0 
0.0 0.0 0.0 
0.0 0.0 0.0 
0.0 0.0 0.0 
0.0 0.0 0.0 
0.0 0.0 0.0 
0.0 0.0 0.0 
0.0 0.0 0.0 
0.0 0.0 0.0 
0.0 0.0 0.0 
0.0 0.0 0.0 
0.0018914670144608708 0.009960452481257133 -1.0685282626278217e-13 
0.002426115501540545 0.03202352308829969 -3.7026258408229616e-13 
0.001763577302158074 0.053331910441684074 -6.8772047039555e-13 
0.00030299889424906343 0.06385176595338608 -9.747486786634907e-13 
-0.0014051024979214503 0.05832429227201604 -1.1913111163473204e-12 
-0.0027867433202773727 0.03716229336778511 -1.2905157082454569e-12 
-0.0033933343738996443 0.005940782627060244 -1.2656431833490438e-12 
-0.0030223881388753665 -0.02647794659952109 -1.1318024176858964e-12 
-0.0017704086649813057 -0.05069791363601289 -9.18378167176406e-13 
-2.732784232179153e-13 -0.05964476993174445 -6.545237297616685e-13 
0.0017704086644269117 -0.05069791364151834 -3.965432364035393e-13 
0.0030223881383844766 -0.02647794661030796 -1.827505956808801e-13 
0.003393334373680375 0.005940782612661879 -3.0481132548906197e-14 
0.0027867433204486138 0.03716229335313633 6.737034871076035e-14 
0.0014051024984105438 0.058324292260735676 1.1171744462310228e-13 
-0.0003029988936872196 0.0638517659474841 1.156887413749307e-13 
-0.001763577301844372 0.0533319104402273 8.325935399016942e-14 
-0.0024261155014739886 0.03202352308871177 4.066081164035495e-14 
-0.0018914670145226127 0.009960452481637457 7.599386165667553e-15 
0.0018966642580003697 0.009942176283076427 2.8024183092030423e-5 
0.0010002475811311006 0.002652136130003829 -2.740936384963808e-14 
0.0009978661324746474 0.0026235000454929744 5.090842969841145e-5 
0.0018966642580516755 0.009942176283094531 -2.8024183306090438e-5 
0.0009978661325028189 0.002623500045501586 -5.090842975395589e-5 
0.002428564330366308 0.032024466471140677 -1.964031438985799e-6 
0.0022160511204564887 0.020330105366450375 -2.2533493896213057e-13 
0.002217127590382853 0.020322048366530468 1.3926240927496424e-5 
0.002428564330442391 0.03202446647117767 1.964030698574759e-6 
0.0022171275904489538 0.020322048366558834 -1.3926241378455698e-5 
0.0017648665924896 0.0533489963866083 -2.824122142917592e-5 
0.002138622825867924 0.04350861580769686 -5.27773181911318e-13 
0.002139895803336876 0.04351907679388973 -1.7590591384160784e-5 
0.0017648665925676912 0.0533489963866637 2.8241220053914458e-5 
0.002139895803415993 0.043519076793937066 1.759059032864572e-5 
0.0003033666176623684 0.06387725695719912 -4.210355993976175e-5 
0.0010560537107985354 0.0604204807842175 -8.382369769948976e-13 
0.0010567595656193218 0.06044346836779772 -3.8643986007386086e-5 
0.0003033666177234987 0.06387725695727046 4.210355799031506e-5 
0.0010567595656909333 0.0604434683678643 3.864398433123547e-5 
-0.0014056240250459127 0.05834913185862929 -4.1043031520595135e-5 
-0.000553104929001693 0.06322615151687881 -1.0941498490181985e-12 
-0.0005531557074685492 0.06325304385167921 -4.5176277336242556e-5 
-0.0014056240250129956 0.05834913185867693 4.1043029138226005e-5 
-0.0005531557074213225 0.06325304385174398 4.5176275148354624e-5 
-0.002787954500353816 0.03717827588238787 -2.6409963209543993e-5 
-0.0021205902363325775 0.04947268670989161 -1.2573056599971239e-12 
-0.0021213363963497878 0.049494443174058274 -3.653925204385752e-5 
-0.002787954500350975 0.03717827588240883 2.640996062903222e-5 
-0.002121336396331008 0.049494443174092344 3.6539249529841794e-5 
-0.0033948553986915125 0.0059426872649267085 -3.136216257897319e-6 
-0.0031291098615364482 0.022310831423748272 -1.2928226877495392e-12 
-0.0031302993270325525 0.022320381457550557 -1.6042698710026103e-5 
-0.0033948553987173803 0.00594268726491473 3.1362137269560823e-6 
-0.003130299327044675 0.02232038145755526 1.6042696124739205e-5 
-0.0030237570059524865 -0.026490966658084425 2.154232684447848e-5 
-0.003249244980069565 -0.010732780139607424 -1.2107611788569225e-12 
-0.0032505070673258586 -0.010738629051629938 9.807171975115512e-6 
-0.003023757006001437 -0.026490966658128973 -2.1542329107635876e-5 
-0.0032505070673639527 -0.010738629051658052 -9.807174396377872e-6 
-0.0017712137001331164 -0.05072217038247377 4.012397676643247e-5 
-0.002427545612830136 -0.04015481875777279 -1.0329693493260005e-12 
-0.0024284961312928534 -0.04017454748489657 3.310467377953046e-5 
-0.001771213700196284 -0.05072217038255092 -4.0123978602393085e-5 
-0.002428496131350054 -0.040174547484957884 -3.310467584545719e-5 
-2.4042901797767196e-13 -0.05967318912444733 4.700742664585554e-5 
-0.0008967409380839731 -0.05738708650357856 -7.899732164317465e-13 
-0.0008970930825900236 -0.05741498281849716 4.68136032175736e-5 
-3.061396519112026e-13 -0.059673189124536556 -4.7007427954832215e-5 
-0.0008970930826553053 -0.057414982818583433 -4.6813604797586714e-5 
0.0017712136996391099 -0.05072217038796864 4.012397728826895e-5 
0.0008967409375332106 -0.0573870865063203 -5.213717317723609e-13 
0.000897093082103514 -0.05741498282123494 4.681360348603605e-5 
0.0017712136995812354 -0.05072217038806643 -4.0123978081533715e-5 
0.0008970930820402478 -0.057414982821329105 -4.681360452889044e-5 
0.0030237570055073448 -0.02649096666884963 2.1542327797510826e-5 
0.0024275456123006105 -0.04015481876599519 -2.8327231499262263e-13 
0.0024284961308168565 -0.040174547493102605 3.3104674531338954e-5 
0.0030237570054642525 -0.026490966668942476 -2.1542328163366437e-5 
0.0024284961307665595 -0.04017454749320019 -3.310467509801482e-5 
0.0033948553985000914 0.00594268725056422 -3.136215014242846e-6 
0.003249244979706739 -0.01073278015254004 -9.924259307188547e-14 
0.0032505070670002982 -0.01073862906453449 9.807173093670671e-6 
0.0033948553984699563 0.0059426872504697425 3.1362149530351363e-6 
0.0032505070669633677 -0.010738629064627686 -9.807173292310893e-6 
0.0027879545005328504 0.037178275867792016 -2.6409961842596605e-5 
0.003129109861510712 0.022310831408735507 2.497819903013954e-14 
0.00313029932702478 0.022320381442581718 -1.6042697382204352e-5 
0.0027879545005145396 0.03717827586769561 2.6409961977272943e-5 
0.0031302993270009272 0.02232038144248668 1.604269743212988e-5 
0.001405624025522183 0.058349131847424705 -4.1043030212996425e-5 
0.0021205902366702636 0.04947268669652946 9.601572807732699e-14 
0.002121336396684865 0.04949444316075909 -3.65392506825449e-5 
0.0014056240255157038 0.05834913184731596 4.1043030436297864e-5 
0.002121336396671814 0.04949444316065708 3.6539250874457185e-5 
-0.0003033666171340609 0.06387725695138373 -4.21035588522356e-5 
0.0005531049295413961 0.06322615150819427 1.1814293337349e-13 
0.0005531557079845455 0.0632530438430797 -4.517627612246325e-5 
-0.00030336661712689907 0.06387725695128516 4.210355908348278e-5 
0.0005531557079854692 0.06325304384297267 4.517627635885074e-5 
-0.0017648665922211156 0.053348996385225875 -2.82412206649294e-5 
-0.001056053710353171 0.06042048078085186 1.0381498361207388e-13 
-0.0010567595652146104 0.060443468364514155 -3.8643985071905755e-5 
-0.0017648665922088502 0.05334899638513998 2.824122083112589e-5 
-0.0010567595652046283 0.060443468364424664 3.8643985279608866e-5 
-0.0024285643303459926 0.03202446647160377 -1.9640310333774108e-6 
-0.0021386228256820203 0.04350861580748291 6.146942855553561e-14 
-0.002139895803198188 0.043519076793741035 -1.7590590801513654e-5 
-0.002428564330330134 0.03202446647154476 1.964031114462914e-6 
-0.002139895803182945 0.043519076793665304 1.7590590924652394e-5 
-0.0018966642580937687 0.0099421762834799 2.802418320550314e-5 
-0.002216051120461001 0.020330105367008047 2.1764240959704272e-14 
-0.002217127590427528 0.020322048367125915 1.3926241171397846e-5 
-0.0018966642580827199 0.009942176283452678 -2.802418319033401e-5 
-0.0022171275904136673 0.020322048367082946 -1.3926241127759378e-5 
-0.0010002475811703086 0.002652136130118897 1.1671918950116378e-16 
-0.000997866132531462 0.002623500045617277 5.0908429728074754e-5 
-0.0009978661325244543 0.0026235000456056074 -5.09084297276883e-5 
-0.0018914670144609235 0.009960452481257159 -1.2139150737692452e-13 
-0.0024261155015407737 0.032023523088299796 -4.0093218662078546e-13 
-0.0017635773021583223 0.053331910441683957 -7.341983661189535e-13 
-0.0003029988942493622 0.0638517659533864 -1.0343116440658332e-12 
0.0014051024979211517 0.05832429227201629 -1.2316164813330316e-12 
0.002786743320277134 0.037162293367785246 -1.308436901598046e-12 
0.0033933343738994197 0.0059407826270602496 -1.256140019494696e-12 
0.0030223881388752026 -0.026477946599521032 -1.0951113830084238e-12 
0.001770408664981162 -0.05069791363601256 -8.544590758287015e-13 
2.730977090036249e-13 -0.059644769931743905 -5.800248025337006e-13 
-0.0017704086644271097 -0.05069791364151818 -3.148942425216107e-13 
-0.0030223881383847923 -0.026477946610307997 -1.0496456681992134e-13 
-0.0033933343736808927 0.005940782612661805 4.845959868354743e-14 
-0.0027867433204493038 0.037162293353136464 1.4790856082729452e-13 
-0.00140510249841136 0.05832429226073617 2.024410394275021e-13 
0.00030299889368638625 0.0638517659474842 1.9817071798193856e-13 
0.0017635773018438907 0.05333191044022708 1.5493705272042253e-13 
0.0024261155014738242 0.0320235230887117 8.999082497649764e-14 
0.0018914670145225505 0.009960452481637301 3.011123319646094e-14 
-0.0010002475811311294 0.0026521361300038274 -3.362664214745994e-14 
-0.0018966642580498156 0.009942176283077014 -2.8024183320718606e-5 
-0.00099786613250117 0.0026235000454942667 -5.090842976016398e-5 
-0.0018966642580023321 0.009942176283093929 2.8024183077410065e-5 
-0.000997866132476352 0.0026235000455002997 5.090842969220363e-5 
-0.002216051120456614 0.020330105366450368 -2.485175976233366e-13 
-0.0024285643304407588 0.03202446647114099 1.9640306676165605e-6 
-0.002217127590447384 0.020322048366531006 -1.3926241401653013e-5 
-0.002428564330368369 0.03202446647117753 -1.9640314699285707e-6 
-0.0022171275903846883 0.020322048366558283 1.3926240904294035e-5 
-0.0021386228258681904 0.043508615807697 -5.671459410688232e-13 
-0.0017648665925660992 0.0533489963866082 2.8241220007363408e-5 
-0.002139895803414627 0.043519076793889715 1.7590590289175578e-5 
-0.0017648665924917069 0.05334899638666375 -2.8241221475724383e-5 
-0.002139895803338794 0.04351907679393698 -1.7590591423598134e-5 
-0.0010560537107988303 0.060420480784217405 -8.938631448535459e-13 
-0.0003033666177237876 0.06387725695719876 4.2103557930970636e-5 
-0.0010567595656896726 0.06044346836779741 3.8643984275475234e-5 
-0.0003033666176627283 0.06387725695727088 -4.210355999917436e-5 
-0.0010567595656211391 0.06044346836786464 -3.86439860631264e-5 
0.0005531049290014024 0.06322615151687862 -1.1483557860882151e-12 
0.0014056240250095405 0.05834913185862869 4.104302909798878e-5 
0.0005531557074188173 0.06325304385167854 4.517627509405896e-5 
0.0014056240250487674 0.05834913185867732 -4.1043031560753624e-5 
0.0005531557074704706 0.06325304385174457 -4.517627739054754e-5 
0.002120590236332291 0.04947268670989161 -1.2863941856101897e-12 
0.002787954500348002 0.037178275882387084 2.640996061108432e-5 
0.0021213363963284593 0.04949444317405756 3.653924950055922e-5 
0.0027879545003563167 0.037178275882409406 -2.6409963227590043e-5 
0.0021213363963517736 0.04949444317409314 -3.653925207313051e-5 
0.003129109861536244 0.022310831423748248 -1.2972912678871746e-12 
0.003394855398714218 0.005942687264926158 3.1362137364783547e-6 
0.003130299327041484 0.022320381457549957 1.604269612026185e-5 
0.003394855398694254 0.005942687264915364 -3.136216248403412e-6 
0.0031302993270353246 0.0223203814575559 -1.6042698714507113e-5 
0.003249244980069362 -0.010732780139607384 -1.1877587658280914e-12 
0.003023757005998208 -0.026490966658084855 -2.1542329071034648e-5 
0.003250507067360839 -0.010738629051630467 -9.807174373343267e-6 
0.0030237570059553583 -0.026490966658128428 2.1542326881060385e-5 
0.0032505070673285647 -0.010738629051657544 9.807171998162315e-6 
0.0024275456128299852 -0.04015481875777296 -9.821426762750341e-13 
0.0017712137001936407 -0.050722170382473765 -4.012397853905689e-5 
0.0024284961313469572 -0.04017454748489686 -3.310467579443608e-5 
0.00177121370013543 -0.05072217038255047 4.0123976829780125e-5 
0.0024284961312956697 -0.04017454748495753 3.310467383050834e-5 
0.0008967409380837869 -0.05738708650357895 -7.183053483503278e-13 
3.054124843924302e-13 -0.05967318912444736 -4.7007427880481906e-5 
0.0008970930826540538 -0.05741498281849737 -4.681360472578475e-5 
2.408109720742924e-13 -0.059673189124536744 4.700742672035623e-5 
0.0008970930825908942 -0.057414982818583364 4.6813603289331246e-5 
-0.0008967409375333286 -0.057387086506320614 -4.42803487740043e-13 
-0.0017712136995818241 -0.050722170387968515 -4.012397799992936e-5 
-0.0008970930820412286 -0.0574149828212348 -4.68136044503052e-5 
-0.0017712136996387705 -0.050722170388066735 4.012397736990463e-5 
-0.0008970930821028332 -0.05741498282132933 4.681360356463111e-5 
-0.0024275456123008113 -0.040154818765995005 -2.0175295084542504e-13 
-0.0030237570054639476 -0.026490966668849182 -2.154232808540672e-5 
-0.002428496130766278 -0.04017454749310229 -3.310467501656788e-5 
-0.0030237570055082898 -0.026490966668942736 2.1542327875385945e-5 
-0.0024284961308175526 -0.040174547493200596 3.3104674612860434e-5 
-0.0032492449797071428 -0.010732780152540027 -2.1276122043028572e-14 
-0.0033948553984706024 0.005942687250564498 3.1362150320176344e-6 
-0.003250507066963972 -0.010738629064534157 -9.807173214369202e-6 
-0.003394855398500474 0.005942687250469491 -3.136214935215694e-6 
-0.00325050706700049 -0.010738629064627967 9.807173171632539e-6 
-0.0031291098615113234 0.022310831408735583 1.044598266803138e-13 
-0.0027879545005158103 0.037178275867792 2.6409962057844794e-5 
-0.003130299327001656 0.022320381442582048 1.6042697511480022e-5 
-0.002787954500533022 0.03717827586769536 -2.6409961761965892e-5 
-0.0031302993270252697 0.0223203814424864 -1.6042697302842586e-5 
-0.002120590236671044 0.049472686696529364 1.8126774518005145e-13 
-0.001405624025517164 0.05834913184742494 4.1043030526844493e-5 
-0.0021213363966738163 0.04949444316075935 3.6539250959698e-5 
-0.0014056240255223354 0.05834913184731543 -4.1043030122215174e-5 
-0.002121336396684415 0.04949444316065694 -3.653925059737076e-5 
-0.0005531049295422628 0.06322615150819426 2.0730252441186502e-13 
0.0003033666171281293 0.06387725695138442 4.2103559165806146e-5 
-0.0005531557079853962 0.06325304384307986 4.5176276447835925e-5 
0.00030336661713120135 0.06387725695128499 -4.210355876997502e-5 
-0.0005531557079863642 0.06325304384297244 -4.517627603354977e-5 
0.001056053710352534 0.06042048078085187 1.7861150288575908e-13 
0.0017648665922091222 0.05334899638522609 2.824122090288678e-5 
0.0010567595652050629 0.060443468364514266 3.864398535434697e-5 
0.0017648665922199087 0.053348996385139576 -2.8241220593149195e-5 
0.0010567595652128568 0.060443468364424525 -3.8643984997284125e-5 
0.0021386228256816964 0.04350861580748275 1.2444183475770275e-13 
0.0024285643303330715 0.03202446647160374 1.9640311639309136e-6 
0.002139895803185136 0.043519076793741104 1.759059098745312e-5 
0.002428564330342724 0.03202446647154453 -1.964030983845724e-6 
0.002139895803195362 0.043519076793665346 -1.7590590738772677e-5 
0.0022160511204608905 0.020330105367008133 5.747199195974009e-14 
0.0018966642580853972 0.00994217628347965 -2.8024183167702554e-5 
0.0022171275904164117 0.020322048367125756 -1.392624109207117e-5 
0.0018966642580909362 0.0099421762834526 2.8024183228133673e-5 
0.00221712759042456 0.02032204836708306 1.3926241207082806e-5 
0.0010002475811702856 0.002652136130118907 9.824404051373565e-15 
0.0009978661325270438 0.002623500045617054 -5.090842971801151e-5 
0.0009978661325288215 0.002623500045605825 5.090842973774972e-5 
-5.010119480539548e-14 0.0098828475459611 -1.1506636678164978e-13 
-7.507802868340639e-14 0.032029357041766585 -3.8592850596155146e-13 
-7.694512734848434e-14 0.05341156644090765 -7.106973065621607e-13 
-6.157784992737803e-14 0.06397044161040079 -1.0037940337875795e-12 
-3.640465016019563e-14 0.058439966629466114 -1.2105793369040542e-12 
-5.595794851435275e-15 0.0372367251339055 -1.29849840572688e-12 
2.298415392563233e-14 0.005949623911134754 -1.2600545312361282e-12 
4.6081608904735123e-14 -0.02653865354405391 -1.1128200081415479e-12 
6.091631002785936e-14 -0.05081098643076262 -8.85979938536991e-13 
6.546231362286686e-14 -0.05977724126909717 -6.17363312204831e-13 
5.751357954665561e-14 -0.05081098643624743 -3.560907342422662e-13 
4.3583641701353754e-14 -0.02653865355480345 -1.4424350960776716e-13 
2.972736150973028e-14 0.005949623896794993 8.584848443124624e-15 
1.740148574570789e-14 0.03723672511934857 1.0725733310918892e-13 
5.369683784235476e-15 0.058439966618329627 1.5662906156267545e-13 
-5.661257874963037e-15 0.06397044160467695 1.5684263166532022e-13 
-1.1899422241093988e-14 0.05341156643961098 1.1892928709209012e-13 
-1.3038909381842736e-14 0.03202935704228957 6.539393331567845e-14 
-8.437227331169959e-15 0.00988284754638947 1.9025705943285125e-14 
-2.6893354602304365e-14 0.002506697855742355 -3.228278930634332e-14 
0.0009396648630119564 0.009885096478934482 2.6025104366486027e-5 
0.0004993529989243539 0.0025128686252063243 5.372991879150102e-5 
-6.471349793958202e-14 0.020290619064158178 -2.377185753163661e-13 
0.0012062655738794613 0.032028948897404985 -2.2499764987694927e-6 
0.001109152595208948 0.020292238258653426 1.4295803238060837e-5 
-7.78050091633102e-14 0.043558158525544004 -5.47564132611009e-13 
0.0008770694513653805 0.05340852001968835 -2.8048381484225644e-5 
0.0010704024553367302 0.0435563682309309 -1.7739320615571548e-5 
-7.030867712258934e-14 0.060529371596826476 -8.656127022444122e-13 
0.0001499953949581403 0.06396596026600128 -4.18013818835199e-5 
0.000528620708672168 0.060525372712419465 -3.8932447413491055e-5 
-4.9667182654616564e-14 0.06335345004558042 -1.120519552260399e-12 
-0.000700677685641779 0.05843560782741124 -4.0761388586089906e-5 
-0.00027658238880510816 0.06334876833227747 -4.548441393384312e-5 
-2.120999928456189e-14 0.04957564726076432 -1.2709199659620035e-12 
-0.0013888591248579318 0.03723392118775303 -2.6230049584535226e-5 
-0.0010608934736574854 0.049571859560967955 -3.6780500045046714e-5 
9.061421808245596e-15 0.022356037113148375 -1.2941799979120477e-12 
-0.001690960999215249 0.005949288175960372 -3.1060958324484852e-6 
-0.0015655152992596847 0.02235437442670507 -1.615180634104943e-5 
3.514850114650212e-14 -0.010760413168583257 -1.1985511612790429e-12 
-0.0015060468016870976 -0.026536373333859213 2.14173913408727e-5 
-0.0016256433355150836 -0.010759395174835514 9.858428076974047e-6 
5.4258334339931786e-14 -0.04024809832030142 -1.007101321997317e-12 
-0.0008821745175538532 -0.050806736890347017 3.988336610720371e-5 
-0.0012145421480179545 -0.040244664142836645 3.329856347906852e-5 
6.423081115733019e-14 -0.05751899434720932 -7.540142168981073e-13 
-7.099189178355777e-14 -0.05977226224859842 4.6724109100631336e-5 
-0.0004486555598923735 -0.05751413837415185 4.709099529068844e-5 
6.247327799411675e-14 -0.057518994349942704 -4.823390414948811e-13 
0.0008821745173963229 -0.050806736895832004 3.9883366633105756e-5 
0.00044865555974418227 -0.05751413837688535 4.709099556046208e-5 
5.0704624287932175e-14 -0.04024809832849354 -2.4297369974463867e-13 
0.0015060468015331836 -0.02653637334460866 2.141739230351522e-5 
0.0012145421478586948 -0.04024466415102895 3.3298564237570266e-5 
3.6493014602093584e-14 -0.010760413181470531 -6.069127753416508e-14 
0.0016909609991599 0.005949288161621134 -3.1060945724077663e-6 
0.0016256433354060599 -0.010759395187722443 9.858429208426017e-6 
2.3408306195531996e-14 0.022356037098207424 6.433760952981199e-14 
0.0013888591249559268 0.037233921173196606 -2.6230048194050616e-5 
0.001565515299280255 0.022354374411764747 -1.615180499304835e-5 
1.1450151385908854e-14 0.04957564724751584 1.3829655367136206e-13 
0.0007006776858551272 0.058435607816274944 -4.076138724652981e-5 
0.001060893473817874 0.04957185954771989 -3.6780498655969236e-5 
-4.156917713803281e-16 0.06335345003706358 1.6238625926379022e-13 
-0.00014999539474633134 0.06396596026027726 -4.180138076081256e-5 
0.0002765823890257383 0.06334876832376043 -4.548441268494694e-5 
-9.299130271223789e-15 0.060529371593635806 1.4105191453481832e-13 
-0.0008770694512979241 0.05340852001839098 -2.8048380690727846e-5 
-0.0005286207085293899 0.06052537270922776 -3.893244644606977e-5 
-1.2940709524019937e-14 0.043558158525471534 9.292244509982778e-14 
-0.0012062655739348105 0.03202894889792752 -2.2499760726907025e-6 
-0.0010704024553353873 0.04355636823085777 -1.7739320007348468e-5 
-1.110255717984338e-14 0.020290619064796088 3.975614538066631e-14 
-0.0009396648631015997 0.00988509647936308 2.6025104489930674e-5 
-0.0011091525952882072 0.0202922382592913 1.4295803497378656e-5 
-4.4583890437001975e-15 0.00250669785587134 5.265171057292637e-15 
-0.0004993529989763111 0.002512868625336269 5.372991882689824e-5 
-0.0009396648631121264 0.009885096478935115 -2.6025104596549096e-5 
-0.0004993529989781566 0.0025128686252076115 -5.372991885593324e-5 
-0.0012062655740296007 0.032028948897405075 2.2499757269078676e-6 
-0.0011091525953383675 0.020292238258654016 -1.4295803713428825e-5 
-0.00087706945151926 0.053408520019688106 2.8048380062813747e-5 
-0.0010704024554923299 0.04355636823093099 1.773931952047397e-5 
-0.0001499953950812939 0.06396596026600089 4.1801379875800116e-5 
-0.0005286207088127872 0.06052537271241909 3.893244568225845e-5 
0.0007006776855689672 0.05843560782741063 4.076138616486671e-5 
0.00027658238870578624 0.06334876833227691 4.54844116927922e-5 
0.001388859124846734 0.03723392118775256 2.623004698754416e-5 
0.0010608934736150667 0.04957185956096732 3.678049750312248e-5 
0.0016909609992612135 0.0059492881759597915 3.1060933122559955e-6 
0.0015655152992778087 0.02235437442670442 1.6151803752605655e-5 
0.0015060468017792604 -0.026536373333859588 -2.1417393566544824e-5 
0.0016256433355853778 -0.010759395174836005 -9.858430474143491e-6 
0.000882174517675688 -0.05080673689034735 -3.9883367879259916e-5 
0.001214542148126462 -0.04024466414283697 -3.329856549328551e-5 
2.0190941354644664e-13 -0.05977226224859836 -4.672411033530941e-5 
0.0004486555600208321 -0.05751413837415191 -4.709099679872015e-5 
-0.0008821745172812907 -0.05080673689583181 -3.988336734530225e-5 
-0.0004486555596192347 -0.05751413837688527 -4.7090996525161724e-5 
-0.0015060468014460172 -0.026536373344608354 -2.1417392592013398e-5 
-0.0012145421477572883 -0.04024466415102863 -3.329856472341007e-5 
-0.0016909609991004489 0.0059492881616213834 3.1060945895818066e-6 
-0.001625643335333068 -0.01075939518772214 -9.858429329781442e-6 
-0.0013888591249211376 0.03723392117319704 2.623004840870983e-5 
-0.0015655152992334325 0.022354374411764986 1.615180512176401e-5 
-0.0007006776858443991 0.058435607816275076 4.076138755986611e-5 
-0.0010608934737949777 0.049571859547720275 3.678049893256434e-5 
0.00014999539473501336 0.06396596026027677 4.180138107431532e-5 
-0.0002765823890265667 0.06334876832376087 4.5484413009758196e-5 
0.0008770694512741262 0.05340852001839087 2.804838092852738e-5 
0.0005286207085107874 0.06052537270922808 3.893244672818512e-5 
0.0012062655739087408 0.03202894889792722 2.2499762033986538e-6 
0.0010704024553095089 0.04355636823085786 1.7739320193211576e-5 
0.0009396648630847339 0.009885096479362908 -2.6025104451894243e-5 
0.0011091525952660016 0.02029223825929125 -1.4295803417849157e-5 
0.0004993529989673894 0.0025128686253360517 -5.372991881637916e-5 
5.0051712301660164e-14 0.009882847545996287 -1.150617868390721e-13 
7.48630598566471e-14 0.03202935704184073 -3.8601725162340913e-13 
7.666926406577235e-14 0.05341156644101904 -7.106511044220721e-13 
6.125661751201238e-14 0.06397044161054367 -1.0039099259570464e-12 
3.612544993507091e-14 0.05843996662956226 -1.2104906425403931e-12 
5.356050876434332e-15 0.037236725133948906 -1.2984808074899702e-12 
-2.3192066084153154e-14 0.005949623911111978 -1.260085270576907e-12 
-4.627354719305801e-14 -0.026538653544141685 -1.1129042607515105e-12 
-6.110749475343055e-14 -0.050810986430914806 -8.862364388255308e-13 
-6.563843706342448e-14 -0.059777241269275555 -6.173027051459596e-13 
-5.764587490685372e-14 -0.05081098643644343 -3.561153469032473e-13 
-4.388796108435151e-14 -0.026538653554990233 -1.4436370456488597e-13 
-3.021285782632568e-14 0.005949623896605286 8.582562045037924e-15 
-1.8090480143767363e-14 0.037236725119155385 1.0735105359567322e-13 
-6.192379848398933e-15 0.058439966618111544 1.567831955357063e-13 
4.862829094489406e-15 0.0639704416044794 1.5651161180508239e-13 
1.1432453609958725e-14 0.0534115664394382 1.1903915208476028e-13 
1.287062098696402e-14 0.032029357042170664 6.542228847539481e-14 
8.357263730803921e-15 0.009882847546334911 1.9039659836769193e-14 
0.0009396648631130155 0.00988509647897029 -2.602510458919582e-5 
2.6864828408384904e-14 0.002506697855757044 -3.228210325644572e-14 
0.0004993529989789296 0.002512868625222302 -5.3729918852849886e-5 
0.0012062655740302792 0.032028948897479335 2.2499757423980254e-6 
6.457899579896164e-14 0.020290619064213884 -2.37717472185614e-13 
0.001109152595339071 0.020292238258709728 -1.4295803701819942e-5 
0.000877069451519873 0.05340852001979949 2.8048380086164267e-5 
7.751430100069853e-14 0.04355815852563877 -5.475203278913146e-13 
0.0010704024554928527 0.043556368231025724 1.7739319540245457e-5 
0.0001499953950809846 0.06396596026614368 4.1801379905339916e-5 
7.007301714609706e-14 0.060529371596960556 -8.655837056571244e-13 
0.0005286207088133068 0.06052537271255317 3.8932445710195517e-5 
-0.000700677685570765 0.05843560782750669 4.076138618500597e-5 
4.93322246005844e-14 0.06335345004571122 -1.1204615116746021e-12 
-0.0002765823887071963 0.06334876833240774 4.5484411719995947e-5 
-0.0013888591248482998 0.03723392118779582 2.623004699654712e-5 
2.0944986654091585e-14 0.04957564726083452 -1.2709266575120387e-12 
-0.0010608934736164586 0.049571859561037566 3.678049751781857e-5 
-0.0016909609992628522 0.005949288175937098 3.1060933074762423e-6 
-9.280853295658048e-15 0.02235603711315906 -1.2941971774723322e-12 
-0.0015655152992794905 0.022354374426715146 1.615180375484561e-5 
-0.0015060468017809255 -0.02653637333394727 -2.14173935848653e-5 
-3.5347251649219876e-14 -0.010760413168638568 -1.1985496435464235e-12 
-0.0016256433355870106 -0.010759395174891342 -9.85843048566244e-6 
-0.0008821745176770747 -0.05080673689049929 -3.988336791091731e-5 
-5.43793651959947e-14 -0.04024809832042392 -1.0070865836518562e-12 
-0.0012145421481280407 -0.04024466414295947 -3.329856551883593e-5 
-2.0237067834632424e-13 -0.059772262248776624 -4.672411037248418e-5 
-6.443813893592173e-14 -0.05751899434738188 -7.539689964762653e-13 
-0.00044865556002156076 -0.05751413837432454 -4.7090996834620895e-5 
0.0008821745172809291 -0.050806736896027695 -3.9883367386153025e-5 
-6.261912356161102e-14 -0.05751899435013134 -4.822729951821127e-13 
0.00044865555961869335 -0.05751413837707387 -4.709099656440656e-5 
0.0015060468014460053 -0.02653637334479497 -2.141739263111541e-5 
-5.089496988450318e-14 -0.04024809832868928 -2.429006496014909e-13 
0.0012145421477573332 -0.04024466415122444 -3.3298564764115416e-5 
0.0016909609990998877 0.005949288161431824 3.106094550082554e-6 
-3.69133716202915e-14 -0.010760413181657501 -6.066464462931632e-14 
0.0016256433353325599 -0.010759395187909129 -9.85842936873439e-6 
0.0013888591249201691 0.03723392117300375 2.6230048368418996e-5 
-2.40278325342643e-14 0.022356037098017017 6.433391055871911e-14 
0.0015655152992327564 0.022354374411574635 1.6151805082113973e-5 
0.000700677685843258 0.05843560781605701 4.0761387514667204e-5 
-1.2233415871438793e-14 0.04957564724731143 1.3823448360446417e-13 
0.0010608934737935964 0.049571859547515806 3.678049888992465e-5 
-0.00014999539473482655 0.06396596026007943 4.1801381033034106e-5 
-4.139962632364219e-16 0.06335345003684986 1.623620107390037e-13 
0.0002765823890261975 0.06334876832354698 4.548441296532682e-5 
-0.0008770694512742176 0.05340852001821811 2.804838089271845e-5 
8.609925796798305e-15 0.06052937159345687 1.4096264701039585e-13 
-0.0005286207085109434 0.06052537270904904 3.893244669080043e-5 
-0.0012062655739073873 0.03202894889780841 2.249976178615202e-6 
1.262257773213607e-14 0.0435581585253207 9.288979364343581e-14 
-0.0010704024553086025 0.043556368230707056 1.7739320161854504e-5 
-0.0009396648630834388 0.009885096479308441 -2.602510446325586e-5 
1.0993230394718275e-14 0.020290619064710507 3.974889731667097e-14 
-0.0011091525952647205 0.020292238259205644 -1.4295803435676603e-5 
4.443635575419017e-15 0.00250669785584844 5.263979392394334e-15 
-0.0004993529989661626 0.002512868625313149 -5.372991882118431e-5 
-0.0009396648630129494 0.009885096478969652 2.6025104359130267e-5 
-0.0004993529989251818 0.0025128686252210166 5.372991878842161e-5 
-0.0012062655738805728 0.03202894889747899 -2.249976514372433e-6 
-0.0011091525952099139 0.020292238258709145 1.4295803226459049e-5 
-0.0008770694513665417 0.053408520019799656 -2.8048381507551865e-5 
-0.001070402455337827 0.04355636823102572 -1.7739320635281022e-5 
-0.00014999539495848157 0.0639659602661443 -4.180138191321345e-5 
-0.0005286207086731718 0.06052537271255356 -3.893244744135926e-5 
0.0007006776856430082 0.05843560782750733 -4.076138860620187e-5 
0.0002765823888058758 0.06334876833240839 -4.548441396096211e-5 
0.0013888591248590134 0.03723392118779662 -2.6230049593627234e-5 
0.0010608934736583457 0.04957185956103816 -3.6780500059695024e-5 
0.0016909609992164687 0.005949288175937675 -3.106095827727706e-6 
0.0015655152992609285 0.022354374426715756 -1.6151806343297405e-5 
0.001506046801688376 -0.026536373333947007 2.141739135910267e-5 
0.001625643335516319 -0.010759395174890808 9.858428088518613e-6 
0.000882174517554866 -0.050806736890499415 3.9883366138601755e-5 
0.0012145421480192872 -0.04024466414295913 3.3298563504600395e-5 
7.110162741582734e-14 -0.05977226224877675 4.6724109137883276e-5 
0.00044865555989268273 -0.05751413837432441 4.7090995326645334e-5 
-0.0008821745173962222 -0.05080673689602805 3.9883366673925886e-5 
-0.00044865555974392754 -0.057514138377074045 4.709099559984477e-5 
-0.0015060468015337738 -0.02653637334479544 2.141739234239479e-5 
-0.001214542147859127 -0.04024466415122467 3.329856427831924e-5 
-0.001690960999160318 0.005949288161431511 -3.106094532866669e-6 
-0.0016256433354063882 -0.010759395187909413 9.858429247412294e-6 
-0.0013888591249563605 0.037233921173003476 -2.623004815369537e-5 
-0.0015655152992808104 0.02235437441157435 -1.6151804953394987e-5 
-0.0007006776858556377 0.0584356078160568 -4.076138720113815e-5 
-0.0010608934738180569 0.049571859547515466 -3.678049861343527e-5 
0.00014999539474455217 0.0639659602600793 -4.1801380719996485e-5 
-0.0002765823890270357 0.06334876832354679 -4.5484412640522785e-5 
0.0008770694512970722 0.05340852001821819 -2.804838065476829e-5 
0.0005286207085281543 0.060525372709048945 -3.8932446408814644e-5 
0.0012062655739331152 0.03202894889780851 -2.2499760478437296e-6 
0.001070402455333851 0.04355636823070697 -1.7739319976026778e-5 
0.0009396648631001428 0.009885096479308457 2.6025104501305395e-5 
0.001109152595286704 0.020292238259205737 1.4295803515199279e-5 
0.0004993529989750511 0.0025128686253133707 5.372991883169437e-5 
-2.847524526710153e-17 0.009952085514698847 -1.1424847971889686e-13 
-1.0233829286151999e-16 0.032024972686868075 -3.8565406759634175e-13 
-1.405807772247712e-16 0.05334362423176996 -7.109465395059026e-13 
-1.6684994585049362e-16 0.06386912306204565 -1.0044445266569034e-12 
-1.3222482388571307e-16 0.058341212130018374 -1.2113667965079382e-12 
-1.1551347188310068e-16 0.03717318107078287 -1.2993237096617903e-12 
-1.0694139859229761e-16 0.00594207021892053 -1.2607580030438823e-12 
-1.0748579882348018e-16 -0.026486840822144413 -1.1133313501899909e-12 
-1.015077450095531e-16 -0.050714474886387764 -8.863448609888228e-13 
-6.596156237669773e-17 -0.05966417147020001 -6.172888743419348e-13 
-4.0495281365956215e-17 -0.05071447489189362 -3.5580552236955476e-13 
-1.634973432307242e-16 -0.02648684083293313 -1.4395776524735996e-13 
-2.588836524257836e-16 0.0059420702045185495 8.938187203055838e-15 
-3.66872559089758e-16 0.03717318105613023 1.0767013307569834e-13 
-4.134419199069162e-16 0.05834121211873604 1.5697286821162376e-13 
-3.9470746832732223e-16 0.06386912305614444 1.567431854783689e-13 
-2.2807270009056057e-16 0.053343624230316 1.1895046322507745e-13 
-7.002867873304318e-17 0.03202497268728213 6.526684442163488e-14 
-3.110936428879931e-17 0.009952085515079695 1.8869534600329622e-14 
-1.3128111986562213e-17 0.002626346090061483 -3.0783067099614376e-14 
0.0009403403752522589 0.00995432877224986 -1.1057971224868125e-13 
-2.478214959778352e-14 0.009933314040281808 -1.1447020639108418e-13 
0.0004991546711021638 0.0026326869118596984 -2.914991204648193e-14 
-1.3235924420091365e-14 0.0025983123885522023 -3.114305420729385e-14 
0.0009424941980331338 0.009935681174904055 1.3835740116113455e-5 
0.0004982176141688223 0.0026044714879672705 2.5687884787760893e-5 
-6.376206990343238e-17 0.020323630677251018 -2.3703205096157744e-13 
0.0012066077092421456 0.03202461618395918 -3.7793493076811444e-13 
-3.724741329894429e-14 0.032025806593167123 -3.8569909327528814e-13 
0.0011090981152143003 0.02032521210981429 -2.3120893671115204e-13 
-3.226598075546947e-14 0.020315690445883657 -2.372064770428246e-13 
0.0012076437590861039 0.03202547187252379 -1.0091136878049091e-6 
0.001109526776389879 0.020317248495784198 6.998227102964499e-6 
-1.4262933241588392e-16 0.0435160508461466 -5.474817235890463e-13 
0.0008772138894089412 0.053340604484708204 -6.993068646465654e-13 
-3.826531461690726e-14 0.0533607272858449 -7.108642296989248e-13 
0.0010704504536127532 0.04351422891359094 -5.376321297849864e-13 
-3.8886878260587925e-14 0.04352650133111955 -5.475054921184323e-13 
0.0008777576940825464 0.05335770529865442 -1.4103830508687667e-5 
0.0010709665629845871 0.04352468435715438 -8.806891725162102e-6 
-1.320057824350291e-16 0.060436866554511866 -8.659924761859503e-13 
0.00015003075523577496 0.06386465645559354 -9.896207824810368e-13 
-3.0722596478792525e-14 0.0638946623621106 -1.0042420432556097e-12 
0.000528660886108185 0.060432841346436984 -8.520882358968522e-13 
-3.5174343830468355e-14 0.0604598091080279 -8.659049068350306e-13 
0.0001501852089482999 0.06389018900229307 -2.102530266722026e-5 
0.0005289490950351461 0.060455795295878766 -1.9345627285741995e-5 
-1.5159447907817594e-16 0.06324528413231878 -1.1211203838739593e-12 
-0.0007007257071703996 0.05833686350830875 -1.2013135074784037e-12 
-1.8178953857793698e-14 0.05836609933052064 -1.2111370984372833e-12 
-0.0002765848570854257 0.06324057833733154 -1.1076341911074554e-12 
-2.487340267684783e-14 0.06327212564658294 -1.1209890417355417e-12 
-0.0007009433735883751 0.058361744133204295 -2.0496940890665542e-5 
-0.0002766056790849777 0.06326743217450849 -2.2613331492891248e-5 
-1.5110708964531784e-16 0.04948815402553713 -1.2716923730274178e-12 
-0.0013889683076139367 0.037170383155306824 -1.2948793795141002e-12 
-2.904164956630085e-15 0.037189194340707624 -1.299097271202831e-12 
-0.0010609393669883138 0.04948434800489569 -1.2644399543959964e-12 
-1.0669989889640913e-14 0.04950987032681935 -1.271532801142557e-12 
-0.0013894736873827475 0.037186392194223115 -1.3189312445877432e-5 
-0.0010612451972864187 0.0495060739831561 -1.8289317676100165e-5 
-1.06123331184974e-16 0.02231762547654179 -1.2949383753756848e-12 
-0.0016910971675034138 0.005941735393507549 -1.2631814039227196e-12 
1.1345188855754848e-14 0.005943980051498747 -1.2605895919002114e-12 
-0.0015655893333867727 0.02231595458687856 -1.2938588575898321e-12 
4.468682981508452e-15 0.02232715729783388 -1.2947543823173784e-12 
-0.0016917316573861372 0.005943644529528425 -1.565485617460249e-6 
-0.0015660770166938355 0.022325490781362232 -8.030252365509088e-6 
-1.0064707626877578e-16 -0.010736918578784446 -1.1991572722898447e-12 
-0.001506169028364097 -0.026484564903399878 -1.1225227925496163e-12 
2.284986780549432e-14 -0.026499882232241933 -1.1131961681776907e-12 
-0.0016257221810678658 -0.0107358966111633 -1.2049321760149933e-12 
1.749845542118654e-14 -0.010742758972820678 -1.1990011385678614e-12 
-0.001506739971961999 -0.02649760333624303 1.0760293571187098e-5 
-0.0016262397074314782 -0.010741739086670362 4.9077606143990545e-6 
-5.579710791199273e-17 -0.04016880840084362 -1.0074985637453144e-12 
-0.0008822463256562132 -0.050710233513547545 -9.022269566316518e-13 
3.0263016306290823e-14 -0.05073877279661597 -8.861817156425372e-13 
-0.0012146016122026025 -0.04016535941957911 -1.0202312740629715e-12 
2.7071416490110946e-14 -0.04018850482634161 -1.007397871243682e-12 
-0.0008825820807060091 -0.05073452570264975 2.0041054818384986e-5 
-0.0012149913995678076 -0.04018506367249387 1.656814055081732e-5 
-9.097504965711169e-17 -0.057406872469437056 -7.541132783537697e-13 
-1.3664093322928545e-13 -0.05965920204897543 -6.358910983675743e-13 
3.250918132081923e-14 -0.059692639141499755 -6.172414961123651e-13 
-0.00044867760110451835 -0.05740199535000047 -7.720471260956069e-13 
3.2009609803059204e-14 -0.05743472255889736 -7.541389900142307e-13 
-1.0392928619596747e-13 -0.0596876629857736 2.3479064490820294e-5 
-0.00044882201107603666 -0.05742985663174895 2.3429412973635817e-5 
-8.481741267771408e-17 -0.05740687247217858 -4.821113357604396e-13 
0.0008822463253793935 -0.050710233519053294 -3.761842984194491e-13 
2.864880225506217e-14 -0.05073877280211111 -3.558428733257845e-13 
0.00044867760082898013 -0.05740199535274198 -5.017586504788237e-13 
3.114485403335583e-14 -0.057434722561634864 -4.82210337588065e-13 
0.0008825820804888806 -0.05073452570814488 2.0041055344472972e-5 
0.000448822010864269 -0.0574298566344866 2.3429413243792595e-5 
-1.0850021971933566e-16 -0.04016880840906649 -2.4256472066898993e-13 
0.0015061690281195843 -0.02648456491418814 -1.634078540960118e-13 
2.1712966166855708e-14 -0.026499882243008643 -1.4401221537274048e-13 
0.001214601611937604 -0.04016535942780199 -2.6291700079517395e-13 
2.5295262290495754e-14 -0.04018850483454791 -2.426382653557387e-13 
0.001506739971762771 -0.026497603347009423 1.0760294532257187e-5 
0.001214991399355835 -0.0401850636807001 1.6568141309026202e-5 
-2.0239114886100701e-16 -0.010736918591720133 -6.03087828826939e-14 
0.0016910971673941978 0.005941735379106516 -1.0794189785523469e-14 
1.476318292059695e-14 0.005943980037133064 8.827386109529379e-15 
0.001625722180886135 -0.010735896624098218 -7.980876131895121e-14 
1.8152494992566235e-14 -0.010742758985727829 -6.041129616319789e-14 
0.0016917316573040492 0.005943644515163453 -1.5654843609638245e-6 
0.001626239707286337 -0.010741739099576965 4.90776174291042e-6 
-3.038383834930702e-16 0.02231762546152462 6.464199306714565e-14 
0.0013889683076988876 0.037170383140655086 8.752849152539284e-14 
8.52053180793769e-15 0.03718919432610821 1.0757507393247776e-13 
0.0015655893333736972 0.022315954571862435 4.48124082078601e-14 
1.1554185809184984e-14 0.0223271572828611 6.458993531969836e-14 
0.0013894736874746022 0.03718639217962451 -1.3189311059123265e-5 
0.001566077016697912 0.022325490766390278 -8.030251021955183e-6 
-3.7934707631065914e-16 0.04948815401217119 1.3857632844284218e-13 
0.0007007257074133578 0.058336863497026756 1.3435213087600056e-13 
2.4881590737952938e-15 0.058366099319314364 1.5695992229480166e-13 
0.0010609393671570755 0.04948434799153072 1.1727342829576385e-13 
5.528596409089733e-15 0.049509870313517085 1.3849416931799637e-13 
0.0007009433738172604 0.05836174412199833 -2.0496939552805997e-5 
0.0010612451974514945 0.04950607396985443 -1.828931629048213e-5 
-4.3680711781743844e-16 0.06324528412363323 1.6269306171362731e-13 
-0.00015003075495674078 0.06386465644969203 1.361921522250658e-13 
-2.9644685482632337e-15 0.06389466235629696 1.5691918363715104e-13 
0.00027658485735525447 0.06324057832864631 1.4045473863321101e-13 
-4.1322124031807016e-16 0.06327212563798301 1.6259076296824736e-13 
-0.0001501852087026073 0.0638901889964788 -2.102530154283614e-5 
0.0002766056793305598 0.06326743216590854 -2.2613330244209297e-5 
-3.4128768809653e-16 0.06043686655114919 1.4118887902681939e-13 
-0.000877213889252409 0.05334060448325351 1.0106768387772568e-13 
-5.991804988534942e-15 0.05336072728446543 1.18961672943164e-13 
-0.000528660885885579 0.0604328413430737 1.2250357446951124e-13 
-4.789214067185e-15 0.060459809104747485 1.411481541470595e-13 
-0.0008777576939705243 0.05335770529727412 -1.4103829711649487e-5 
-0.0005289490948525887 0.060455795292597495 -1.9345626314521075e-5 
-1.5897014087235818e-16 0.04351605084593522 9.296109115052202e-14 
-0.0012066077092083858 0.03202461618437258 5.292832746661894e-14 
-6.4667346979091344e-15 0.032025806593632106 6.532379067368202e-14 
-0.001070450453519967 0.04351422891337906 7.72537803595955e-14 
-6.529776155114658e-15 0.0435265013309737 9.292734451680083e-14 
-0.0012076437590971432 0.032025471872988376 -1.0091132594345412e-6 
-0.0010709665629379103 0.04352468435700782 -8.806891113625327e-6 
-5.759780076870063e-17 0.02032363067781015 3.965621968685034e-14 
-0.0009403403752823455 0.009954328772630593 1.3237269343729233e-14 
-4.190896777622739e-15 0.009933314040685502 1.8921403178248965e-14 
-0.0011090981152167524 0.02032521211037304 3.072249583818865e-14 
-5.56248448362287e-15 0.02031569044648016 3.96843752087567e-14 
-0.000942494198093415 0.009935681175307817 1.3835740239583447e-5 
-0.0011095267764311895 0.02031724849638055 6.998227363396717e-6 
-7.40981556312925e-18 0.002626346090175604 5.0157427343006346e-15 
-0.0004991546711217576 0.0026326869119740366 2.564539800295285e-15 
-2.200385583396058e-15 0.0025983123886747935 5.0764778791658265e-15 
-0.0004982176142048505 0.0026044714880904636 2.5687884820779596e-5 
-0.0009403403752523149 0.009954328772249884 -1.1785377898409233e-13 
-0.0004991546711021906 0.002632686911859694 -3.228355998810381e-14 
-0.0009424941980826674 0.009935681174904357 -1.3835740344993766e-5 
-0.0004982176141953072 0.0026044714879679158 -2.5687884849915087e-5 
-0.0012066077092423605 0.0320246161839592 -3.933295301365636e-13 
-0.0011090981152144248 0.020325212109814268 -2.428033687349333e-13 
-0.0012076437591605886 0.03202547187252395 1.009112916399381e-6 
-0.0011095267764544103 0.020317248495784465 -6.998227577311663e-6 
-0.0008772138894092214 0.05334060448470811 -7.225625418132996e-13 
-0.00107045045361303 0.04351422891359106 -5.573239069802038e-13 
-0.0008777576941590655 0.05335770529865439 1.4103829086926602e-5 
-0.0010709665630623546 0.04352468435715438 8.806890630173209e-6 
-0.00015003075523610447 0.06386465645559372 -1.0193430147540016e-12 
-0.0005286608861084558 0.06043284134643698 -8.799204695829012e-13 
-0.0001501852090097315 0.0638901890022929 2.102530065865064e-5 
-0.0005289490951054991 0.06045579529587863 1.9345625553915913e-5 
0.0007007257071701162 0.05833686350830892 -1.2214586938054863e-12 
0.0002765848570851324 0.0632405783373314 -1.1346874928291885e-12 
0.0007009433735520161 0.05836174413320399 2.0496938468312784e-5 
0.00027660567903523155 0.06326743217450817 2.2613329250853342e-5 
0.0013889683076137036 0.03717038315530696 -1.3038412097702062e-12 
0.0010609393669880204 0.049484348004895644 -1.279037534179043e-12 
0.0013894736873769366 0.03718639219422267 1.3189309847622862e-5 
0.0010612451972650783 0.04950607398315577 1.8289315132995722e-5 
0.0016910971675031946 0.005941735393507527 -1.258427446248851e-12 
0.0015655893333865638 0.022315954586878534 -1.2960894198496757e-12 
0.0016917316574088317 0.005943644529528142 1.5654830962273343e-6 
0.0015660770167027721 0.022325490781361937 8.030249775926314e-6 
0.0015061690283638945 -0.026484564903399867 -1.1041859370218147e-12 
0.001625722181067665 -0.010735896611163248 -1.193441290444263e-12 
0.0015067399720077065 -0.026497603336243205 -1.0760295797625172e-5 
0.001626239707466471 -0.010741739086670631 -4.9077630124552395e-6 
0.0008822463256560291 -0.050710233513547344 -8.704330046452706e-13 
0.0012146016122024726 -0.040165359419579175 -9.948008713402665e-13 
0.0008825820807665331 -0.05073452570264963 -2.00410565908495e-5 
0.0012149913996219387 -0.04018506367249401 -1.656814256564244e-5 
1.3649187959753594e-13 -0.05965920204897505 -5.986687773464722e-13 
0.00044867760110433674 -0.057401995350000706 -7.362095368947422e-13 
1.6894258700882694e-13 -0.05968766298577355 -2.3479065725351505e-5 
0.0004488220111400614 -0.05742985663174908 -2.3429414481881768e-5 
-0.0008822463253795106 -0.0507102335190532 -3.3536310030234493e-13 
-0.00044867760082913636 -0.057401995352742236 -4.624746117300734e-13 
-0.0008825820804315855 -0.050734525708144705 -2.004105605617432e-5 
-0.00044882201080198114 -0.05742985663448651 -2.342941420817672e-5 
-0.0015061690281199065 -0.026484564914188182 -1.2447372909531826e-13 
-0.0012146016119378219 -0.040165359427801764 -2.2217923512989698e-13 
-0.0015067399717193551 -0.026497603347009104 -1.0760294820273623e-5 
-0.0012149913993052478 -0.040185063680699996 -1.656814179429064e-5 
-0.0016910971673947143 0.0059417353791064755 2.867677160495884e-14 
-0.0016257221808865397 -0.010735896624098207 -4.081171626470419e-14 
-0.0016917316572745379 0.005943644515163586 1.5654843786627338e-6 
-0.0016262397072500264 -0.010741739099576804 -4.907761863710567e-6 
-0.0013889683076996127 0.03717038314065524 1.278217528599935e-13 
-0.0015655893333743032 0.02231595457186251 8.454539361287187e-14 
-0.0013894736874575592 0.03718639217962444 1.3189311274289925e-5 
-0.0015660770166748023 0.022325490766390448 8.030251151150825e-6 
-0.0007007257074141832 0.058336863497027165 1.7967389869085505e-13 
-0.0010609393671578413 0.04948434799153063 1.5990287686464433e-13 
-0.0007009433738122716 0.05836174412199841 2.0496939866715398e-5 
-0.0010612451974404379 0.04950607396985462 1.8289316567519967e-5 
0.00015003075495593753 0.06386465644969216 1.7739994477050508e-13 
-0.0002765848573561335 0.06324057832864621 1.8495065266695733e-13 
0.00015018520869668038 0.06389018899647923 2.1025301856573892e-5 
-0.0002766056793313883 0.06326743216590859 2.26133305694456e-5 
0.0008772138892519316 0.05334060448325335 1.368862677948417e-13 
0.0005286608858849083 0.06043284134307364 1.5989718243968052e-13 
0.0008777576939585426 0.05335770529727428 1.410382994959513e-5 
0.0005289490948430207 0.06045579529259757 1.934562659686085e-5 
0.001206607709208228 0.03202461618437254 7.76208960774022e-14 
0.0010704504535196506 0.0435142289133789 1.0867833424677655e-13 
0.0012076437590842152 0.03202547187298839 1.0091133900723636e-6 
0.0010709665629248502 0.04352468435700786 8.806891299502582e-6 
0.0009403403752822759 0.009954328772630512 2.448925955333525e-14 
0.0011090981152166398 0.020325212110373088 4.858667570895467e-14 
0.0009424941980850397 0.009935681175307694 -1.3835740201753409e-5 
0.0011095267764200658 0.020317248496380457 -6.998227284035209e-6 
0.0004991546711217414 0.0026326869119740414 7.451242235632869e-15 
0.000498217614200446 0.0026044714880903517 -2.568788481064509e-5 
2.472603629434474e-14 0.009933314040299325 -1.1447657768217577e-13 
1.3208428238005378e-14 0.0025983123885594994 -3.114113687490745e-14 
0.0009424941980835172 0.009935681174921883 -1.3835740337690259e-5 
0.0004982176141960618 0.0026044714879752146 -2.5687884846796427e-5 
3.7032197288961375e-14 0.03202580659320381 -3.8575582934372167e-13 
3.213967416141327e-14 0.020315690445911465 -2.372047565785661e-13 
0.0012076437591612415 0.03202547187256058 1.0091129318400627e-6 
0.00110952677645509 0.020317248495812276 -6.998227565714395e-6 
3.8005472341454475e-14 0.05336072728590036 -7.108316967360565e-13 
3.859990281313425e-14 0.04352650133116681 -5.474950500864681e-13 
0.0008777576941596819 0.05335770529870988 1.4103829110255863e-5 
0.001070966563062848 0.04352468435720168 8.806890649889948e-6 
3.0393247234282266e-14 0.06389466236218254 -1.0042976644797386e-12 
3.4913118650536133e-14 0.06045980910809476 -8.658738224178096e-13 
0.000150185209009424 0.06389018900236472 2.1025300688267087e-5 
0.0005289490951059529 0.06045579529594546 1.934562558179043e-5 
1.789529731071257e-14 0.05836609933056872 -1.2111638245056167e-12 
2.4568045600758968e-14 0.06327212564664834 -1.1209424394954273e-12 
-0.0007009433735537735 0.05836174413325219 2.0496938488441028e-5 
-0.00027660567903657797 0.06326743217457355 2.261332927799672e-5 
2.655260357154724e-15 0.037189194340729245 -1.2991320698938661e-12 
1.0389198438592733e-14 0.04950987032685414 -1.2715013835357955e-12 
-0.0013894736873784747 0.03718639219424436 1.3189309856577373e-5 
-0.0010612451972664427 0.04950607398319053 1.8289315147631594e-5 
-1.1570869926413118e-14 0.005943980051487372 -1.260591250029955e-12 
-4.6728026429549405e-15 0.022327157297839188 -1.294749541477731e-12 
-0.0016917316574104507 0.0059436445295167305 1.5654830914629946e-6 
-0.0015660770167043854 0.02232549078136723 8.030249778166177e-6 
-2.305063730126832e-14 -0.02649988223228603 -1.1132380313742456e-12 
-1.769508218874033e-14 -0.010742758972848281 -1.1990176628642201e-12 
-0.0015067399720093437 -0.02649760333628734 -1.0760295815970191e-5 
-0.0016262397074680438 -0.010741739086698204 -4.907763023987521e-6 
-3.043249846204112e-14 -0.05073877279669302 -8.863835140392169e-13 
-2.7191964283900446e-14 -0.04018850482640261 -1.007383346893711e-12 
-0.0008825820807678611 -0.050734525702726886 -2.004105662263192e-5 
-0.0012149913996234584 -0.040185063672555005 -1.656814259112052e-5 
-3.266186319701829e-14 -0.059692639141589045 -6.173417557176682e-13 
-3.2220832107432766e-14 -0.05743472255898347 -7.540513356928376e-13 
-1.6936151061613858e-13 -0.05968766298586283 -2.347906576264359e-5 
-0.0004488220111407762 -0.05742985663183517 -2.3429414517697557e-5 
-2.87659677933013e-14 -0.05073877280220915 -3.5590177735357244e-13 
-3.130044197663073e-14 -0.057434722561729164 -4.821219594079879e-13 
0.0008825820804312545 -0.050734525708242745 -2.0041056097021173e-5 
0.0004488220108014381 -0.057429856634580806 -2.3429414247402574e-5 
-2.2020036837209023e-14 -0.02649988224310174 -1.4409205581858047e-13 
-2.5497576034429206e-14 -0.0401885048346459 -2.426677383227181e-13 
0.001506739971719328 -0.02649760334710234 -1.0760294859309092e-5 
0.0012149913993052704 -0.040185063680797946 -1.6568141835026025e-5 
-1.5257644146131615e-14 0.0059439800370383175 8.838344176727086e-15 
-1.8561939155422432e-14 -0.010742758985821343 -6.039800395610318e-14 
0.0016917316572739652 0.005943644515068824 1.56548433918598e-6 
0.00162623970724953 -0.010741739099670314 -4.9077619026882455e-6 
-9.243230163303668e-15 0.03718919432601179 1.0757051743230405e-13 
-1.2170950666362387e-14 0.022327157282765745 6.457062625120414e-14 
0.001389473687456572 0.03718639217952807 1.3189311233972988e-5 
0.0015660770166741294 0.022325490766295086 8.030251111440477e-6 
-3.3220752669589102e-15 0.05836609931920516 1.5691938583473144e-13 
-6.301473517045074e-15 0.0495098703134148 1.3849735203317102e-13 
0.0007009433738111455 0.05836174412188932 2.049693982141389e-5 
0.001061245197439091 0.04950607396975227 1.8289316524895406e-5 
2.165194031983124e-15 0.06389466235619774 1.566820838351088e-13 
-4.4092293625324906e-16 0.06327212563787572 1.626218008830959e-13 
-0.00015018520869653344 0.06389018899637992 2.1025301815301266e-5 
0.0002766056793309762 0.06326743216580132 2.2613330524987647e-5 
5.538193900899201e-15 0.05336072728437914 1.1902569233712322e-13 
4.100926364500759e-15 0.06045980910465791 1.4115318735545534e-13 
-0.0008777576939586304 0.053357705297188085 1.4103829913809765e-5 
-0.0005289490948431779 0.06045579529250795 1.9345626559469616e-5 
6.298269982923638e-15 0.03202580659357302 6.533650784868933e-14 
6.210724593032079e-15 0.043526501330897874 9.295724268031312e-14 
-0.001207643759082919 0.03202547187292937 1.0091133653357997e-6 
-0.0010709665629239917 0.04352468435693207 8.806891268145702e-6 
4.114400348936603e-15 0.00993331404065836 1.8921593239176925e-14 
5.450048019294467e-15 0.020315690446437308 3.967431449195776e-14 
-0.000942494198083802 0.009935681175280627 -1.3835740213053677e-5 
-0.001109526776418829 0.02031724849633764 -6.998227301896613e-6 
2.1851723633506145e-15 0.00259831238866338 5.0752280314277655e-15 
-0.0004982176141992454 0.0026044714880789337 -2.568788481550465e-5 
-0.0009424941980340906 0.009935681174921576 1.3835740108803142e-5 
-0.0004982176141696332 0.002604471487974574 2.5687884784644456e-5 
-0.0012076437590871879 0.03202547187256056 -1.0091137033196718e-6 
-0.001109526776390816 0.020317248495812016 6.998227091371122e-6 
-0.0008777576940836774 0.05335770529870983 -1.4103830531986387e-5 
-0.0010709665629856497 0.0435246843572016 -8.806891744868306e-6 
-0.00015018520894863978 0.06389018900236493 -2.1025302696945904e-5 
-0.0005289490950361348 0.06045579529594564 -1.934562731356521e-5 
0.000700943373589562 0.0583617441332523 -2.049694091082093e-5 
0.00027660567908571504 0.06326743217457387 -2.2613331519945165e-5 
0.001389473687383791 0.03718639219424465 -1.3189312454915867e-5 
0.0010612451972872184 0.049506073983190936 -1.82893176907171e-5 
0.001691731657387311 0.005943644529517053 -1.565485612724804e-6 
0.0015660770166950387 0.022325490781367544 -8.0302523677303e-6 
0.0015067399719632462 -0.026497603336287055 1.0760293589452615e-5 
0.0016262397074326591 -0.010741739086697965 4.90776062590997e-6 
0.0008825820807070011 -0.05073452570272659 2.0041054849923574e-5 
0.001214991399569075 -0.040185063672554845 1.6568140576313507e-5 
1.0403205057040922e-13 -0.05968766298586294 2.3479064528013158e-5 
0.0004488220110763417 -0.057429856631835134 2.342941300956101e-5 
-0.0008825820804887874 -0.05073452570824289 2.0041055385252903e-5 
-0.0004488220108640323 -0.057429856634580896 2.3429413283153277e-5 
-0.0015067399717633631 -0.026497603347102456 1.0760294571183616e-5 
-0.0012149913993562667 -0.040185063680798126 1.656814134974033e-5 
-0.0016917316573044846 0.005943644515068697 -1.565484321453953e-6 
-0.0016262397072866553 -0.010741739099670453 4.9077617819012515e-6 
-0.0013894736874750539 0.037186392179527954 -1.3189311018805281e-5 
-0.0015660770166984746 0.022325490766294954 -8.030250982277524e-6 
-0.0007009433738177816 0.058361744121889096 -2.0496939507521736e-5 
-0.0010612451974516958 0.049506073969752214 -1.8289316247876933e-5 
0.00015018520870085347 0.06389018899637985 -2.1025301501872374e-5 
-0.00027660567933186054 0.06326743216580126 -2.2613330199745034e-5 
0.0008777576939697014 0.053357705297187814 -1.4103829675768852e-5 
0.0005289490948513913 0.060455795292507906 -1.934562627717853e-5 
0.001207643759095511 0.0320254718729292 -1.00911323467577e-6 
0.001070966562936415 0.04352468435693207 -8.806891082235512e-6 
0.0009424941980920307 0.009935681175280582 1.3835740250885252e-5 
0.0011095267764297272 0.020317248496337707 6.998227381233027e-6 
0.0004982176142036156 0.002604471488079044 2.5687884825636232e-5 

VECTORS eigenmode5 float
0.0 0.0 0.0 
0.0 0.0 0.0 
0.0 0.0 0.0 
0.0 0.0 0.0 
0.0 0.0 0.0 
0.0 0.0 0.0 
0.0 0.0 0.0 
0.0 0.0 0.0 
0.0 0.0 0.0 
0.0 0.0 0.0 
0.0 0.0 0.0 
0.0 0.0 0.0 
0.0 0.0 0.0 
0.0 0.0 0.0 
0.0 0.0 0.0 
0.0 0.0 0.0 
0.0 0.0 0.0 
0.0 0.0 0.0 
0.0 0.0 0.0 
0.0 0.0 0.0 
0.0 0.0 0.0 
0.0 0.0 0.0 
0.0 0.0 0.0 
0.0 0.0 0.0 
0.0 0.0 0.0 
0.0 0.0 0.0 
0.0 0.0 0.0 
0.0 0.0 0.0 
0.0 0.0 0.0 
0.0 0.0 0.0 
0.0 0.0 0.0 
0.0 0.0 0.0 
0.0024857261966442657 3.1614793387853746e-5 0.005688725960104736 
0.003793141546741073 1.4454331655395414e-5 0.019280469084858257 
0.0039593245336098795 -7.827390177349936e-6 0.03588973896927216 
0.003139707023128775 -2.678126330277772e-5 0.05104999336690831 
0.0015819702623603596 -3.959974987358269e-5 0.06113526719256428 
-0.0003942261836882863 -4.492061872718155e-5 0.06371244044460142 
-0.0024330416790056316 -4.2418586540147126e-5 0.05777326567013464 
-0.004188139441953164 -3.282572403324845e-5 0.043792558783593165 
-0.0053699318861724745 -1.7859738575507332e-5 0.023589087100458647 
-0.00578628436189058 -9.403801035016716e-13 3.8268982854746535e-12 
-0.005369931886326914 1.7859736948945434e-5 -0.02358908709324151 
-0.0041881394422293525 3.282572308456393e-5 -0.043792558777579614 
-0.0024330416793617014 4.241858645903204e-5 -0.05777326566582479 
-0.00039422618406404955 4.49206193993936e-5 -0.06371244044216634 
0.0015819702620512085 3.959975097878404e-5 -0.06113526719177187 
0.003139707022950328 2.6781264492662377e-5 -0.051049993367173696 
0.003959324533552763 7.827391150820734e-6 -0.035889738969917075 
0.0037931415467626147 -1.4454331077571902e-5 -0.019280469085385676 
0.002485726196685747 -3.161479321039131e-5 -0.005688725960298704 
0.0013331885214274272 6.421053661844966e-5 0.0015782542261419234 
0.0032431818932841926 3.001568586679745e-5 0.011809438997080441 
0.003969999359326669 3.6772300099535343e-6 0.02750300815575471 
0.0036253084906994076 -1.8249390373546156e-5 0.043903025723960515 
0.0024116298339725614 -3.457534989406948e-5 0.05691198038320542 
0.000614848754022447 -4.381786480053228e-5 0.06346205557987615 
-0.0014237019546531136 -4.518632851538014e-5 0.06181343103036798 
-0.0033488024434646588 -3.888999549467261e-5 0.05170429651663614 
-0.004838578636806455 -2.618374836935253e-5 0.03431116417236689 
-0.005649140667236428 -9.224278008223434e-6 0.012013082808922337 
-0.005649140667315497 9.224276191735728e-6 -0.01201308280137917 
-0.004838578637026489 2.618374703995647e-5 -0.03431116416567053 
-0.0033488024437859035 3.8889994973681434e-5 -0.05170429651142993 
-0.0014237019550267641 4.5186328844534716e-5 -0.061813431026999995 
0.000614848753671988 4.3817865733301424e-5 -0.06346205557831644 
0.002411629833726726 3.457535108458346e-5 -0.056911980383029984 
0.003625308490585278 1.8249391486003125e-5 -0.0439030257244923 
0.003969999359313759 -3.67722922152683e-6 -0.027503008156387596 
0.0032431818933224103 -3.0015685501450003e-5 -0.011809438997446289 
0.0013331885214544622 -6.421053657517268e-5 -0.001578254226198911 
-0.0024857261965854213 -3.1614793083371266e-5 0.005688725960103059 
-0.003793141546662117 -1.4454330651231956e-5 0.019280469084858292 
-0.0039593245335469195 7.827391898617273e-6 0.0358897389692738 
-0.003139707023110301 2.6781265434082445e-5 0.05104999336691073 
-0.0015819702624031062 3.959975187833737e-5 0.061135267192567046 
0.0003942261835943823 4.492062003509296e-5 0.06371244044460285 
0.002433041678880877 4.241858672918407e-5 0.05777326567013485 
0.004188139441851168 3.282572305807008e-5 0.04379255878359116 
0.005369931886127834 1.7859736851029726e-5 0.023589087100455403 
0.0057862843619060295 -9.349959286574805e-13 3.824203902543569e-12 
0.005369931886381786 -1.7859738466766855e-5 -0.02358908709324287 
0.0041881394422930394 -3.282572400257821e-5 -0.04379255877757965 
0.002433041679411639 -4.2418586804350506e-5 -0.057773265665823886 
0.00039422618409064666 -4.4920619358982284e-5 -0.06371244044216498 
-0.0015819702620434321 -3.95997507693847e-5 -0.061135267191771814 
-0.003139707022950061 -2.6781264240020716e-5 -0.05104999336717332 
-0.003959324533558639 -7.82739091935989e-6 -0.03588973896991697 
-0.0037931415467727936 1.4454331233068296e-5 -0.019280469085385683 
-0.002485726196696047 3.161479326451193e-5 -0.005688725960298877 
-0.0013331885213966029 -6.421053654075177e-5 0.0015782542261386198 
-0.00324318189321373 -3.001568523730841e-5 0.011809438997079416 
-0.003969999359254303 -3.6772286268770035e-6 0.027503008155755713 
-0.003625308490657628 1.82493923556186e-5 0.04390302572396297 
-0.0024116298339844893 3.4575352038988184e-5 0.056911980383208514 
-0.0006148487540913261 4.381786652066191e-5 0.0634620555798788 
0.0014237019545420015 4.518632930359621e-5 0.06181343103036978 
0.003348802443349128 3.8889995072462634e-5 0.051704296516634905 
0.004838578636732484 2.6183746946979668e-5 0.03431116417236389 
0.005649140667222153 9.224276132571468e-6 0.012013082808919107 
0.005649140667351968 -9.224277938052542e-6 -0.012013082801381293 
0.004838578637086911 -2.6183748268786952e-5 -0.03431116416567104 
0.0033488024438433697 -3.8889995587582536e-5 -0.05170429651142902 
0.0014237019550653082 -4.51863289680684e-5 -0.06181343102699866 
-0.0006148487536554535 -4.381786558512971e-5 -0.06346205557831548 
-0.002411629833722986 -3.4575350844197926e-5 -0.05691198038302966 
-0.0036253084905879763 -1.8249391236294878e-5 -0.043903025724492166 
-0.003969999359321957 3.6772294205009587e-6 -0.027503008156387437 
-0.0032431818933329973 3.0015685606865002e-5 -0.011809438997446298 
-0.0013331885214600812 6.421053658942553e-5 -0.0015782542261995175 
0.0024857261965855167 -3.161479308116731e-5 0.0056887259601039394 
0.0037931415466625844 -1.4454330646862553e-5 0.019280469084859964 
0.003959324533547589 7.827391903294035e-6 0.03588973896927568 
0.003139707023110912 2.6781265440604403e-5 0.05104999336691363 
0.0015819702624038934 3.959975188137071e-5 0.06113526719256834 
-0.00039422618359349605 4.492062003795638e-5 0.06371244044460456 
-0.0024330416788794673 4.2418586730218805e-5 0.057773265670135236 
-0.004188139441850109 3.2825723057065487e-5 0.04379255878359064 
-0.00536993188612696 1.7859736847950118e-5 0.023589087100454147 
-0.005786284361905422 -9.357297032630487e-13 3.823806909921247e-12 
-0.005369931886381365 -1.7859738466284714e-5 -0.023589087093242735 
-0.004188139442292574 -3.2825724000287895e-5 -0.04379255877757887 
-0.0024330416794109706 -4.241858680963475e-5 -0.05777326566582608 
-0.00039422618409097913 -4.4920619368522063e-5 -0.06371244044216924 
0.0015819702620434057 -3.959975078254562e-5 -0.06113526719177686 
0.003139707022949558 -2.6781264257968386e-5 -0.051049993367180684 
0.0039593245335577485 -7.827390935117918e-6 -0.035889738969923396 
0.003793141546771915 1.4454331222249502e-5 -0.01928046908539006 
0.0024857261966954396 3.161479325928004e-5 -0.005688725960300988 
0.001333188521396593 -6.421053653987031e-5 0.0015782542261390056 
0.0032431818932139827 -3.0015685233774517e-5 0.0118094389970809 
0.003969999359254847 -3.677228622250022e-6 0.027503008155757576 
0.0036253084906581867 1.824939236049523e-5 0.04390302572396496 
0.002411629833985456 3.45753520441411e-5 0.05691198038321056 
0.000614848754092148 4.3817866523898544e-5 0.06346205557988013 
-0.0014237019545409958 4.5186329306416145e-5 0.061813431030370874 
-0.003348802443347969 3.888999507172601e-5 0.05170429651663461 
-0.004838578636731362 2.618374694479775e-5 0.03431116417236289 
-0.005649140667221505 9.22427613062129e-6 0.012013082808918336 
-0.005649140667351425 -9.224277938040157e-6 -0.01201308280138127 
-0.004838578637086704 -2.6183748267324116e-5 -0.03431116416567056 
-0.0033488024438427413 -3.888999558906087e-5 -0.05170429651142969 
-0.0014237019550650961 -4.51863289775136e-5 -0.061813431027002666 
0.0006148487536553468 -4.381786559556722e-5 -0.0634620555783199 
0.0024116298337227386 -3.4575350860946274e-5 -0.0569119803830367 
0.0036253084905872204 -1.824939125443794e-5 -0.04390302572449977 
0.003969999359321088 3.6772294067355167e-6 -0.027503008156393116 
0.0032431818933322536 3.0015685598783132e-5 -0.011809438997449635 
0.0013331885214596096 6.42105365872253e-5 -0.0015782542262004113 
-0.002485726196643837 3.1614793385654584e-5 0.005688725960105672 
-0.00379314154674054 1.4454331651009258e-5 0.01928046908486017 
-0.003959324533609229 -7.827390182219958e-6 0.035889738969274304 
-0.003139707023128016 -2.6781263309277543e-5 0.051049993366911066 
-0.0015819702623597759 -3.959974987680057e-5 0.06113526719256534 
0.000394226183689158 -4.492061873012498e-5 0.06371244044460206 
0.0024330416790064573 -4.241858654140572e-5 0.05777326567013516 
0.0041881394419541465 -3.282572403216667e-5 0.043792558783592825 
0.005369931886173372 -1.785973857233022e-5 0.023589087100457158 
0.0057862843618914075 -9.396369522590974e-13 3.8265533289005035e-12 
0.00536993188632741 1.7859736948425023e-5 -0.02358908709324126 
0.0041881394422294636 3.282572308221402e-5 -0.043792558777578476 
0.002433041679361204 4.241858646425763e-5 -0.057773265665826926 
0.0003942261840639557 4.492061940848453e-5 -0.06371244044216967 
-0.0015819702620521023 3.959975099169384e-5 -0.061135267191777413 
-0.00313970702295098 2.6781264510508725e-5 -0.051049993367181044 
-0.003959324533553076 7.827391166497795e-6 -0.035889738969923694 
-0.00379314154676277 -1.4454331066817613e-5 -0.01928046908539023 
-0.0024857261966856584 -3.161479320518015e-5 -0.005688725960300795 
-0.001333188521427162 6.421053661755098e-5 0.001578254226142281 
-0.0032431818932836727 3.001568586324083e-5 0.011809438997081917 
-0.003969999359326082 3.6772300053092907e-6 0.02750300815575668 
-0.0036253084906986348 -1.8249390378453638e-5 0.04390302572396254 
-0.0024116298339720084 -3.4575349899244846e-5 0.05691198038320752 
-0.0006148487540216509 -4.3817864803805896e-5 0.0634620555798777 
0.0014237019546539346 -4.518632851830124e-5 0.061813431030369445 
0.003348802443465567 -3.8889995494084294e-5 0.05170429651663592 
0.004838578636807316 -2.6183748367272255e-5 0.03431116417236605 
0.005649140667237376 -9.22427800628759e-6 0.012013082808921539 
0.005649140667316168 9.224276191746984e-6 -0.012013082801379176 
0.004838578637026955 2.6183747038723815e-5 -0.03431116416566998 
0.0033488024437856438 3.8889994975153266e-5 -0.05170429651143069 
0.0014237019550264796 4.518632885426888e-5 -0.06181343102700405 
-0.0006148487536725233 4.381786574393107e-5 -0.06346205557832081 
-0.0024116298337275707 3.457535110143025e-5 -0.05691198038303722 
-0.0036253084905857698 1.8249391504334944e-5 -0.04390302572450003 
-0.003969999359314059 -3.677229207766403e-6 -0.027503008156393453 
-0.0032431818933225135 -3.001568549334649e-5 -0.011809438997449696 
-0.001333188521454273 -6.421053657297843e-5 -0.0015782542261998656 
0.0 0.0 0.0 
0.0 0.0 0.0 
0.0 0.0 0.0 
0.0 0.0 0.0 
0.0 0.0 0.0 
0.0 0.0 0.0 
0.0 0.0 0.0 
0.0 0.0 0.0 
0.0 0.0 0.0 
0.0 0.0 0.0 
0.0 0.0 0.0 
0.0 0.0 0.0 
0.0 0.0 0.0 
0.0 0.0 0.0 
0.0 0.0 0.0 
0.0 0.0 0.0 
0.0 0.0 0.0 
0.0 0.0 0.0 
2.93431912424844e-14 1.5335014926787383e-13 0.005647343842169135 
3.945301930857239e-14 5.021344937217363e-13 0.019262247744445102 
3.143615393360048e-14 8.596992295755815e-13 0.035899487516022094 
9.23767186163149e-15 1.0641669033704356e-12 0.051082958286873606 
-2.130883248846039e-14 1.0004808731636573e-12 0.061183815069646603 
-4.695668719030518e-14 6.527877917307737e-13 0.06376741585625424 
-6.240371675401374e-14 9.432096908070164e-14 0.057825136020603574 
-5.0925245367186695e-14 -4.8634599205063e-13 0.04383268208695122 
-2.2320332837870792e-14 -8.603832826867603e-13 0.023610912945776937 
7.705334501879774e-15 -9.360415484100339e-13 3.8283839118260014e-12 
2.7421238610870752e-14 -7.580251500158037e-13 -0.023610912938557244 
3.1779793125662466e-14 -4.587314085482437e-13 -0.0438326820809358 
2.4988399359978177e-14 -1.7316634281630925e-13 -0.05782513601629228 
1.3348817097141614e-14 1.9453037275284676e-14 -0.06376741585381922 
3.873602215564434e-15 1.042804615598899e-13 -0.06118381506885652 
1.4009257480649321e-16 1.2601700464949575e-13 -0.05108295828714196 
-2.9594174407985354e-15 1.1562377281774638e-13 -0.03589948751666945 
-5.072654340557616e-15 7.766358960816637e-14 -0.019262247744974 
-5.143718181030119e-15 2.7180437627351317e-14 -0.005647343842363431 
0.0012290335250877927 1.623918264206639e-5 0.0056586881359365964 
1.5456779105685517e-14 4.070946479778843e-14 0.0015040044951146927 
0.0006563712874665632 3.185493791814074e-5 0.0015218312800127423 
-0.0012290335250289511 -1.6239182335948188e-5 0.005658688135935717 
-0.0006563712874357276 -3.185493783760745e-5 0.0015218312800111614 
0.0018793356669739674 7.370575094703588e-6 0.019267119836541908 
3.5216326352473155e-14 3.153483809975637e-13 0.011774325603385245 
0.0016158502812431907 1.4869929999153237e-5 0.011782804123049311 
-0.001879335666894999 -7.3705740904535785e-6 0.019267119836541932 
-0.001615850281172734 -1.4869929368733414e-5 0.011782804123048813 
0.0019641085420687944 -3.95933898323918e-6 0.035897002810379365 
3.615686263271471e-14 6.909856918397941e-13 0.02749837147932088 
0.001980459313394749 1.8596667828721824e-6 0.02749954996932226 
-0.00196410854200585 3.9593407029681874e-6 0.03589700281038018 
-0.001980459313322397 -1.8596654006730355e-6 0.027499549969322773 
0.0015581255708708702 -1.351698167259494e-5 0.051074529772208416 
2.087903108855731e-14 9.895960602777511e-13 0.04392421740897425 
0.0018090459979722869 -9.026866731846092e-6 0.04391907491111857 
-0.0015581255708523739 1.3516983801654897e-5 0.051074529772209595 
-0.001809045997930514 9.026868711786716e-6 0.04391907491111975 
0.0007843260002744988 -1.9960551407198197e-5 0.06117143524069518 
-6.00616822653457e-15 1.0706055117008303e-12 0.05695250995304975 
0.0012034005857789977 -1.71507231164516e-5 0.05694259857777765 
-0.0007843260003171673 1.996055340911735e-5 0.06117143524069655 
-0.0012034005857909764 1.7150725258627128e-5 0.05694259857777914 
-0.00019811928439038108 -2.262841088425922e-5 0.06375341718307444 
-3.4457891922537747e-14 8.585344104346267e-13 0.06351356360528833 
0.0003064282392591738 -2.175515767316417e-5 0.06350093534337611 
0.0001981192842964631 2.2628412190272207e-5 0.06375341718307506 
-0.000306428239328102 2.1755159391134607e-5 0.06350093534337742 
-0.001212025720788839 -2.1361424779762045e-5 0.05781193770185542 
-5.546369638052216e-14 3.9318350052782383e-13 0.06186661064225776 
-0.0007113698804192531 -2.2443489128225107e-5 0.06185355797571102 
0.001212025720663976 2.136142496846536e-5 0.057811937701855644 
0.0007113698803082387 2.2443489914992575e-5 0.06185355797571186 
-0.0020849754274465566 -1.6527987565526514e-5 0.043822476639148004 
-5.772896739846825e-14 -2.1038714387877026e-13 0.051750092184685514 
-0.0016725806223758489 -1.9319924919884693e-5 0.05173884571694402 
0.0020849754273446217 1.6527986592260402e-5 0.04382247663914706 
0.0016725806222603326 1.931992449874492e-5 0.05173884571694326 
-0.0026728204688121378 -8.991826502480655e-6 0.02360536250712705 
-3.699408781927974e-14 -7.093995825994068e-13 0.03434200612274418 
-0.0024164533720598337 -1.3008925515893375e-5 0.034334429907176396 
0.002672820468767502 8.99182478090902e-6 0.023605362507125412 
0.0024164533719858304 1.3008924096209286e-5 0.03433442990717489 
-0.002879928549915878 -9.378055207544921e-13 3.828328067489455e-12 
-7.119505333777954e-15 -9.358974345321351e-13 0.01202394943001836 
-0.0028211874681280725 -4.583105021463797e-6 0.012021279774458759 
0.002879928549931325 -9.350770361031046e-13 3.826956173253574e-12 
0.002821187468113828 4.583103148664458e-6 0.012021279774457138 
-0.002672820468863688 8.991824880816238e-6 -0.02360536249990747 
1.8214080231441947e-14 -8.719065936690806e-13 -0.012023949422472537 
-0.002821187468154841 4.5831032101295425e-6 -0.012021279766912881 
0.0026728204689185726 -8.991826397251527e-6 -0.023605362499908234 
0.0028211874681913066 -4.58310495456218e-6 -0.012021279766913908 
-0.002084975427542195 1.6527986619114406e-5 -0.0438224766331326 
3.02035518627025e-14 -6.140515094128938e-13 -0.03434200611604551 
-0.002416453372135908 1.3008924190003103e-5 -0.034334429900477845 
0.002084975427605813 -1.652798753670646e-5 -0.04382247663313286 
0.002416453372196342 -1.3008925418257876e-5 -0.03433442990047806 
-0.0012120257209216982 2.136142469960726e-5 -0.057811937697544606 
2.8708776707721365e-14 -3.0751010705063316e-13 -0.05175009217947719 
-0.0016725806224929826 1.931992440044644e-5 -0.05173884571173617 
0.001212025720971665 -2.1361425045658996e-5 -0.05781193769754418 
0.0016725806225504397 -1.9319925015317767e-5 -0.051738845711735634 
-0.00019811928454665617 2.2628411555901325e-5 -0.06375341718063986 
1.9276617184920552e-14 -6.254327983446718e-14 -0.061866610638888306 
-0.0007113698805682988 2.2443489457705454e-5 -0.06185355797234234 
0.0001981192845733039 -2.2628411516589133e-5 -0.06375341718063915 
0.0007113698806068546 -2.2443489582276756e-5 -0.061853557972341607 
0.0007843260001334654 1.9960552511756472e-5 -0.06117143523990481 
8.212173509106106e-15 7.368933146212444e-14 -0.06351356360372931 
0.00030642823910565897 2.175515860518146e-5 -0.06350093534181744 
-0.0007843260001257076 -1.9960552302810242e-5 -0.061171435239904835 
-0.0003064282390892173 -2.175515845768005e-5 -0.06350093534181701 
0.0015581255707767735 1.3516982862161171e-5 -0.051074529772476465 
1.9158224817127756e-15 1.1990555122490593e-13 -0.056952509952876956 
0.0012034005856601119 1.7150724306476907e-5 -0.056942598577604676 
-0.0015581255707765066 -1.3516982609849221e-5 -0.0510745297724762 
-0.0012034005856563156 -1.7150724066522495e-5 -0.05694259857760448 
0.0019641085420221594 3.959339957336025e-6 -0.035897002811026285 
-1.340934809262345e-15 1.2479659798645664e-13 -0.043924217409508505 
0.0018090459979038934 9.026867844926008e-6 -0.04391907491165257 
-0.0019641085420280613 -3.959339726013591e-6 -0.035897002811026216 
-0.001809045997906584 -9.026867595327955e-6 -0.04391907491165249 
0.0018793356669612679 -7.37057451587016e-6 -0.019267119837070325 
-4.110021883904397e-15 9.932918097362452e-14 -0.0274983714799555 
0.001980459313367922 -1.8596659936962329e-6 -0.027499549969956617 
-0.0018793356669714449 7.370574671254002e-6 -0.019267119837070388 
-0.0019804593133761323 1.8596661924531064e-6 -0.027499549969956526 
0.0012290335250901689 -1.6239182462811256e-5 -0.005658688136130556 
-5.270427414077754e-15 5.2694167778891686e-14 -0.01177432560375187 
0.001615850281241672 -1.4869929632278376e-5 -0.011782804123415631 
-0.0012290335251004983 1.623918251709673e-5 -0.005658688136130665 
-0.001615850281252234 1.4869929737677905e-5 -0.011782804123415596 
-2.8116260327034616e-15 7.451125106705679e-15 -0.0015040044951713778 
0.0006563712874703812 -3.185493787182419e-5 -0.0015218312800690038 
-0.0006563712874759917 3.1854937886574925e-5 -0.0015218312800692896 
-2.908600562923214e-14 1.5335868941330568e-13 0.005647343842170041 
-3.8938666259859545e-14 5.021395451303154e-13 0.019262247744446927 
-3.082662992957859e-14 8.595649857413066e-13 0.03589948751602396 
-8.519184338745534e-15 1.0642544489648368e-12 0.051082958286875965 
2.2102907122284446e-14 1.0006387932099472e-12 0.06118381506964778 
4.780663165031857e-14 6.528904915461393e-13 0.06376741585625545 
6.334786858294382e-14 9.430316197327533e-14 0.05782513602060429 
5.2013581462838946e-14 -4.86390618848812e-13 0.043832682086950826 
2.3214783737686053e-14 -8.603213575278123e-13 0.023610912945775556 
-6.983042520786716e-15 -9.360270277292215e-13 3.827982617972519e-12 
-2.6943237996183037e-14 -7.580068704665488e-13 -0.02361091293855703 
-3.1551633836745164e-14 -4.587947146565268e-13 -0.043832682080934625 
-2.487166285612157e-14 -1.7315253321457778e-13 -0.05782513601629422 
-1.350364365009901e-14 1.9397871569978724e-14 -0.0637674158538233 
-4.3677042815622045e-15 1.0441568661578622e-13 -0.061183815068862016 
-7.141835579842377e-16 1.261388925176915e-13 -0.05108295828714924 
2.3207177458629554e-15 1.1576499415380523e-13 -0.035899487516675876 
4.5745570388120414e-15 7.764912588433233e-14 -0.019262247744978426 
4.8588610996233505e-15 2.7173896248665648e-14 -0.0056473438423655115 
-1.532415925618611e-14 4.069967088463261e-14 0.0015040044951150694 
0.00122903352502908 -1.623918233485166e-5 0.005658688135936607 
0.0006563712874357524 -3.1854937837170136e-5 0.001521831280011545 
-0.001229033525087405 1.623918264094909e-5 0.0056586881359375315 
-0.0006563712874663276 3.1854937917691934e-5 0.0015218312800131088 
-3.481545504128112e-14 3.153210525253305e-13 0.01177432560338674 
0.0018793356668954841 -7.370574088252995e-6 0.01926711983654369 
0.0016158502811730252 -1.4869929366985763e-5 0.011782804123050281 
-0.0018793356669734285 7.37057509243701e-6 0.019267119836543826 
-0.0016158502812426965 1.4869929997377276e-5 0.011782804123050777 
-3.559731268030762e-14 6.909408469958572e-13 0.027498371479322783 
0.0019641085420065074 3.9593407053340055e-6 0.035897002810382155 
0.0019804593133229405 -1.8596653983675217e-6 0.027499549969324646 
-0.0019641085420681725 -3.959338985611103e-6 0.03589700281038141 
-0.0019804593133941756 1.8596667805684493e-6 0.02749954996932421 
-2.020697777062914e-14 9.89584358449779e-13 0.04392421740897628 
0.0015581255708530322 1.3516983804772528e-5 0.05107452977221229 
0.0018090459979310937 9.026868714258592e-6 0.04391907491112179 
-0.0015581255708700921 -1.3516981675727002e-5 0.051074529772211254 
-0.0018090459979715383 -9.02686673429987e-6 0.04391907491112056 
6.6831360937351584e-15 1.0705395163459392e-12 0.056952509953051934 
0.0007843260003179944 1.9960553410719837e-5 0.06117143524069795 
0.0012034005857918487 1.71507252611986e-5 0.05694259857778126 
-0.0007843260002738094 -1.9960551408749392e-5 0.061171435240696286 
-0.001203400585778466 -1.715072311905571e-5 0.056942598577779696 
3.519160860759511e-14 8.58572268710961e-13 0.06351356360528962 
-0.0001981192842956024 2.262841219188766e-5 0.0637534171830767 
0.00030642823932886627 2.175515939265622e-5 0.06350093534337876 
0.000198119284391242 -2.26284108856672e-5 0.0637534171830753 
-0.00030642823925842517 -2.175515767474841e-5 0.06350093534337756 
5.653317487103429e-14 3.931275716431418e-13 0.06186661064225888 
-0.0012120257206627598 2.136142496912956e-5 0.0578119377018562 
-0.0007113698803071491 2.2443489916399328e-5 0.061853557975713014 
0.001212025720789615 -2.1361424780353058e-5 0.05781193770185608 
0.0007113698804201963 -2.244348912966317e-5 0.061853557975712306 
5.879026972265522e-14 -2.103836187857025e-13 0.05175009218468516 
-0.0020849754273435258 1.6527986591728855e-5 0.04382247663914657 
-0.0016725806222591803 1.9319924498424215e-5 0.05173884571694303 
0.002084975427447595 -1.6527987565001106e-5 0.04382247663914765 
0.001672580622376801 -1.9319924919546726e-5 0.05173884571694362 
3.793348351663339e-14 -7.093372213733769e-13 0.034342006122743275 
-0.002672820468766625 8.991824779345504e-6 0.02360536250712409 
-0.0024164533719847744 1.3008924095100576e-5 0.03433442990717401 
0.0026728204688130407 -8.9918265009642e-6 0.023605362507125593 
0.002416453372060688 -1.3008925514786081e-5 0.03433442990717556 
7.955285877219587e-15 -9.359381546834315e-13 0.012023949430017581 
-0.0028799285499306894 -9.354865820529904e-13 3.82660944969547e-12 
-0.0028211874681131175 4.583103147699026e-6 0.012021279774456373 
0.0028799285499166907 -9.374336069982164e-13 3.828007658889616e-12 
0.002821187468129011 -4.583105020485047e-6 0.012021279774457962 
-1.7613539859567572e-14 -8.719017239601496e-13 -0.012023949422472499 
-0.0026728204689181376 -8.99182639699937e-6 -0.02360536249990802 
-0.0028211874681907524 -4.583104954524471e-6 -0.012021279766913931 
0.002672820468864184 8.991824880567063e-6 -0.02360536249990725 
0.0028211874681555015 4.583103210114256e-6 -0.012021279766912848 
-2.9856828754511006e-14 -6.139917647463124e-13 -0.034342006116045064 
-0.0020849754276054404 -1.6527987535587907e-5 -0.043822476633131796 
-0.002416453372196096 -1.300892541754361e-5 -0.034334429900477574 
0.002084975427542276 1.6527986617992616e-5 -0.04382247663313146 
0.0024164533721363567 1.3008924189302139e-5 -0.03433442990047722 
-2.854109403219933e-14 -3.0753223873940623e-13 -0.051750092179477784 
-0.001212025720971103 -2.1361425048253018e-5 -0.057811937697546244 
-0.0016725806225499215 -1.9319925015967794e-5 -0.05173884571173631 
0.0012120257209213509 2.1361424702316773e-5 -0.0578119376975467 
0.0016725806224928163 1.9319924401127282e-5 -0.0517388457117368 
-1.928085323049096e-14 -6.244428681715238e-14 -0.06186661063889247 
-0.0001981192845735584 -2.2628411521333382e-5 -0.06375341718064319 
-0.0007113698806066859 -2.2443489587153264e-5 -0.06185355797234567 
0.00019811928454655797 2.2628411560681437e-5 -0.06375341718064338 
0.0007113698805681005 2.2443489462539623e-5 -0.061853557972346346 
-8.656856290025355e-15 7.362974122416914e-14 -0.06351356360373377 
0.0007843260001255733 -1.9960552309320798e-5 -0.06117143523991004 
0.0003064282390889697 -2.1755158462925206e-5 -0.06350093534182141 
-0.0007843260001342742 1.9960552518251473e-5 -0.061171435239910386 
-0.0003064282391062304 2.1755158610437827e-5 -0.06350093534182179 
-2.3856600728189177e-15 1.1998390252425603e-13 -0.056952509952883944 
0.0015581255707759734 -1.3516982618914962e-5 -0.05107452977248346 
0.0012034005856560483 -1.7150724074829165e-5 -0.05694259857761152 
-0.001558125570777403 1.351698287110873e-5 -0.05107452977248375 
-0.0012034005856608417 1.7150724314799348e-5 -0.05694259857761177 
7.276988363123203e-16 1.2469484305053641e-13 -0.0439242174095161 
0.0019641085420272126 -3.959339733885701e-6 -0.03589700281103274 
0.0018090459979058665 -9.026867604433612e-6 -0.04391907491166013 
-0.001964108542022553 3.9593399652298665e-6 -0.035897002811032766 
-0.0018090459979044136 9.026867853961017e-6 -0.04391907491166026 
3.5147258967601808e-15 9.93323063080924e-14 -0.027498371479961294 
0.001879335666970644 7.3705746658677345e-6 -0.019267119837074714 
0.0019804593133753265 1.8596661855743284e-6 -0.027499549969962254 
-0.001879335666961506 -7.370574510431127e-6 -0.019267119837074843 
-0.0019804593133682996 -1.8596659868555042e-6 -0.027499549969962424 
4.882427606934399e-15 5.2703798151132866e-14 -0.011774325603755267 
0.0012290335250999382 1.6239182514469756e-5 -0.005658688136132734 
0.0016158502812515887 1.4869929733653975e-5 -0.011782804123418977 
-0.0012290335250901762 -1.6239182460183662e-5 -0.005658688136132638 
-0.0016158502812418287 -1.486992962824705e-5 -0.011782804123419002 
2.6769835630090438e-15 7.445210598930835e-15 -0.001504004495172309 
0.0006563712874756051 3.185493788547154e-5 -0.0015218312800702033 
-0.0006563712874702628 -3.185493787073754e-5 -0.0015218312800699418 
0.0024901575437980094 1.531972327997441e-13 0.005695131764412508 
0.0037951927699585086 5.042879746126856e-13 0.01928343516210476 
0.003960450872208942 8.63139321836559e-13 0.03588814115233354 
0.003140431511666732 1.0691873585868455e-12 0.05104448003107384 
0.0015823644826384103 1.0041494448254331e-12 0.061127098380649066 
-0.00039417116239583833 6.555966938447725e-13 0.06370316632018475 
-0.0024333133916851187 9.505088541407305e-14 0.05776450469775265 
-0.004188684181920324 -4.882999635117327e-13 0.04378577776851253 
-0.005370657837955935 -8.64103498969007e-13 0.02358539736107391 
-0.005787073769065373 -9.383173275930453e-13 3.8248855409026455e-12 
-0.005370657838160404 -7.587944272025426e-13 -0.023585397353860484 
-0.004188684182279709 -4.578296006104092e-13 -0.04378577776250058 
-0.0024333133921289824 -1.7516711714716318e-13 -0.0577645046934434 
-0.0003941711628325513 1.5551133506196065e-14 -0.06370316631774917 
0.0015823644823035172 9.818917883381476e-14 -0.061127098379856526 
0.0031404315114968396 1.174031026398711e-13 -0.05104448003133943 
0.00396045087218552 1.0788690382199642e-13 -0.035888141152979294 
0.003795192770024049 7.234359846353688e-14 -0.019283435162633256 
0.002490157543873915 2.444351458405701e-14 -0.005695131764608058 
0.0013310659770505854 3.890517738981748e-14 0.0015917489052728246 
0.002489294604573732 1.600337680562569e-5 0.005693502891003842 
0.0013314907264228115 3.199659244340468e-5 0.001588392558761186 
0.003243341280721222 3.1640084332673786e-13 0.011815741177552111 
0.003794810422530495 7.323062672708328e-6 0.01928268471331175 
0.003243273624743874 1.4929216525399573e-5 0.011814174344383492 
0.003970782236190672 6.939252548985028e-13 0.027503753358142164 
0.003960234666866574 -3.889794991834797e-6 0.03588854334528525 
0.003970601755441308 1.815643106881543e-6 0.02750356608752401 
0.0036260637917186135 9.937700494823472e-13 0.04389916905921026 
0.0031402863849379022 -1.3393322578088304e-5 0.05104586602491008 
0.0036258994373106227 -9.125461439388906e-6 0.04390012771987337 
0.002412153851218176 1.0753758174985137e-12 0.05690470375239623 
0.001582283806188893 -1.9810708858626286e-5 0.061129150312486114 
0.0024120419126672944 -1.7281336299546915e-5 0.056906515159821695 
0.0006150676293421792 8.6198343986775e-13 0.06345284496300868 
-0.00039418261470083003 -2.2472973870357307e-5 0.06370549501921009 
0.0006150212004722161 -2.190052645837316e-5 0.06345513891757192 
-0.0014238045213344128 3.956999010901914e-13 0.061803937587510877 
-0.0024332573963744618 -2.1220977341247022e-5 0.057766704138137656 
-0.0014237827062678913 -2.2584770148309234e-5 0.06180630248453116 
-0.0033491967057392067 -2.1161276709169907e-13 0.051696127906432805 
-0.004188571680950432 -1.6421734676558885e-5 0.04378747998078979 
-0.003349113109553721 -1.9437955477274236e-5 0.0516981629882789 
-0.004839193950220853 -7.126262622151336e-13 0.03430566510273546 
-0.005370507814160935 -8.934647170260783e-6 0.023586323540431615 
-0.00483906355768197 -1.3087202073141537e-5 0.03430703518138078 
-0.005649875027013396 -9.391467563219256e-13 0.012011145640276642 
-0.005786910604753483 -9.39413512859382e-13 3.825760755236663e-12 
-0.00564971943438248 -4.6105040773251925e-6 0.012011628291320645 
-0.005649875027117917 -8.733568492699186e-13 -0.012011145632737488 
-0.005370507814340522 8.934645545436208e-6 -0.023586323533216658 
-0.005649719434474278 4.610502262670479e-6 -0.012011628283779715 
-0.0048391939505086036 -6.137408456559243e-13 -0.034305665096041785 
-0.004188571681268412 1.6421733729094047e-5 -0.043787479974777194 
-0.004839063557935889 1.3087200745154954e-5 -0.03430703517468591 
-0.0033491967061472895 -3.076274439066627e-13 -0.051696127901227476 
-0.0024332573967746265 2.1220977260674067e-5 -0.057766704133828214 
-0.0033491131099183786 1.9437954957149162e-5 -0.051698162983073254 
-0.0014238045217833757 -6.637604772022238e-14 -0.06180393758414281 
-0.0003941826151071604 2.2472974542123362e-5 -0.06370549501677478 
-0.0014237827066792112 2.2584770477626987e-5 -0.0618063024811631 
0.0006150676289484764 6.900761913358797e-14 -0.06345284496144818 
0.0015822838058668857 1.9810709962519355e-5 -0.06112915031169347 
0.0006150212001001247 2.190052739040771e-5 -0.06345513891601176 
0.002412153850963881 1.1183339352512835e-13 -0.056904703752220856 
0.0031402863847638314 1.3393323766461648e-5 -0.05104586602517532 
0.0024120419124172197 1.7281337488484187e-5 -0.05690651515964618 
0.0036260637916261185 1.158122718300646e-13 -0.043899169059742955 
0.003960234666826395 3.889795964135318e-6 -0.035888543345930446 
0.0036258994372073156 9.125462550473177e-6 -0.04390012772040545 
0.00397078223621739 9.261740357660391e-14 -0.02750375335877596 
0.0037948104225741857 -7.3230620954665335e-6 -0.019282684713839548 
0.003970601755448203 -1.8156423193867554e-6 -0.02750356608815727 
0.003243341280799512 4.8689433575029914e-14 -0.011815741177919397 
0.002489294604632628 -1.6003376628111764e-5 -0.005693502891198594 
0.0032432736248021224 -1.4929216160207896e-5 -0.011814174344750057 
0.00133106597709557 5.959765981690386e-15 -0.0015917489053324614 
0.0013314907264587882 -3.199659239944328e-5 -0.0015883925588195966 
0.0024892946045446283 -1.600337649915005e-5 0.005693502891003456 
0.001331490726407394 -3.199659236540458e-5 0.0015883925587597135 
0.0037948104224915 -7.323061664153969e-6 0.01928268471331262 
0.0032432736247087696 -1.4929215892546579e-5 0.011814174344383723 
0.003960234666835613 3.889796717987282e-6 0.03588854334528702 
0.0039706017554053865 -1.8156417190729508e-6 0.027503566087525452 
0.003140286384929095 1.3393324716317723e-5 0.05104586602491278 
0.0036258994372900238 9.125463426774772e-6 0.04390012771987557 
0.0015822838062105925 1.9810710866777167e-5 0.06112915031248824 
0.00241204191267371 1.7281338450140658e-5 0.05690651515982433 
-0.0003941826146535703 2.2472975181421604e-5 0.06370549501921172 
0.0006150212005070667 2.190052818217942e-5 0.06345513891757396 
-0.0024332573963117632 2.1220977531362466e-5 0.05776670413813812 
-0.0014237827062118273 2.2584770939647214e-5 0.061806302484532616 
-0.004188571680899134 1.6421733700059984e-5 0.04378747998078856 
-0.0033491131094953762 1.943795505410333e-5 0.05169816298827815 
-0.0053705078141382 8.93464544222732e-6 0.023586323540429343 
-0.0048390635576444335 1.3087200648055698e-5 0.03430703518137877 
-0.005786910604760755 -9.370925481495688e-13 3.824242116410646e-12 
-0.005649719434375004 4.610502199190538e-6 0.012011628291318624 
-0.005370507814367547 -8.934647062948698e-6 -0.023586323533217282 
-0.005649719434492238 -4.6105040092852195e-6 -0.012011628283780747 
-0.00418857168129989 -1.6421734644775627e-5 -0.04378747997477677 
-0.00483906355796599 -1.3087201972615714e-5 -0.0343070351746859 
-0.002433257396799282 -2.122097761105898e-5 -0.05776670413382887 
-0.0033491131099468593 -1.943795557242187e-5 -0.05169816298307314 
-0.0003941826151206289 -2.2472974511076975e-5 -0.06370549501677611 
-0.0014237827066984057 -2.258477061044075e-5 -0.06180630248116454 
0.0015822838058628529 -1.9810709766108464e-5 -0.06112915031169598 
0.0006150212000917699 -2.190052725246876e-5 -0.06345513891601351 
0.003140286384763408 -1.3393323531689341e-5 -0.05104586602517884 
0.0024120419124152017 -1.7281337264864046e-5 -0.05690651515964947 
0.003960234666828921 -3.8897957483688615e-6 -0.03588854334593368 
0.0036258994372083022 -9.125462318888938e-6 -0.04390012772040913 
0.003794810422578853 7.323062240170246e-6 -0.01928268471384174 
0.003970601755451906 1.815642504618492e-6 -0.027503566088160014 
0.002489294604637455 1.60033766769942e-5 -0.0056935028911997195 
0.0032432736248070838 1.4929216257571184e-5 -0.011814174344751727 
0.0013314907264614035 3.1996592411394656e-5 -0.0015883925588203475 
-0.00249015754379775 1.5099292802687166e-13 0.005695131764412526 
-0.0037951927699580077 4.998792145188978e-13 0.019283435162104873 
-0.003960450872208273 8.583494672648497e-13 0.03588814115233361 
-0.0031404315116660385 1.0627114430240311e-12 0.0510444800310739 
-0.0015823644826377305 1.001030174211804e-12 0.06112709838064895 
0.0003941711623967129 6.527178117388376e-13 0.06370316632018429 
0.002433313391686235 9.389858614709239e-14 0.05776450469775274 
0.004188684181921349 -4.872718991909832e-13 0.04378577776851264 
0.005370657837956821 -8.609322383805189e-13 0.023585397361073797 
0.0057870737690661036 -9.375814597031139e-13 3.824906864594973e-12 
0.005370657838160879 -7.592582899938303e-13 -0.023585397353860484 
0.0041886841822799965 -4.601272547142501e-13 -0.0437857777625005 
0.002433313392129063 -1.6986481343459514e-13 -0.05776450469344341 
0.00039417116283234696 2.4938389189219025e-14 -0.06370316631774918 
-0.001582364482303978 1.1115300118765775e-13 -0.061127098379856915 
-0.0031404315114974117 1.3526057045373253e-13 -0.05104448003133948 
-0.003960450872186121 1.236155691789005e-13 -0.035888141152979426 
-0.003795192770024577 8.31503273815629e-14 -0.019283435162633374 
-0.0024901575438741803 2.9659434404713536e-14 -0.00569513176460806 
-0.0024892946045444292 -1.600337650135737e-5 0.005693502891003026 
-0.0013310659770504577 3.801630133094532e-14 0.001591748905272811 
-0.0013314907264073178 -3.199659236628917e-5 0.0015883925587595125 
-0.003794810422491012 -7.323061668547247e-6 0.019282684713311814 
-0.0032433412807208375 3.128532877166644e-13 0.01181574117755211 
-0.0032432736247084387 -1.4929215896083851e-5 0.011814174344382969 
-0.003960234666834956 3.889796713282829e-6 0.035888543345286066 
-0.003970782236190107 6.893235668596738e-13 0.027503753358142213 
-0.003970601755404827 -1.8156417237016765e-6 0.02750356608752454 
-0.003140286384928419 1.3393324709822182e-5 0.05104586602491137 
-0.003626063791717948 9.88821211683541e-13 0.04389916905921026 
-0.003625899437289392 9.125463421880954e-6 0.043900127719874546 
-0.0015822838062098624 1.9810710863769103e-5 0.06112915031248742 
-0.002412153851217417 1.0702422417998867e-12 0.056904703752396216 
-0.0024120419126728893 1.728133844501188e-5 0.05690651515982327 
0.0003941826146544475 2.2472975178552443e-5 0.0637054950192105 
-0.0006150676293413635 8.587287894821694e-13 0.06345284496300868 
-0.0006150212005062459 2.190052817898258e-5 0.06345513891757328 
0.002433257396312974 2.1220977530241276e-5 0.05776670413813792 
0.0014238045213353227 3.9283351984326965e-13 0.061803937587510994 
0.0014237827062127731 2.2584770936805144e-5 0.06180630248453208 
0.004188571680900168 1.642173370109706e-5 0.04378747998078887 
0.0033491967057402375 -2.1096234669817705e-13 0.05169612790643269 
0.0033491131094964643 1.943795505481008e-5 0.05169816298827816 
0.00537050781413908 8.93464544538477e-6 0.02358632354042992 
0.004839193950221846 -7.104656027530129e-13 0.034305665102735486 
0.004839063557645473 1.308720065022715e-5 0.03430703518137928 
0.005786910604761428 -9.363355926399193e-13 3.8244383131891994e-12 
0.005649875027014192 -9.372052994758576e-13 0.012011145640276635 
0.00564971943437575 4.6105022011175665e-6 0.012011628291319002 
0.00537050781436798 -8.934647063405874e-6 -0.023586323533217293 
0.005649875027118519 -8.734064642780596e-13 -0.012011145632737467 
0.005649719434492824 -4.6105040093382505e-6 -0.012011628283780728 
0.004188571681300237 -1.6421734647064124e-5 -0.04378747997477715 
0.004839193950508938 -6.150826657856495e-13 -0.034305665096041715 
0.004839063557966285 -1.3087201974001399e-5 -0.0343070351746861 
0.0024332573967995813 -2.1220977605790943e-5 -0.05776670413382784 
0.0033491967061474804 -3.0616167949101087e-13 -0.05169612790122752 
0.00334911310994721 -1.9437955570971804e-5 -0.051698162983072775 
0.00039418261512038955 -2.2472974501614455e-5 -0.06370549501677417 
0.001423804521783339 -5.67654953048881e-14 -0.06180393758414267 
0.0014237827066984586 -2.2584770600886707e-5 -0.06180630248116237 
-0.0015822838058631588 -1.9810709753020775e-5 -0.06112915031169366 
-0.0006150676289488006 7.948922023815858e-14 -0.0634528449614481 
-0.0006150212000920153 -2.1900527241970617e-5 -0.06345513891601118 
-0.0031402863847639563 -1.3393323513739859e-5 -0.051045866025175184 
-0.002412153850964428 1.2869716217580881e-13 -0.0569047037522208 
-0.002412041912415631 -1.728133724804127e-5 -0.056906515159646016 
-0.003960234666829629 -3.889795732598331e-6 -0.0358885433459305 
-0.0036260637916267343 1.3401922243595131e-13 -0.04389916905974294 
-0.0036258994372089723 -9.125462300707645e-6 -0.04390012772040534 
-0.003794810422579506 7.323062250973996e-6 -0.019282684713839624 
-0.0039707822362179705 1.0637445092478077e-13 -0.027503753358776008 
-0.003970601755452597 1.8156425183733227e-6 -0.02750356608815719 
-0.002489294604637849 1.6003376682225477e-5 -0.0056935028911986795 
-0.0032433412807999326 5.676850639284656e-14 -0.011815741177919396 
-0.003243273624807627 1.4929216265645604e-5 -0.011814174344750048 
-0.0013310659770957114 8.155123027195185e-15 -0.001591748905332487 
-0.0013314907264616674 3.199659241359264e-5 -0.0015883925588199134 
-0.002489294604573402 1.6003376803417467e-5 0.005693502891004327 
-0.0013314907264226324 3.199659244251093e-5 0.0015883925587613559 
-0.0037948104225299798 7.323062668286086e-6 0.01928268471331275 
-0.0032432736247434415 1.4929216521848166e-5 0.011814174344384221 
-0.003960234666865907 -3.88979499664275e-6 0.03588854334528634 
-0.003970601755440738 1.815643102290394e-6 0.027503566087525005 
-0.0031402863849372 -1.3393322584571961e-5 0.05104586602491161 
-0.0036258994373099232 -9.125461444331201e-6 0.04390012771987432 
-0.0015822838061882577 -1.9810708861810896e-5 0.06112915031248662 
-0.002412041912666605 -1.7281336304704075e-5 0.05690651515982275 
0.00039418261470170347 -2.2472973873266705e-5 0.06370549501921019 
-0.0006150212004714089 -2.190052646167606e-5 0.06345513891757268 
0.0024332573963754636 -2.1220977342405716e-5 0.057766704138138086 
0.0014237827062687674 -2.258477015124822e-5 0.06180630248453187 
0.004188571680951438 -1.6421734675474273e-5 0.04378747998078969 
0.0033491131095547094 -1.943795547663708e-5 0.0516981629882787 
0.005370507814161833 -8.934647167109146e-6 0.023586323540430793 
0.004839063557682912 -1.3087202071017983e-5 0.03430703518138036 
0.00578691060475425 -9.386760618230298e-13 3.825615808895765e-12 
0.0056497194343833315 -4.610504075369908e-6 0.012011628291320221 
0.005370507814341002 8.934645544944615e-6 -0.023586323533216543 
0.005649719434474906 4.6105022626740494e-6 -0.012011628283779649 
0.004188571681268634 1.6421733726805405e-5 -0.043787479974776625 
0.00483906355793627 1.3087200743854453e-5 -0.034307035174685516 
0.0024332573967745 2.1220977265924113e-5 -0.05776670413382936 
0.0033491131099183994 1.943795495861943e-5 -0.05169816298307361 
0.0003941826151069926 2.2472974551325785e-5 -0.0637054950167764 
0.001423782706679074 2.2584770487316214e-5 -0.061806302481165046 
-0.0015822838058675009 1.9810709975352148e-5 -0.061129150311696454 
-0.0006150212001005234 2.1900527400937494e-5 -0.06345513891601384 
-0.003140286384764426 1.3393323784250175e-5 -0.05104586602517908 
-0.0024120419124178815 1.728133750536093e-5 -0.05690651515964973 
-0.0039602346668268906 3.889795979831131e-6 -0.035888543345933846 
-0.003625899437207885 9.125462568747288e-6 -0.04390012772040924 
-0.003794810422574571 -7.323062084678593e-6 -0.019282684713841886 
-0.003970601755448679 -1.8156423056242208e-6 -0.02750356608816021 
-0.002489294604632756 -1.6003376622898666e-5 -0.005693502891199641 
-0.003243273624802421 -1.4929216152124408e-5 -0.01181417434475175 
-0.0013314907264588031 -3.199659239724944e-5 -0.0015883925588200834 
1.2868930067760808e-16 1.5321251169036577e-13 0.005654290345876986 
2.5673596426869275e-16 5.021388172722355e-13 0.019265360812777233 
3.0849184676093675e-16 8.598057180354753e-13 0.0358978355438012 
3.593868858721953e-16 1.064479715022694e-12 0.05107731270613329 
3.8894668820002885e-16 1.0008271922370023e-12 0.06117548110131801 
4.18938000756724e-16 6.530987530208171e-13 0.063757969616776 
4.745562849881057e-16 9.437451622305491e-14 0.05781621941167502 
5.464462944425097e-16 -4.866061158430108e-13 0.04382578331316261 
4.462284160873167e-16 -8.606813517482209e-13 0.023607159834235062 
3.6271751696736117e-16 -9.363223786286854e-13 3.827725537467107e-12 
2.429347348236231e-16 -7.58134840639841e-13 -0.023607159827016687 
1.1425405153235498e-16 -4.586771824147062e-13 -0.043825783307147384 
6.019087064582902e-17 -1.7305865764722249e-13 -0.05781621940736448 
-8.700526661988195e-17 1.9556572900519773e-14 -0.06375796961434223 
-2.432233739579703e-16 1.0446931005790438e-13 -0.06117548110052933 
-2.887108651675123e-16 1.260545812172673e-13 -0.05107731270640329 
-3.121710023281978e-16 1.1571618670655131e-13 -0.0358978355444503 
-2.496828069515923e-16 7.769224619452446e-14 -0.019265360813307198 
-1.4401561068537515e-16 2.7178438988352047e-14 -0.005654290346071957 
6.65581168126169e-17 4.031023948461432e-14 0.0015170895458352933 
1.4661186395706775e-14 1.532465490049677e-13 0.005652549356425057 
0.001231747867087931 1.5346491704434148e-13 0.0056654271324170944 
7.74655637015445e-15 4.040839266722602e-14 0.0015138384804947874 
0.0006550568741940193 4.0096093703232475e-14 0.0015350400940699347 
0.0012311004975525308 8.207380424350268e-6 0.005663706924600792 
0.0006553731343288586 1.5885987420478784e-5 0.001531772733984732 
1.9808248866393888e-16 3.152107066594012e-13 0.011780478426162902 
1.97587997665306e-14 5.021404866788467e-13 0.019264584748977086 
0.0018805720747861116 5.032255927174237e-13 0.019270167953044627 
1.772181503312671e-14 3.1524866692539823e-13 0.011778938610807711 
0.001615962312702827 3.15963592544559e-13 0.011789020443971628 
0.0018802818066502025 3.7327818053977286e-6 0.019269395211399774 
0.001615918368686295 7.39710785577468e-6 0.011787476280678633 
2.775835617908708e-16 6.910506199075719e-13 0.027499148513682105 
1.579362357638933e-14 8.597992531944632e-13 0.03589824526487234 
0.0019647858549021757 8.612207292688785e-13 0.03589537518497106 
1.8235514853907264e-14 6.910378398486364e-13 0.027498955585811568 
0.0019809516508824134 6.923433542007543e-13 0.027500313452946255 
0.0019646227464949592 -1.9646099673638088e-6 0.03589578037035431 
0.001980821580079197 9.166107686646745e-7 0.02750012410518933 
3.412677165329164e-16 9.898520955821894e-13 0.04392047128472543 
4.753614657431721e-15 1.0644001962882947e-12 0.05107871683936084 
0.0015585638123544357 1.06638394776945e-12 0.05106894615210915 
1.0619849025412432e-14 9.897973296317732e-13 0.04392141248957029 
0.0018095158590380287 9.91433361872639e-13 0.04391527826744601 
0.0015584554510041759 -6.754944697422745e-6 0.05107034277816403 
0.0018093958817709263 -4.517119349704047e-6 0.04391622660204016 
3.444590090575169e-16 1.0709832964213835e-12 0.05694538440700301 
-1.0433942468283561e-14 1.0007126054717918e-12 0.06117755535510759 
0.0007845656861451766 1.0020764783732354e-12 0.06116317938128755 
-2.8283195253800908e-15 1.0708919479942536e-12 0.05694717242108569 
0.0012037252468987585 1.0727165511287323e-12 0.05693540324051686 
0.0007845057770250077 -9.97980387823395e-6 0.061165244738478404 
0.001203643170469786 -8.576531366061375e-6 0.05693720048317828 
3.6933310081385805e-16 8.588806481645949e-13 0.06350452190960486 
-2.3205006099247126e-14 6.529532131109281e-13 0.0637603214860747 
-0.00019808493624243293 6.540407719172227e-13 0.06374405253613041 
-1.7057652947262902e-14 8.587855862611153e-13 0.06350678980836555 
0.0003065634261906895 8.600236915719029e-13 0.06349181543444714 
-0.00019809338718307286 -1.1314421936293078e-5 0.06374639522808924 
0.0003065293166531456 -1.0878210287272692e-5 0.06349409355764062 
5.369948674349375e-16 3.9332026110645783e-13 0.061857281501335 
-3.0825881953453e-14 9.434814581665909e-14 0.05781843978671715 
-0.0012121894801950417 9.473361427922231e-14 0.057803094915889836 
-2.7485893546593018e-14 3.933261709432647e-13 0.06185962106827935 
-0.0007114338865885521 3.942444260122982e-13 0.061844152723316316 
-0.0012121479435191517 -1.0681026902843385e-5 0.05780530700815639 
-0.0007114178871830877 -1.1222246892311268e-5 0.06184650222087445 
5.272114206334803e-16 -2.104980693978995e-13 0.05174206086001681 
-2.509233853355159e-14 -4.865229945250521e-13 0.043827501363114356 
-0.0020853047537109388 -4.871352134774796e-13 0.04381563372966677 
-2.8622828565241246e-14 -2.104891983353009e-13 0.05174407477629961 
-0.0016728253391175849 -2.1086815009297154e-13 0.05173075078988351 
-0.002085221368427531 -8.264249244575668e-6 0.043817345514461044 
-0.0016727639473063348 -9.660366351830007e-6 0.051732773002907455 
4.696719341875521e-16 -7.096922245801377e-13 0.034336598103165625 
-1.092391608042927e-14 -8.60605627112976e-13 0.023608094536635534 
-0.002673259673248082 -8.619063402899884e-13 0.023601639460233578 
-1.8275801014410375e-14 -7.096335917098911e-13 0.03433795414349203 
-0.002416835038332753 -7.106827920216192e-13 0.034328979704751454 
-0.0026731485023251266 -4.496052871457828e-6 0.023602570791040393 
-0.0024167392593043607 -6.50472915796102e-6 0.034330341247950945 
4.162309311172713e-16 -9.362484753403241e-13 0.012022044131899206 
3.980130495746815e-15 -9.362525628727307e-13 3.8279099445300355e-12 
-0.002880406227939149 -9.36923931590967e-13 3.826974998190798e-12 
-3.346838722565907e-15 -9.361720820958635e-13 0.012022521868884754 
-0.0028216428917784654 -9.372086363267156e-13 0.012019359710923223 
-0.0028802853266950827 -9.374329099611725e-13 3.827569745183341e-12 
-0.0028215285946487393 -2.2916460204665045e-6 0.012019839374182285 
2.999745445981555e-16 -8.72119725211371e-13 -0.012022044124354722 
1.3748399871262241e-14 -7.581153189498331e-13 -0.023608094529416836 
-0.0026732596733496507 -7.582365335423684e-13 -0.02360163945301664 
9.269875845013066e-15 -8.720592195027388e-13 -0.012022521861339796 
-0.0028216428918306806 -8.72420613435977e-13 -0.012019359703379997 
-0.0026731485024017883 4.4960512504303275e-6 -0.023602570783822243 
-0.0028215285946882216 2.2916442098577144e-6 -0.012019839366638006 
1.709580852569795e-16 -6.140758764160568e-13 -0.03433659809646789 
1.588318125044646e-14 -4.586934424952744e-13 -0.043827501357099174 
-0.0020853047538897415 -4.582083442532143e-13 -0.043815633723652415 
1.520127212476557e-14 -6.140671997894257e-13 -0.03433795413679394 
-0.002416835038476488 -6.138165538836646e-13 -0.03432897969805465 
-0.0020852213685649225 8.26424829863508e-6 -0.04381734550844632 
-0.002416739259414258 6.5047278326765615e-6 -0.0343303412412535 
7.977334923369893e-17 -3.075128210854017e-13 -0.05174206085480936 
1.2496722883707585e-14 -1.730807134597963e-13 -0.057818439782406326 
-0.0012121894804156973 -1.7421478839773596e-13 -0.05780309491157965 
1.440705313159332e-14 -3.0751082067934863e-13 -0.05174407477109174 
-0.0016728253393215654 -3.0769175609872236e-13 -0.05173075078467649 
-0.0012121479436960991 1.0681026823092284e-5 -0.05780530700384583 
-0.0016727639474668674 9.66036583280884e-6 -0.05173277299770011 
-5.0772988949871315e-20 -6.237562848308634e-14 -0.06185728149796698 
6.63559974858319e-15 1.9520715594941634e-14 -0.06376032148364036 
-0.00019808493645960282 1.7393961208106876e-14 -0.06374405253369603 
9.641232196253164e-15 -6.24165788380518e-14 -0.06185962106491067 
-0.0007114338868128955 -6.456868770137846e-14 -0.061844152719948406 
-0.00019809338736987353 1.1314422607925705e-5 -0.0637463952256545 
-0.0007114178873697731 1.1222247221959969e-5 -0.0618465022175061 
-2.19850919054627e-16 7.374719006048358e-14 -0.06350452190804694 
1.8438923809143403e-15 1.0439764879640658e-13 -0.061177555354318035 
0.000784565685978417 1.0129732188073103e-13 -0.06116317938049759 
3.9953587812922785e-15 7.374277656645705e-14 -0.06350678980680693 
0.000306563425993938 7.122791349943678e-14 -0.06349181543288865 
0.0007845057768711004 9.97980498227969e-6 -0.061165244737688085 
0.00030652931647800867 1.087821121900075e-5 -0.06349409355608197 
-2.3679348053008964e-16 1.1998092857476632e-13 -0.056945384406831945 
-6.637168623854746e-17 1.26061480420856e-13 -0.05107871683962983 
0.0015585638122688772 1.216581628775807e-13 -0.05106894615237785 
8.353943713611632e-16 1.1996062621378333e-13 -0.05694717242091363 
0.0012037252467713981 1.1585065134563245e-13 -0.05693540324034474 
0.0015584554509144076 6.754945886311427e-6 -0.05107034277843222 
0.001203643170346656 8.576532555436542e-6 -0.05693720048300557 
-3.072842146680081e-16 1.247899282664048e-13 -0.04392047128526181 
-1.6261091853493743e-15 1.156757013192961e-13 -0.03589824526552043 
0.0019647858548892446 1.1177009072945436e-13 -0.0358953751856192 
-8.290452135347268e-16 1.2482252591629202e-13 -0.04392141249010545 
0.0018095158589912484 1.2029134052525706e-13 -0.04391527826798163 
0.001964622746465272 1.9646109409334478e-6 -0.03589578037100173 
0.0018093958817133335 4.517120462159477e-6 -0.04391622660257476 
-3.012512178466804e-16 9.934271733600797e-14 -0.027499148514318235 
-2.6478890485142415e-15 7.768891204024968e-14 -0.019264584749506375 
0.0018805720748174025 7.500479844871408e-14 -0.019270167953574068 
-2.209960290235481e-15 9.93281132589824e-14 -0.027498955586446844 
0.001980951650895226 9.595054779348813e-14 -0.02750031345358184 
0.0018802818066596212 -3.7327812268631502e-6 -0.01926939521192869 
0.0019808215800721785 -9.166099799129955e-7 -0.027500124105824194 
-1.954358067451159e-16 5.269894035479697e-14 -0.011780478426530416 
-2.6237569259229164e-15 2.717630391290176e-14 -0.0056525493566197006 
0.001231747867124671 2.5819182541213236e-14 -0.005665427132612195 
-2.7365381218792343e-15 5.269482045588756e-14 -0.011778938611174771 
0.0016159623127413772 5.068177376648175e-14 -0.011789020444339098 
0.001231100497572221 -8.207380245134504e-6 -0.005663706924795353 
0.0016159183687048002 -7.397107489037228e-6 -0.01178747628104552 
-6.721031212037407e-17 7.377372692762288e-15 -0.0015170895458926634 
-1.4363245754564399e-15 7.396036372701125e-15 -0.0015138384805519103 
0.0006550568742158291 6.758193193003223e-15 -0.0015350400941278148 
0.0006553731343416774 -1.5885987374007928e-5 -0.0015317727340419054 
-1.4402584616993565e-14 1.5325076456778918e-13 0.005652549356425514 
-7.61398648948851e-15 4.0403432113630305e-14 0.001513838480494975 
0.001231100497523343 -8.20738011735261e-6 0.0056637069246008006 
0.0006553731343134794 -1.5885987340095883e-5 0.0015317727339841255 
-1.9242329850950777e-14 5.021214803124678e-13 0.019264584748977992 
-1.7325260357221113e-14 3.152357658499856e-13 0.011778938610808453 
0.0018802818066111639 -3.7327807989492077e-6 0.01926939521140065 
0.0016159183686511862 -7.397107223790796e-6 0.011787476280679129 
-1.5180219314407266e-14 8.597465586707768e-13 0.03589824526487327 
-1.767903685610707e-14 6.910211593130032e-13 0.027498955585812536 
0.0019646227464639805 1.964611689702937e-6 0.03589578037035569 
0.0019808215800432576 -9.166093840340164e-7 0.027500124105190548 
-4.035217987502307e-15 1.0644435875108995e-12 0.05107871683936203 
-9.944873943483087e-15 9.897790137411848e-13 0.0439214124895713 
0.0015584554509953553 6.754946830011657e-6 0.05107034277816598 
0.001809395881750308 4.517121332478294e-6 0.043916226602041745 
1.1218743321059048e-14 1.000842306689635e-12 0.061177555355108146 
3.5110213290386197e-15 1.070856370100799e-12 0.05694717242108686 
0.0007845057770466993 9.979805882201402e-6 0.06116524473847974 
0.001203643170476202 8.576533511340399e-6 0.056937200483180135 
2.404997183559469e-14 6.530790258323359e-13 0.0637603214860753 
1.7791667175128417e-14 8.587752245186944e-13 0.06350678980836622 
-0.00019809338713581604 1.1314423244261995e-5 0.06374639522809028 
0.00030652931668800996 1.087821200720044e-5 0.06349409355764198 
3.17724516005148e-14 9.436595293307045e-14 0.057818439786717496 
2.855278160156132e-14 3.9327798270871586e-13 0.06185962106827998 
-0.0012121479434564074 1.0681027092287582e-5 0.057805307008156656 
-0.0007114178871269989 1.1222247680741541e-5 0.06184650222087547 
2.6185383348089625e-14 -4.865077312885109e-13 0.0438275013631142 
2.968122644411349e-14 -2.1049988258824456e-13 0.05174407477629936 
-0.002085221368376211 8.264248270394822e-6 0.04381734551446033 
-0.0016727639472479622 9.660365930169171e-6 0.05173277300290696 
1.1818499852262534e-14 -8.605703036099792e-13 0.0236080945366348 
1.9213497768548033e-14 -7.096271230053085e-13 0.03433795414349163 
-0.002673148502302389 4.496051147827705e-6 0.02360257079103891 
-0.002416739259266817 6.504727736744668e-6 0.03433034124794976 
-3.2572343429143593e-15 -9.362580245981029e-13 3.827732817346969e-12 
4.180516026473776e-15 -9.361809674859294e-13 0.012022521868884372 
-0.00288028532670238 -9.362569944198733e-13 3.826714414018555e-12 
-0.0028215285946412653 2.2916441462151905e-6 0.012019839374181097 
-1.3273266793268595e-14 -7.581088865840571e-13 -0.023608094529416732 
-8.667815963274007e-15 -8.720640892004384e-13 -0.012022521861339789 
-0.0026731485024288413 -4.496052766851449e-6 -0.023602570783822507 
-0.002821528594706202 -2.291645954596279e-6 -0.012019839366638516 
-1.5658703194459855e-14 -4.586949688228595e-13 -0.04382750135709847 
-1.4855589279788296e-14 -6.140579328333278e-13 -0.034337954136793754 
-0.002085221368596421 -8.264249215077329e-6 -0.043817345508445925 
-0.002416739259444373 -6.504729060300662e-6 -0.03433034124125338 
-1.2379231167532687e-14 -1.7308234880829338e-13 -0.05781843978240723 
-1.4240099548047327e-14 -3.074922140586535e-13 -0.051744074771092184 
-0.0012121479437207543 -1.0681027171567339e-5 -0.057805307003846666 
-0.0016727639474953635 -9.660366448209524e-6 -0.05173277299770022 
-6.804104164341036e-15 1.9551696341432272e-14 -0.06376032148364227 
-9.64384538691463e-15 -6.238434432706622e-14 -0.06185962106491277 
-0.00019809338738332896 -1.1314422573205942e-5 -0.06374639522565621 
-0.0007114178873889775 -1.1222247351190144e-5 -0.06184650221750784 
-2.3290749897941796e-15 1.0448608474126552e-13 -0.06117755535432077 
-4.4334479329261705e-15 7.36922715923573e-14 -0.06350678980680913 
0.0007845057768670916 -9.979804779765895e-6 -0.06116524473769072 
0.0003065293164696609 -1.0878211076598716e-5 -0.06349409355608396 
-5.146377243133531e-16 1.2608593794065563e-13 -0.05107871683963339 
-1.3092851253845093e-15 1.199836300923151e-13 -0.05694717242091716 
0.001558455450913985 -6.754945643042897e-6 -0.05107034277843574 
0.0012036431703446252 -8.576532323755672e-6 -0.056937200483009036 
1.0019995712066006e-15 1.157651729923013e-13 -0.035898245265523675 
2.142928541675156e-16 1.2473705176807493e-13 -0.04392141249010927 
0.0019646227464677883 -1.9646107174140653e-6 -0.03589578037100494 
0.0018093958817143282 -4.5171202216162325e-6 -0.043916226602578524 
2.1523821817947987e-15 7.768738572164965e-14 -0.019264584749508557 
1.6054802373056595e-15 9.934366723714257e-14 -0.027498955586449755 
0.0018802818066642982 3.732781376894235e-6 -0.019269395211930898 
0.001980821580075889 9.166101718142682e-7 -0.02750012410582705 
2.3383172529793673e-15 2.7173832726789732e-14 -0.005652549356620716 
2.3465066232115862e-15 5.269787309982641e-14 -0.011778938611176463 
0.0012311004975770717 8.207380296771992e-6 -0.00566370692479644 
0.0016159183687097678 7.397107590404682e-6 -0.0117874762810472 
1.301792263994681e-15 7.393169971708825e-15 -0.0015138384805523798 
0.0006553731343442925 1.588598738755658e-5 -0.001531772734042509 
-0.0012317478670876715 1.523592304480563e-13 0.005665427132417102 
-0.0006550568741938887 3.965423367998138e-14 0.0015350400940699282 
-0.0012311004975231446 -8.207380118454172e-6 0.005663706924600362 
-0.0006553731343133979 -1.588598734053485e-5 0.0015317727339839314 
-0.001880572074785593 5.009972093797744e-13 0.01927016795304467 
-0.0016159623127024376 3.141840728513619e-13 0.011789020443971636 
-0.0018802818066106593 -3.7327808011538968e-6 0.0192693952113998 
-0.0016159183686508438 -7.397107225560613e-6 0.011787476280678387 
-0.0019647858549015386 8.588552745638919e-13 0.03589537518497108 
-0.001980951650881857 6.900370408425113e-13 0.027500313452946328 
-0.001964622746463332 1.964611687350638e-6 0.035895780370354735 
-0.0019808215800427094 -9.166093863248123e-7 0.027500124105189643 
-0.0015585638123537325 1.0632601735892755e-12 0.0510689461521092 
-0.0018095158590373654 9.889856172882684e-13 0.043915278267445984 
-0.0015584554509946663 6.754946826944029e-6 0.05107034277816465 
-0.0018093958817496857 4.517121329980691e-6 0.043916226602040725 
-0.0007845656861444274 1.0005116008506784e-12 0.061163179381287174 
-0.001203725246898049 1.070114149047579e-12 0.05693540324051681 
-0.0007845057770459172 9.979805880614755e-6 0.06116524473847894 
-0.001203643170475415 8.576533508724695e-6 0.05693720048317903 
0.00019808493624329452 6.525782815418588e-13 0.06374405253612982 
-0.00030656342618993516 8.584749334505327e-13 0.06349181543444715 
0.00019809338713667427 1.1314423242758603e-5 0.06374639522808918 
-0.00030652931668724814 1.0878212005643343e-5 0.06349409355764135 
0.0012121894801960416 9.407686018159661e-14 0.05780309491588994 
0.0007114338865895638 3.928523189411146e-13 0.06184415272331638 
0.001212147943457512 1.0681027091636097e-5 0.057805307008156434 
0.0007114178871280482 1.1222247679316145e-5 0.06184650222087489 
0.002085304753712008 -4.866134770377875e-13 0.043815633729666875 
0.0016728253391186344 -2.1050743468724802e-13 0.051730750789883345 
0.0020852213683772948 8.264248270958932e-6 0.04381734551446064 
0.0016727639472490592 9.66036593048464e-6 0.051732773002907004 
0.0026732596732489777 -8.60346857424617e-13 0.023601639460233456 
0.0024168350383337086 -7.096415652532145e-13 0.034328979704751454 
0.0026731485023032773 4.496051149384317e-6 0.02360257079103951 
0.0024167392592678184 6.504727737805192e-6 0.034330341247950216 
0.002880406227939876 -9.365336831127354e-13 3.826986051878343e-12 
0.0028216428917792894 -9.3623550031013e-13 0.012019359710923213 
0.002880285326703058 -9.358938466390634e-13 3.826897695375138e-12 
0.002821528594642035 2.2916441472036627e-6 0.012019839374181477 
0.002673259673350112 -7.584894882447525e-13 -0.023601639453016576 
0.0028216428918312894 -8.724527981888489e-13 -0.012019359703379978 
0.0026731485024292876 -4.4960527671112e-6 -0.02360257078382261 
0.002821528594706783 -2.2916459546103112e-6 -0.012019839366638514 
0.0020853047538899852 -4.593853356586447e-13 -0.04381563372365231 
0.002416835038476834 -6.14508578095685e-13 -0.034328979698054526 
0.0020852213685967195 -8.264249216247271e-6 -0.04381734550844642 
0.0024167392594446778 -6.504729060993522e-6 -0.03433034124125356 
0.0012121894804158105 -1.7160662801303798e-13 -0.057803094911579686 
0.0016728253393217343 -3.070105145288263e-13 -0.05173075078467652 
0.0012121479437210742 -1.0681027168981891e-5 -0.0578053070038456 
0.001672763947495699 -9.6603664475422e-6 -0.05173277299769989 
0.0001980849364594232 2.219148811467071e-14 -0.06374405253369603 
0.0007114338868128783 -5.973146772659091e-14 -0.06184415271994827 
0.0001980933873831193 -1.1314422568426567e-5 -0.06374639522565416 
0.0007114178873890457 -1.1222247346335591e-5 -0.06184650221750571 
-0.0007845656859788868 1.0780108312341304e-13 -0.06116317938049803 
-0.0003065634259943417 7.647445820528422e-14 -0.06349181543288848 
-0.0007845057768674078 -9.979804773248942e-6 -0.0611652447376884 
-0.00030652931646998985 -1.0878211071361381e-5 -0.06349409355608168 
-0.0015585638122694637 1.3065376433056516e-13 -0.0510689461523779 
-0.0012037252467718992 1.2420242182845807e-13 -0.05693540324034478 
-0.0015584554509145505 -6.75494563400434e-6 -0.05107034277843214 
-0.001203643170345013 -8.576532315429194e-6 -0.05693720048300552 
-0.0019647858548898674 1.1966153382624177e-13 -0.035895375185619346 
-0.0018095158589918616 1.2937584579782013e-13 -0.04391527826798154 
-0.001964622746468517 -1.9646107095299635e-6 -0.03589578037100176 
-0.0018093958817149902 -4.517120212529474e-6 -0.04391622660257467 
-0.0018805720748179245 8.042017359997079e-14 -0.019270167953574186 
-0.00198095165089582 1.0283772065371567e-13 -0.027500313453581893 
-0.0018802818066649483 3.7327813822875153e-6 -0.019269395211928785 
-0.001980821580076584 9.166101786890487e-7 -0.027500124105824194 
-0.0012317478671249526 2.8439489276200865e-14 -0.005665427132612212 
-0.0016159623127417803 5.47199110486496e-14 -0.0117890204443391 
-0.0012311004975774848 8.20738029939128e-6 -0.005663706924795413 
-0.0016159183687102854 7.397107594451505e-6 -0.0117874762810455 
-0.0006550568742159647 7.849275880699955e-15 -0.0015350400941278259 
-0.0006553731343445462 1.58859873886524e-5 -0.001531772734042056 
-0.0012311004975522097 8.207380423244673e-6 0.005663706924601259 
-0.0006553731343286799 1.5885987420034007e-5 0.0015317727339849113 
-0.0018802818066496736 3.7327818031647664e-6 0.019269395211400767 
-0.0016159183686858564 7.3971078539887275e-6 0.011787476280679363 
-0.001964622746494328 -1.9646099697240305e-6 0.03589578037035535 
-0.0019808215800786303 9.166107663614502e-7 0.02750012410519033 
-0.0015584554510034386 -6.754944700554841e-6 0.0510703427781654 
-0.001809395881770221 -4.517119352152373e-6 0.04391622660204115 
-0.0007845057770242835 -9.979803879779512e-6 0.06116524473847872 
-0.0012036431704691621 -8.576531368643899e-6 0.05693720048317939 
0.0001980933871839348 -1.1314421937752177e-5 0.06374639522808932 
-0.00030652931665239397 -1.0878210288838072e-5 0.06349409355764143 
0.0012121479435200514 -1.0681026903478189e-5 0.05780530700815665 
0.000711417887184065 -1.1222246893696907e-5 0.06184650222087512 
0.002085221368428583 -8.264249244044628e-6 0.04381734551446092 
0.001672763947307338 -9.66036635147071e-6 0.05173277300290719 
0.0026731485023260217 -4.496052869905868e-6 0.02360257079103955 
0.0024167392593052745 -6.5047291568823975e-6 0.034330341247950535 
0.002880285326695852 -9.370447729431188e-13 3.827394631107506e-12 
0.0028215285946496128 -2.2916460194960576e-6 0.012019839374181888 
0.0026731485024022693 4.496051250206591e-6 -0.023602570783822132 
0.0028215285946888552 2.291644209830327e-6 -0.01201983936663798 
0.002085221368565089 8.264248297513619e-6 -0.043817345508445786 
0.0024167392594146493 6.5047278319876984e-6 -0.03433034124125314 
0.001212147943695991 1.068102682573148e-5 -0.05780530700384694 
0.001672763947466878 9.660365833478163e-6 -0.05173277299770049 
0.00019809338736972258 1.1314422612767124e-5 -0.0637463952256564 
0.0007114178873696742 1.122224722678905e-5 -0.06184650221750811 
-0.0007845057768717303 9.979804988836108e-6 -0.06116524473769112 
-0.0003065293164784897 1.0878211224280804e-5 -0.06349409355608408 
-0.001558455450915013 6.754945895320511e-6 -0.051070342778435904 
-0.0012036431703472657 8.57653256378635e-6 -0.056937200483009175 
-0.0019646227464657925 1.9646109488393547e-6 -0.03589578037100506 
-0.0018093958817139006 4.5171204712376586e-6 -0.04391622660257852 
-0.0018802818066600156 -3.732781221451482e-6 -0.01926939521193102 
-0.001980821580072665 -9.166099730493717e-7 -0.02750012410582715 
-0.0012311004975723745 -8.207380242505947e-6 -0.005663706924796403 
-0.0016159183687050845 -7.397107485001107e-6 -0.01178747628104721 
-0.0006553731343416945 -1.5885987372920507e-5 -0.0015317727340423823 

VECTORS eigenmode6 float
0.0 0.0 0.0 
0.0 0.0 0.0 
0.0 0.0 0.0 
0.0 0.0 0.0 
0.0 0.0 0.0 
0.0 0.0 0.0 
0.0 0.0 0.0 
0.0 0.0 0.0 
0.0 0.0 0.0 
0.0 0.0 0.0 
0.0 0.0 0.0 
0.0 0.0 0.0 
0.0 0.0 0.0 
0.0 0.0 0.0 
0.0 0.0 0.0 
0.0 0.0 0.0 
0.0 0.0 0.0 
0.0 0.0 0.0 
0.0 0.0 0.0 
0.0 0.0 0.0 
0.0 0.0 0.0 
0.0 0.0 0.0 
0.0 0.0 0.0 
0.0 0.0 0.0 
0.0 0.0 0.0 
0.0 0.0 0.0 
0.0 0.0 0.0 
0.0 0.0 0.0 
0.0 0.0 0.0 
0.0 0.0 0.0 
0.0 0.0 0.0 
0.0 0.0 0.0 
0.002851251341687329 0.015204006865109292 5.62434957683983e-5 
0.0028524817974506706 0.04473451628341895 -5.726895872927614e-5 
0.000738314460335063 0.06327553821333731 -0.0001307131695235822 
-0.002095084287635389 0.056458861218474814 -0.00012761718316940942 
-0.004094900085541593 0.024924277897421385 -5.571327004069357e-5 
-0.004205427937652599 -0.017405705588877742 4.6657584419070636e-5 
-0.002329101076163895 -0.05073801110956989 0.00012826511674789948 
0.0006501910624466899 -0.059299051951502896 0.00014882789075170046 
0.0033051406692609997 -0.03911230316256181 9.797307512823154e-5 
0.0043592350799710015 -3.8218871615008745e-13 3.3773238168672226e-13 
0.0033051406695108793 0.039112303163102435 -9.797307447353166e-5 
0.0006501910628618781 0.05929905195559073 -0.00014882789016353883 
-0.0023291010758500273 0.05073801111760879 -0.0001282651162602066 
-0.004205427937640546 0.01740570559886608 -4.665758405013925e-5 
-0.004094900085874441 -0.024924277888800105 5.571327030083508e-5 
-0.002095084288116371 -0.05645886121383002 0.00012761718334239835 
0.0007383144600477527 -0.06327553821246623 0.00013071316962769627 
0.002852481797398028 -0.04473451628415216 5.726895878527442e-5 
0.0028512513417681714 -0.01520400686562501 -5.624349574483317e-5 
0.0015367527927762146 0.003966822382302959 0.0001612209644358361 
0.002960670050646562 0.02997884335490884 1.595617098796019e-7 
0.0018583461804034663 0.0566732662326237 -0.00011321477457883199 
-0.0006820006532056114 0.06343688720967985 -0.00015145210889715494 
-0.0031579164000405933 0.04321025305779124 -0.00010685024069481917 
-0.004239278773262611 0.003899176043100955 -5.954297662330242e-6 
-0.0033382264648746033 -0.03643312396228437 0.00010012020032716952 
-0.0008573671577896886 -0.058768239957527196 0.00015900373322911713 
0.0020217728804286664 -0.05254725130268067 0.0001416994014156518 
0.003917204498437599 -0.020882865336843366 5.6259548085587675e-5 
0.003917204498563519 0.020882865336407114 -5.6259547414724625e-5 
0.002021772880770219 0.05254725130477172 -0.0001416994007876951 
-0.0008573671574155164 0.05876823996370914 -0.00015900373268840155 
-0.0033382264647057627 0.03643312397167539 -0.0001001201998995569 
-0.00423927877342588 -0.0038991760333571975 5.9542979723869955e-6 
-0.0031579164004619277 -0.04321025305096254 0.00010685024090795912 
-0.0006820006535990782 -0.06343688720715791 0.00015145210903419145 
0.0018583461802367603 -0.056673266232840046 0.00011321477465742911 
0.002960670050667546 -0.02997884335569927 -1.595616709583433e-7 
0.0015367527928280777 -0.003966822382460915 -0.00016122096443041902 
0.0028512513417269718 0.015204006865187077 -5.624349582018561e-5 
0.002852481797495339 0.04473451628358239 5.726895854803059e-5 
0.0007383144603614004 0.06327553821358488 0.00013071316924336034 
-0.0020950842876399935 0.05645886121879824 0.000127617182890012 
-0.004094900085574989 0.024924277897754313 5.571326985093598e-5 
-0.004205427937703273 -0.017405705588545713 -4.665758443214638e-5 
-0.0023291010762220114 -0.05073801110923266 -0.00012826511652637562 
0.0006501910623974664 -0.05929905195118938 -0.00014882789031575778 
0.0033051406692310476 -0.03911230316228339 -9.797307454933252e-5 
0.004359235079956233 -1.144517631549402e-13 3.24327640899123e-13 
0.0033051406695008326 0.039112303163366904 9.797307518129765e-5 
0.0006501910628507979 0.059299051955825965 0.00014882789089959255 
-0.0023291010758554652 0.050738011117850645 0.0001282651170351631 
-0.004205427937635379 0.01740570559912293 4.6657584835744046e-5 
-0.004094900085856494 -0.024924277888545083 -5.571326956453803e-5 
-0.00209508428808891 -0.05645886121360125 -0.00012761718271961825 
0.0007383144600857431 -0.06327553821226135 -0.00013071316916102508 
0.002852481797432292 -0.0447345162840117 -5.726895851156695e-5 
0.0028512513417924407 -0.01520400686556139 5.624349583895216e-5 
0.001536752792800587 0.003966822382336439 -0.00016122096444684807 
0.0029606700506908195 0.029978843355031145 -1.5956182350053316e-7 
0.0018583461804402399 0.05667326623283207 0.00011321477433916225 
-0.0006820006531938571 0.06343688720997205 0.00015145210860510177 
-0.003157916400060614 0.04321025305812779 0.00010685024045013068 
-0.004239278773305027 0.003899176043432655 5.95429755112396e-6 
-0.003338226464929751 -0.036433123961949074 -0.00010012020022632937 
-0.000857367157844686 -0.058768239957200326 -0.0001590037328940912 
0.0020217728803886975 -0.05254725130238853 -0.00014169940090010474 
0.003917204498415857 -0.020882865336574016 -5.6259547459620597e-5 
0.003917204498551915 0.02088286533667448 5.6259548102888635e-5 
0.0020217728807586945 0.05254725130502629 0.00014169940151113585 
-0.0008573671574236014 0.05876823996394687 0.00015900373344514816 
-0.003338226464705854 0.03643312397192689 0.00010012020068653019 
-0.004239278773414268 -0.0038991760331004996 -5.954297203871277e-6 
-0.003157916400438945 -0.043210253050716366 -0.00010685024022054868 
-0.0006820006535653865 -0.06343688720694834 -0.00015145210848750948 
0.0018583461802727228 -0.056673266232661806 -0.00011321477428538936 
0.002960670050698269 -0.029978843355599003 1.595618486277509e-7 
0.0015367527928398348 -0.003966822382434808 0.00016122096446090971 
-0.002851251341722049 0.015204006865109563 -5.624349585256674e-5 
-0.002852481797491077 0.04473451628341849 5.72689584793499e-5 
-0.000738314460357768 0.0632755382133368 0.00013071316913987511 
0.002095084287640899 0.056458861218474515 0.00012761718275532732 
0.004094900085572393 0.02492427789742088 5.571326971215292e-5 
0.004205427937701516 -0.01740570558887811 -4.6657584570500354e-5 
0.0023291010762196977 -0.050738011109569235 -0.00012826511666679102 
-0.0006501910624014607 -0.05929905195150251 -0.00014882789044645315 
-0.0033051406692340655 -0.03911230316256146 -9.797307466570903e-5 
-0.0043592350799577925 -3.8176933268703175e-13 2.1291469218636536e-13 
-0.00330514066950268 0.03911230316310216 9.797307507099428e-5 
-0.0006501910628533735 0.059299051955590217 0.00014882789080110752 
0.002329101075855041 0.050738011117608825 0.00012826511693437022 
0.004205427937634715 0.01740570559886671 4.6657584729004735e-5 
0.004094900085855409 -0.024924277888799758 -5.571326967062276e-5 
0.002095084288085787 -0.056458861213829155 -0.00012761718281462168 
-0.0007383144600871165 -0.06327553821246588 -0.00013071316924594868 
-0.002852481797437529 -0.04473451628415176 -5.726895857017717e-5 
-0.002851251341796866 -0.015204006865625171 5.624349581225592e-5 
-0.001536752792795982 0.003966822382303876 -0.00016122096446052615 
-0.0029606700506865356 0.029978843354909083 -1.5956187449131956e-7 
-0.0018583461804365852 0.05667326623262338 0.0001132147742521412 
0.0006820006531968856 0.06343688720967885 0.00015145210848265133 
0.003157916400059174 0.04321025305779071 0.00010685024030985866 
0.004239278773303064 0.0038991760431005816 5.954297412772957e-6 
0.0033382264649282735 -0.0364331239622847 -0.00010012020036594982 
0.000857367157841501 -0.05876823995752713 -0.0001590037330299974 
-0.002021772880392557 -0.0525472513026805 -0.00014169940102165256 
-0.003917204498418178 -0.020882865336843148 -5.625954757162922e-5 
-0.003917204498553628 0.020882865336407305 5.625954799153575e-5 
-0.002021772880762048 0.052547251304771524 0.00014169940140529465 
0.000857367157422936 0.0587682399637091 0.00015900373334632326 
0.0033382264647058113 0.03643312397167575 0.0001001202005818361 
0.004239278773413456 -0.0038991760333571095 -5.954297310458112e-6 
0.0031579164004369186 -0.04321025305096277 -0.00010685024032296859 
0.0006820006535637739 -0.06343688720715787 -0.00015145210857474175 
-0.0018583461802769766 -0.05667326623284031 -0.0001132147743594478 
-0.0029606700507029985 -0.029978843355699787 1.595618066504041e-7 
-0.0015367527928439267 -0.0039668223824616735 0.00016122096444968174 
-0.0028512513416930505 0.01520400686518673 5.6243495736043934e-5 
-0.002852481797456821 0.04473451628358216 -5.7268958797644816e-5 
-0.0007383144603414344 0.06327553821358518 -0.00013071316962729872 
0.0020950842876310705 0.05645886121879893 -0.00012761718330431713 
0.0040949000855404665 0.02492427789775446 -5.5713270179815356e-5 
0.004205427937650557 -0.01740570558854606 4.665758428094881e-5 
0.002329101076162624 -0.05073801110923271 0.0001282651166074232 
-0.0006501910624462882 -0.05929905195118984 0.00014882789062095343 
-0.0033051406692614013 -0.039112303162284076 9.797307501214705e-5 
-0.004359235079972643 -1.147177833757937e-13 2.2630039946728343e-13 
-0.0033051406695120454 0.03911230316336709 -9.797307458390016e-5 
-0.0006501910628619647 0.05929905195582645 -0.00014882789026225324 
0.0023291010758483372 0.05073801111785065 -0.00012826511636105856 
0.004205427937639387 0.017405705599123113 -4.6657584157396646e-5 
0.0040949000858742065 -0.024924277888544996 5.571327019465744e-5 
0.0020950842881187954 -0.05645886121360132 0.00012761718324738123 
-0.0007383144600470879 -0.06327553821226153 0.00013071316954240913 
-0.002852481797393673 -0.04473451628401157 5.726895872633332e-5 
-0.0028512513417642085 -0.015204006865560742 -5.624349577165969e-5 
-0.0015367527927812187 0.003966822382335547 0.00016122096442220684 
-0.0029606700506521273 0.029978843355031086 1.5956165896576342e-7 
-0.001858346180409518 0.05667326623283282 -0.00011321477466603803 
0.0006820006531995149 0.06343688720997281 -0.00015145210901951588 
0.0031579164000383594 0.043210253058128235 -0.00010685024083490204 
0.004239278773260655 0.0038991760434329047 -5.954297800608614e-6 
0.0033382264648723443 -0.036433123961948866 0.00010012020018734345 
0.0008573671577893112 -0.058768239957200256 0.00015900373309298037 
-0.002021772880428243 -0.05254725130238873 0.0001416994012942475 
-0.00391720449843879 -0.020882865336574116 5.625954797347441e-5 
-0.003917204498564929 0.02088286533667447 -5.6259547526162624e-5 
-0.0020217728807698345 0.052547251305026174 -0.00014169940089344614 
0.0008573671574138177 0.05876823996394712 -0.0001590037327874475 
0.0033382264647038836 0.03643312397192624 -0.00010012020000422451 
0.004239278773425199 -0.0038991760331008847 5.954297865299795e-6 
0.0031579164004629833 -0.04321025305071697 0.00010685024080597967 
0.0006820006536001124 -0.06343688720694858 0.00015145210894704068 
-0.001858346180233222 -0.05667326623266204 0.00011321477458337633 
-0.0029606700506634906 -0.02997884335559881 -1.595617127318383e-7 
-0.0015367527928242218 -0.0039668223824341 -0.00016122096444164818 
0.0 0.0 0.0 
0.0 0.0 0.0 
0.0 0.0 0.0 
0.0 0.0 0.0 
0.0 0.0 0.0 
0.0 0.0 0.0 
0.0 0.0 0.0 
0.0 0.0 0.0 
0.0 0.0 0.0 
0.0 0.0 0.0 
0.0 0.0 0.0 
0.0 0.0 0.0 
0.0 0.0 0.0 
0.0 0.0 0.0 
0.0 0.0 0.0 
0.0 0.0 0.0 
0.0 0.0 0.0 
0.0 0.0 0.0 
0.0028415712025040294 0.015280270470173225 -2.5864125022003077e-14 
0.0028481835158799002 0.04466631610089364 -9.112364462614697e-14 
0.0007370971062549372 0.06311676682799072 -1.405671838842839e-13 
-0.0020936272332679343 0.056303761294355964 -1.3985910588694191e-13 
-0.004091669855204477 0.024856533978056147 -9.515951885507363e-14 
-0.004202043940017031 -0.01734913162877729 -6.587493389897048e-15 
-0.0023272232887785707 -0.050582348596856494 1.1062286411671702e-13 
0.0006496431127767097 -0.05911841395843372 2.179398499313614e-13 
0.0033024244588827044 -0.038993385905232325 2.8924081459402893e-13 
0.0043556572552691675 -2.4015836850985915e-13 3.31100693971064e-13 
0.003302424459142258 0.038993385906058525 3.53993860465924e-13 
0.0006496431132105584 0.05911841396279858 3.679528260854446e-13 
-0.002327223288438571 0.050582348605171884 3.8755093955781396e-13 
-0.004202043939977113 0.01734913163903931 3.9297186988875766e-13 
-0.004091669855511219 -0.024856533969156294 3.684343365895808e-13 
-0.0020936272337322543 -0.056303761289433 3.1155091983191876e-13 
0.0007370971059734827 -0.06311676682688122 2.330058072212985e-13 
0.0028481835158218004 -0.044666316101462974 1.3639028244931477e-13 
0.0028415712025766596 -0.015280270470615753 4.668445676934363e-14 
0.0028510925080260435 0.015259488971364947 3.0785751932614085e-5 
0.0015401787266692358 0.004148104939355785 -4.939207051312312e-15 
0.0015371367132129415 0.0041052447206700775 7.666495891909799e-5 
0.002851092508046953 0.015259488971403716 -3.078575198428835e-5 
0.0015371367132262135 0.004105244720686737 -7.666495892923654e-5 
0.0028525525439289843 0.044683304480013106 -2.8571431689557024e-5 
0.0029579570517773873 0.029977859921385346 -5.678305892666812e-14 
0.0029602232067207023 0.029978309453072744 -2.022316036862325e-7 
0.002852552543952376 0.04468330448009438 2.8571431507787623e-5 
0.0029602232067440252 0.02997830945313373 2.0223149010808605e-7 
0.0007383331053286887 0.06315687113933167 -6.602277154159427e-5 
0.001856327447261058 0.056539064967978336 -1.201585977356107e-13 
0.0018581106989027114 0.056572257147902906 -5.6013766917689694e-5 
0.0007383331053430325 0.06315687113945502 6.602277126060211e-5 
0.001858110698922359 0.05657225714800704 5.6013766677551415e-5 
-0.0020950295564033192 0.05634294637956761 -6.446914392637674e-5 
-0.0006819217978019893 0.06325731415269227 -1.466576408163203e-13 
-0.0006820018237683668 0.06330175150702577 -7.497794544399383e-5 
-0.0020950295564048644 0.05634294637972943 6.446914364653942e-5 
-0.0006820018237612417 0.06330175150717156 7.497794515105887e-5 
-0.004094794972422235 0.024873654959079977 -2.815472186467021e-5 
-0.003155916636108159 0.043083532123874696 -1.2273836377156356e-13 
-0.003157742219003519 0.043114898699532424 -5.2910236648247466e-5 
-0.004094794972438991 0.02487365495924592 2.8154721674436212e-5 
-0.003157742219013389 0.04311489869970069 5.291023640304305e-5 
-0.004205317233836867 -0.017363396599288955 2.3525045017731773e-5 
-0.004236427645325091 0.0038921756080111175 -5.5948375656841656e-14 
-0.00423903093187957 0.003893895455664864 -2.9275889124543774e-6 
-0.004205317233861953 -0.01736339659912296 -2.3525045030933768e-5 
-0.00423903093190075 0.0038938954558304217 2.927588800817361e-6 
-0.0023290396895007336 -0.05062162665558023 6.471773924353506e-5 
-0.0033359530546519032 -0.03631422422887556 5.038770362346464e-14 
-0.003338029251990767 -0.036343689191758406 4.963274434129159e-5 
-0.002329039689529615 -0.0506216266554116 -6.471773902216756e-5 
-0.0033380292520181942 -0.036343689191590436 -4.963274424061662e-5 
0.0006501718006645154 -0.05916399823313262 7.509978598582477e-5 
-0.0008567944542205949 -0.05857944931862596 1.6772542382700873e-13 
-0.000857317165255904 -0.05862622632121091 7.881041246303051e-5 
0.0006501718006394762 -0.05916399823297586 -7.509978554997065e-5 
-0.0008573171652837355 -0.0586262263210471 -7.881041212768311e-5 
0.0033050489975533907 -0.03902339560395039 4.943924775883956e-5 
0.0020203556461521363 -0.05237901392056273 2.582317781976909e-13 
0.002021650977080961 -0.05242069688823875 7.023103310589938e-5 
0.0033050489975379564 -0.03902339560381183 -4.943924718007561e-5 
0.0020216509770603877 -0.05242069688809238 -7.023103258983949e-5 
0.004359114594124347 -3.090144166453782e-13 3.3441703742454775e-13 
0.003914474350673898 -0.020816070114744577 3.133372878620208e-13 
0.003916969253711705 -0.020832619315329225 2.7883862302091077e-5 
0.004359114594116824 -1.7528790745422937e-13 3.2775169451371046e-13 
0.0039169692537006804 -0.02083261931519439 -2.788386167562534e-5 
0.003305048997808025 0.03902339560463718 -4.943924710957105e-5 
0.00391447435080483 0.020816070114593025 3.440425010109301e-13 
0.003916969253840103 0.020832619315039585 -2.788386163795646e-5 
0.0033050489978028092 0.039023395604769556 4.943924781750776e-5 
0.003916969253834239 0.02083261931517306 2.7883862326065748e-5 
0.0006501718010891813 0.05916399823735943 -7.509978539863974e-5 
0.0020203556465076666 0.052379013922935994 3.6178661851806337e-13 
0.002021650977429594 0.05242069689047336 -7.023103248223294e-5 
0.0006501718010833355 0.059163998237476874 7.50997861348378e-5 
0.0020216509774233097 0.052420696890600825 7.023103320577792e-5 
-0.0023290396891737317 0.0506216266637543 -6.471773875058421e-5 
-0.0008567944538234096 0.058579449325082786 3.786450907450274e-13 
-0.0008573171648703282 0.058626226327529035 -7.881041191972255e-5 
-0.0023290396891761426 0.05062162666387517 6.471773952583e-5 
-0.0008573171648741782 0.05862622632764817 7.881041267669026e-5 
-0.004205317233810806 0.017363396609408926 -2.3525044640095578e-5 
-0.003335953054455698 0.0363142242385402 3.9346890427490794e-13 
-0.0033380292518082255 0.03634368920128126 -4.963274390577733e-5 
-0.0042053172338080685 0.01736339660953768 2.3525045426075874e-5 
-0.003338029251808007 0.03634368920140657 4.9632744692765944e-5 
-0.004094794972742153 -0.024873654950323364 2.8154722131227166e-5 
-0.004236427645461216 -0.0038921755979955887 3.84459090135391e-13 
-0.00423903093202927 -0.0038938954457910816 2.927589231868839e-6 
-0.0040947949727333085 -0.024873654950195462 -2.8154721394557458e-5 
-0.004239030932023486 -0.0038938954456626184 -2.9275884630146557e-6 
-0.0020950295568754906 -0.05634294637478359 6.446914409860693e-5 
-0.003155916636507589 -0.04308353211676343 3.4407811123376885e-13 
-0.0031577422194137643 -0.04311489869256541 5.291023686568153e-5 
-0.0020950295568625365 -0.05634294637466897 -6.44691434756753e-5 
-0.003157742219402726 -0.04311489869244208 -5.2910236177872886e-5 
0.0007383331050451341 -0.0631568711383377 6.6022771639693e-5 
-0.0006819217981842879 -0.06325731414990801 2.736194017876174e-13 
-0.0006820018241555447 -0.06330175150436997 7.497794557580834e-5 
0.0007383331050636896 -0.06315687113823552 -6.602277117320998e-5 
-0.00068200182413909 -0.06330175150426494 -7.497794502879552e-5 
0.0028525525438749784 -0.04468330448066057 2.8571431740211773e-5 
0.0018563274470939878 -0.056539064967986864 1.8627535863652664e-13 
0.0018581106987369856 -0.056572257148011486 5.601376698984363e-5 
0.002852552543890641 -0.04468330448059111 -2.8571431467073944e-5 
0.0018581106987538847 -0.05657225714792185 -5.60137666175567e-5 
0.0028510925081042813 -0.015259488971843031 -3.0785751910561684e-5 
0.002957957051791401 -0.02997785992205621 8.877466618626219e-14 
0.0029602232067395037 -0.0299783094538015 2.0223163913277905e-7 
0.002851092508115041 -0.015259488971811456 3.078575200419975e-5 
0.002960223206753613 -0.029978309453751194 -2.0223146156790463e-7 
0.001540178726714785 -0.0041481049394886385 1.4890986047308745e-14 
0.0015371367132627994 -0.004105244720816711 -7.666495891119719e-5 
0.001537136713267459 -0.004105244720803662 7.66649589411344e-5 
-0.0028415712025044297 0.015280270470173178 -5.793335634936219e-14 
-0.0028481835158808673 0.044666316100893694 -1.5896469603269214e-13 
-0.000737097106256272 0.06311676682799106 -2.440324699286701e-13 
0.0020936272332661944 0.05630376129435592 -2.7489224181597467e-13 
0.0040916698552025624 0.02485653397805618 -2.3409839833084855e-13 
0.004202043940015122 -0.017349131628777284 -1.4505919504443487e-13 
0.0023272232887767445 -0.0505823485968563 -2.9588853351557776e-14 
-0.0006496431127784378 -0.05911841395843338 8.762840020899084e-14 
-0.0033024244588844578 -0.03899338590523221 1.738791198045365e-13 
-0.004355657255270808 -2.4017650363936063e-13 2.1975111756195762e-13 
-0.003302424459143801 0.03899338590605852 2.436597321303087e-13 
-0.0006496431132119846 0.05911841396279871 2.698828870532e-13 
0.002327223288437573 0.050582348605171926 2.8662336586395005e-13 
0.004202043939976176 0.01734913163903961 2.8612713572978626e-13 
0.004091669855510583 -0.024856533969156325 2.6213677721050755e-13 
0.002093627233731879 -0.056303761289433533 2.163011934713423e-13 
-0.0007370971059738162 -0.06311676682688111 1.484989379161355e-13 
-0.002848183515822233 -0.04466631610146262 7.818299352824812e-14 
-0.0028415712025769077 -0.015280270470615498 2.0324802684853964e-14 
-0.0015401787266694365 0.004148104939355798 -1.870109358907733e-14 
-0.0028510925080432303 0.015259488971365063 -3.078575201652515e-5 
-0.0015371367132227037 0.004105244720670539 -7.666495894298753e-5 
-0.0028510925080305434 0.015259488971403626 3.078575190040855e-5 
-0.0015371367132168518 0.004105244720686289 7.666495890536976e-5 
-0.002957957051778037 0.02997785992138533 -1.076647670396698e-13 
-0.0028525525439493022 0.04468330448001319 2.8571431439511404e-5 
-0.0029602232067408906 0.02997830945307283 2.022314392267025e-7 
-0.0028525525439339196 0.04468330448009479 -2.8571431757771016e-5 
-0.002960223206725159 0.029978309453133713 -2.0223165455778644e-7 
-0.0018563274472622438 0.05653906496797869 -2.0697391733768441e-13 
-0.0007383331053405495 0.06315687113933119 6.602277115712885e-5 
-0.0018581106989197895 0.056572257147902566 5.601376659053115e-5 
-0.0007383331053339088 0.06315687113945537 -6.602277164509474e-5 
-0.0018581106989076568 0.056572257148007045 -5.601376700458469e-5 
0.0006819217978004216 0.06325731415269206 -2.685286243521307e-13 
0.0020950295564051325 0.05634294637956739 6.446914351177291e-5 
0.0006820018237632101 0.06330175150702536 7.497794502893428e-5 
0.0020950295563995666 0.05634294637972958 -6.44691440613543e-5 
0.0006820018237632868 0.06330175150717209 -7.497794556598808e-5 
0.0031559166361063524 0.04308353212387462 -2.6289326198725896e-13 
0.0040947949724365225 0.024873654959079707 2.8154721535529406e-5 
0.003157742219011904 0.04311489869953228 5.2910236262862986e-5 
0.004094794972420906 0.024873654959245824 -2.8154722003521577e-5 
0.003157742219001411 0.04311489869970131 -5.291023678836996e-5 
0.004236427645323114 0.0038921756080107606 -1.941734347207816e-13 
0.004205317233860168 -0.017363396599289368 -2.3525045169406988e-5 
0.004239030931898774 0.0038938954556649113 2.9275886625868023e-6 
0.004205317233834868 -0.017363396599122834 2.352504487941326e-5 
0.004239030931877585 0.0038938954558309594 -2.9275890508217516e-6 
0.003335953054650042 -0.03631422422887567 -8.946701443175414e-14 
0.00232903968952745 -0.05062162665558035 -6.471773916249941e-5 
0.003338029252016638 -0.036343689191758406 -4.9632744380368185e-5 
0.002329039689499332 -0.0506216266554119 6.471773910319893e-5 
0.003338029251988614 -0.03634368919159038 4.963274420161286e-5 
0.0008567944542187966 -0.05857944931862571 3.1487628189430076e-14 
-0.0006501718006429105 -0.05916399823313222 -7.509978568030369e-5 
0.0008573171652808149 -0.05862622632121075 -7.881041226397633e-5 
-0.0006501718006646018 -0.05916399823297607 7.509978585532686e-5 
0.0008573171652551882 -0.05862622632104722 7.881041232686768e-5 
-0.0020203556461538762 -0.05237901392056321 1.3621360960530515e-13 
-0.0033050489975407194 -0.03902339560394985 -4.9439247295729974e-5 
-0.0020216509770637605 -0.05242069688823842 -7.023103271154923e-5 
-0.003305048997554104 -0.03902339560381179 4.9439247643019574e-5 
-0.0020216509770810314 -0.052420696888092526 7.023103298420925e-5 
-0.003914474350675604 -0.020816070114744616 2.0099971161425384e-13 
-0.004359114594118422 -3.0899293778541726e-13 2.1635117504931446e-13 
-0.0039169692537028185 -0.02083261931532915 -2.7883861787872964e-5 
-0.004359114594125984 -1.7540912201681084e-13 2.229968612337142e-13 
-0.003916969253713017 -0.020832619315194575 2.7883862189886788e-5 
-0.003914474350806405 0.02081607011459321 2.3278828244671394e-13 
-0.003305048997804622 0.03902339560463724 4.94392477072477e-5 
-0.003916969253835913 0.020832619315039547 2.788386221483864e-5 
-0.003305048997809289 0.03902339560476946 -4.943924721984955e-5 
-0.003916969253841578 0.02083261931517292 -2.788386174926515e-5 
-0.002020355646509116 0.05237901392293543 2.55813344145675e-13 
-0.0006501718010856611 0.05916399823735913 7.509978603635621e-5 
-0.002021650977426228 0.0524206968904733 7.023103309987934e-5 
-0.0006501718010895684 0.05916399823747643 -7.509978549696472e-5 
-0.0020216509774296015 0.05242069689060086 -7.023103258827431e-5 
0.0008567944538221896 0.05857944932508307 2.7946520629938484e-13 
0.002329039689175611 0.050621626663753784 6.471773942485026e-5 
0.0008573171648733829 0.058626226327529195 7.88104125776173e-5 
0.002329039689172229 0.05062162666387504 -6.47177388515794e-5 
0.0008573171648686993 0.058626226327648 -7.88104120187838e-5 
0.0033359530544547285 0.03631422423853995 2.890601877451631e-13 
0.004205317233807394 0.0173633966094089 2.3525045319252585e-5 
0.0033380292518077315 0.03634368920128164 4.963274458821915e-5 
0.0042053172338096705 0.017363396609537396 -2.35250447472695e-5 
0.003338029251806564 0.036343689201406286 -4.9632744010191016e-5 
0.0042364276454604855 -0.003892175597995512 2.774775261453645e-13 
0.0040947949727323405 -0.02487365495032307 -2.815472150071307e-5 
0.004239030932022688 -0.0038938954457911645 -2.927588569966359e-6 
0.0040947949727418035 -0.02487365495019533 2.8154722024934285e-5 
0.004239030932028582 -0.003893895445662725 2.9275891248753404e-6 
0.0031559166365071425 -0.043083532116763676 2.414656710273301e-13 
0.0020950295568600945 -0.05634294637478352 -6.446914357069614e-5 
0.003157742219401082 -0.04311489869256524 -5.291023628029455e-5 
0.002095029556877247 -0.05634294637466906 6.446914400357814e-5 
0.0031577422194145168 -0.043114898692442075 5.291023676336956e-5 
0.0006819217981839675 -0.06325731414990773 1.8601854423499935e-13 
-0.0007383331050648098 -0.06315687113833722 -6.602277125790863e-5 
0.0006820018241377212 -0.06330175150437001 -7.49779451162653e-5 
-0.0007383331050446995 -0.06315687113823529 6.602277155477874e-5 
0.0006820018241562614 -0.06330175150426517 7.497794548845273e-5 
-0.001856327447094355 -0.05653906496798677 1.1169831376542179e-13 
-0.002852552543894781 -0.04468330448066067 -2.8571431525416777e-5 
-0.0018581106987572598 -0.05657225714801146 -5.601376669189497e-5 
-0.002852552543871697 -0.04468330448059094 2.8571431681799693e-5 
-0.0018581106987343664 -0.05657225714792184 5.601376691555592e-5 
-0.0029579570517917425 -0.02997785992205637 4.680310864169097e-14 
-0.002851092508118493 -0.015259488971843017 3.078575197767257e-5 
-0.0029602232067573336 -0.029978309453801585 -2.0223150351871192e-7 
-0.002851092508101258 -0.01525948897181108 -3.0785751937121906e-5 
-0.0029602232067364605 -0.029978309453751083 2.02231597157481e-7 
-0.001540178726714898 -0.0041481049394886714 3.517143846717993e-15 
-0.0015371367132706345 -0.0041052447208170684 7.666495892980947e-5 
-0.0015371367132598543 -0.004105244720803294 -7.666495892253056e-5 
-1.739534605967196e-14 0.015195654704289525 -4.212595467627197e-14 
-2.0231225686966812e-14 0.04474731442885106 -1.2485337327187697e-13 
-1.1375873424420173e-14 0.06330297421222317 -1.9187366097729738e-13 
2.7530114027340727e-15 0.05648551722414518 -2.0693792414046333e-13 
1.5393965240915363e-14 0.02493590868359162 -1.6431537665958465e-13 
2.4450463490092454e-14 -0.017415436293368353 -7.563479378453687e-14 
2.790284198378359e-14 -0.05076476798670304 4.0448976715502687e-14 
2.262089289683603e-14 -0.05933009918660519 1.5264578040006157e-13 
1.3462176281611313e-14 -0.039132741632047656 2.313419495904251e-13 
6.607177261374784e-15 -3.8340897067419935e-13 2.751727199595899e-13 
4.1173749188103465e-15 0.03913274163258573 2.9881807989037184e-13 
4.238692656853299e-15 0.05933009919069189 3.187161180592396e-13 
2.4896236288909197e-15 0.050764767994744046 3.3695252185359775e-13 
-2.926679903847101e-15 0.017415436303360215 3.3926005806557435e-13 
-9.522476580409724e-15 -0.024935908674967294 3.1506131387201483e-13 
-1.527294152825038e-14 -0.05648551721950048 2.6357619571329374e-13 
-1.9664968444286853e-14 -0.0633029742113544 1.9078220301871747e-13 
-1.9742186630671613e-14 -0.044747314429586196 1.0738226813686388e-13 
-1.4360232733249487e-14 -0.015195654704805795 3.37395826684689e-14 
-9.871664818847788e-15 0.003928897131633407 -1.2437942508440288e-14 
0.0014081210658315304 0.015197812025629389 2.7619031500361026e-5 
0.0007689355977019413 0.003938232406807409 8.131157882074786e-5 
-1.9996449475811245e-14 0.02997808288665426 -8.231860284824799e-14 
0.001412396719682837 0.04474394646159374 -2.87333444569458e-5 
0.0014810891817284612 0.029978328860857502 1.683904030211941e-7 
-1.6567380239887187e-14 0.056696918951458515 -1.633686211185525e-13 
0.00036434686593584477 0.06329583707641288 -6.53620507195824e-5 
0.0009296475073151914 0.056691169363474014 -5.664130076474777e-5 
-4.355873825329789e-15 0.06346864949304336 -2.0723268591641237e-13 
-0.0010422247249842309 0.05647860161629019 -6.380202355016378e-5 
-0.00034097847805156077 0.06346089728802853 -7.577829343300068e-5 
9.287792424091087e-15 0.04323266803935033 -1.9244536787539302e-13 
-0.0020352427306230044 0.024932888294975714 -2.7853307075437194e-5 
-0.0015793432402606133 0.04322719311480832 -5.3461408087658645e-5 
2.0246724943983443e-14 0.003900429881430842 -1.2477973143706355e-13 
-0.002089849949837274 -0.01741293059625903 2.3326089555052183e-5 
-0.002120207975235425 0.003900129352683394 -2.9803925460505075e-6 
2.6863480166038298e-14 -0.03645411637189877 -1.938594421617928e-14 
-0.00115740796775543 -0.05075785984712108 6.412505731892143e-5 
-0.001669569975253379 -0.03644897388880683 5.009077316069367e-5 
2.5901516470501307e-14 -0.058801581553566726 9.940610492271291e-14 
0.0003229852336746542 -0.059322080626949936 7.440524224758435e-5 
-0.0004287971736895893 -0.05879341743109875 7.955130888583161e-5 
1.8059581972316104e-14 -0.05257696491946253 1.9699427257930498e-13 
0.0016421820439691324 -0.03912746250600632 4.8980810001232485e-5 
0.0010111763619761592 -0.05256968983932172 7.089390030114584e-5 
9.713123667279595e-15 -0.020894662732835603 2.5694626230838767e-13 
0.0021659389598814778 -3.8317450842837863e-13 3.064717344984427e-13 
0.0019591587633623914 -0.02089177433696706 2.8147338391611156e-5 
4.925161096662944e-15 0.020894662732396724 2.8837930073360306e-13 
0.0016421820440888312 0.03912746250654529 -4.898080940864149e-5 
0.0019591587634230235 0.02089177433652879 -2.81473377834663e-5 
4.072300836825757e-15 0.0525769649215519 3.088322883555249e-13 
0.0003229852338714269 0.059322080631036986 -7.440524171781279e-5 
0.0010111763621399959 0.05256968984141147 -7.089389973419313e-5 
3.717161315746213e-15 0.05880158155974995 3.289406617948836e-13 
-0.0011574079676124657 0.05075785985516151 -6.412505688629166e-5 
-0.0004287971735133992 0.05879341743728157 -7.955130840144946e-5 
3.8511672783947787e-17 0.036454116381293165 3.4110253330500066e-13 
-0.0020898499498451977 0.01741293060625013 -2.3326089238685255e-5 
-0.001669569975182307 0.0364489738982004 -5.009077278607191e-5 
-6.212396392791765e-15 -0.0039004298716836644 3.308254051246933e-13 
-0.0020352427308006475 -0.02493288828635223 2.7853307280691352e-5 
-0.0021202079753303085 -0.0039001293429371552 2.980392804133169e-6 
-1.2500717061469379e-14 -0.04323266803252018 2.925109607152397e-13 
-0.0010422247252320177 -0.05647860161164576 6.380202366488335e-5 
-0.00157934324048232 -0.043227193107978276 5.346140824444148e-5 
-1.7670295666357612e-14 -0.06346864949052419 2.296623714206109e-13 
0.00036434686578803305 -0.06329583707554359 6.536205077092716e-5 
-0.0003409784782553555 -0.06346089728550873 7.577829351273636e-5 
-2.0122507557602226e-14 -0.05669691895167757 1.4898503338636118e-13 
0.001412396719655586 -0.044743946462328245 2.8733344476027172e-5 
0.0009296475072295051 -0.05669116936369235 5.6641300796811906e-5 
-1.7738053281064374e-14 -0.02997808288744631 6.797272601416952e-14 
0.001408121065871753 -0.015197812026145516 -2.7619031492816727e-5 
0.0014810891817395348 -0.029978328861649077 -1.6839039066475696e-7 
-7.920628288568766e-15 -0.003928897131790193 9.715749433736363e-15 
0.000768935597728232 -0.003938232406964472 -8.131157881942522e-5 
-0.001408121065866304 0.01519781202562954 -2.7619031584600418e-5 
-0.0007689355977216903 0.003938232406807864 -8.131157884557384e-5 
-0.0014123967197232881 0.0447439464615935 2.8733344207155363e-5 
-0.0014810891817684554 0.029978328860857592 -1.683905676250702e-7 
-0.00036434686595858445 0.06329583707641266 6.53620503357141e-5 
-0.0009296475073483197 0.05669116936347384 5.6641300437998686e-5 
0.0010422247249897416 0.05647860161628996 6.380202313628803e-5 
0.0003409784780428409 0.06346089728802823 7.577829301847687e-5 
0.0020352427306538 0.024932888294975444 2.785330674678486e-5 
0.0015793432402791902 0.043227193114808035 5.346140770282453e-5 
0.0020898499498861775 -0.017412930596259257 -2.332608970631894e-5 
0.002120207975275901 0.0039001293526834645 2.9803922966019286e-6 
0.0011574079678112442 -0.0507578598471209 -6.412505723800023e-5 
0.0016695699753070865 -0.03644897388880693 -5.009077319949644e-5 
-0.0003229852336294157 -0.05932208062694975 -7.440524194228639e-5 
0.00042879717374138724 -0.0587934174310987 -7.955130868694714e-5 
-0.0016421820439422113 -0.03912746250600624 -4.898080953838108e-5 
-0.0010111763619400419 -0.05256968983932162 -7.089389990709025e-5 
-0.0021659389598682618 -3.829203148551089e-13 2.4400788094262806e-13 
-0.0019591587633429686 -0.020891774336966984 -2.8147337877683196e-5 
-0.0016421820440805982 0.03912746250654516 4.898081000628452e-5 
-0.0019591587634131672 0.020891774336528824 2.8147338360274593e-5 
-0.0003229852338629554 0.059322080631036785 7.440524235534494e-5 
-0.001011176362131846 0.052569689841411416 7.089390035181613e-5 
0.0011574079676174491 0.05075785985516142 6.4125057560278e-5 
0.00042879717352083894 0.058793417437281684 7.95513090592369e-5 
0.00208984994983934 0.01741293060625051 2.3326089917282177e-5 
0.0016695699751823868 0.036448973898200565 5.009077346834261e-5 
0.0020352427307816093 -0.024932888286351918 -2.7853306650637035e-5 
0.0021202079753178966 -0.0039001293429368686 -2.9803921424857907e-6 
0.0010422247252014564 -0.0564786016116451 -6.380202313743082e-5 
0.0015793432404573298 -0.043227193107978346 -5.346140765930799e-5 
-0.0003643468658273648 -0.06329583707554319 -6.536205038927992e-5 
0.00034097847822001955 -0.06346089728550869 -7.577829305342368e-5 
-0.0014123967196950698 -0.04474394646232803 -2.873334426119679e-5 
-0.000929647507269749 -0.056691169363692485 -5.664130049881191e-5 
-0.0014081210659004637 -0.015197812026145561 2.761903156027927e-5 
-0.0014810891817750055 -0.02997832886164934 1.6839052657102818e-7 
-0.0007689355977440731 -0.003938232406964853 8.13115788388037e-5 
1.7004404640840234e-14 0.015195654704367088 -4.211405951245466e-14 
1.928799208914133e-14 0.04474731442901466 -1.250111711954669e-13 
9.983264504588038e-15 0.06330297421247108 -1.919084795431962e-13 
-4.443016655395629e-15 0.056485517224469026 -2.0709872685252704e-13 
-1.7238606973192972e-14 0.024935908683924708 -1.6423655549887658e-13 
-2.6326943599963445e-14 -0.01741543629303628 -7.565672362702418e-14 
-2.96881772268865e-14 -0.05076476798636584 4.0483801507058174e-14 
-2.4432472369242266e-14 -0.05933009918629181 1.523763309545047e-13 
-1.5188431192132966e-14 -0.03913274163176993 2.3115824783268506e-13 
-8.219816832192028e-15 -1.1599504435328248e-13 2.752406424906429e-13 
-5.607056503569801e-15 0.03913274163285059 2.9869783054383715e-13 
-5.573521997842751e-15 0.059330099190927896 3.1907058602731474e-13 
-3.5481662643439506e-15 0.050764767994986124 3.369894799670095e-13 
1.986652901021937e-15 0.01741543630361689 3.393319843943959e-13 
8.854601363418184e-15 -0.02493590867471205 3.1500507207263323e-13 
1.4958138466171212e-14 -0.05648551721927201 2.63856599723624e-13 
1.9338248462909826e-14 -0.06330297421115004 1.9059478747345142e-13 
1.9311972404826292e-14 -0.044747314429445996 1.0729740536502914e-13 
1.415023968232448e-14 -0.015195654704741808 3.371275473263511e-14 
0.0014081210658679444 0.015197812025707124 -2.7619031568414577e-5 
9.668499314979861e-15 0.003928897131665924 -1.2415460857173032e-14 
0.0007689355977232562 0.0039382324068403815 -8.131157883872853e-5 
0.0014123967197243034 0.044743946461757333 2.8733344241302697e-5 
1.9346598349797947e-14 0.02997808288677637 -8.230681422468556e-14 
0.0014810891817696608 0.029978328860979668 -1.6839054216224092e-7 
0.00036434686595906784 0.06329583707666041 6.536205038752398e-5 
1.5369255075668586e-14 0.056696918951667334 -1.632795004094988e-13 
0.0009296475073489646 0.056691169363682646 5.6641300481584095e-5 
-0.0010422247249904512 0.056478601616613756 6.380202320352532e-5 
2.8348679590667722e-15 0.06346864949333657 -2.0712166313110875e-13 
-0.00034097847804263827 0.06346089728832142 7.57782930797256e-5 
-0.0020352427306559165 0.02493288829530841 2.785330681625949e-5 
-1.1167653706830044e-14 0.0432326680396872 -1.9232748709391984e-13 
-0.0015793432402809015 0.043227193115144946 5.346140777302066e-5 
-0.002089849949887993 -0.017412930595926926 -2.332608963715161e-5 
-2.2222223915764908e-14 0.0039004298817628324 -1.2473725477950576e-13 
-0.002120207975277865 0.0039001293530152503 2.9803923656823698e-6 
-0.0011574079678132075 -0.050757859846783736 -6.412505716767466e-5 
-2.8721220000750785e-14 -0.036454116371563206 -1.9385948990223603e-14 
-0.0016695699753088017 -0.03644897388847142 -5.0090773129648114e-5 
0.0003229852336268114 -0.05932208062663632 -7.440524187718487e-5 
-2.7676131766009575e-14 -0.05880158155323979 9.946792747931046e-14 
-0.00042879717374371816 -0.058793417430771884 -7.955130861896599e-5 
0.001642182043939985 -0.03912746250572823 -4.898080948057785e-5 
-1.9753537853411877e-14 -0.052576964919170646 1.9704358681080374e-13 
0.0010111763619375283 -0.052569689839029723 -7.089389984630519e-5 
0.002165938959866644 -1.155900302504741e-13 2.997470983861943e-13 
-1.1458972284987459e-14 -0.02089466273256641 2.5695808342730856e-13 
0.0019591587633410227 -0.020891774336697786 -2.8147337821618566e-5 
0.001642182044078958 0.0391274625068098 4.898081006141034e-5 
-6.496380505262687e-15 0.020894662732663948 2.8841553209897533e-13 
0.0019591587634115518 0.020891774336796023 2.8147338415939298e-5 
0.0003229852338611428 0.05932208063127252 7.440524240486257e-5 
-5.581057616707787e-15 0.05257696492180637 3.088461604089239e-13 
0.0010111763621296471 0.052569689841665955 7.089390040478755e-5 
-0.001157407967618266 0.05075785985540347 6.41250576108573e-5 
-4.908771060608036e-15 0.058801581559987506 3.2900090626322533e-13 
-0.0004287971735218383 0.05879341743751935 7.955130910879704e-5 
-0.0020898499498401626 0.017412930606507056 2.3326089970739673e-5 
-9.807136026890977e-16 0.036454116381543944 3.4114474250926837e-13 
-0.0016695699751829991 0.03644897389845139 5.009077352059675e-5 
-0.002035242730782434 -0.024932888286096928 -2.7853306597626948e-5 
5.487215761924012e-15 -0.003900429871426873 3.3072697314730947e-13 
-0.002120207975318641 -0.0039001293426803637 -2.9803920890853706e-6 
-0.0010422247252027917 -0.05647860161141692 -6.380202308983513e-5 
1.1999794051477707e-14 -0.0432326680322743 2.926279206298398e-13 
-0.0015793432404584077 -0.04322719310773233 -5.3461407608110664e-5 
0.0003643468658266395 -0.06329583707533878 -6.536205034703767e-5 
1.7363109438055956e-14 -0.06346864949031462 2.2975366383688957e-13 
-0.0003409784782208556 -0.06346089728529916 -7.577829300964922e-5 
0.0014123967196928262 -0.044743946462187836 -2.8733344232011772e-5 
1.9748218234703152e-14 -0.05669691895149913 1.4899605378536835e-13 
0.0009296475072679155 -0.05669116936351395 -5.664130046175974e-5 
0.001408121065898633 -0.01519781202608173 2.76190315735941e-5 
1.739279996545218e-14 -0.029978082887345686 6.797175218638044e-14 
0.0014810891817730188 -0.02997832886154868 1.6839054752430308e-7 
7.784475599197747e-15 -0.0039288971317633856 9.702482054176014e-15 
0.0007689355977424856 -0.003938232406938036 8.131157884441434e-5 
-0.0014081210658339499 0.015197812025706935 2.7619031484192624e-5 
-0.0007689355977039115 0.003938232406839936 8.131157881394531e-5 
-0.001412396719685732 0.04474394646175719 -2.873334449125896e-5 
-0.0014810891817309715 0.029978328860979606 1.6839037758462485e-7 
-0.00036434686593910193 0.06329583707666075 -6.536205077137853e-5 
-0.0009296475073182277 0.05669116936368296 -5.6641300808191536e-5 
0.0010422247249815481 0.056478601616614235 -6.380202361767339e-5 
0.0003409784780483115 0.06346089728832191 -7.577829349396204e-5 
0.002035242730621404 0.02493288829530853 -2.7853307144776185e-5 
0.001579343240258607 0.04322719311514529 -5.346140815769715e-5 
0.0020898499498353 -0.017412930595927266 2.332608948594672e-5 
0.0021202079752334598 0.003900129353015547 -2.9803926152376587e-6 
0.001157407967753825 -0.050757859846784166 6.412505724875314e-5 
0.0016695699752513878 -0.03644897388847113 5.009077309076342e-5 
-0.00032298523367565524 -0.05932208062663681 7.44052421821424e-5 
0.000428797173688341 -0.05879341743077189 7.95513088177567e-5 
-0.0016421820439703463 -0.03912746250572868 4.8980809943026834e-5 
-0.0010111763619770468 -0.05256968983902975 7.089390024042077e-5 
-0.00216593895988305 -1.156696362068235e-13 2.5068040596345157e-13 
-0.0019591587633639483 -0.020891774336697828 2.8147338335569847e-5 
-0.0016421820440901797 0.03912746250680994 -4.898080946379628e-5 
-0.001959158763424549 0.02089177433679599 -2.814733783916817e-5 
-0.0003229852338722936 0.059322080631272804 -7.440524176679071e-5 
-0.0010111763621408008 0.05256968984166595 -7.089389978714131e-5 
0.0011574079676111527 0.05075785985540346 -6.412505693669845e-5 
0.00042879717351202795 0.058793417437519424 -7.955130845088114e-5 
0.00208984994984416 0.01741293060650708 -2.3326089292325666e-5 
0.0016695699751810387 0.036448973898451156 -5.0090772838264606e-5 
0.0020352427308001535 -0.024932888286096824 2.785330722752598e-5 
0.002120207975329587 -0.0039001293426804812 2.980392750615621e-6 
0.0010422247252326903 -0.05647860161141706 6.380202361746993e-5 
0.001579343240482422 -0.04322719310773258 5.346140819336223e-5 
-0.00036434686578795526 -0.06329583707533894 6.536205072838387e-5 
0.0003409784782555692 -0.06346089728529933 7.577829346916172e-5 
-0.0014123967196541915 -0.04474394646218789 2.873334444669874e-5 
-0.0009296475072284191 -0.05669116936351396 5.664130075971162e-5 
-0.0014081210658703407 -0.015197812026081408 -2.7619031506178933e-5 
-0.0014810891817382233 -0.029978328861548522 -1.6839041163902664e-7 
-0.0007689355977269027 -0.003938232406937683 -8.131157882506033e-5 
-2.0000303752555743e-16 0.015272667063754198 -4.190806588229795e-14 
-4.657117602512478e-16 0.044679005085374035 -1.2500926470637705e-13 
-6.86485516299046e-16 0.06314394384254648 -1.9227590392927186e-13 
-8.695921184225452e-16 0.0563301950009874 -2.0743496606193016e-13 
-9.327452643861223e-16 0.024868067700902306 -1.646464484788607e-13 
-9.456343174134866e-16 -0.017358799182978737 -7.575376580136755e-14 
-8.767816213069255e-16 -0.05060891744665969 4.047235366588382e-14 
-9.074115440193428e-16 -0.05914924097907136 1.5273266802774887e-13 
-8.825473487199855e-16 -0.039013679052795625 2.314916120910483e-13 
-8.015009056797269e-16 -2.415505749048627e-13 2.7534643971396304e-13 
-7.888796943554391e-16 0.039013679053619396 2.988254719343444e-13 
-6.800902596013728e-16 0.05914924098343584 3.1894742859743574e-13 
-5.150134751068985e-16 0.0506089174549772 3.370716525300438e-13 
-4.596714853133817e-16 0.01735879919324431 3.394637080699994e-13 
-3.2378847297280986e-16 -0.02486806769199952 3.1528309169177856e-13 
-1.8167106091929204e-16 -0.056330194996064564 2.6397095794186504e-13 
-1.7598575257534292e-16 -0.0631439438414391 1.9091119142079354e-13 
-2.3743158519892667e-16 -0.0446790050859451 1.0741829018396584e-13 
-1.1696277381659815e-16 -0.015272667064197214 3.354513856264503e-14 
-9.856301458796082e-17 0.004108748798184791 -1.1913476792893641e-14 
0.0014093250578351274 0.015274805702564783 -3.3892618384480856e-14 
-8.62391993950041e-15 0.015251108218577796 -4.1984777568284314e-14 
0.0007686707900418811 0.004118378224424799 -8.422106509084583e-15 
-4.875528836047085e-15 0.004066864143528333 -1.2036989439092544e-14 
0.0014132786199838286 0.015253442659905336 1.511396911302012e-5 
0.0007674858807088717 0.004076198898260448 3.871631736795371e-5 
-3.214981275211085e-16 0.02997712282102932 -8.222754915183135e-14 
0.0014130020782764452 0.04467573064593673 -1.0800118219905299e-13 
-1.0177957793594949e-14 0.04469587013926322 -1.2495832763307795e-13 
0.001481024509961083 0.02997729134356366 -6.950068879695531e-14 
-1.0092084148138154e-14 0.029977720708285985 -8.225398863675608e-14 
0.0014148523671476173 0.04469262231514727 -1.4303462559965484e-5 
0.0014819301892085256 0.029977861955929618 -6.271991741793018e-8 
-5.987122513539991e-16 0.056562984825855374 -1.6357536494573053e-13 
0.0003645090631394203 0.0631368646738338 -1.664175662833243e-13 
-5.9459166722743475e-15 0.06318413451242053 -1.9218388339419893e-13 
0.0009297023252346381 0.0565571524433899 -1.4185322126437772e-13 
-8.54788792573119e-15 0.05659609583599781 -1.6350672571044233e-13 
0.0003650355251580274 0.06317704278900749 -3.295393547037828e-5 
0.0009304225154776918 0.05659028783561757 -2.805702926866201e-5 
-7.783495706685094e-16 0.0632893678873009 -2.075330867327504e-13 
-0.001042356430708753 0.056323312503586874 -1.7372479033627032e-13 
9.088852516126245e-16 0.056369487194699086 -2.0728643446867228e-13 
-0.00034098831747600503 0.0632815445091431 -1.77035221514801e-13 
-2.560380620588209e-15 0.06333367787724638 -2.0746816631513515e-13 
-0.0010429420142414464 0.0563625891589323 -3.2176244384913664e-5 
-0.00034102276882742763 0.06332588706524547 -3.755422947487266e-5 
-9.166631030069816e-16 0.04310614232284192 -1.9266144898763328e-13 
-0.002035545665224509 0.024865060055216597 -1.298842859015978e-13 
7.151020896532378e-15 0.02488523858500671 -1.6453291068635223e-13 
-0.0015794476569270393 0.04310062209097164 -1.5767817892738226e-13 
4.179051841578961e-15 0.0431374187639721 -1.9264474130434806e-13 
-0.0020368543137970546 0.02488222381284461 -1.405102705915344e-5 
-0.00158019414672361 0.043131921049474824 -2.650003999364306e-5 
-9.875021474130253e-16 0.0038934479281068878 -1.2498686346227776e-13 
-0.0020901664796149377 -0.01735630146556345 -4.1151529063051137e-14 
1.1653350327147281e-14 -0.017373097672480988 -7.573081400408961e-14 
-0.0021203576611384407 0.0038931432817967304 -9.044348519773629e-14 
9.624994975135782e-15 0.003895159113825281 -1.2492286339363726e-13 
-0.0020915372737267753 -0.01737059504632024 1.1745243439923439e-5 
-0.002121422020698251 0.003894856547663457 -1.4681279780056766e-6 
-9.325137665170948e-16 -0.03633537786578403 -1.944118185563912e-14 
-0.0011575835837117335 -0.05060203285332679 7.555436433395486e-14 
1.337145226220783e-14 -0.05064829520188612 4.048741149668626e-14 
-0.00166968971232415 -0.03633019818430813 1.5392393917816297e-14 
1.2930631483924367e-14 -0.03636476734061494 -1.945455400213872e-14 
-0.0011583442937147341 -0.05064139617637261 3.2307318681589704e-5 
-0.001670538609077766 -0.03635960658421987 2.4853584317522472e-5 
-8.963724244297186e-16 -0.058613051516007236 9.961109144823218e-14 
0.00032303547991821 -0.05914124991004687 1.85376085118076e-13 
1.0794203097219995e-14 -0.05919494211383851 1.5268909321647144e-13 
-0.00042882711450639585 -0.05860482740145583 1.3361845531092863e-13 
1.247299064435675e-14 -0.058659706373020926 9.958300944059188e-14 
0.0003232566602498585 -0.059186934155006636 3.748947736244829e-5 
-0.0004290407741158403 -0.05865151281970204 3.946541613940089e-5 
-8.506526254907855e-16 -0.05240896064215457 1.9713963967470362e-13 
0.001642433919839377 -0.03900841804838867 2.6043270079540366e-13 
6.3282195366280024e-15 -0.03904376589521232 2.3153426320902774e-13 
0.0010112517804457745 -0.05240163193039707 2.2768464258273885e-13 
8.609616114050815e-15 -0.05245053431490809 1.9716064646873003e-13 
0.0016435325876663024 -0.039038493746211614 2.467974597434788e-5 
0.0010117815938476267 -0.052443232936433444 3.5169387614954776e-5 
-8.686013229595993e-16 -0.020827960158781068 2.5715717314259236e-13 
0.0021662709274002036 -2.41148958557833e-13 3.032489548304186e-13 
2.9745264384659543e-15 -3.1042303151316217e-13 2.7533921688746464e-13 
0.0019593037503132203 -0.020825050450584515 2.852471769711122e-13 
4.433191117420483e-15 -0.020844465915051666 2.57059735827169e-13 
0.002167718264271375 -3.101322309019851e-13 3.049001339399751e-13 
0.001960324131038945 -0.02084156707025442 1.3963344090694134e-5 
-7.937246041116377e-16 0.020827960158626663 2.8840227358852974e-13 
0.001642433919968676 0.03900841804921333 3.26405744337006e-13 
1.709113563698345e-15 0.039043765895897115 2.9884105189139004e-13 
0.0019593037503787894 0.020825050450430763 3.162177563e-13 
2.0882450938259325e-15 0.020844465914759108 2.8836746070873525e-13 
0.001643532587790776 0.03903849374689672 -2.4679745384553283e-5 
0.0019603241311020436 0.02084156706996254 -1.396334348590061e-5 
-7.357852128386567e-16 0.05240896064452556 3.088112881059998e-13 
0.0003230354801338241 0.059141249914411526 3.435074529393665e-13 
1.7435959359835547e-15 0.0591949421180654 3.1889613819773636e-13 
0.0010112517806237875 0.05240163193276866 3.352768419129328e-13 
1.6754143477460267e-15 0.05245053431714056 3.0876478004809826e-13 
0.00032325666045622786 0.05918693415923351 -3.7489476832986724e-5 
0.0010117815940186468 0.05244323293866649 -3.5169387050105794e-5 
-5.890352853053267e-16 0.058613051522465605 3.289086058309285e-13 
-0.0011575835835427057 0.05060203286164364 3.6240865392049895e-13 
9.369813737498036e-16 0.05064829521006213 3.3707367192780294e-13 
-0.0004288271143073737 0.058604827407913854 3.5374612551351626e-13 
1.5394408179374526e-15 0.058659706379340204 3.289286045682356e-13 
-0.001158344293558591 0.05064139618454802 -3.230731824627472e-5 
-0.00042904077392826034 0.0586515128260211 -3.946541565345701e-5 
-4.827609841363379e-16 0.03633537787545175 3.412990624931324e-13 
-0.0020901664795949498 0.017356301475828187 3.6622694996943895e-13 
-1.721248576407926e-15 0.017373097682604637 3.3940329748784726e-13 
-0.0016696897122257016 0.03633019819397504 3.673534752910234e-13 
-2.3519236897013597e-16 0.03636476735014133 3.4120705711114665e-13 
-0.002091537273720646 0.01737059505644281 -1.1745243119294424e-5 
-0.0016705386089929592 0.0363596065937454 -2.485358393889848e-5 
-3.6806697350176513e-16 -0.0038934479180874246 3.309486519992814e-13 
-0.0020355456653765804 -0.024865060046314696 3.418197549482773e-13 
-4.9026967184259215e-15 -0.024885238576247422 3.1511425522148895e-13 
-0.0021203576612062957 -0.003893143271778147 3.5768724389978496e-13 
-3.2850553352069985e-15 -0.0038951591039475784 3.30950482166656e-13 
-0.002036854313962005 -0.024882223804085928 1.4051027267757511e-5 
-0.002121422020779643 -0.003894856537786558 1.4681282407028628e-6 
-2.278002342892374e-16 -0.04310614231572921 2.927131822406749e-13 
-0.0010423564309388813 -0.05632331249866433 2.8770047604135556e-13 
-7.701648443503959e-15 -0.056369487189915454 2.637900999133234e-13 
-0.001579447657126655 -0.043100622083859154 3.1832958059338043e-13 
-6.363352120881825e-15 -0.04313741875700312 2.9265775679476644e-13 
-0.0010429420144801732 -0.05636258915414842 3.217624449926067e-5 
-0.0015801941469342415 -0.043131921042506245 2.6500040152326102e-5 
-1.4405682314378075e-16 -0.06328936788451872 2.29763174694428e-13 
0.0003645090629992856 -0.06313686467272592 2.1199757899304888e-13 
-9.843024668826781e-15 -0.06318413451142889 1.908479136494595e-13 
-0.00034098831766702 -0.06328154450636057 2.517150933996479e-13 
-8.914083792523266e-15 -0.06333367787459294 2.297897991006053e-13 
0.000365035525014578 -0.0631770427880152 3.295393551875603e-5 
-0.0003410227690244182 -0.06332588706259142 3.7554229552010795e-5 
-1.8684273132153859e-16 -0.056562984825866074 1.4897257203540093e-13 
0.001413002078247094 -0.04467573064650724 1.2197038604741443e-13 
-9.905481552324456e-15 -0.044695870139912754 1.0736946308351086e-13 
0.0009297023251512834 -0.056557152443400045 1.6758907974512112e-13 
-1.0131922601633246e-14 -0.05659609583610903 1.4902946168077978e-13 
0.0014148523671202002 -0.04469262231579632 1.4303462576473974e-5 
0.0009304225153939189 -0.056590287835728115 2.8057029297532915e-5 
-1.6694984840481324e-16 -0.029977122821701754 6.77994901769732e-14 
0.0014093250578706496 -0.015274805703007677 4.012525390455516e-14 
-7.135005064594345e-15 -0.015251108219056479 3.359076798345496e-14 
0.0014810245099682868 -0.02997729134423567 7.82874162094568e-14 
-8.909455731564098e-15 -0.029977720709016133 6.783511952247327e-14 
0.0014132786200227068 -0.015253442660383868 -1.5113969106196444e-5 
0.0014819301892185293 -0.029977861956659472 6.271992794326372e-8 
-6.328908019325451e-17 -0.0041087487983165576 9.277780971182064e-15 
0.0007686707900646374 -0.004118378224556812 1.2115096206738163e-14 
-3.915505497163945e-15 -0.0040668641436737915 9.384874849105141e-15 
0.0007674858807341387 -0.004076198898406203 -3.8716317365323074e-5 
-0.0014093250578355251 0.0152748057025648 -4.9924529168019246e-14 
-0.0007686707900420792 0.0041183782244248015 -1.5355558527887443e-14 
-0.0014132786200010594 0.015253442659905381 -1.5113969196980473e-5 
-0.0007674858807186247 0.004076198898260684 -3.871631739198348e-5 
-0.0014130020782774006 0.044675730645936836 -1.4201831416893589e-13 
-0.0014810245099617242 0.029977291343563615 -9.493318319103256e-14 
-0.001414852367167969 0.04469262231514735 1.4303462310010517e-5 
-0.001481930189228709 0.029977861955929712 6.271975291290721e-8 
-0.0003645090631407823 0.06313686467383386 -2.1816354823869938e-13 
-0.0009297023252358239 0.056557152443390074 -1.852602007527087e-13 
-0.0003650355251699033 0.06317704278900728 3.295393508601309e-5 
-0.0009304225154947851 0.05659028783561743 2.8057028941631395e-5 
0.001042356430707006 0.056323312503587 -2.411531831788433e-13 
0.0003409883174744406 0.0632815445091431 -2.38018576574535e-13 
0.001042942014243252 0.05636258915893235 3.2176243970399e-5 
0.00034102276882229333 0.06332588706524515 3.7554229059905355e-5 
0.0020355456652226267 0.02486506005521661 -1.993977851426825e-13 
0.0015794476569252253 0.04310062209097157 -2.277268159604943e-13 
0.0020368543138113595 0.024882223812844398 1.4051026730092728e-5 
0.001580194146731981 0.04313192104947465 2.6500039608282275e-5 
0.0020901664796130416 -0.017356301465563526 -1.1043846339468627e-13 
0.0021203576611364726 0.003893143281796736 -1.5959308260529766e-13 
0.0020915372737500826 -0.0173705950463202 -1.1745243591474203e-5 
0.0021214220207174616 0.0038948565476635663 1.4681277281264982e-6 
0.0011575835837099647 -0.05060203285332677 5.440571023210184e-15 
0.0016696897123222912 -0.03633019818430809 -5.44348851734788e-14 
0.001158344293741457 -0.05064139617637256 -3.230731860064386e-5 
0.001670538609103641 -0.03635960658422 -2.4853584356460143e-5 
-0.0003230354799200002 -0.059141249910047 1.2015096509600984e-13 
0.0004288271145045922 -0.05860482740145545 6.553175940488527e-14 
-0.0003232566602282668 -0.05918693415500626 -3.748947705693251e-5 
0.00042904077414078256 -0.05865151281970208 -3.946541594026476e-5 
-0.0016424339198411286 -0.039008418048388685 2.0265896926254896e-13 
-0.0010112517804474917 -0.05240163193039714 1.6672626138658465e-13 
-0.0016435325876536352 -0.039038493746211295 -2.467974551130473e-5 
-0.001011781593830428 -0.052443232936433416 -3.516938722064755e-5 
-0.0021662709274018043 -2.411609142478451e-13 2.4753808262371155e-13 
-0.001959303750314952 -0.020825050450584578 2.2907620471764014e-13 
-0.002167718264265438 -3.1012089482674597e-13 2.457843933031311e-13 
-0.0019603241310300772 -0.020841567070254377 -1.3963343576514468e-5 
-0.0016424339199702309 0.03900841804921332 2.712619251733434e-13 
-0.0019593037503803745 0.02082505045043084 2.605850878562018e-13 
-0.001643532587787357 0.03903849374689668 2.467974598222047e-5 
-0.00196032413109786 0.020841567069962565 1.3963344062705994e-5 
-0.0003230354801352003 0.059141249914411435 2.943556670910205e-13 
-0.0010112517806252512 0.052401631932768374 2.8230603039099335e-13 
-0.000323256660452712 0.059186934159233213 3.748947747076746e-5 
-0.0010117815940152957 0.05244323293866658 3.516938766768127e-5 
0.0011575835835417032 0.05060203286164361 3.1191178950121087e-13 
0.000428827114306163 0.05860482740791389 3.0412518009295025e-13 
0.001158344293560458 0.05064139618454773 3.230731892050146e-5 
0.00042904077393132555 0.05865151282602108 3.946541631138014e-5 
0.0020901664795940334 0.017356301475828166 3.1277000353228284e-13 
0.0016696897122247271 0.03633019819397497 3.1518431636153506e-13 
0.0020915372737172148 0.017370595056442763 1.1745243798168148e-5 
0.0016705386089924934 0.03635960659374555 2.485358462131222e-5 
0.002035545665375943 -0.02486506004631486 2.886162223121496e-13 
0.002120357661205553 -0.003893143271778054 3.0418387314786586e-13 
0.0020368543139521996 -0.02488222380408566 -1.4051026637405428e-5 
0.002121422020773073 -0.003894856537786745 -1.4681275788277308e-6 
0.0010423564309385194 -0.056323312498664534 2.40166066997109e-13 
0.001579447657126212 -0.04310062208385934 2.671410090508328e-13 
0.0010429420144647743 -0.05636258915414853 -3.217624397156592e-5 
0.0015801941469215305 -0.043131921042506224 -2.650003956696035e-5 
-0.0003645090629996226 -0.06313686467272589 1.6973120560283592e-13 
0.00034098831766671826 -0.0632815445063604 2.0791972888672177e-13 
-0.0003650355250342649 -0.06317704278801509 -3.295393513704534e-5 
0.00034102276900661074 -0.0633258870625914 -3.755422909241268e-5 
-0.0014130020782475426 -0.04467573064650711 9.281050437456139e-14 
-0.0009297023251516587 -0.056557152443399865 1.3035334142029287e-13 
-0.001414852367140017 -0.044692622315796425 -1.4303462361710462e-5 
-0.0009304225154141953 -0.05659028783572814 -2.8057028999507368e-5 
-0.001409325057870874 -0.01527480570300755 2.6946910163507363e-14 
-0.0014810245099686182 -0.029977291344235775 5.72868650943076e-14 
-0.0014132786200369636 -0.015253442660383879 1.5113969173362718e-5 
-0.001481930189236345 -0.029977861956659486 -6.27197922845534e-8 
-0.0007686707900647643 -0.004118378224556823 6.390567941866428e-15 
-0.0007674858807419716 -0.004076198898406386 3.871631738404667e-5 
8.22410503550984e-15 0.015251108218616468 -4.1978137535860953e-14 
4.676438649512202e-15 0.004066864143544483 -1.2025023008527702e-14 
0.0014132786200026107 0.015253442659944046 -1.511396918087692e-5 
0.0007674858807201537 0.004076198898276847 -3.871631738507095e-5 
9.229271376584006e-15 0.0446958701393446 -1.2502782438627135e-13 
9.450471478539727e-15 0.029977720708346967 -8.224995045841584e-14 
0.001414852367168912 0.04469262231522846 1.43034623440964e-5 
0.001481930189229858 0.029977861955990663 6.271977836368257e-8 
4.570023468236641e-15 0.06318413451254427 -1.9214619017775928e-13 
7.348446326620345e-15 0.05659609583610206 -1.6348648741159695e-13 
0.0003650355251703592 0.06317704278913105 3.295393513778476e-5 
0.000930422515495367 0.056590287835721766 2.8057028985123562e-5 
-2.629549114918231e-15 0.056369487194861456 -2.0729759805774543e-13 
1.0223053534850606e-15 0.06333367787739272 -2.074142805342648e-13 
-0.0010429420142440264 0.05636258915909444 3.2176244037718356e-5 
-0.00034102276882218253 0.06332588706539158 3.755422912098172e-5 
-9.038653318503803e-15 0.024885238585172935 -1.644922922413508e-13 
-6.0186775337770114e-15 0.0431374187641407 -1.9260759229280828e-13 
-0.0020368543138135 0.02488222381301082 1.4051026799564871e-5 
-0.0015801941467336591 0.04313192104964328 2.650003967843259e-5 
-1.3534740396358924e-14 -0.01737309767231501 -7.580969704332326e-14 
-1.1570572123212508e-14 0.003895159113991119 -1.2493810517947025e-13 
-0.002091537273751915 -0.017370595046154208 -1.174524352227323e-5 
-0.0021214220207194517 0.003894856547829345 1.4681277972946564e-6 
-1.5148860333388078e-14 -0.050648295201717604 4.0472033520139543e-14 
-1.4806546660655344e-14 -0.03636476734044715 -1.9510182731045124e-14 
-0.0011583442937434295 -0.050641396176204015 -3.230731853041787e-5 
-0.0016705386091053639 -0.036359606584052025 -2.4853584286629514e-5 
-1.258711452640466e-14 -0.05919494211368221 1.5269008909143716e-13 
-1.4262678367098418e-14 -0.05865970637285726 9.946501652914518e-14 
0.000323256660225693 -0.0591869341548502 -3.748947699179518e-5 
-0.00042904077414309614 -0.058651512819538384 -3.946541587224179e-5 
-8.06909561509872e-15 -0.039043765895074224 2.313644492726664e-13 
-1.031585793905912e-14 -0.05245053431476171 1.972146104369933e-13 
0.00164353258765141 -0.03903849374607326 -2.467974545349747e-5 
0.0010117815938279358 -0.052443232936287124 -3.5169387159764095e-5 
-4.570256033979343e-15 -1.7681952277669177e-13 2.7536106254091667e-13 
-6.17107834990159e-15 -0.020844465914916878 2.571153276397734e-13 
0.002167718264263835 -1.7644411403441262e-13 3.0153971381595194e-13 
0.001960324131028143 -0.020841567070119627 -1.3963343520371372e-5 
-3.2323450631827148e-15 0.039043765896029585 2.9877676283405027e-13 
-3.671575054024736e-15 0.020844465914892574 2.883780897859477e-13 
0.0016435325877856852 0.039038493747029133 2.4679746037352153e-5 
0.0019603241310962405 0.02084156707009605 1.3963344118318249e-5 
-3.1282465548436017e-15 0.05919494211818267 3.189775253020194e-13 
-3.154146697477449e-15 0.05245053431726806 3.0883603871723914e-13 
0.0003232566604509009 0.0591869341593509 3.74894775201284e-5 
0.001011781594013142 0.052443232938794035 3.516938772068966e-5 
-1.9810856176231795e-15 0.05064829521018319 3.371713094338637e-13 
-2.7255605947614472e-15 0.05865970637945909 3.289692568808021e-13 
-0.001158344293561246 0.05064139618466913 3.2307318971020076e-5 
-0.0004290407739323481 0.05865151282614001 3.9465416360875555e-5 
7.7828593818964815e-16 0.01737309768273302 3.394428895607182e-13 
-7.137307601346291e-16 0.036364767350266454 3.412361221005626e-13 
-0.0020915372737180314 0.017370595056571275 1.174524385162116e-5 
-0.0016705386089931305 0.03635960659387063 2.485358467358181e-5 
4.24009338043764e-15 -0.024885238576119472 3.15175440319987e-13 
2.5663673977924126e-15 -0.0038951591038191204 3.308310080666566e-13 
-0.0020368543139530015 -0.024882223803957926 -1.4051026584275054e-5 
-0.002121422020773814 -0.003894856537658144 -1.4681275253860522e-6 
7.344796361249218e-15 -0.05636948718980088 2.6397562343339747e-13 
5.894415662675176e-15 -0.04313741875687989 2.927144103796444e-13 
-0.001042942014466099 -0.05636258915403393 -3.2176243923930863e-5 
-0.0015801941469225662 -0.04313192104238292 -2.6500039515754127e-5 
9.48727308821375e-15 -0.06318413451132676 1.9078956260061918e-13 
8.607936171209646e-15 -0.06333367787448804 2.2978296570115444e-13 
0.0003650355250335168 -0.06317704278791329 -3.29539350948257e-5 
-0.00034102276900741256 -0.06332588706248639 -3.7554229048668595e-5 
9.477480189800949e-15 -0.044695870139843094 1.073372521184797e-13 
9.764313536407067e-15 -0.05659609583601936 1.489510763088655e-13 
0.0014148523671378315 -0.04469262231572679 -1.4303462332588248e-5 
0.0009304225154124152 -0.05659028783563852 -2.805702896240265e-5 
6.9146833005907684e-15 -0.015251108219024716 3.35874659292842e-14 
8.571604563473306e-15 -0.029977720708965767 6.784873405754609e-14 
0.001413278620035203 -0.015253442660352187 1.5113969186602046e-5 
0.0014819301892344098 -0.029977861956609127 -6.271977128587669e-8 
3.786394333177611e-15 -0.0040668641436604185 9.375620325712945e-15 
0.0007674858807404179 -0.00407619889839301 3.87163173897312e-5 
-0.0014132786199861744 0.015253442659944012 1.5113969096939248e-5 
-0.0007674858807108017 0.004076198898276616 3.8716317361063346e-5 
-0.0014148523671504607 0.04469262231522879 -1.4303462594132783e-5 
-0.001481930189210964 0.02997786195599065 -6.271994284493241e-8 
-0.0003650355251612218 0.06317704278913122 -3.2953935522173415e-5 
-0.0009304225154806656 0.05659028783572181 -2.805702931212004e-5 
0.0010429420142387595 0.05636258915909447 -3.217624445239049e-5 
0.00034102276882422386 0.06332588706539176 -3.755422953581789e-5 
0.002036854313795416 0.024882223813010584 -1.4051027128640493e-5 
0.001580194146721647 0.04313192104964353 -2.6500040063652168e-5 
0.002091537273724814 -0.01737059504615417 1.1745243370756087e-5 
0.0021214220206963014 0.0038948565478294436 -1.4681280471327124e-6 
0.0011583442937131252 -0.050641396176204126 3.2307318611377205e-5 
0.0016705386090757675 -0.036359606584052136 2.485358424767091e-5 
-0.00032325666025085926 -0.05918693415485022 3.7489477297136384e-5 
0.00042904077411457 -0.05865151281953846 3.946541607131975e-5 
-0.0016435325876675486 -0.03903849374607319 2.4679745916304094e-5 
-0.0010117815938485717 -0.052443232936287186 3.5169387554153796e-5 
-0.002167718264272977 -1.7647803444691082e-13 2.4918615647788914e-13 
-0.001960324131040492 -0.02084156707011969 1.3963344034625834e-5 
-0.001643532587792149 0.03903849374702907 -2.467974543972637e-5 
-0.00196032413110358 0.020841567070096025 -1.3963343541518222e-5 
-0.0003232566604571398 0.05918693415935041 -3.7489476882127774e-5 
-0.0010117815940194508 0.05244323293879395 -3.516938710305308e-5 
0.0011583442935573015 0.050641396184669 -3.230731829678764e-5 
0.000429040773926893 0.05865151282614002 -3.9465415703010794e-5 
0.002091537273719606 0.017370595056571014 -1.1745243172813397e-5 
0.0016705386089916874 0.03635960659387053 -2.4853583991062523e-5 
0.002036854313961497 -0.02488222380395796 1.405102721460864e-5 
0.0021214220207789384 -0.003894856537658274 1.4681281872184776e-6 
0.0010429420144808055 -0.056362589154034096 3.217624445191148e-5 
0.0015801941469343484 -0.043131921042382976 2.6500040101205265e-5 
-0.000365035525014534 -0.06317704278791308 3.2953935476343986e-5 
0.00034102276902461186 -0.06332588706248647 3.7554229508242496e-5 
-0.0014148523671188749 -0.044692622315726606 1.4303462547227725e-5 
-0.0009304225153928944 -0.0565902878356385 2.8057029260348135e-5 
-0.0014132786200213873 -0.015253442660352005 -1.5113969119463496e-5 
-0.0014819301892172597 -0.029977861956609102 6.271990695924099e-8 
-0.0007674858807328379 -0.004076198898392826 -3.871631737101825e-5 

VECTORS eigenmode7 float
0.0 0.0 0.0 
0.0 0.0 0.0 
0.0 0.0 0.0 
0.0 0.0 0.0 
0.0 0.0 0.0 
0.0 0.0 0.0 
0.0 0.0 0.0 
0.0 0.0 0.0 
0.0 0.0 0.0 
0.0 0.0 0.0 
0.0 0.0 0.0 
0.0 0.0 0.0 
0.0 0.0 0.0 
0.0 0.0 0.0 
0.0 0.0 0.0 
0.0 0.0 0.0 
0.0 0.0 0.0 
0.0 0.0 0.0 
0.0 0.0 0.0 
0.0 0.0 0.0 
0.0 0.0 0.0 
0.0 0.0 0.0 
0.0 0.0 0.0 
0.0 0.0 0.0 
0.0 0.0 0.0 
0.0 0.0 0.0 
0.0 0.0 0.0 
0.0 0.0 0.0 
0.0 0.0 0.0 
0.0 0.0 0.0 
0.0 0.0 0.0 
0.0 0.0 0.0 
0.004379190505270705 4.0858931277609927e-5 0.010531734493673365 
0.0055796654018832525 -8.62562537207754e-6 0.03259775158242899 
0.004009700599834358 -5.7619546021732906e-5 0.05358392863550387 
0.0006049573590735795 -8.401023200033525e-5 0.06371853486402904 
-0.003355442257069543 -8.132379032762703e-5 0.05793428122312282 
-0.006544236431831682 -5.200007417965484e-5 0.03673421388686725 
-0.00792836388227593 -5.768726996683382e-6 0.005676554352114169 
-0.007045171230957425 4.310080679395082e-5 -0.026476032038296172 
-0.004122191648328476 7.984278102894956e-5 -0.05046130558802571 
-1.6261462602709495e-13 9.344504966376794e-5 -0.05931571636158008 
0.004122191648028632 7.984278119335656e-5 -0.050461305589443076 
0.007045171230766705 4.310080693263105e-5 -0.02647603204077017 
0.007928363882247647 -5.7687270298909084e-6 0.005676554349238345 
0.006544236431955459 -5.20000743671994e-5 0.03673421388426298 
0.0033554422572700947 -8.132379055462986e-5 0.05793428122124013 
-0.0006049573588915065 -8.401023217317277e-5 0.06371853486293827 
-0.0040097005997109456 -5.7619546108237765e-5 0.053583928635008854 
-0.005579665401824418 -8.625625401780628e-6 0.03259775158228371 
-0.004379190505255406 4.0858931271748337e-5 0.010531734493656202 
0.0024532596369357448 0.00011505751612507561 0.0030405379785341568 
0.005248575119942019 2.8610271370436822e-5 0.02095812489451405 
0.0050014707978127656 -3.508633385697869e-5 0.043932986540692075 
0.002414024347266069 -7.608294037852652e-5 0.06045688761852579 
-0.0013865076851981156 -8.838954978507085e-5 0.0629226187298152 
-0.00506815285306121 -7.113731143197864e-5 0.049021151898723817 
-0.007422467757140988 -3.0891833264939666e-5 0.021937957229489775 
-0.007683445432249677 1.9645885868686938e-5 -0.010865489350492823 
-0.00573151920142664 6.510432465893192e-5 -0.040012289492025135 
-0.0021158226122455926 9.182808816665025e-5 -0.057065778294096606 
0.002115822611926445 9.182808826858053e-5 -0.057065778294826335 
0.005731519201174689 6.510432483748556e-5 -0.04001228949404059 
0.007683445432139031 1.96458859306682e-5 -0.010865489353257792 
0.007422467757192923 -3.089183338740663e-5 0.02193795722667474 
0.0050681528532322126 -7.113731165456627e-5 0.049021151896446236 
0.0013865076853952396 -8.83895499935478e-5 0.06292261872834291 
-0.002414024347112453 -7.608294050569684e-5 0.06045688761776245 
-0.005001470797721761 -3.508633390932168e-5 0.043932986540403215 
-0.005248575119907679 2.8610271355303874e-5 0.02095812489445375 
-0.002453259636930577 0.0001150575161239334 0.0030405379785324008 
-0.004379190505256757 -4.0858931208569965e-5 0.010531734493672992 
-0.005579665401863401 8.62562560243348e-6 0.03259775158242905 
-0.004009700599818265 5.761954641969684e-5 0.05358392863550452 
-0.0006049573590714692 8.40102324719389e-5 0.06371853486402966 
0.003355442257049451 8.132379068262699e-5 0.05793428122312348 
0.006544236431801968 5.200007424995954e-5 0.03673421388686681 
0.007928363882248544 5.768726741634451e-6 0.005676554352113655 
0.007045171230948323 -4.3100807271209804e-5 -0.026476032038297216 
0.0041221916483427145 -7.984278151620341e-5 -0.05046130558802639 
1.8822270620992655e-13 -9.344504997377513e-5 -0.05931571636157956 
-0.0041221916480208235 -7.984278135696325e-5 -0.05046130558944211 
-0.007045171230778136 -4.3100807150242853e-5 -0.026476032040770002 
-0.007928363882254177 5.768726687188801e-6 0.005676554349237536 
-0.006544236431939962 5.200007404138074e-5 0.0367342138842619 
-0.003355442257241482 8.132379043412535e-5 0.057934281221240565 
0.0006049573589114288 8.40102322793484e-5 0.0637185348629387 
0.004009700599714962 5.761954631506777e-5 0.05358392863501005 
0.005579665401815134 8.625625563368651e-6 0.03259775158228447 
0.004379190505245972 -4.085893121892578e-5 0.010531734493656015 
-0.002453259636928418 -0.00011505751610737624 0.0030405379785333766 
-0.005248575119924777 -2.8610271227247048e-5 0.020958124894513805 
-0.00500147079779432 3.50863341767039e-5 0.04393298654069256 
-0.002414024347256446 7.608294083108082e-5 0.06045688761852666 
0.0013865076851890536 8.838955022684206e-5 0.06292261872981625 
0.0050681528530358184 7.113731165686811e-5 0.04902115189872428 
0.007422467757111689 3.0891833170132644e-5 0.021937957229489685 
0.00768344543223098 -1.96458862580236e-5 -0.010865489350493888 
0.005731519201429036 -6.510432517069075e-5 -0.040012289492026606 
0.002115822612266695 -9.182808857968683e-5 -0.05706577829409718 
-0.0021158226119086434 -9.182808848278806e-5 -0.05706577829482542 
-0.005731519201177331 -6.510432500374112e-5 -0.040012289494039684 
-0.007683445432149043 -1.9645886216453547e-5 -0.010865489353257742 
-0.007422467757188753 3.0891833025211615e-5 0.021937957226673483 
-0.005068152853209188 7.113731141372318e-5 0.04902115189644555 
-0.0013865076853702583 8.838954999678192e-5 0.06292261872834344 
0.0024140243471243855 7.608294068196224e-5 0.060456887617763654 
0.005001470797718766 3.5086334109718864e-5 0.04393298654040409 
0.005248575119897852 -2.861027124907973e-5 0.02095812489445372 
0.0024532596369255975 -0.00011505751611036703 0.0030405379785319103 
0.004379190505255996 -4.0858931186276586e-5 0.010531734493682218 
0.005579665401863567 8.625625648925001e-6 0.03259775158244822 
0.004009700599819098 5.761954648650298e-5 0.053583928635532324 
0.0006049573590725703 8.401023256136759e-5 0.06371853486406719 
-0.0033554422570476116 8.132379078743527e-5 0.057934281223167315 
-0.006544236431799737 5.200007437254957e-5 0.03673421388691824 
-0.007928363882245864 5.7687268797787825e-6 0.005676554352171264 
-0.007045171230945401 -4.310080711965307e-5 -0.026476032038234027 
-0.0041221916483395685 -7.98427813532451e-5 -0.05046130558795874 
-1.8538004380139068e-13 -9.344504980885158e-5 -0.05931571636151082 
0.004122191648023992 -7.984278119249287e-5 -0.05046130558937379 
0.007045171230781063 -4.3100806987695876e-5 -0.02647603204070242 
0.007928363882257365 5.7687268398129754e-6 0.00567655434930107 
0.00654423643194348 5.20000741802941e-5 0.036734213884319675 
0.0033554422572443935 8.132379055990974e-5 0.05793428122129278 
-0.0006049573589083369 8.401023239106877e-5 0.06371853486298518 
-0.004009700599711636 5.761954640289119e-5 0.053583928635046484 
-0.005579665401811932 8.625625621619556e-6 0.03259775158230846 
-0.004379190505243467 -4.085893119095068e-5 0.0105317344936675 
0.0024532596369273804 -0.00011505751609803594 0.003040537978537336 
0.005248575119924438 -2.8610271192396334e-5 0.02095812489452839 
0.00500147079779481 3.50863342334791e-5 0.04393298654071613 
0.002414024347257323 7.608294090819865e-5 0.06045688761855873 
-0.0013865076851872498 8.83895503245003e-5 0.06292261872985674 
-0.005068152853033799 7.113731177081775e-5 0.049021151898771785 
-0.00742246775710931 3.089183330123763e-5 0.021937957229544204 
-0.0076834454322282164 -1.964588611245078e-5 -0.01086548935043326 
-0.005731519201426311 -6.510432501311143e-5 -0.04001228949196088 
-0.00211582261226347 -9.18280884167506e-5 -0.05706577829402929 
0.002115822611911682 -9.18280883165851e-5 -0.057065778294756085 
0.005731519201180232 -6.510432484036127e-5 -0.04001228949397179 
0.007683445432152231 -1.9645886058135557e-5 -0.010865489353191985 
0.007422467757192077 3.089183317234091e-5 0.021937957226734788 
0.005068152853212379 7.113731154539065e-5 0.04902115189650028 
0.001386507685373296 8.838955011740135e-5 0.06292261872839369 
-0.0024140243471210384 7.608294078323988e-5 0.06045688761780589 
-0.00500147079771551 3.508633418386181e-5 0.04393298654043493 
-0.005248575119895051 -2.8610271205649835e-5 0.020958124894471804 
-0.0024532596369234933 -0.00011505751609856558 0.0030405379785367853 
-0.004379190505268505 4.085893125532412e-5 0.010531734493682646 
-0.005579665401880609 -8.625625418518589e-6 0.032597751582448355 
-0.004009700599831254 -5.761954608890067e-5 0.053583928635531984 
-0.000604957359069881 -8.401023208981406e-5 0.06371853486406631 
0.0033554422570732335 -8.132379043231886e-5 0.057934281223166274 
0.006544236431835901 -5.200007430196889e-5 0.03673421388691779 
0.007928363882280288 -5.768727135205986e-6 0.005676554352171872 
0.007045171230961609 4.3100806642314424e-5 -0.026476032038232893 
0.004122191648332082 7.984278086602951e-5 -0.050461305587957445 
1.6607675773018405e-13 9.344504949878704e-5 -0.059315716361511304 
-0.004122191648026008 7.984278102888424e-5 -0.050461305589374554 
-0.00704517123076427 4.3100806769973205e-5 -0.026476032040702355 
-0.007928363882245685 -5.768727182600332e-6 0.005676554349301994 
-0.00654423643195384 -5.2000074506041605e-5 0.036734213884320716 
-0.00335544225726828 -8.132379068043108e-5 0.05793428122129263 
0.000604957358892478 -8.401023228489431e-5 0.06371853486298452 
0.004009700599711099 -5.7619546196148286e-5 0.053583928635045526 
0.005579665401823919 -8.625625460153042e-6 0.03259775158230817 
0.004379190505254227 4.085893124378179e-5 0.010531734493667797 
-0.002453259636933992 0.00011505751611568953 0.0030405379785380412 
-0.00524857511993951 2.8610271335461385e-5 0.0209581248945286 
-0.00500147079780992 -3.508633391389943e-5 0.043932986540715896 
-0.00241402434726258 -7.608294045558158e-5 0.06045688761855807 
0.0013865076852016265 -8.838954988272762e-5 0.06292261872985568 
0.005068152853065318 -7.113731154597536e-5 0.04902115189877142 
0.007422467757145228 -3.089183339608276e-5 0.021937957229544534 
0.00768344543225396 1.964588572303707e-5 -0.010865489350432115 
0.0057315192014307185 6.510432450146882e-5 -0.04001228949195965 
0.002115822612249008 9.182808800368396e-5 -0.05706577829402879 
-0.002115822611923446 9.182808810252662e-5 -0.0570657782947572 
-0.005731519201171943 6.510432467451264e-5 -0.040012289493972716 
-0.007683445432137019 1.9645885772228263e-5 -0.010865489353191796 
-0.007422467757191218 -3.089183353438921e-5 0.021937957226735978 
-0.005068152853230523 -7.113731178625067e-5 0.04902115189650126 
-0.0013865076853938456 -8.838955011397054e-5 0.06292261872839316 
0.002414024347112957 -7.608294060725522e-5 0.06045688761780494 
0.0050014707977216015 -3.5086333983349104e-5 0.0439329865404343 
0.005248575119906994 2.86102713118972e-5 0.020958124894471866 
0.002453259636929173 0.000115057516112165 0.003040537978537396 
0.0 0.0 0.0 
0.0 0.0 0.0 
0.0 0.0 0.0 
0.0 0.0 0.0 
0.0 0.0 0.0 
0.0 0.0 0.0 
0.0 0.0 0.0 
0.0 0.0 0.0 
0.0 0.0 0.0 
0.0 0.0 0.0 
0.0 0.0 0.0 
0.0 0.0 0.0 
0.0 0.0 0.0 
0.0 0.0 0.0 
0.0 0.0 0.0 
0.0 0.0 0.0 
0.0 0.0 0.0 
0.0 0.0 0.0 
6.9645721242277e-15 3.478189007700651e-14 0.010474587867317614 
9.946227829977653e-15 1.1527728190873481e-13 0.03260733742936561 
8.016963411650591e-15 1.9873520861189628e-13 0.05365573329955033 
1.052613485358686e-15 2.3546707716785907e-13 0.06382304557842959 
-9.983061572337967e-15 1.7688671915333432e-13 0.05803527815888352 
-1.4868076129609967e-14 3.514275891164467e-14 0.03679877977586841 
-1.3705764309537203e-14 -1.2726644442524852e-13 0.005683829661829269 
-4.582314538362841e-15 -2.378933751493563e-13 -0.026529270561101364 
7.130299187348326e-15 -2.4291952171766066e-13 -0.05056002757836607 
1.2820939762343731e-14 -1.5531913895339988e-13 -0.059431275045675185 
3.907553767068699e-15 -8.222062737306548e-14 -0.05056002757978514 
-5.6860919890080284e-15 -1.0865024658894399e-13 -0.0265292705635793 
-3.266990526231195e-15 -1.7063345273064283e-13 0.005683829658948841 
7.69752739761801e-15 -1.6221683639075893e-13 0.036798779773260806 
1.429679734569707e-14 -6.028429264086567e-14 0.05803527815700007 
9.990182614283684e-15 5.2679128255760944e-14 0.0638230455773398 
2.0252883469861697e-15 1.0273863067650417e-13 0.05365573329905732 
-4.648764630065746e-15 8.066180929800481e-14 0.03260733742922222 
-4.66601952265344e-15 2.661238117100301e-14 0.010474587867301243 
0.0021504007799364325 2.146662773484821e-5 0.010491130681734706 
3.672363678422612e-15 9.268837105136881e-15 0.0029098872549046975 
0.0012015266969296222 5.676543410210091e-5 0.002940676527184295 
-0.002150400779922472 -2.1466627665406867e-5 0.01049113068173454 
-0.0012015266969222923 -5.676543408376306e-5 0.0029406765271839126 
0.0027478155318032393 -4.1854212853283165e-6 0.032605328357578074 
8.61551484329091e-15 7.168985788086766e-14 0.020925048185629104 
0.002609847002998116 1.4107358729158978e-5 0.020932853906389756 
-0.0027478155317833463 4.185421515805354e-6 0.032605328357578074 
-0.002609847002980886 -1.4107358585760715e-5 0.02093285390638966 
0.00197601149057059 -2.920845879511111e-5 0.053637220310001184 
9.20363797539561e-15 1.596750673442991e-13 0.04397285944197727 
0.0024907206801325315 -1.7246347472560786e-5 0.043963344855755836 
-0.001976011490554511 2.920845919240997e-5 0.053637220310001406 
-0.002490720680114107 1.724634779182947e-5 0.04396334485575603 
0.00029365851386476994 -4.257933652260573e-5 0.06379605670125557 
4.8230270002287495e-15 2.257943252098146e-13 0.06054448994945185 
0.0012019191752463717 -3.752012558337679e-5 0.060523428907613634 
-0.00029365851386263975 4.2579336993657575e-5 0.06379605670125589 
-0.001201919175236743 3.752012603538448e-5 0.060523428907614044 
-0.0016655793478108783 -4.1195905667259586e-5 0.05800922187859649 
-4.569368649122188e-15 2.2014863847773182e-13 0.06302477759274092 
-0.0006927046296045895 -4.363781417616377e-5 0.06300013952190042 
0.0016655793477908516 4.119590602125726e-5 0.05800922187859675 
0.000692704629595475 4.3637814617162364e-5 0.06300013952190095 
-0.0032436496611148572 -2.6340154865244996e-5 0.03678212352495846 
-1.2710819081144899e-14 1.1213443963728183e-13 0.049103469842757964 
-0.002528412636284253 -3.513354455435632e-5 0.049083595447002915 
0.0032436496610851046 2.6340154935366093e-5 0.036782123524958195 
0.002528412636258833 3.5133544779128524e-5 0.04908359544700317 
-0.003928398165371958 -2.9397812454556536e-6 0.005681926886812737 
-1.459471576963764e-14 -4.725101224699827e-14 0.021973660151508232 
-0.0037023277202403336 -1.525050786208698e-5 0.021965051101805317 
0.003928398165344516 2.9397809906365843e-6 0.0056819268868125335 
0.003702327720211098 1.5250507767530867e-5 0.021965051101805157 
-0.0034903878039172684 2.1788968310370012e-5 -0.02651559978786022 
-9.33673443714677e-15 -1.940155720005535e-13 -0.010888401832105876 
-0.0038323153296585845 9.728433962511268e-6 -0.010882827071896785 
0.00349038780390811 -2.178896878633795e-5 -0.026515599787860725 
0.0038323153296399045 -9.728434350927156e-6 -0.010882827071897359 
-0.0020421652559077163 4.037895155383195e-5 -0.05053465435375956 
1.2378743982113616e-15 -2.550837878646215e-13 -0.04008795028797 
-0.002858688732253078 3.2200295918168675e-5 -0.04006960575273402 
0.002042165255921976 -4.037895203984817e-5 -0.05053465435375987 
0.002858688732255526 -3.220029642872562e-5 -0.04006960575273475 
-7.422122006820926e-14 4.726088476063637e-5 -0.05940157030789259 
1.04793429881117e-14 -2.0629492692399006e-13 -0.05717245381058715 
-0.0010552938584761432 4.541166415510778e-5 -0.057146599660849916 
9.986883321147082e-14 -4.726088507118029e-5 -0.05940157030789249 
0.0010552938584971752 -4.541166456777953e-5 -0.057146599660850145 
0.002042165255764749 4.0378951716111144e-5 -0.05053465435517825 
8.907810330470973e-15 -1.076506247523186e-13 -0.057172453811316984 
0.001055293858326643 4.5411664255079275e-5 -0.05714659966157998 
-0.002042165255756933 -4.037895188030302e-5 -0.05053465435517785 
-0.0010552938583088145 -4.5411664470207355e-5 -0.05714659966157946 
0.003490387803817406 2.1788968444098548e-5 -0.026515599790337033 
-1.300109672104086e-15 -8.363585537141565e-14 -0.04008795028998758 
0.0028586887321274644 3.220029609283939e-5 -0.04006960575475152 
-0.0034903878038288357 -2.178896866151766e-5 -0.02651559979033712 
-0.002858688732130098 -3.220029625982284e-5 -0.04006960575475101 
0.00392839816534892 -2.9397812836139678e-6 0.005681926883933628 
-4.9722595033412316e-15 -1.4263976509107645e-13 -0.010888401834874691 
0.003832315329596153 9.728434018790938e-6 -0.010882827074664819 
-0.003928398165355459 2.939780941757456e-6 0.005681926883933185 
-0.0038323153296061317 -9.728434304743574e-6 -0.01088282707466482 
0.0032436496611719726 -2.634015505730248e-5 0.036782123522351884 
2.0743549590048967e-15 -1.8039767594704174e-13 0.02197366014868891 
0.0037023277202598323 -1.5250507989838103e-5 0.021965051098987148 
-0.00324364966115655 2.6340154732443972e-5 0.03678212352235127 
-0.003702327720255678 1.525050762885948e-5 0.02196505109898644 
0.0016655793479119331 -4.1195905898981664e-5 0.05800922187671327 
1.153532381017948e-14 -1.1982715851473187e-13 0.049103469840477934 
0.002528412636368776 -3.513354478135729e-5 0.04908359544472367 
-0.0016655793478833206 4.1195905778269095e-5 0.05800922187671353 
-0.0025284126363457234 3.513354454157826e-5 0.04908359544472336 
-0.0002936585137686881 -4.257933669987267e-5 0.06379605670016576 
1.2449623406858164e-14 1.1298631089634557e-15 0.063024777591269 
0.00069270462970683 -4.3637814389907706e-5 0.06300013952042845 
0.000293658513788629 4.257933680578855e-5 0.06379605670016603 
-0.0006927046296818882 4.363781439270853e-5 0.06300013952042885 
-0.0019760114905039566 -2.9208458886174467e-5 0.05363722030950742 
5.950411968039278e-15 8.755198590785279e-14 0.060544489948690036 
-0.001201919175164198 -3.752012571632052e-5 0.06052342890685146 
0.0019760114905079972 2.9208459091958655e-5 0.053637220309508016 
0.001201919175176126 3.752012589142601e-5 0.060523428906851966 
-0.0027478155317709335 -4.1854213177761345e-6 0.03260532835743395 
-1.459593507378987e-15 9.983063790165305e-14 0.04397285944169017 
-0.002490720680083235 -1.7246347528612063e-5 0.043963344855468225 
0.002747815531761638 4.185421478703488e-6 0.03260532835743434 
0.0024907206800802743 1.7246347728393674e-5 0.04396334485546864 
-0.0021504007799273057 2.1466627727770958e-5 0.010491130681718065 
-4.935585014090916e-15 5.3137259834485726e-14 0.02092504818556999 
-0.002609847002979022 1.4107358712291706e-5 0.020932853906330373 
0.00215040077991793 -2.1466627674698273e-5 0.010491130681717949 
0.002609847002969155 -1.4107358605988179e-5 0.0209328539063303 
-2.50343214146985e-15 7.091425491469056e-15 0.002909887254903482 
-0.0012015266969263628 5.676543410039894e-5 0.0029406765271828743 
0.0012015266969213694 -5.676543408635853e-5 0.0029406765271826445 
-6.241432356017442e-15 3.480116115304833e-14 0.010474587867326864 
-8.500481144711248e-15 1.1527548308062055e-13 0.032607337429385014 
-6.110600489267e-15 1.9841108012143934e-13 0.05365573329957809 
1.3875073292466996e-15 2.3558653653463143e-13 0.06382304557846638 
1.282122320925964e-14 1.770690759585288e-13 0.05803527815892697 
1.8056606933218143e-14 3.52474737132481e-14 0.03679877977591939 
1.716571124950749e-14 -1.27348513861308e-13 0.005683829661887034 
8.039661485409487e-15 -2.380910443115394e-13 -0.02652927056103812 
-3.729128961062261e-15 -2.429631529213594e-13 -0.050560027578298035 
-9.601511152871852e-15 -1.5526408494155278e-13 -0.05943127504560656 
-9.817622417732733e-16 -8.218772505152797e-14 -0.05056002757971662 
8.386958161580262e-15 -1.0878439959946385e-13 -0.026529270563511502 
5.784220919245921e-15 -1.7071839657855376e-13 0.00568382965901253 
-5.181705315467132e-15 -1.623441378832161e-13 0.036798779773318774 
-1.1933816227501215e-14 -6.055304289888535e-14 0.058035278157052644 
-7.925619847275125e-15 5.287027660176479e-14 0.06382304557738616 
-2.5725580974198517e-16 1.0267656184904143e-13 0.05365573329909359 
5.9675735691453404e-15 8.041246412643674e-14 0.032607337429246444 
5.395040853160474e-15 2.6570067312256312e-14 0.010474587867312694 
-3.31174539298458e-15 9.246421503242019e-15 0.00290988725490865 
0.0021504007799220434 -2.1466627654266496e-5 0.010491130681743758 
0.0012015266969215791 -5.676543407911495e-5 0.0029406765271878764 
-0.0021504007799345594 2.146662772365951e-5 0.010491130681743992 
-0.0012015266969281897 5.676543409741989e-5 0.002940676527188217 
-7.52029574860941e-15 7.16631853535537e-14 0.02092504818564367 
0.002747815531783841 4.185421539048779e-6 0.032605328357597343 
0.002609847002980884 -1.4107358568372015e-5 0.02093285390640421 
-0.0027478155318008592 -4.185421308761741e-6 0.03260532835759752 
-0.0026098470029959422 1.4107358711718473e-5 0.020932853906404286 
-7.546549269432129e-15 1.5950579713279739e-13 0.0439728594420009 
0.0019760114905555915 2.9208459225855536e-5 0.0536372203100293 
0.0024907206801148486 1.724634782023717e-5 0.043963344855779685 
-0.0019760114905677706 -2.9208458828559377e-5 0.05363722031002912 
-0.0024907206801299668 -1.724634750093435e-5 0.0439633448557795 
-2.6253328841837604e-15 2.2578777840030394e-13 0.06054448994948392 
0.0002936585138640715 4.257933703818795e-5 0.06379605670129315 
0.001201919175237917 3.752012607390306e-5 0.060523428907646115 
-0.0002936585138613322 -4.257933656705376e-5 0.06379605670129293 
-0.0012019191752431812 -3.7520125621876305e-5 0.060523428907645754 
7.147515373277738e-15 2.2008097868870212e-13 0.06302477759278159 
-0.0016655793477887667 4.1195906073414046e-5 0.058009221878640396 
-0.0006927046295935253 4.3637814665923875e-5 0.06300013952194153 
0.0016655793478144395 -4.119590571932827e-5 0.05800922187863997 
0.0006927046296078386 -4.3637814225210817e-5 0.06300013952194096 
1.5741557669781608e-14 1.1230001652504756e-13 0.049103469842805336 
-0.0032436496610826855 2.6340154996852228e-5 0.036782123525009446 
-0.0025284126362565902 3.513354483584894e-5 0.04908359544705059 
0.0032436496611188362 -2.6340154926448886e-5 0.03678212352500919 
0.0025284126362881054 -3.5133544611365795e-5 0.04908359544705048 
1.80190375511653e-14 -4.7236796952515905e-14 0.021973660151562838 
-0.0039283981653417 2.9397810600006024e-6 0.005681926886870218 
-0.003702327720208444 1.5250507833134758e-5 0.021965051101859794 
0.003928398165376084 -2.9397813147111278e-6 0.005681926886870577 
0.0037023277202444444 -1.5250507927749866e-5 0.021965051101859926 
1.2880747852479808e-14 -1.9409929477654856e-13 -0.010888401832045227 
-0.003490387803905107 -2.1788968710478067e-5 -0.026515599787797536 
-0.0038323153296369477 -9.728434278122738e-6 -0.010882827071836638 
0.00349038780392127 2.178896823448015e-5 -0.026515599787796953 
0.0038323153296627166 9.728433889674903e-6 -0.010882827071836094 
2.258710851915237e-15 -2.5484240454039345e-13 -0.04008795028790433 
-0.0020421652559187704 -4.0378951958496005e-5 -0.05053465435369202 
-0.002858688732252608 -3.220029635004741e-5 -0.040069605752669116 
0.0020421652559112656 4.0378951472276244e-5 -0.05053465435369131 
0.002858688732257069 3.220029583942096e-5 -0.04006960575266847 
-7.239210516386363e-15 -2.0630191231415468e-13 -0.05717245381051925 
-9.694307311461485e-14 -4.7260884988715874e-5 -0.05940157030782369 
-0.0010552938584939774 -4.54116644862431e-5 -0.057146599660782234 
7.765830734335085e-14 4.7260884678246294e-5 -0.059401570307823934 
0.0010552938584794897 4.541166407361028e-5 -0.05714659966078207 
-5.881883113070076e-15 -1.0763839362842418e-13 -0.05717245381124777 
0.002042165255760064 -4.037895179799298e-5 -0.05053465435510936 
0.0010552938583118668 -4.5411664387187304e-5 -0.057146599661510304 
-0.002042165255762045 4.0378951633880725e-5 -0.05053465435510971 
-0.0010552938583236254 4.54116641720709e-5 -0.05714659966151076 
4.125165192438249e-15 -8.346751564527878e-14 -0.04008795028991974 
0.0034903878038317054 -2.1788968580162088e-5 -0.026515599790269462 
0.0028586887321329873 -3.220029617817409e-5 -0.04006960575468313 
-0.003490387803814916 2.1788968362904195e-5 -0.02651559979026937 
-0.0028586887321246997 3.220029601118145e-5 -0.040069605754683504 
7.605405896374797e-15 -1.4279580363992085e-13 -0.010888401834808685 
0.003928398165358479 2.9397810183324305e-6 0.0056819268839967746 
0.0038323153296092073 -9.728434225482779e-6 -0.010882827074598886 
-0.003928398165346835 -2.939781359971874e-6 0.005681926883997365 
-0.0038323153295939777 9.728433939589716e-6 -0.010882827074598813 
4.2518498810527574e-16 -1.8015244132273688e-13 0.021973660148750223 
0.0032436496611597866 2.634015480215055e-5 0.03678212352240915 
0.0037023277202588153 1.5250507702238858e-5 0.02196505109904776 
-0.0032436496611701797 -2.6340155127026684e-5 0.03678212352240969 
-0.00370232772025796 -1.5250508063155057e-5 0.021965051099048387 
-8.994849577126415e-15 -1.1984619289035438e-13 0.04910346984053299 
0.0016655793478861057 4.1195905841304345e-5 0.058009221876765826 
0.0025284126363487795 3.513354460762679e-5 0.0490835954447783 
-0.001665579347909998 -4.119590596225819e-5 0.058009221876765854 
-0.0025284126363668605 -3.513354484736691e-5 0.0490835954447787 
-1.0304754171113962e-14 1.3021929134177295e-15 0.06302477759131919 
-0.0002936585137857726 4.257933686170348e-5 0.0637960567002123 
0.0006927046296846956 4.363781445289774e-5 0.06300013952047902 
0.00029365851376990956 -4.2579336756142e-5 0.06379605670021218 
-0.0006927046297052891 -4.363781445010845e-5 0.06300013952047871 
-4.027534021299885e-15 8.728837489832611e-14 0.060544489948732474 
-0.0019760114905049944 2.920845913575129e-5 0.05363722030954448 
-0.0012019191751731044 3.7520125942179394e-5 0.06052342890689446 
0.0019760114905044844 -2.9208458930174572e-5 0.05363722030954393 
0.00120191917516503 -3.7520125767011355e-5 0.060523428906893856 
3.056232999451285e-15 9.982453477916991e-14 0.04397285944172116 
-0.0027478155317588737 4.185421507924874e-6 0.032605328357458385 
-0.0024907206800773825 1.7246347765454953e-5 0.04396334485549951 
0.0027478155317708524 -4.185421346844859e-6 0.03260532835745828 
0.0024907206800834913 -1.7246347565693173e-5 0.04396334485549926 
5.935084332012977e-15 5.3187808338380713e-14 0.02092504818558811 
-0.0021504007799157954 -2.146662766070512e-5 0.010491130681729383 
-0.0026098470029667854 -1.41073585842559e-5 0.020932853906348414 
0.0021504007799265836 2.1466627713831364e-5 0.010491130681729528 
0.0026098470029786965 1.4107358690612582e-5 0.020932853906348463 
2.841402402883749e-15 7.113920928159281e-15 0.002909887254908473 
-0.0012015266969196755 -5.676543408047158e-5 0.0029406765271875785 
0.001201526696925357 5.6765434094542494e-5 0.0029406765271878747 
0.004388568670515731 4.565942485900144e-14 0.01053978509540552 
0.005584224433492888 1.384371632141998e-13 0.032595941223869836 
0.004011855629396511 2.324477813133139e-13 0.05357214422013027 
0.0006055440889212571 2.805632150753926e-13 0.06370132644161446 
-0.003356203178871474 2.297581320172472e-13 0.0579176080831403 
-0.0065460103364322715 9.650633922643636e-14 0.03672355150102785 
-0.00793058735758894 -5.849824612821706e-14 0.005675380345255419 
-0.007047169644291907 -1.6285207311044488e-13 -0.026467172542416727 
-0.00412336607862787 -1.6218105297821086e-13 -0.0504449014845088 
-1.7402956341820076e-13 -7.252013501790195e-14 -0.059296519024890325 
0.004123366078320058 5.85771961631272e-16 -0.0504449014859247 
0.007047169644114382 -2.7380353163197116e-14 -0.026467172544887292 
0.00793058735758057 -9.498437208484208e-14 0.005675380342383074 
0.006546010336566125 -9.34610352912266e-14 0.03672355149842694 
0.003356203179070245 2.7203707770533063e-15 0.057917608081261736 
-0.0006055440887480804 1.0908986292299849e-13 0.06370132644052777 
-0.0040118556292810794 1.474137313822003e-13 0.05357214421963943 
-0.005584224433437683 1.0996879937597332e-13 0.03259594122372706 
-0.00438856867050183 4.039174345792744e-14 0.01053978509538947 
0.00245008411203725 1.3425395772312178e-14 0.0030648910461517154 
0.004386734595243947 2.08106045797753e-5 0.010537708378677905 
0.002450713133981478 5.731247730763744e-5 0.003058851075696633 
0.005249558884311537 8.899212478304154e-14 0.020964142686573446 
0.005583367663989376 -4.141060277046282e-6 0.032596385526928985 
0.005249282443275212 1.4158199598591021e-5 0.020962651413381106 
0.005003223659185495 1.882417432005062e-13 0.04392549938007091 
0.0040114457007251825 -2.8786964642609598e-5 0.0535751142150835 
0.00500282192611625 -1.757367926718452e-5 0.04392735499798795 
0.002415060795032035 2.650251996929803e-13 0.060440753568743524 
0.0006054326433664095 -4.203481385032158e-5 0.06370566315867661 
0.002414831844519221 -3.802517939417585e-5 0.060444757811786 
-0.0013866236722287458 2.698615024433154e-13 0.06290390584812325 
-0.0033560460361681155 -4.0699190169635306e-5 0.0579218085640404 
-0.001386600671889709 -4.416708696861553e-5 0.06290855271737943 
-0.0050693557100455235 1.6947647022195385e-13 0.049006099199886265 
-0.006545647604159829 -2.6025150356522533e-5 0.03672623760175439 
-0.0050690996892521125 -3.5545449382862274e-5 0.04900983788061215 
-0.00742436387645518 1.8143031254129088e-14 0.021931417146414552 
-0.007930132839378896 -2.8885202069530215e-6 0.005675677199457336 
-0.00742395999117081 -1.5435312891577648e-5 0.021933041162251917 
-0.007685450009488964 -1.2201625514662412e-13 -0.01086134592661203 
-0.0070467610645668245 2.1568295639596392e-5 -0.026469401767505292 
-0.007685023059262798 9.81787722307792e-6 -0.010862376480491159 
-0.005733026415464578 -1.7727676423028092e-13 -0.0399985381449586 
-0.0041231259369760714 3.9955755070723475e-5 -0.050449030047257384 
-0.005732705424361768 3.2533139948830196e-5 -0.0400019562071196 
-0.0021163806125271234 -1.250932050729811e-13 -0.057046379129477714 
-1.684461485114985e-13 4.6762969631468674e-5 -0.05930135076055051 
-0.0021162617798122256 4.5886856447378356e-5 -0.05705120068259572 
0.002116380612191579 -2.3913080233602146e-14 -0.057046379130205785 
0.004123125936672176 3.9955755234351755e-5 -0.050449030048673835 
0.0021162617794848637 4.588685654894143e-5 -0.057051200683324546 
0.005733026415215506 -1.3884408452793202e-15 -0.039998538146971144 
0.007046761064382763 2.1568295776701353e-5 -0.026469401769977377 
0.0057327054241111996 3.253314012616796e-5 -0.04000195620913347 
0.007685450009395669 -6.386749474073019e-14 -0.010861345929373 
0.007930132839360678 -2.888520241809559e-6 0.005675677196583463 
0.007685023059160813 9.81787728321069e-6 -0.010862376483253864 
0.007424363876522582 -1.0765788603156482e-13 0.021931417143602975 
0.00654564760428867 -2.6025150545243893e-5 0.03672623759915198 
0.0074239599912304804 -1.5435313015760078e-5 0.021933041159438758 
0.005069355710220394 -5.445778682402579e-14 0.04900609919761211 
0.003356046036367735 -4.069919039650953e-5 0.057921808562159734 
0.005069099689425059 -3.5545449606092814e-5 0.04900983787833634 
0.0013866236724203917 6.195854392083313e-14 0.06290390584665548 
-0.0006054326431888657 -4.2034814022518816e-5 0.06370566315758773 
0.0013866006720841151 -4.4167087176869624e-5 0.06290855271590937 
-0.0024150607948870816 1.388728750759771e-13 0.0604407535679852 
-0.004011445700605728 -2.878696472830524e-5 0.05357511421459048 
-0.002414831844369935 -3.802517952090118e-5 0.060444757811025186 
-0.0050032236591003405 1.3731817642751693e-13 0.04392549937978558 
-0.005583367663932317 -4.141060306201424e-6 0.032596385526784795 
-0.005002821926028136 -1.757367931871303e-5 0.04392735499770081 
-0.0052495588842797 7.47906982897112e-14 0.02096414268651482 
-0.004386734595229319 2.081060457421424e-5 0.010537708378661255 
-0.005249282443242114 1.4158199583938066e-5 0.020962651413321615 
-0.0024500841120327532 1.2610210888359902e-14 0.003064891046150501 
-0.002450713133976628 5.731247730666467e-5 0.0030588510756951234 
0.0043867345952368145 -2.0810604488451952e-5 0.010537708378682346 
0.0024507131339774756 -5.7312477280744884e-5 0.003058851075698219 
0.005583367663979757 4.141060553960869e-6 0.03259638552693864 
0.005249282443266598 -1.4158199420595938e-5 0.02096265141338826 
0.0040114457007177345 2.8786965107401364e-5 0.053575114215097724 
0.005002821926107414 1.757367964363886e-5 0.04392735499800002 
0.0006054326433661129 4.203481441148994e-5 0.06370566315869576 
0.002414831844515012 3.8025179924179074e-5 0.06044475781180251 
-0.0033560460361570926 4.069919062914138e-5 0.057921808564062545 
-0.001386600671884175 4.416708750824041e-5 0.0629085527174003 
-0.006545647604143809 2.6025150549384136e-5 0.036726237601779864 
-0.005069099689238295 3.554544972179735e-5 0.04900983788063616 
-0.00793013283936386 2.888520090055057e-6 0.005675677199485926 
-0.007423959991154851 1.543531292786621e-5 0.021933041162279156 
-0.007046761064560774 -2.1568295965259337e-5 -0.026469401767474202 
-0.007685023059251965 -9.817877467042471e-6 -0.010862376480461336 
-0.004123125936981516 -3.9955755395055765e-5 -0.05044903004722386 
-0.0057327054243615175 -3.2533140303361216e-5 -0.040001956207087505 
-1.7961294530270203e-13 -4.6762969776494674e-5 -0.059301350760515875 
-0.0021162617798211564 -4.5886856697544306e-5 -0.05705120068256207 
0.004123125936669831 -3.995575523322694e-5 -0.05044903004863916 
0.0021162617794774725 -4.5886856596858286e-5 -0.057051200683289456 
0.007046761064389775 -2.1568295831508014e-5 -0.02646940176994347 
0.005732705424113954 -3.253314012899501e-5 -0.04000195620909902 
0.007930132839365353 2.8885200518162276e-6 0.005675677196614872 
0.007685023059167336 -9.817877410836573e-6 -0.010862376483221024 
0.006545647604282608 2.6025150358263796e-5 0.036726237599180325 
0.00742395999122996 1.5435312800488955e-5 0.021933041159468748 
0.0033560460363549582 4.0699190401961136e-5 0.05792180856218606 
0.005069099689415058 3.554544949712253e-5 0.049009837878363466 
-0.000605432643197359 4.203481424055174e-5 0.06370566315761124 
0.001386600672073027 4.4167087300643e-5 0.06290855271593479 
-0.004011445700606298 2.8786965023098014e-5 0.05357511421460927 
-0.002414831844374389 3.802517979856267e-5 0.06044475781104688 
-0.0055833676639263875 4.141060526085709e-6 0.032596385526797195 
-0.005002821926025215 1.7573679593316134e-5 0.043927354997716626 
-0.004386734595223631 -2.081060449343331e-5 0.010537708378666872 
-0.0052492824432360105 -1.4158199434293685e-5 0.02096265141333061 
-0.0024507131339733166 -5.731247728141021e-5 0.003058851075697312 
-0.004388568670515013 2.3345635018720587e-14 0.010539785095405554 
-0.005584224433491481 9.193711245913638e-14 0.032595941223869954 
-0.0040118556293945295 1.6548921872495556e-13 0.05357214422013026 
-0.000605544088918875 1.9128854239371776e-13 0.06370132644161457 
0.0033562031788742343 1.2512190702149187e-13 0.05791760808314018 
0.006546010336435509 -2.59836702989746e-14 0.03672355150102755 
0.007930587357592455 -1.9695548678606124e-13 0.005675380345255473 
0.0070471696442954875 -3.1462169028785776e-13 -0.026467172542416675 
0.004123366078631238 -3.2512733691068095e-13 -0.05044490148450849 
1.7718789033022125e-13 -2.374609472270069e-13 -0.059296519024890415 
-0.004123366078317162 -1.638646755588507e-13 -0.0504449014859246 
-0.007047169644111691 -1.9003499525005655e-13 -0.026467172544887348 
-0.007930587357578 -2.4779284281367024e-13 0.005675380342383109 
-0.006546010336563562 -2.324874265020479e-13 0.0367235514984271 
-0.0033562031790678915 -1.232870730111441e-13 0.05791760808126197 
0.0006055440887500982 -2.7277990485084305e-15 0.06370132644052787 
0.004011855629282811 5.964538309673802e-14 0.05357214421963965 
0.005584224433439029 5.166010998850857e-14 0.03259594122372726 
0.004388568670502507 1.240571241538836e-14 0.01053978509538947 
-0.004386734595236663 -2.0810604510758795e-5 0.010537708378677747 
-0.0024500841120368984 4.0767041683190985e-15 0.003064891046151675 
-0.0024507131339776326 -5.7312477290081104e-5 0.003058851075696213 
-0.005583367663978814 4.141060507460034e-6 0.032596385526929096 
-0.005249558884310457 5.409178434799147e-14 0.02096414268657342 
-0.0052492824432660585 -1.4158199455476287e-5 0.020962651413380974 
-0.004011445700716203 2.8786965040593734e-5 0.05357511421508373 
-0.005003223659183821 1.3139893192054261e-13 0.043925499380071 
-0.00500282192610619 1.757367958680047e-5 0.043927354997988215 
-0.0006054326433641965 4.203481432209627e-5 0.06370566315867703 
-0.002415060795029856 1.8780436291566736e-13 0.0604407535687435 
-0.002414831844513309 3.8025179847014264e-5 0.060444757811786404 
0.0033560460361595243 4.0699190524595115e-5 0.0579218085640405 
0.0013866236722314175 1.7224850279780788e-13 0.06290390584812322 
0.001386600671886499 4.4167087410669664e-5 0.06290855271737995 
0.006545647604146661 2.6025150426824215e-5 0.036726237601753996 
0.005069355710048592 5.551729120118772e-14 0.04900609919988625 
0.0050690996892409565 3.55454496079672e-5 0.049009837880612424 
0.007930132839367056 2.888519951608586e-6 0.005675677199457152 
0.0074243638764584854 -1.1296639643786141e-13 0.02193141714641453 
0.007423959991157789 1.543531279681484e-5 0.02193304116225186 
0.007046761064564082 -2.156829611704325e-5 -0.02646940176750576 
0.007685450009492494 -2.6762382811020285e-13 -0.010861345926612042 
0.007685023059255215 -9.817877612620913e-6 -0.010862376480491669 
0.004123125936984784 -3.995575555804198e-5 -0.0504490300472575 
0.005733026415467968 -3.34769104203134e-13 -0.03999853814495866 
0.005732705424364665 -3.2533140460864126e-5 -0.04000195620712033 
1.8266331166172217e-13 -4.6762969941406256e-5 -0.05930135076055028 
0.002116380612530445 -2.880880595557473e-13 -0.057046379129477714 
0.0021162617798244337 -4.588685686055639e-5 -0.057051200682595976 
-0.004123125936666839 -3.995575539766426e-5 -0.05044903004867329 
-0.002116380612188554 -1.9009018171132064e-13 -0.05704637913020578 
-0.0021162617794744398 -4.588685676305692e-5 -0.05705120068332416 
-0.007046761064386977 -2.1568295994146908e-5 -0.026469401769977263 
-0.0057330264152126624 -1.6451277141602758e-13 -0.0399985381469711 
-0.005732705424111093 -3.2533140292171775e-5 -0.04000195620913299 
-0.007930132839362539 2.8885198989981063e-6 0.0056756771965831435 
-0.007685450009393053 -2.22065490205951e-13 -0.010861345929373009 
-0.007685023059164524 -9.817877569100875e-6 -0.010862376483253977 
-0.006545647604279699 2.6025150219220054e-5 0.0367262375991515 
-0.007424363876520067 -2.545973676143779e-13 0.021931417143602867 
-0.007423959991227141 1.543531265351497e-5 0.021933041159438074 
-0.003356046036352369 4.06991902760062e-5 0.0579218085621601 
-0.005069355710217961 -1.8630488593120834e-13 0.04900609919761214 
-0.005069099689412347 3.554544936546427e-5 0.04900983787833598 
0.000605432643199776 4.203481412881357e-5 0.06370566315758809 
-0.0013866236724181654 -5.843233917045275e-14 0.06290390584665544 
-0.0013866006720705142 4.416708718018672e-5 0.06290855271590964 
0.0040114457006086325 2.8786964935309422e-5 0.0535751142145912 
0.002415060794889023 3.733674441315138e-14 0.06044075356798513 
0.0024148318443768697 3.8025179697184205e-5 0.060444757811025644 
0.005583367663928428 4.141060467769232e-6 0.03259638552678528 
0.005003223659101889 6.321640920846562e-14 0.04392549937978574 
0.005002821926027422 1.7573679519224797e-5 0.043927354997701305 
0.004386734595224998 -2.081060452140559e-5 0.010537708378661142 
0.005249558884280757 3.143144103677051e-14 0.020964142686514847 
0.0052492824432377365 -1.4158199477712726e-5 0.020962651413321563 
0.002450084112033099 8.394179547440035e-16 0.0030648910461505714 
0.002450713133974309 -5.7312477293188665e-5 0.0030588510756949052 
-0.004386734595242645 2.0810604557458876e-5 0.010537708378682576 
-0.002450713133980606 5.731247729827419e-5 0.003058851075698542 
-0.005583367663987501 -4.1410603235998605e-6 0.03259638552693878 
-0.005249282443273606 1.4158199563694658e-5 0.020962651413388343 
-0.004011445700722767 -2.8786964709660672e-5 0.05357511421509755 
-0.005002821926114147 -1.7573679323974764e-5 0.04392735499799985 
-0.0006054326433635414 -4.203481393973337e-5 0.06370566315869533 
-0.0024148318445165497 -3.802517947142099e-5 0.06044475781180205 
0.0033560460361712068 -4.0699190274235744e-5 0.057921808564061934 
0.001386600671892702 -4.416708706621627e-5 0.06290855271739963 
0.006545647604163447 -2.6025150478864387e-5 0.03672623760177954 
0.005069099689255581 -3.5545449496942e-5 0.04900983788063594 
0.007930132839382731 -2.888520345290266e-6 0.00567567719948626 
0.007423959991174463 -1.543531302276946e-5 0.021933041162279267 
0.0070467610645706365 2.1568295487971562e-5 -0.026469401767473626 
0.007685023059266613 9.817877077523877e-6 -0.010862376480460775 
0.0041231259369795305 3.995575490779619e-5 -0.050449030047223044 
0.0057327054243654025 3.253313979133601e-5 -0.04000195620708685 
1.7169686290873317e-13 4.676296946647809e-5 -0.05930135076051609 
0.002116261779815598 4.5886856284389905e-5 -0.05705120068256179 
-0.004123125936669382 3.995575506988914e-5 -0.050449030048639605 
-0.002116261779481839 4.588685638287191e-5 -0.057051200683289935 
-0.007046761064380162 2.156829561410403e-5 -0.026469401769943512 
-0.005732705424108402 3.2533139963103426e-5 -0.04000195620909942 
-0.007930132839358338 -2.8885203946051183e-6 0.005675677196615371 
-0.007685023059158415 9.817877124850859e-6 -0.010862376483220908 
-0.006545647604286481 -2.6025150684193942e-5 0.03672623759918087 
-0.007423959991228266 -1.5435313162699017e-5 0.021933041159469327 
-0.003356046036365584 -4.0699190522527345e-5 0.05792180856218614 
-0.005069099689422896 -3.554544973801325e-5 0.049009837878363785 
0.0006054326431904879 -4.203481413431398e-5 0.06370566315761102 
-0.0013866006720822134 -4.416708729721456e-5 0.06290855271593451 
0.004011445700606872 -2.8786964816191846e-5 0.05357511421460891 
0.0024148318443713234 -3.802517962245429e-5 0.06044475781104628 
0.005583367663932958 -4.14106036448266e-6 0.03259638552679709 
0.005002821926029049 -1.7573679392809483e-5 0.04392735499771643 
0.004386734595229284 2.0810604546216085e-5 0.010537708378667023 
0.00524928244324252 1.4158199540554507e-5 0.020962651413330664 
0.0024507131339763346 5.7312477294899854e-5 0.0030588510756976513 
3.6205936188919395e-16 3.47583852747782e-14 0.010483912242799062 
7.243234004074123e-16 1.1524903562999706e-13 0.03260566095368185 
9.674227301721795e-16 1.9864580609040896e-13 0.053643526615365686 
1.223858246325858e-15 2.355661320250207e-13 0.06380524378361649 
1.4176635599683982e-15 1.769604867992725e-13 0.05801805707492474 
1.5914272480674277e-15 3.524575678242222e-14 0.036787769072211124 
1.7285548490856049e-15 -1.2727883797049038e-13 0.00568259892200099 
1.7506114134516544e-15 -2.3809838123861313e-13 -0.02652016693874439 
1.6977424428356832e-15 -2.4300962205530056e-13 -0.05054315525911688 
1.6131129308197675e-15 -1.5533842078346848e-13 -0.05941152681717502 
1.4665016459601589e-15 -8.203749392325559e-14 -0.05054315526053508 
1.346939001520928e-15 -1.0860447127629853e-13 -0.026520166941219333 
1.2798161189421747e-15 -1.707971294347435e-13 0.005682598919124259 
1.2453304424854254e-15 -1.6235442277303381e-13 0.03678776906960758 
1.1886360655360839e-15 -6.04600719421628e-14 0.058018057073045776 
1.0165909791968284e-15 5.2868530895110914e-14 0.06380524378253123 
8.890638769992516e-16 1.0272135089960828e-13 0.05364352661487665 
6.56086387950077e-16 8.052888030601307e-14 0.03260566095354064 
3.5863149188435727e-16 2.6565309740899585e-14 0.010483912242783685 
1.8246386115719387e-16 9.178859785858222e-15 0.0029331348844334635 
3.651603716887025e-15 3.475137444433919e-14 0.010481582201776897 
0.002156120804968212 4.025906172748397e-14 0.010499948914174403 
1.9259064342222443e-15 9.197160076820231e-15 0.0029273483823218155 
0.0011995539847015823 1.1395938493168305e-14 0.002964310167016313 
0.002154745967319569 1.0898258510106777e-5 0.010497673870926169 
0.001200023557212011 2.830661545795527e-5 0.002958471234669943 
5.435643272515419e-16 7.163264965409226e-14 0.020930854449417443 
5.312791926981504e-15 1.1523747025618745e-13 0.032606075302838364 
0.0027505440982599793 1.2684986006947404e-13 0.032603598899450845 
4.582950243170097e-15 7.16602905411549e-14 0.020929402915229323 
0.002610495092333515 8.035306236985178e-14 0.020938746859801936 
0.0027498945380336204 -2.0028369841517337e-6 0.0326040116764395 
0.0026103037456550325 6.981362092856125e-6 0.020937291897676128 
8.203441055069901e-16 1.596085137758569e-13 0.04396571641708863 
4.468359874839209e-15 1.987256232741146e-13 0.05364655401227845 
0.00197729579773705 2.15426074042178e-13 0.05362521178469551 
5.022017548004015e-15 1.59626143278382e-13 0.043967517054165774 
0.0024918285242838023 1.7384954257304543e-13 0.0439560446277631 
0.0019769855463339647 -1.4576176468926087e-5 0.05362821322988165 
0.002491538833261537 -8.649357820077684e-6 0.043957869577816146 
1.104182703098873e-15 2.2590459012400285e-13 0.06052893587239407 
1.122445777982554e-15 2.3558165837999577e-13 0.06380966113731562 
0.00029401037087037243 2.578781437122774e-13 0.06377853518064484 
2.959214414840203e-15 2.2592395978608236e-13 0.06053284941808437 
0.0012025679325815258 2.453065899369607e-13 0.06050760755034916 
0.00029392594370415063 -2.128362664277368e-5 0.06378291978235677 
0.001202401487873196 -1.87683363744669e-5 0.06051155730846418 
1.2956462016964004e-15 2.204094123468705e-13 0.06300667925110645 
-4.2585793383783426e-15 1.7694579254066822e-13 0.05802233157519843 
-0.0016660325328654738 2.0323166550683026e-13 0.05799226050670422 
-1.634175080503415e-15 2.2034194403866393e-13 0.06301123068236969 
-0.0006927777273482588 2.449980319293638e-13 0.06298175698355298 
-0.0016659159618813387 -2.0597556618668765e-5 0.05799650541298869 
-0.0006927605719909058 -2.1822257788096475e-5 0.06298634603677643 
1.5179398044062686e-15 1.122667163386462e-13 0.04908889636207789 
-6.6059067914735345e-15 3.5133500385254554e-14 0.03679050212589526 
-0.00324470974510411 6.575626034774005e-14 0.03677127809277326 
-5.609480909857121e-15 1.1222774307888806e-13 0.049092560744456316 
-0.0025291635130156942 1.407946826653691e-13 0.049068800136173665 
-0.003244440022921129 -1.3170532156241771e-5 0.03677399243677546 
-0.0025289757625760914 -1.7568564416239886e-5 0.049072493738884865 
1.7069546019689026e-15 -4.7257142845079875e-14 0.02196733514214112 
-5.951458494062902e-15 -1.2726239197209854e-13 0.005682903410004405 
-0.003929728150027633 -9.274009749010189e-14 0.005680723047041909 
-6.456896527074094e-15 -4.7177015720511335e-14 0.021968925842209896 
-0.003703510386674018 -1.4572385218069327e-14 0.021958626507619015 
-0.003929390165757573 -1.4699612637521486e-6 0.005681024505884007 
-0.0037032142399691732 -7.625979029443094e-6 0.021960230300665778 
1.7713991678385232e-15 -1.9415425331011548e-13 -0.010884362595955066 
-1.4082844654934586e-15 -2.379934182247781e-13 -0.026522429067052333 
-0.0034915836064315624 -2.0029936432085621e-13 -0.026506612115204567 
-3.789613997048047e-15 -1.941519816248591e-13 -0.010885376955011522 
-0.003833565277383336 -1.5789012165452253e-13 -0.010878739595400633 
-0.0034912798031411017 1.089502880787668e-5 -0.026508861121931737 
-0.0038332522037982705 4.864554666126328e-6 -0.010879760327263193 
1.733092922619429e-15 -2.5514436295403795e-13 -0.04007458652004762 
4.376985014013418e-15 -2.430048395986596e-13 -0.05054734691486929 
-0.0020428681129935054 -2.0246505017010097e-13 -0.05051800439538906 
1.4883365178551257e-15 -2.551691348474018e-13 -0.040077944437911 
-0.002859628438157949 -2.160010437306112e-13 -0.040056062518013816 
-0.0020426895607621627 2.0190505764705356e-5 -0.0505221709026517 
-0.0028593930544237 1.6101401552403552e-5 -0.040059444086268346 
1.6234908140867856e-15 -2.0635285530227408e-13 -0.057153607966376745 
7.14687109287378e-15 -1.5531646974190855e-13 -0.05941643278402804 
-8.560059368331216e-14 -1.140062821112091e-13 -0.05938208370095398 
6.063689878427434e-15 -2.0636265183400755e-13 -0.05715834367017201 
-0.0010556417404993283 -1.6566262956627008e-13 -0.057127497601218685 
-7.998656320348337e-14 2.3631653303108346e-5 -0.0593869600821255 
-0.001055554598862758 2.270761892947888e-5 -0.05713226706061487 
1.518256052999071e-15 -1.0757533337282794e-13 -0.05715360796710587 
2.680955385677452e-15 -8.21295507149537e-14 -0.05054734691628781 
0.0020428681128426235 -4.0867008113200186e-14 -0.05051800439680671 
5.217242711701735e-15 -1.0758328249510339e-13 -0.05715834367090141 
0.001055641740333473 -6.591898517749045e-14 -0.05712749760194754 
0.002042689560615176 2.019050592670919e-5 -0.05052217090406968 
0.0010555545987050844 2.2707619029375643e-5 -0.0571322670613443 
1.4119354118300696e-15 -8.351635997066532e-14 -0.040074586522063624 
-2.1156130303390263e-15 -1.0862535021257314e-13 -0.026522429069528515 
0.0034915836063449265 -6.799099555299652e-14 -0.02650661211767841 
5.617070647552349e-17 -8.35290874330214e-14 -0.04007794443992763 
0.0028596284380352824 -4.255953571765017e-14 -0.0400560625200289 
0.003491279803047935 1.0895028940959047e-5 -0.026508861124406775 
0.0028593930542995527 1.610140172652713e-5 -0.0400594440882845 
1.303382110369899e-15 -1.4294420182437943e-13 -0.010884362598720389 
-9.4260600913897e-16 -1.7069866124080071e-13 0.005682903407126084 
0.00392972815002451 -1.3272808059761133e-13 0.005680723044166314 
-1.8474702574753003e-15 -1.4287314483514939e-13 -0.010885376957778416 
0.0038335652773382415 -1.033589116825858e-13 -0.010878739598164915 
0.0039293901657445835 -1.4699613028207778e-6 0.00568102450300679 
0.0038332522037444875 4.864554721555199e-6 -0.010879760330029154 
1.2528509678102255e-15 -1.8029615966570825e-13 0.021967335139325788 
4.448546632279324e-15 -1.6229143679142545e-13 0.03679050212328979 
0.003244709745171269 -1.277997551302794e-13 0.0367712780901703 
1.6698514566560358e-15 -1.8037364910231694e-13 0.02196892583939272 
0.0037035103867089857 -1.4383007262130015e-13 0.021958626504804638 
0.003244440022983292 -1.3170532349134468e-5 0.0367739924341707 
0.003703214239996395 -7.625979157949909e-6 0.021960230297849694 
1.2619350511256415e-15 -1.1992046013581194e-13 0.04908889635980199 
7.700137606432967e-15 -6.033760563517454e-14 0.05802233157331726 
0.0016660325329647197 -2.89123159251917e-14 0.05799226050482531 
6.401372688605216e-15 -1.199126025888766e-13 0.049092560742178375 
0.00252916351310409 -8.695534319110023e-14 0.049068800133898194 
0.0016659159619814802 -2.059755685056342e-5 0.057996505411107596 
0.0025289757626625695 -1.756856464373315e-5 0.04907249373660754 
1.0800157502902234e-15 1.3189771011490204e-15 0.06300667924963921 
5.475633514198446e-15 5.286857728781778e-14 0.06380966113622807 
-0.0002940103707831733 8.09072208989659e-14 0.06377853517955898 
6.763497905915843e-15 1.1947589978892684e-15 0.06301123068090018 
0.0006927777274450115 3.151287394511611e-14 0.0629817569820857 
-0.0002939259436125479 -2.128362681989903e-5 0.06378291978126892 
0.0006927605720904183 -2.1822258001733278e-5 0.06298634603530677 
9.555632544783676e-16 8.745394955391036e-14 0.060528935871637185 
1.465460332156204e-15 1.0274039386486427e-13 0.053646554011787445 
-0.0019772957976784324 1.2484112285978323e-13 0.05362521178420585 
3.454794918566842e-15 8.752787678887891e-14 0.06053284941732497 
-0.0012025679325080242 1.1302139705803929e-13 0.060507607549592064 
-0.0019769855462713516 -1.4576176559740256e-5 0.05362821322938992 
-0.0012024014877953545 -1.8768336507094715e-5 0.06051155730770434 
7.903733787168747e-16 9.98530371016215e-14 0.04396571641680492 
-1.9615783447051097e-15 8.059075666637223e-14 0.03260607530269587 
-0.0027505440982313486 9.515112269148702e-14 0.032603598899308944 
-3.4334795061813723e-16 9.985731278059402e-14 0.04396751705388024 
-0.002491828524240419 1.1847734936569136e-13 0.04395604462747902 
-0.002749894538003149 -2.00283701616901e-6 0.032604011676296514 
-0.002491538833215177 -8.649357875769829e-6 0.04395786957753022 
5.047071621980182e-16 5.3164532266928104e-14 0.020930854449359857 
-2.131332755544211e-15 2.6577479973000697e-14 0.010481582201760964 
-0.002156120804960524 3.353619226217486e-14 0.010499948914158758 
-2.213671205206524e-15 5.316088016626683e-14 0.020929402915170925 
-0.0026104950923169393 6.4007297282328e-14 0.020938746859744166 
-0.00215474596731115 1.089825850319735e-5 0.01049767387091001 
-0.0026103037456371952 6.981362076251798e-6 0.0209372918976175 
1.7282466074070165e-16 7.0392925549892095e-15 0.0029331348844326903 
-1.163623443929827e-15 7.0504664452865366e-15 0.0029273483823207846 
-0.0011995539846990245 9.8892824982527e-15 0.0029643101670153963 
-0.0012000235572090982 2.830661545635808e-5 0.0029584712346687643 
-2.923155790925961e-15 3.4764888007733865e-14 0.010481582201781527 
-1.5630153185095281e-15 9.189296138493106e-15 0.0029273483823238013 
0.0021547459673124355 -1.0898258429557015e-5 0.0104976738709307 
0.001200023557208032 -2.8306615435120275e-5 0.0029584712346717393 
-3.860102926124784e-15 1.1521564957307335e-13 0.03260607530284807 
-3.4925450136637513e-15 7.166359521846083e-14 0.020929402915236605 
0.002749894538023997 2.0028372378395973e-6 0.03260401167644914 
0.0026103037456464387 -6.981361932128801e-6 0.020937291897683362 
-2.5506227370835e-15 1.9860520402294276e-13 0.05364655401229239 
-3.368545669665278e-15 1.595797976587094e-13 0.043967517054177584 
0.0019769855463265397 1.4576176899704684e-5 0.05362821322989568 
0.0024915388332527083 8.649358167777509e-6 0.043957869577828095 
1.3162660600165701e-15 2.3558386148693427e-13 0.06380966113733401 
-7.645466167553298e-16 2.2589397658763294e-13 0.06053284941810042 
0.00029392594370387373 2.128362715837151e-5 0.06378291978237548 
0.0012024014878689948 1.8768336865099645e-5 0.060511557308480395 
7.0874387534356495e-15 1.770709457873459e-13 0.05802233157522011 
4.2238485222933706e-15 2.202994071605047e-13 0.0630112306823901 
-0.001665915961870323 2.059755702499875e-5 0.057996505413010685 
-0.00069276057198535 2.1822258278101053e-5 0.062986346036797 
9.792676827250328e-15 3.5278430052419436e-14 0.03679050212592074 
8.637608289502169e-15 1.1220748266565737e-13 0.04909256074448006 
-0.0032444400229050957 1.3170532287770638e-5 0.03677399243680089 
-0.002528975762562226 1.7568564697804676e-5 0.04907249373890873 
9.399099033720709e-15 -1.2727083297784345e-13 0.005682903410033313 
9.868707774564986e-15 -4.724096774451574e-14 0.021968925842237162 
-0.003929390165742521 1.4699610782583785e-6 0.005681024505912756 
-0.003703214239953194 7.625979000384127e-6 0.021960230300693006 
4.888851376650413e-15 -2.3793826616208493e-13 -0.02652242906702071 
7.33885976567148e-15 -1.9424487328305603e-13 -0.010885376954981194 
-0.003491279803135039 -1.089502920841976e-5 -0.026508861121900384 
-0.0038332522037874154 -4.864554981895421e-6 -0.010879760327233123 
-9.814588102324095e-16 -2.4301878330651283e-13 -0.05054734691483523 
1.9915907083073877e-15 -2.551362660911315e-13 -0.04007794443787824 
-0.002042689560767607 -2.019050616958592e-5 -0.05052217090261788 
-0.00285939305442346 -1.6101401984385442e-5 -0.040059444086235914 
-3.933963956541877e-15 -1.5534469882894998e-13 -0.059416432783993674 
-2.819014519330893e-15 -2.0634632969209733e-13 -0.05715834367013804 
-9.119903946819116e-14 -2.3631653531128758e-5 -0.05938696008209096 
-0.0010555545988716994 -2.2707619260710332e-5 -0.05713226706058106 
2.3596279296184816e-16 -8.211868971084349e-14 -0.05054734691625359 
-2.181666993155019e-15 -1.0756696217436566e-13 -0.057158343670866855 
0.002042689560612832 -2.019050600850577e-5 -0.050522170904035275 
0.0010555545986976893 -2.270761916126698e-5 -0.05713226706130941 
4.807599334362133e-15 -1.0859228655056467e-13 -0.026522429069494577 
2.7733743001294315e-15 -8.352285301608817e-14 -0.04007794443989372 
0.003491279803054953 -1.0895029076994891e-5 -0.02650886112437297 
0.0028593930543023166 -1.6101401811716553e-5 -0.0400594440882503 
3.481008715914241e-15 -1.7073866234094764e-13 0.0056829034071579 
4.464855846160124e-15 -1.4288998840483214e-13 -0.010885376957745439 
0.003929390165749266 1.4699610374968013e-6 0.005681024503038406 
0.0038332522037510175 -4.864554928271732e-6 -0.010879760329996171 
-1.957264205761619e-15 -1.6225640705619555e-13 0.036790502123318754 
8.471702096753925e-16 -1.8024351924308091e-13 0.021968925839423357 
0.003244440022977214 1.3170532093730155e-5 0.036773992434199355 
0.003703214239995879 7.625978870272698e-6 0.02196023029787997 
-5.3172079977802636e-15 -6.04751739049331e-14 0.05802233157334353 
-3.871897280223223e-15 -1.199165159306919e-13 0.04909256074220588 
0.0016659159619686632 2.0597556792806783e-5 0.05799650541113393 
0.0025289757626525476 1.7568564469856736e-5 0.04907249373663484 
-3.4346877640841946e-15 5.2879940219935205e-14 0.06380966113625115 
-4.6203887257552234e-15 1.3338270123553306e-15 0.06301123068092529 
-0.0002939259436210614 2.1283626981760973e-5 0.0637829197812921 
0.00069276057207932 2.1822258064730124e-5 0.0629863460353321 
3.059156996811555e-16 1.0273068522230388e-13 0.05364655401180557 
-1.5426407083232795e-15 8.738619009472524e-14 0.060532849417346164 
-0.0019769855462719145 1.4576176809439137e-5 0.05362821322940843 
-0.0012024014877998496 1.8768336733066006e-5 0.06051155730772587 
3.2821423728678112e-15 8.04711356528623e-14 0.03260607530270792 
1.9247416857822395e-15 9.984019381748535e-14 0.04396751705389578 
-0.0027498945379972215 2.00283720642635e-6 0.03260401167630878 
-0.0024915388332122797 8.649358112696338e-6 0.043957869577545924 
2.8560939726917318e-15 2.6550630055237096e-14 0.010481582201766638 
3.2316458411195505e-15 5.320051885193098e-14 0.02092940291518 
-0.0021547459673054788 -1.0898258436140787e-5 0.010497673870915668 
-0.002610303745631098 -6.9813619482397554e-6 0.020937291897626522 
1.5029057825192797e-15 7.059449377009239e-15 0.0029273483823232973 
-0.001200023557205811 -2.8306615436546112e-5 0.0029584712346711244 
-0.0021561208049674808 2.909690090581333e-14 0.01049994891417441 
-0.0011995539847012243 6.744464317361844e-15 0.002964310167016296 
-0.002154745967312254 -1.0898258440703925e-5 0.010497673870926101 
-0.001200023557208172 -2.8306615439763076e-5 0.0029584712346697414 
-0.0027505440982585313 1.0352693685570366e-13 0.032603598899450845 
-0.002610495092332441 6.291119492301726e-14 0.020938746859801943 
-0.0027498945380230017 2.0028372145990753e-6 0.03260401167643953 
-0.0026103037456458754 -6.98136194955469e-6 0.020937291897676086 
-0.001977295797735092 1.8197877696011886e-13 0.05362521178469549 
-0.002491828524282151 1.4544912529204853e-13 0.04395604462776321 
-0.0019769855463249984 1.457617686632578e-5 0.05362821322988178 
-0.002491538833251481 8.649358139408415e-6 0.043957869577816285 
-0.0002940103708679513 2.132870220125315e-13 0.06377853518064482 
-0.0012025679325793478 2.0681154249468924e-13 0.06050760755034916 
-0.0002939259437019053 2.1283627113981217e-5 0.06378291978235694 
-0.0012024014878672966 1.876833682648726e-5 0.06051155730846435 
0.0016660325328682868 1.5101187604348246e-13 0.057992260506703884 
0.0006927777273508718 1.9611108578071268e-13 0.06298175698355293 
0.0016659159618727833 2.059755697271515e-5 0.057996505412988716 
0.0006927605719876499 2.1822258229176925e-5 0.06298634603677668 
0.003244709745107319 4.611185610805199e-15 0.03677127809277289 
0.002529163513018722 8.393413873644123e-14 0.04906880013617368 
0.003244440022907926 1.317053222656895e-5 0.03677399243677507 
0.0025289757625648925 1.7568564640956704e-5 0.04907249373888501 
0.003929728150031101 -1.6210260073910142e-13 0.005680723047041964 
0.003703510386677394 -8.00666946691825e-14 0.021958626507619032 
0.003929390165745693 1.4699610089883211e-6 0.005681024505883878 
0.003703214239956231 7.625978934786334e-6 0.02196023030066573 
0.003491583606435075 -2.760778091353886e-13 -0.026506612115204595 
0.0038335652773868736 -2.3069566114337436e-13 -0.010878739595400566 
0.0034912798031383144 -1.0895029284093806e-5 -0.02650886112193196 
0.0038332522037906867 -4.86455505472535e-6 -0.010879760327263427 
0.002042868112996889 -2.839148414066936e-13 -0.05051800439538875 
0.002859628438161391 -2.9481938774221327e-13 -0.04005606251801387 
0.002042689560770907 -2.019050625097069e-5 -0.050522170902651646 
0.0028593930544266615 -1.610140206316213e-5 -0.040059444086268776 
8.879276895038806e-14 -1.964176750066586e-13 -0.059382083700953936 
0.0010556417405026069 -2.4721286973773035e-13 -0.05712749760121876 
9.427318830191314e-14 -2.36316536135914e-5 -0.05938696008212535 
0.0010555545988749292 -2.2707619342230463e-5 -0.05713226706061501 
-0.0020428681128396953 -1.231790502220702e-13 -0.05051800439680661 
-0.0010556417403304469 -1.489638421331504e-13 -0.05712749760194752 
-0.002042689560609814 -2.019050609083644e-5 -0.0505221709040695 
-0.00105555459869465 -2.270761924429694e-5 -0.057132267061344 
-0.0034915836063422316 -1.4938569657350274e-13 -0.0265066121176783 
-0.002859628438032458 -1.2416906837219905e-13 -0.04005606252002882 
-0.003491279803052173 -1.0895029158396236e-5 -0.02650886112440678 
-0.0028593930542994616 -1.61014018933356e-5 -0.040059444088284206 
-0.00392972815002196 -2.092137123764072e-13 0.005680723044166362 
-0.0038335652773356273 -1.8256248559813775e-13 -0.010878739598164919 
-0.003929390165746501 1.4699609608910377e-6 0.005681024503006622 
-0.003833252203748187 -4.86455500749827e-6 -0.010879760330029117 
-0.0032447097451687576 -1.973566545787993e-13 0.03677127809017033 
-0.003703510386706473 -2.1728894125941163e-13 0.02195862650480458 
-0.003244440022974361 1.3170532024092391e-5 0.03677399243417042 
-0.0037032142399930747 7.6259787968338574e-6 0.02196023029784927 
-0.0016660325329623628 -9.203123159631491e-14 0.05799226050482564 
-0.002529163513101607 -1.52999720930203e-13 0.04906880013389817 
-0.0016659159619661008 2.0597556729723902e-5 0.057996505411107985 
-0.0025289757626497916 1.756856440375427e-5 0.04907249373660734 
0.00029401037078520136 2.4921107812363024e-14 0.06377853517955903 
-0.0006927777274428316 -2.866537842274002e-14 0.06298175698208573 
0.00029392594362348 2.1283626925808443e-5 0.06378291978126902 
-0.0006927605720768421 2.182225800452147e-5 0.06298634603530695 
0.001977295797680197 8.100464325504842e-14 0.05362521178420601 
0.0012025679325099558 6.227812893109976e-14 0.06050760754959193 
0.0019769855462742607 1.4576176765633109e-5 0.053628213229390334 
0.001202401487802298 1.87683366823115e-5 0.06051155730770464 
0.0027505440982326925 6.59696589971939e-14 0.03260359889930918 
0.0024918285242419916 8.145827734621015e-14 0.0439560446274791 
0.002749894537999238 2.0028371772551185e-6 0.03260401167629685 
0.002491538833214485 8.64935807569238e-6 0.04395786957753049 
0.002156120804961241 1.9557957554460126e-14 0.010499948914158787 
0.002610495092317965 4.2326614331832496e-14 0.02093874685974416 
0.0021547459673068687 -1.0898258450139106e-5 0.010497673870909986 
0.002610303745632766 -6.981361969925838e-6 0.020937291897617456 
0.001199553984699357 4.031436803545162e-15 0.002964310167015425 
0.0012000235572067748 -2.8306615442411338e-5 0.0029584712346686598 
-0.0021547459673182936 1.089825849892108e-5 0.010497673870930826 
-0.0012000235572111545 2.830661545329789e-5 0.0029584712346719002 
-0.0027498945380317326 -2.002837007498864e-6 0.03260401167644927 
-0.002610303745653436 6.9813620753654155e-6 0.02093729189768339 
-0.001976985546331597 -1.4576176502359041e-5 0.05362821322989562 
-0.002491538833259445 -8.649357848479005e-6 0.043957869577828025 
-0.000293925943701254 -2.1283626687274858e-5 0.06378291978237537 
-0.0012024014878705407 -1.8768336412954667e-5 0.06051155730848019 
0.0016659159618844987 -2.0597556670758724e-5 0.05799650541301025 
0.0006927605719938129 -2.1822257837040674e-5 0.0629863460367967 
0.0032444400229247102 -1.3170532217406931e-5 0.036773992436800594 
0.0025289757625795127 -1.7568564473204824e-5 0.04907249373890862 
0.003929390165761357 -1.4699613330584596e-6 0.0056810245059129025 
0.0037032142399728934 -7.625979094900458e-6 0.021960230300693138 
0.0034912798031448565 1.0895028732058565e-5 -0.026508861121900058 
0.003833252203802084 4.86455459337134e-6 -0.010879760327232825 
0.002042689560765618 2.0190505683218286e-5 -0.05052217090261728 
0.0028593930544274057 1.610140147362453e-5 -0.040059444086235615 
8.329124044510546e-14 2.3631653220693737e-5 -0.0593869600820911 
0.0010555545988660735 2.270761884794785e-5 -0.057132267060580964 
-0.0020426895606123615 2.0190505844466918e-5 -0.05052217090403544 
-0.001055554598702058 2.2707618946333983e-5 -0.057132267061309715 
-0.0034912798030453302 1.0895028859742954e-5 -0.02650886112437292 
-0.0028593930542967607 1.610140164493618e-5 -0.040059444088250455 
-0.0039293901657422485 -1.4699613792860075e-6 0.005681024503038683 
-0.003833252203742086 4.8645546423723375e-6 -0.010879760329996126 
-0.0032444400229811165 -1.317053241864089e-5 0.03677399243419967 
-0.0037032142399941945 -7.625979231364324e-6 0.021960230297880252 
-0.001665915961979321 -2.059755691374212e-5 0.05799650541113408 
-0.0025289757626603543 -1.7568564709679963e-5 0.04907249373663503 
0.0002939259436141861 -2.1283626875967124e-5 0.06378291978129207 
-0.0006927605720885334 -2.182225806190139e-5 0.06298634603533187 
0.0019769855462725317 -1.4576176603554875e-5 0.05362821322940826 
0.0012024014877967742 -1.8768336557801072e-5 0.06051155730772557 
0.0027498945380038087 -2.0028370453354383e-6 0.0326040116763088 
0.002491538833216132 -8.649357912841061e-6 0.0439578695775458 
0.002154745967311179 1.089825848924846e-5 0.01049767387091577 
0.0026103037456375903 6.981362054576276e-6 0.02093729189762654 
0.001200023557208815 2.8306615450509447e-5 0.002958471234671292 

VECTORS eigenmode8 float
0.0 0.0 0.0 
0.0 0.0 0.0 
0.0 0.0 0.0 
0.0 0.0 0.0 
0.0 0.0 0.0 
0.0 0.0 0.0 
0.0 0.0 0.0 
0.0 0.0 0.0 
0.0 0.0 0.0 
0.0 0.0 0.0 
0.0 0.0 0.0 
0.0 0.0 0.0 
0.0 0.0 0.0 
0.0 0.0 0.0 
0.0 0.0 0.0 
0.0 0.0 0.0 
0.0 0.0 0.0 
0.0 0.0 0.0 
0.0 0.0 0.0 
0.0 0.0 0.0 
0.0 0.0 0.0 
0.0 0.0 0.0 
0.0 0.0 0.0 
0.0 0.0 0.0 
0.0 0.0 0.0 
0.0 0.0 0.0 
0.0 0.0 0.0 
0.0 0.0 0.0 
0.0 0.0 0.0 
0.0 0.0 0.0 
0.0 0.0 0.0 
0.0 0.0 0.0 
0.0038447177578728982 0.021045916833816906 4.117342716548827e-5 
0.002652478637305252 0.05518573998491204 -0.0001411430812167342 
-0.0013975741055893764 0.061932475077952055 -0.00019944599091245197 
-0.004870092137547356 0.029725767113884773 -9.733142276163632e-5 
-0.005071723240988297 -0.02149516902666856 8.246272031235882e-5 
-0.0017604710262184532 -0.056708099539212097 0.00020776233730021847 
0.0027655072088550933 -0.05151725717726555 0.00018784586281218022 
0.005325737292785584 -0.00978882410286292 3.5869676493991716e-5 
0.0041185817477845926 0.03891516695005747 -0.00014117213125848177 
6.596762786194478e-14 0.06015431075670908 -0.00021834791046654032 
-0.004118581747670994 0.038915166951557736 -0.00014117213136881625 
-0.005325737292774954 -0.009788824100543774 3.586967631503474e-5 
-0.002765507209035795 -0.0515172571757305 0.00018784586261167037 
0.00176047102590899 -0.05670809954020903 0.00020776233711891 
0.005071723240766832 -0.02149516903047869 8.246272017380914e-5 
0.004870092137544576 0.029725767108860636 -9.733142285294216e-5 
0.0013975741057222766 0.06193247507352867 -0.0001994459909642317 
-0.0026524786370932304 0.055185739982194934 -0.00014114308124327395 
-0.003844717757712553 0.02104591683299918 4.1173427150056815e-5 
0.002132815965636422 0.005612983533061428 0.00021891574617975075 
0.0034268167603215666 0.039641971174175714 -6.405779482041764e-5 
0.0006780493692457737 0.06368472214200997 -0.0002177708030491151 
-0.003227626890763846 0.05021887225193018 -0.00018651276390922635 
-0.0051340248935599015 0.004371710817201053 -1.093718860908098e-5 
-0.003529579864238758 -0.0432825493002364 0.00017752409539101906 
0.0005203773561749555 -0.05982804362195813 0.00024269771209583637 
0.00418283637285103 -0.03388612078690662 0.00013729105995069688 
0.004882045881125619 0.016087689772040767 -6.474127131186253e-5 
0.0021289919110244293 0.05473594662051507 -0.00022087346934517355 
-0.0021289919108998735 0.0547359466212955 -0.00022087346940413257 
-0.004882045881059015 0.016087689774091626 -6.474127146179076e-5 
-0.0041828363729346785 -0.033886120784728586 0.00013729105975534458 
-0.0005203773564265468 -0.059828043621520104 0.00024269771190010025 
0.0035295798639631867 -0.043282549302744215 0.00017752409522964687 
0.005134024893448424 0.004371710812506579 -1.0937188721070505e-5 
0.0032276268908327703 0.05021887224703254 -0.00018651276397863375 
-0.0006780493690703128 0.06368472213833395 -0.00021777080308582467 
-0.0034268167601298246 0.0396419711724721 -6.405779484075204e-5 
-0.00213281596555339 0.005612983532857717 0.00021891574616601122 
0.0038447177578954115 0.021045916833906893 -4.1173427170865785e-5 
0.002652478637323228 0.05518573998510128 0.00014114308118635157 
-0.0013975741055895577 0.06193247507823939 0.00019944599090667458 
-0.00487009213756694 0.029725767114260098 9.733142285514918e-5 
-0.005071723241016415 -0.02149516902623864 -8.246272007781054e-5 
-0.001760471026242012 -0.056708099538740966 -0.00020776233692708623 
0.0027655072088394687 -0.05151725717673745 -0.00018784586231887905 
0.0053257372927849045 -0.00978882410230765 -3.586967594585464e-5 
0.004118581747800486 0.03891516695062405 0.00014117213178016665 
8.815801957038404e-14 0.0601543107572509 0.00021834791089031885 
-0.004118581747652814 0.038915166952060674 0.00014117213167673222 
-0.005325737292763261 -0.009788824100100988 -3.586967610823515e-5 
-0.002765507209026304 -0.051517257175367676 -0.0001878458625017182 
0.001760471025918947 -0.05670809953993547 -0.00020776233710607334 
0.005071723240773224 -0.021495169030256483 -8.246272023336767e-5 
0.004870092137542407 0.029725767109023356 9.733142274624667e-5 
0.0013975741057089522 0.06193247507361649 0.00019944599084259414 
-0.0026524786371090745 0.055185739982246344 0.00014114308115771874 
-0.0038447177577294834 0.021045916833027974 -4.117342717695084e-5 
0.0021328159656519067 0.005612983533099675 -0.00021891574617715031 
0.0034268167603430325 0.03964197117431746 6.405779480052253e-5 
0.0006780493692552056 0.06368472214225186 0.00021777080302267748 
-0.0032276268907737776 0.05021887225226556 0.00018651276394594988 
-0.005134024893584848 0.00437171081760567 1.0937188769517559e-5 
-0.003529579864265506 -0.043282549299787205 -0.00017752409508563932 
0.0005203773561553963 -0.05982804362145767 -0.00024269771165838977 
0.004182836372842266 -0.03388612078636254 -0.00013729105942015396 
0.004882045881133436 0.0160876897726022 6.474127185625686e-5 
0.002128991911043955 0.05473594662107639 0.0002208734698253989 
-0.0021289919108783474 0.05473594662182101 0.0002208734697694445 
-0.004882045881044338 0.01608768977456811 6.474127171863369e-5 
-0.004182836372923774 -0.033886120784323515 -0.00013729105959639992 
-0.0005203773564175179 -0.059828043621203204 -0.00024269771184019383 
0.0035295798639725755 -0.04328254930249864 -0.00017752409525608186 
0.005134024893450062 0.004371710812700121 1.0937188633666418e-5 
0.0032276268908243825 0.05021887224716263 0.00018651276386113963 
-0.0006780493690846165 0.06368472213839799 0.00021777080297771307 
-0.003426816760147349 0.03964197117251497 6.405779478544605e-5 
-0.002132815965564155 0.005612983532870472 -0.00021891574617260954 
-0.0038447177578898035 0.02104591683381688 -4.1173427208484646e-5 
-0.0026524786373185384 0.055185739984911435 0.00014114308110669543 
0.0013975741055930052 0.06193247507795237 0.00019944599078695693 
0.004870092137568178 0.02972576711388509 9.733142269875418e-5 
0.005071723241016195 -0.02149516902666847 -8.24627202572049e-5 
0.0017604710262424557 -0.056708099539212325 -0.00020776233712335872 
-0.0027655072088392696 -0.051517257177263985 -0.00018784586253835586 
-0.0053257372927863 -0.00978882410286276 -3.586967617741756e-5 
-0.004118581747802197 0.03891516695005764 0.00014117213154488768 
-9.23950704368676e-14 0.06015431075670899 0.00021834791066454838 
0.004118581747648176 0.03891516695155727 0.000141172131467212 
0.005325737292757624 -0.009788824100544284 -3.586967629218046e-5 
0.002765507209020005 -0.05151725717573012 -0.00018784586265251703 
-0.001760471025923496 -0.05670809954020944 -0.0002077623372201017 
-0.0050717232407764615 -0.02149516903047943 -8.246272032652985e-5 
-0.004870092137545677 0.029725767108859696 9.733142267757645e-5 
-0.001397574105713474 0.061932475073528115 0.00019944599080569638 
0.002652478637108292 0.05518573998219431 0.0001411430811365277 
0.003844717757727745 0.021045916832999036 -4.117342718869027e-5 
-0.002132815965646645 0.005612983533061892 -0.00021891574619302653 
-0.003426816760338298 0.03964197117417578 6.405779474123993e-5 
-0.0006780493692512446 0.0636847221420096 0.0002177708029218284 
0.0032276268907766676 0.050218872251928774 0.000186512763805486 
0.005134024893585233 0.0043717108172008955 1.0937188601284005e-5 
0.0035295798642650655 -0.04328254930023633 -0.0001775240952726274 
-0.0005203773561544178 -0.0598280436219583 -0.00024269771186628247 
-0.004182836372843006 -0.033886120786906636 -0.00013729105964672565 
-0.00488204588113497 0.016087689772040812 6.474127162227557e-5 
-0.0021289919110475263 0.05473594662051526 0.00022087346959172776 
0.0021289919108743857 0.05473594662129563 0.00022087346955037494 
0.004882045881039329 0.0160876897740907 6.474127152029143e-5 
0.004182836372918093 -0.03388612078472872 -0.00013729105976454962 
0.0005203773564114717 -0.05982804362152025 -0.0002426977119721947 
-0.003529579863975713 -0.04328254930274474 -0.00017752409535799483 
-0.0051340248934540565 0.0043717108125056895 1.0937188552876958e-5 
-0.00322762689082918 0.05021887224703265 0.00018651276380698262 
0.0006780493690827006 0.06368472213833384 0.00021777080295033274 
0.003426816760146066 0.03964197117247211 6.405779476759566e-5 
0.002132815965562392 0.005612983532858134 -0.00021891574617778953 
-0.003844717757879683 0.021045916833906664 4.117342712797924e-5 
-0.0026524786373126 0.05518573998510071 -0.00014114308129579707 
0.0013975741055819025 0.061932475078239846 -0.00019944599103289946 
0.004870092137541026 0.029725767114259963 -9.733142291766525e-5 
0.00507172324098315 -0.021495169026239595 8.246272013276586e-5 
0.0017604710262128112 -0.056708099538742916 0.0002077623371045464 
-0.0027655072088599644 -0.051517257176737566 0.00018784586259205425 
-0.005325737292788652 -0.009788824102307457 3.5869676262059486e-5 
-0.004118581747787014 0.038915166950624185 -0.00014117213149388323 
-6.566841368813223e-14 0.060154310757251084 -0.00021834791069211886 
0.0041185817476721434 0.038915166952060966 -0.00014117213157857942 
0.005325737292778059 -0.009788824100099939 3.586967613002407e-5 
0.002765507209040189 -0.05151725717536703 0.00018784586245990142 
-0.001760471025905601 -0.05670809953993484 0.00020776233700405921 
-0.005071723240764222 -0.021495169030254738 8.246272008031986e-5 
-0.0048700921375415445 0.029725767109024415 -9.733142292065995e-5 
-0.0013975741057179695 0.061932475073617814 -0.0001994459910013067 
0.002652478637094193 0.05518573998224709 -0.00014114308126487622 
0.0038447177577144395 0.021045916833027548 4.11734271380913e-5 
-0.0021328159656423193 0.005612983533099262 0.00021891574616392673 
-0.003426816760328236 0.03964197117431771 -6.405779487949228e-5 
-0.0006780493692531463 0.06368472214225289 -0.00021777080315025222 
0.003227626890756369 0.05021887225226632 -0.0001865127640501945 
0.005134024893554132 0.004371710817605407 -1.0937188776980402e-5 
0.0035295798642335876 -0.04328254929978739 0.00017752409520425415 
-0.0005203773561809053 -0.05982804362145759 0.0002426977118869064 
-0.004182836372854919 -0.033886120786362245 0.00013729105972374583 
-0.004882045881128548 0.016087689772602214 -6.474127154582578e-5 
-0.002128991911024891 0.05473594662107652 -0.0002208734695792101 
0.0021289919109002244 0.05473594662182116 -0.00022087346962309653 
0.004882045881060887 0.01608768977456774 -6.474127165983714e-5 
0.004182836372938188 -0.033886120784322904 0.00013729105958646014 
0.0005203773564311694 -0.05982804362120428 0.00024269771176882188 
-0.00352957986396078 -0.043282549302498585 0.00017752409512665365 
-0.005134024893445158 0.00437171081270012 -1.093718880123236e-5 
-0.0032276268908285268 0.05021887224716311 -0.00018651276403303403 
0.0006780493690723116 0.06368472213839789 -0.0002177708031128281 
0.0034268167601312913 0.03964197117251496 -6.405779485862197e-5 
0.0021328159655552557 0.005612983532870115 0.00021891574616083998 
0.0 0.0 0.0 
0.0 0.0 0.0 
0.0 0.0 0.0 
0.0 0.0 0.0 
0.0 0.0 0.0 
0.0 0.0 0.0 
0.0 0.0 0.0 
0.0 0.0 0.0 
0.0 0.0 0.0 
0.0 0.0 0.0 
0.0 0.0 0.0 
0.0 0.0 0.0 
0.0 0.0 0.0 
0.0 0.0 0.0 
0.0 0.0 0.0 
0.0 0.0 0.0 
0.0 0.0 0.0 
0.0 0.0 0.0 
0.003828883506714134 0.02110752325527522 -2.8555019920530914e-15 
0.0026464304491116077 0.055015519604622434 -1.5841054194931147e-14 
-0.001396511735132542 0.06168927049195525 -3.2815142486464807e-15 
-0.0048641890553105275 0.029606921876094046 4.642013243541488e-14 
-0.005065421824122366 -0.021394802482104562 1.167410966408565e-13 
-0.001758290287256443 -0.05645497061229773 1.8681945091761302e-13 
0.002762002160947251 -0.05128836700528582 2.4690352959030846e-13 
0.005319012568396938 -0.009745122486575926 2.743044687296608e-13 
0.004113384094894545 0.03874312616319864 2.617435562514367e-13 
7.698635637508014e-14 0.05988822296042888 2.120047387571751e-13 
-0.004113384094764065 0.038743126164662835 1.5419722393175097e-13 
-0.005319012568380944 -0.009745122484323894 1.0393629023301882e-13 
-0.002762002161130963 -0.05128836700384526 5.514409697699125e-14 
0.0017582902869405063 -0.05645497061339478 6.71134674272372e-15 
0.0050654218238902985 -0.021394802486007915 -2.945741319553474e-14 
0.004864189055296496 0.029606921870975172 -5.307013733605961e-14 
0.0013965117352586532 0.0616892704874406 -6.081072752778771e-14 
-0.0026464304488988243 0.055015519601836704 -4.233505792940702e-14 
-0.003828883506551476 0.02110752325442063 -1.3250648153975435e-14 
0.003844463587154074 0.0210897348772709 2.4293171274319074e-5 
0.0021365708777351883 0.005857691651558509 1.6240727257351739e-15 
0.0021332688156103273 0.005800158187707214 0.00010360369364786728 
0.0038444635871667694 0.02108973487731575 -2.4293171279855126e-5 
0.002133268815619439 0.0058001581877262605 -0.00010360369364479296 
0.0026526174977770686 0.05505831883447676 -7.101712406462132e-5 
0.00342240721715517 0.039564812157037645 -1.0017774531816953e-14 
0.0034261020811586405 0.03958410291642573 -3.195375773381453e-5 
0.0026526174977874635 0.05505831883457093 7.10171240334982e-5 
0.003426102081170796 0.039584102916496444 3.195375771384715e-5 
-0.0013974658364035806 0.061750896914489234 -0.0001010569021655349 
0.000676468403579296 0.06342762677197675 -1.3549027476097372e-14 
0.000677818970943774 0.0634909983795514 -0.00010739435168911581 
-0.001397465836402197 0.06175089691463223 0.00010105690215901598 
0.0006778189709500168 0.06349099837967248 0.00010739435166216939 
-0.004869934957397701 0.02963706400027737 -4.935843503488968e-5 
-0.0032248083069452834 0.04999868857086101 1.775943040151864e-14 
-0.003227376595520815 0.05005297069878526 -9.200194926518348e-5 
-0.004869934957406261 0.02963706400046463 4.935843512798787e-5 
-0.0032273765955243617 0.050052970698952565 9.200194930114602e-5 
-0.005071567848305074 -0.021420187513219533 4.170551934111807e-5 
-0.005129046526985336 0.004358930563302318 8.035307351901808e-14 
-0.005133562949915295 0.004362052931546231 -5.350018960303822e-6 
-0.00507156784831821 -0.02142018751300608 -4.170551910737593e-5 
-0.005133562949926889 0.004362052931748726 5.350019121015773e-6 
-0.001760418995792291 -0.05651904756264346 0.00010516335071621475 
-0.0035261083787867125 -0.04307262512818181 1.5287684391371605e-13 
-0.0035292571355508544 -0.0431244564612514 8.769305850338919e-5 
-0.0017604189958031727 -0.05651904756240793 -0.00010516335034308035 
-0.003529257135563569 -0.04312445646102693 -8.769305819769638e-5 
0.0027654171311650875 -0.05134631370224068 9.509111920545006e-5 
0.0005198246643918846 -0.0595411125365463 2.1884885757845786e-13 
0.0005203275492008697 -0.05961194410096011 0.00011986638490437459 
0.00276541713115817 -0.051346313701976364 -9.509111871178304e-5 
0.000520327549192027 -0.05961194410070902 -0.00011986638446648479 
0.005325566740886726 -0.009756185029767436 1.815604170018916e-5 
0.004178623395527406 -0.03372381146091485 2.6538735512868295e-13 
0.004182448095532406 -0.03376387814890007 6.780555331390983e-5 
0.005325566740886629 -0.00975618502948876 -1.8156041151929026e-5 
0.004182448095528493 -0.033763878148627455 -6.780555278290267e-5 
0.004118450195484454 0.0387866852303405 -7.147152610429298e-5 
0.004877138231818192 0.01601116132017275 2.7243792449278446e-13 
0.004881593178284365 0.016030050462969393 -3.197095887547684e-5 
0.004118450195492338 0.03878668523062502 7.147152662684973e-5 
0.004881593178288506 0.01603005046324982 3.19709594198771e-5 
7.190116331759196e-14 0.05995559301607048 -0.00011054214077792611 
0.002126852591664131 0.05447484513910084 2.4035835373109817e-13 
0.0021287945347645376 0.05453929457700128 -0.00010907812044345844 
8.223575033092688e-14 0.059955593016341555 0.00011054214120173267 
0.0021287945347738184 0.05453929457728194 0.00010907812092410533 
-0.004118450195361901 0.03878668523182178 -7.147152621308306e-5 
-0.002126852591519159 0.054474845139861304 1.8238794852636617e-13 
-0.0021287945346292075 0.05453929457777154 -0.00010907812050208208 
-0.004118450195353627 0.03878668523207369 7.14715265213223e-5 
-0.0021287945346190706 0.054539294578034025 0.00010907812086698745 
-0.00532556674087289 -0.009756185027484196 1.8156041525548252e-5 
-0.004877138231740591 0.01601116132217334 1.2829813714923564e-13 
-0.0048815931782118654 0.01603005046499309 -3.1970959022313854e-5 
-0.005325566740868203 -0.00975618502726192 -1.8156041317774594e-5 
-0.004881593178205401 0.016030050465231496 3.19709592791488e-5 
-0.0027654171313471277 -0.051346313700755535 9.509111900901257e-5 
-0.004178623395610064 -0.03372381145881818 7.976401326472205e-14 
-0.004182448095615197 -0.03376387814676478 6.780555312336686e-5 
-0.0027654171313436894 -0.051346313700573805 -9.509111889896193e-5 
-0.00418244809561102 -0.033763878146561836 -6.780555296428259e-5 
0.001760418995479615 -0.05651904756369154 0.00010516335053579925 
-0.000519824664648474 -0.05954111253620716 3.022927364818295e-14 
-0.000520327549454797 -0.05961194410057324 0.00011986638471223358 
0.0017604189954834163 -0.05651904756355338 -0.00010516335052246397 
-0.000520327549451708 -0.0596119441004152 -0.00011986638465189835 
0.005071567848078184 -0.021420187517075504 4.1705519199468034e-5 
0.0035261083785027413 -0.04307262513078765 -1.3103126293263438e-14 
0.003529257135271004 -0.04312445646380715 8.769305833945272e-5 
0.005071567848080509 -0.021420187516962785 -4.1705519258446586e-5 
0.003529257135275002 -0.043124456463683764 -8.769305836597459e-5 
0.004869934957389221 0.029637063995207248 -4.9358435130107365e-5 
0.005129046526862228 0.0043589305585165486 -4.370692240068794e-14 
0.005133562949798087 0.004362052926810145 -5.350019078514245e-6 
0.004869934957387267 0.029637063995290164 4.93584350236075e-5 
0.005133562949797886 0.004362052926906761 5.350018991018412e-6 
0.0013974658365329229 0.06175089691002079 -0.00010105690221979383 
0.0032248083070050416 0.049998688565869434 -5.888534764710649e-14 
0.003227376595585104 0.050052970693843846 -9.200194933809642e-5 
0.0013974658365251095 0.0617508969100659 0.00010105690209834859 
0.0032273765955796504 0.05005297069390879 9.200194922038058e-5 
-0.0026526174975651825 0.05505831883172569 -7.10171240912908e-5 
-0.0006764684034064957 0.06342762676821687 -5.447719274100471e-14 
-0.00067781897077008 0.06349099837583434 -0.00010739435172770903 
-0.002652617497573226 0.055058318831752245 7.101712400624146e-5 
-0.0006778189707777294 0.06349099837586603 0.00010739435161915599 
-0.0038444635869929623 0.02108973487643308 2.4293171261229945e-5 
-0.0034224072169615465 0.03956481215528141 -2.768687747338456e-14 
-0.0034261020809664517 0.039584102914695135 -3.195375775280962e-5 
-0.0038444635870017066 0.02108973487644768 -2.4293171287922966e-5 
-0.00342610208097554 0.03958410291471654 3.1953757697432246e-5 
-0.002136570877649542 0.005857691651331715 -3.069326938019499e-15 
-0.0021332688155265675 0.005800158187489245 0.00010360369363887434 
-0.0021332688155323493 0.005800158187495537 -0.00010360369364508762 
-0.003828883506714725 0.021107523255275054 -4.005374981011145e-14 
-0.002646430449112969 0.05501551960462231 -9.438524253915346e-14 
0.0013965117351306129 0.06168927049195642 -1.2324383210320174e-13 
0.00486418905530798 0.02960692187609353 -1.0936670104464344e-13 
0.005065421824119661 -0.021394802482104916 -6.162703574183608e-14 
0.0017582902872538605 -0.05645497061229776 -9.338977783240242e-15 
-0.0027620021609496203 -0.05128836700528547 2.667177048679108e-14 
-0.005319012568399095 -0.009745122486575122 4.266316294072745e-14 
-0.004113384094896715 0.038743126163198076 2.5225936062121483e-14 
-7.889121883808709e-14 0.05988822296042814 -1.3803811268969773e-14 
0.004113384094762399 0.038743126164662765 -5.577885314197569e-14 
0.005319012568379492 -0.009745122484323224 -8.043244521081805e-14 
0.0027620021611300507 -0.051288367003844794 -9.653236209156814e-14 
-0.0017582902869411141 -0.05645497061339454 -1.0789784405868196e-13 
-0.005065421823890438 -0.02139480248600742 -1.2277300486234465e-13 
-0.004864189055296826 0.029606921870974082 -1.2135850910668894e-13 
-0.0013965117352587265 0.06168927048744017 -9.757617949125354e-14 
0.0026464304488988716 0.05501551960183743 -6.450282677191737e-14 
0.0038288835065515333 0.02110752325442054 -2.53672828164024e-14 
-0.0021365708777354845 0.00585769165155853 -1.4346553182570092e-14 
-0.0038444635871625705 0.02108973487727092 -2.4293171317247416e-5 
-0.0021332688156154396 0.005800158187707477 -0.00010360369366075158 
-0.0038444635871594654 0.021089734877315778 2.4293171236949363e-5 
-0.002133268815614946 0.005800158187726023 0.00010360369363194506 
-0.0034224072171561365 0.03956481215703756 -6.911635663775471e-14 
-0.0026526174977842196 0.05505831883447704 7.101712395448914e-5 
-0.0034261020811673843 0.03958410291642585 3.195375765469584e-5 
-0.0026526174977830434 0.055058318834571636 -7.101712414359524e-5 
-0.0034261020811639804 0.03958410291649646 -3.195375779287235e-5 
-0.0006764684035809795 0.0634276267719773 -1.1429148278223708e-13 
0.0013974658364044024 0.06175089691448847 0.00010105690203919326 
-0.0006778189709472913 0.06349099837955097 0.00010739435156123514 
0.001397465836397327 0.06175089691463276 -0.00010105690228547889 
-0.000677818970949817 0.06349099837967237 -0.00010739435178989972 
0.003224808306942948 0.04999868857086078 -1.2224753971860816e-13 
0.00486993495740667 0.029637064000277234 4.9358434972045996e-5 
0.0032273765955260227 0.050052970698784754 9.200194916075103e-5 
0.004869934957392201 0.029637064000464206 -4.9358435190852726e-5 
0.003227376595514546 0.05005297069895313 -9.200194940542746e-5 
0.005129046526982701 0.004358930563302464 -8.820793902247028e-14 
0.005071567848317411 -0.021420187513219485 -4.170551928619067e-5 
0.005133562949926639 0.004362052931546706 5.3500189526753976e-6 
0.0050715678483004584 -0.0214201875130065 4.170551916233553e-5 
0.0051335629499103036 0.004362052931749597 -5.3500191286555675e-6 
0.003526108378783809 -0.043072625128182704 -3.4286873607448834e-14 
0.0017604189958029157 -0.05651904756264398 -0.00010516335053914496 
0.0035292571355625105 -0.0431244564612508 -8.769305838453969e-5 
0.001760418995787382 -0.056519047562408074 0.00010516335052037716 
0.003529257135546138 -0.04312445646102636 8.769305831626945e-5 
-0.0005198246643944469 -0.059541112536546446 1.0496602486591587e-14 
-0.002765417131158524 -0.05134631370224089 -9.509111893158106e-5 
-0.0005203275491918512 -0.05961194410095973 -0.00011986638467496771 
-0.0027654171311694265 -0.05134631370197697 9.50911189850787e-5 
-0.0005203275492060644 -0.059611944100709184 0.00011986638469581209 
-0.004178623395529721 -0.033723811460914514 3.872773513911176e-14 
-0.00532556674088822 -0.009756185029766643 -1.8156041383423933e-5 
-0.004182448095529613 -0.033763878148899674 -6.780555300988111e-5 
-0.005325566740889651 -0.009756185029489514 1.815604146853184e-5 
-0.004182448095535925 -0.033763878148627705 6.780555308719615e-5 
-0.004877138231820467 0.01601116132017184 3.836548007998804e-14 
-0.004118450195494202 0.038786685230340824 7.147152639106892e-5 
-0.004881593178290134 0.0160300504629698 3.197095918599294e-5 
-0.004118450195486801 0.03878668523062471 -7.147152634032311e-5 
-0.00488159317828717 0.016030050463249828 -3.1970959109217936e-5 
-0.0021268525916661647 0.054474845139101474 6.435470595113997e-15 
-8.588155830356153e-14 0.059955593016070376 0.0001105421409758835 
-0.0021287945347770493 0.05453929457700136 0.00010907812069020225 
-7.20672342385799e-14 0.0599555930163417 -0.00011054214100386664 
-0.0021287945347653937 0.05453929457728191 -0.00010907812067721726 
0.0021268525915173024 0.05447484513986172 -3.645757289151291e-14 
0.004118450195349682 0.0387866852318218 7.147152631165e-5 
0.002128794534615539 0.05453929457777147 0.00010907812064827818 
0.00411845019536243 0.03878668523207345 -7.147152642278767e-5 
0.002128794534629012 0.05453929457803395 -0.00010907812072092927 
0.004877138231738978 0.016011161322172476 -7.005379713107674e-14 
0.005325566740863578 -0.009756185027483856 -1.8156041502213264e-5 
0.004881593178201154 0.01603005046499278 3.1970959080670344e-5 
0.005325566740874993 -0.009756185027262887 1.8156041341062332e-5 
0.004881593178212888 0.01603005046523172 -3.197095922086123e-5 
0.004178623395608906 -0.033723811458817546 -8.9473994638181e-14 
0.002765417131338721 -0.05134631370075628 -9.509111905016702e-5 
0.004182448095606287 -0.03376387814676501 -6.780555313316163e-5 
0.002765417131350232 -0.05134631370057404 9.509111885730968e-5 
0.004182448095617563 -0.03376387814656196 6.780555295453942e-5 
0.0005198246646478128 -0.05954111253620867 -1.0180017300001648e-13 
-0.001760418995487014 -0.05651904756369113 -0.00010516335063672813 
0.0005203275494468837 -0.05961194410057296 -0.00011986638478394273 
-0.001760418995477039 -0.05651904756355366 0.00010516335042092526 
0.0005203275494582339 -0.05961194410041552 0.00011986638458050046 
-0.0035261083785032084 -0.04307262513078721 -1.1619621189793049e-13 
-0.005071567848083015 -0.021420187517075095 -4.170551935152475e-5 
-0.003529257135277442 -0.043124456463807484 -8.769305846864543e-5 
-0.005071567848076129 -0.021420187516962227 4.1705519105769175e-5 
-0.0035292571352692824 -0.043124456463683424 8.769305823638448e-5 
-0.0051290465268625405 0.004358930558515813 -1.2434792993055053e-13 
-0.004869934957389916 0.02963706399520863 4.9358434955503375e-5 
-0.005133562949801008 0.004362052926809843 5.350018910417803e-6 
-0.004869934957387038 0.029637063995290525 -4.935843519844088e-5 
-0.0051335629497956305 0.004362052926907037 -5.350019158889396e-6 
-0.003224808307005259 0.049998688565870725 -1.1326269352604581e-13 
-0.0013974658365286839 0.06175089691002167 0.00010105690206145067 
-0.0032273765955833722 0.050052970693843804 9.200194916594368e-5 
-0.0013974658365296262 0.06175089691006538 -0.0001010569022568504 
-0.003227376595581877 0.05005297069390885 -9.200194939227981e-5 
0.0006764684034064217 0.06342762676821664 -8.10185451578293e-14 
0.0026526174975726674 0.05505831883172526 7.101712398436492e-5 
0.0006778189707761993 0.06349099837583466 0.00010739435159238717 
0.0026526174975659094 0.05505831883175146 -7.101712411304478e-5 
0.0006778189707715748 0.06349099837586616 -0.00010739435175464124 
0.0034224072169616714 0.03956481215528127 -4.5427107353968513e-14 
0.003844463587000382 0.0210897348764328 -2.4293171299898605e-5 
0.003426102080974568 0.039584102914695066 3.19537576796693e-5 
0.0038444635869944134 0.02108973487644719 2.4293171249290193e-5 
0.0034261020809676556 0.03958410291471655 -3.195375777056965e-5 
0.0021365708776495836 0.005857691651331723 -8.265147340841355e-15 
0.0021332688155309637 0.005800158187489416 -0.00010360369365027747 
0.0021332688155280004 0.005800158187495364 0.00010360369363365459 
-8.494189014529665e-15 0.021042119388534612 -2.1523494194109514e-14 
-6.68163096751227e-15 0.055216380711598886 -5.482951005002666e-14 
1.7681023019350427e-15 0.0619743232658455 -6.292094962009217e-14 
1.0421310120132038e-14 0.029746121726716493 -3.117929418276875e-14 
1.3942440563643194e-14 -0.021512365412937585 2.7463744188096094e-14 
1.1967796989641044e-14 -0.0567514487049611 8.87108255035374e-14 
7.937673986995154e-15 -0.05155645253301794 1.365762602353764e-13 
-3.6317583039637054e-16 -0.0097963082998889 1.5832429424405092e-13 
-8.81488248336933e-15 0.038944624631254574 1.4311380177999885e-13 
-1.3217466935850566e-14 0.06019987212808705 9.887870899491952e-14 
-1.1418671830803765e-14 0.038944624632755255 4.9431962248768616e-14 
-8.757479973101498e-15 -0.00979630829756855 1.1760456156783289e-14 
-7.905124849669327e-15 -0.05155645253148222 -2.0611176532736645e-14 
-7.248507181891593e-15 -0.056751448705957996 -5.042952164550347e-14 
-4.8099273254253e-15 -0.02151236541675135 -7.60644386202732e-14 
-5.222440893981596e-16 0.029746121721689087 -8.711347206754007e-14 
4.441056199070742e-15 0.06197432326142051 -7.91755291214022e-14 
7.554414489885093e-15 0.05521638070888144 -5.32907125538576e-14 
7.586087688150922e-15 0.02104211938771764 -1.9364708367276273e-14 
-5.1027423179318695e-15 0.005561150269575128 -6.670427745759092e-15 
0.001892494597500903 0.021043132054191036 1.987126537342017e-5 
0.001066615768157858 0.005573844931120574 0.00011047348320991542 
-8.357660183794574e-15 0.03965447270856144 -3.951485203356439e-14 
0.0013079654024877733 0.055208292242421575 -7.069930570201394e-5 
0.0017143372435817338 0.03965153079186743 -3.194360849770873e-5 
-2.730912098389858e-15 0.06373042292647911 -6.376155035263517e-14 
-0.0006954053209035045 0.061963330242319335 -9.972090726532998e-5 
0.00033938635415734435 0.06371937632231821 -0.00010898686478091692 
6.449318221379433e-15 0.050258112372828366 -5.20835194240611e-14 
-0.0024145760169696886 0.029740771522289836 -4.865737939950991e-5 
-0.001614179102024684 0.05024860677929718 -9.334948880020467e-5 
1.2673139274704949e-14 0.004374019754903521 -3.94290260783664e-15 
-0.0025137942635205467 -0.021507893164355873 4.122318164465079e-5 
-0.0025677407317092767 0.004373472841809876 -5.476746904288546e-6 
1.3173856084038339e-14 -0.043319892473721505 5.91370586270912e-14 
-0.0008726101431907437 -0.05674013940751721 0.00010386060489528878 
-0.0017653055797504879 -0.04331081107576032 8.884352373872097e-5 
1.0301923521532091e-14 -0.05987910039751164 1.1455372596212347e-13 
0.001370359460122392 -0.05154622333349811 9.390433665009947e-5 
0.0002602789471406906 -0.05986668989985024 0.00012146144328770866 
3.974316240516852e-15 -0.03391500323510954 1.5185929823775653e-13 
0.0026391319709517663 -0.009794355850975508 1.7931266821843335e-5 
0.002092063357649457 -0.03390798308424261 6.870929848004699e-5 
-4.689579461009815e-15 0.016101310376720294 1.551552288495556e-13 
0.002040949134722672 0.038936933674035674 -7.057214646612525e-5 
0.002441772580021976 0.01609800079993976 -3.240088161114175e-5 
-1.1530576099726159e-14 0.05478241411307865 1.2325333885121355e-13 
2.6030225459631158e-14 0.0601879772942331 -0.00010915241333838437 
0.0010648225661026652 0.05477112185901695 -0.00011053968354626693 
-1.2771224148045947e-14 0.05478241411385937 7.31251929767763e-14 
-0.002040949134676705 0.03893693367553616 -7.05721465682172e-5 
-0.0010648225660527364 0.05477112185979761 -0.00011053968360075405 
-9.84546342974878e-15 0.016101310378771935 2.919749501972083e-14 
-0.002639131970951693 -0.009794355848655477 1.793126665922288e-5 
-0.00244177257999614 0.016098000801991235 -3.2400881749002604e-5 
-8.306914381523997e-15 -0.03391500323292892 -4.861956665446701e-15 
-0.0013703594602124856 -0.05154622333196225 9.390433647111968e-5 
-0.0020920633576936797 -0.033907983082062915 6.870929830356895e-5 
-7.577527158222379e-15 -0.05987910039707209 -3.592259573439612e-14 
0.0008726101430396526 -0.05674013940851443 0.0001038606047350062 
-0.0002602789472652434 -0.059866689899410894 0.00012146144311457186 
-6.265283161622059e-15 -0.04331989247623151 -6.466918259323646e-14 
0.0025137942634151965 -0.021507893168169024 4.122318152422396e-5 
0.0017653055796161149 -0.0433108110782699 8.884352359592793e-5 
-2.8192596371497805e-15 0.004374019750206451 -8.402419871537556e-14 
0.0024145760169728436 0.02974077151726383 -4.865737947263629e-5 
0.002567740731658427 0.00437347283711378 -5.4767470004411236e-6 
1.7707941808675462e-15 0.05025811236793044 -8.58563483056438e-14 
0.0006954053209726913 0.061963330237894534 -9.972090729910854e-5 
0.0016141791020633416 0.050248606774399476 -9.33494888519219e-5 
6.161123618727107e-15 0.06373042292280202 -6.764725120106876e-14 
-0.0013079654023819137 0.055208292239704214 -7.069930571445875e-5 
-0.00033938635406763763 0.0637193763186412 -0.00010898686480109723 
8.131261763037502e-15 0.03965447270685848 -3.65955871506156e-14 
-0.0018924945974216837 0.021043132053373836 1.9871265366771346e-5 
-0.0017143372434856464 0.03965153079016424 -3.194360850645549e-5 
4.509326242367106e-15 0.005561150269373509 -5.926021072958102e-15 
-0.0010666157681163346 0.005573844930918425 0.00011047348320339164 
-0.001892494597517858 0.021043132054191095 -1.9871265416416052e-5 
-0.001066615768168061 0.005573844931120816 -0.00011047348322327216 
-0.001307965402501113 0.05520829224242128 7.069930559223355e-5 
-0.0017143372435984346 0.03965153079186742 3.1943608418686345e-5 
0.000695405320907072 0.06196333024231962 9.972090713921242e-5 
-0.00033938635416277604 0.06371937632231794 0.00010898686465333388 
0.0024145760169905304 0.029740771522289877 4.865737933701903e-5 
0.0016141791020375356 0.05024860677929688 9.334948869613196e-5 
0.0025137942635484584 -0.021507893164355835 -4.122318158990599e-5 
0.0025677407317346323 0.004373472841809904 5.47674689653898e-6 
0.0008726101432146801 -0.05674013940751754 -0.00010386060471819465 
0.0017653055797768459 -0.043310811075759646 -8.884352362007393e-5 
-0.0013703594601065514 -0.0515462233334977 -9.390433637663515e-5 
-0.0002602789471200765 -0.05986668989985011 -0.00012146144305848902 
-0.0026391319709524576 -0.009794355850975715 -1.793126650512775e-5 
-0.0020920633576415014 -0.03390798308424271 -6.870929817620958e-5 
-0.0020409491347402713 0.03893693367403579 7.057214675263293e-5 
-0.002441772580031329 0.016098000799939786 3.240088192166937e-5 
-5.245183345152137e-14 0.060187977294233246 0.00010915241353613986 
-0.001064822566125756 0.05477112185901699 0.00011053968379288953 
0.0020409491346539033 0.038936933675535926 7.057214666689997e-5 
0.0010648225660271926 0.05477112185979757 0.00011053968374714178 
0.002639131970934195 -0.009794355848655938 -1.7931266635818813e-5 
0.0024417725799764397 0.01609800080199105 3.240088180744091e-5 
0.0013703594601966562 -0.05154622333196245 -9.39043365123628e-5 
0.002092063357677084 -0.033907983082062686 -6.870929831338996e-5 
-0.0008726101430540845 -0.056740139408514655 -0.00010386060483627687 
0.00026027894725011886 -0.05986668989941099 -0.00012146144318629624 
-0.0025137942634248516 -0.021507893168169152 -4.122318167632076e-5 
-0.0017653055796286094 -0.04331081107826931 -8.884352372517022e-5 
-0.002414576016973931 0.029740771517263676 4.865737929862205e-5 
-0.0025677407316640273 0.004373472837113354 5.476746832398551e-6 
-0.000695405320963859 0.06196333023789465 9.972090714087418e-5 
-0.0016141791020597444 0.050248606774399546 9.334948868003932e-5 
0.0013079654023970197 0.05520829223970381 7.069930560773945e-5 
0.0003393863540799284 0.06371937631864132 0.00010898686466577086 
0.0018924945974368595 0.02104313205337385 -1.9871265405547545e-5 
0.0017143372435018866 0.039651530790164195 3.1943608433337684e-5 
0.0010666157681253445 0.0055738449309186465 -0.00011047348321522648 
7.898624537438422e-15 0.02104211938862466 -2.1513648759347187e-14 
5.324491454221226e-15 0.05521638071178823 -5.5048848685034954e-14 
-3.817382230669967e-15 0.0619743232661328 -6.293699292353617e-14 
-1.2902556843068457e-14 0.029746121727090864 -3.1462463380778026e-14 
-1.655801570134625e-14 -0.021512365412508474 2.751359543614244e-14 
-1.4551789247267878e-14 -0.05675144870449075 8.837568061592987e-14 
-1.0240175611015987e-14 -0.05155645253249003 1.3630245429447444e-13 
-1.939142686973348e-15 -0.009796308299332966 1.579784254602802e-13 
6.750388493341836e-15 0.03894462463182105 1.4324560522888204e-13 
1.1217984147288652e-14 0.060199872128629144 9.89514587779866e-14 
9.658519872761021e-15 0.03894462463325861 4.9062416515536545e-14 
7.417010668431634e-15 -0.00979630829712456 1.185202573932774e-14 
6.964545199835731e-15 -0.05155645253111852 -2.070022710660582e-14 
6.675294468877891e-15 -0.0567514487056834 -5.0720271863882416e-14 
4.505734069465225e-15 -0.02151236541652687 -7.59239461789552e-14 
4.541343680324826e-16 0.029746121721853393 -8.709229736082384e-14 
-4.510473234513285e-15 0.061974323261508826 -7.890567710161821e-14 
-7.400007614570195e-15 0.055216380708933616 -5.3296482495060364e-14 
-7.519666843525434e-15 0.02104211938774633 -1.9328335717200896e-14 
0.001892494597519625 0.02104313205428117 -1.9871265397627953e-5 
4.8030407879019194e-15 0.005561150269612862 -6.644604139519941e-15 
0.0010666157681698033 0.0055738449311585345 -0.00011047348321530475 
0.0013079654025020208 0.055208292242610965 7.069930563171356e-5 
7.42869944554544e-15 0.039654472708703224 -3.9473151978761544e-14 
0.0017143372435996394 0.039651530792009164 3.1943608448304024e-5 
-0.0006954053209070451 0.06196333024260641 9.972090719933782e-5 
1.0186155370663247e-15 0.0637304229267216 -6.363415279635327e-14 
0.0003393863541632353 0.06371937632256038 0.00010898686470398816 
-0.0024145760169916 0.029740771522664633 4.8657379414833405e-5 
-8.714827492354352e-15 0.050258112373165346 -5.196500889604396e-14 
-0.0016141791020379025 0.05024860677963373 9.33494887664432e-5 
-0.0025137942635501814 -0.02150789316392709 -4.1223181500122164e-5 
-1.5429957196831747e-14 0.004374019755307977 -3.697498126893472e-15 
-0.0025677407317361896 0.004373472842214154 5.476746980824178e-6 
-0.0008726101432161527 -0.056740139407046544 -0.00010386060462023211 
-1.602880429198136e-14 -0.04331989247327238 5.935633798582956e-14 
-0.0017653055797787211 -0.043310811075311074 -8.884352352675742e-5 
0.0013703594601051675 -0.05154622333296995 -9.390433626687727e-5 
-1.2780411874807372e-14 -0.05987910039701114 1.1477656839829042e-13 
0.00026027894711897094 -0.05986668989934987 -0.00012146144295425756 
0.0026391319709505065 -0.009794355850419694 -1.7931266389619163e-5 
-6.300285155041873e-15 -0.03391500323456517 1.5198838434919432e-13 
0.0020920633576397675 -0.03390798308369856 -6.870929806285402e-5 
0.002040949134738343 0.038936933674602235 7.057214687037756e-5 
2.4805217374497295e-15 0.01610131037728148 1.5519413878190935e-13 
0.0024417725800294178 0.016098000800500892 3.240088203847878e-5 
4.96501328897189e-14 0.06018797729477509 0.00010915241364913606 
9.502623362076067e-15 0.05478241411364009 1.2318730173641531e-13 
0.001064822566123148 0.054771121859578414 0.0001105396839096573 
-0.0020409491346567183 0.03893693367603912 7.057214677171723e-5 
1.0956958317060128e-14 0.054782414114385045 7.320988142964438e-14 
-0.0010648225660298634 0.05477112186032314 0.00011053968385658753 
-0.0026391319709371834 -0.009794355848212243 -1.7931266543499472e-5 
8.232684744719824e-15 0.016101310379248328 2.933548789071587e-14 
-0.002441772579979318 0.01609800080246754 3.2400881906792184e-5 
-0.001370359460199597 -0.05154622333159903 -9.390433643663316e-5 
7.175313896554502e-15 -0.03391500323252421 -4.6934493059482336e-15 
-0.0020920633576799142 -0.03390798308165773 -6.870929822889021e-5 
0.0008726101430520289 -0.05674013940824007 -0.00010386060477909041 
6.8647551388584986e-15 -0.059879100396756084 -3.578845407940465e-14 
-0.0002602789472528512 -0.05986668989909479 -0.00012146144312050232 
0.0025137942634233966 -0.021507893167945137 -4.1223181629617476e-5 
5.975051121849224e-15 -0.04331989247598488 -6.484658306260592e-14 
0.001765305579627271 -0.043310811078023426 -8.884352367404631e-5 
0.002414576016972661 0.029740771517427465 4.865737933256594e-5 
2.4285947700859955e-15 0.004374019750399715 -8.375719212396781e-14 
0.002567740731662302 0.004373472837306883 5.476746872852999e-6 
0.0006954053209621018 0.06196333023798283 9.972090715939268e-5 
-2.1104668914764734e-15 0.050258112368061006 -8.595363017226736e-14 
0.0016141791020577053 0.05024860677452975 9.334948870727126e-5 
-0.001307965402397213 0.05520829223975607 7.069930561863012e-5 
-6.174183508030183e-15 0.06373042292286617 -6.772132514314513e-14 
-0.00033938635408070167 0.06371937631870549 0.00010898686467928454 
-0.0018924945974374697 0.021043132053402625 -1.9871265399584217e-5 
-8.04649399004817e-15 0.03965447270690129 -3.65869255238063e-14 
-0.001714337243502342 0.03965153079020703 3.194360844225547e-5 
-4.4291264636722186e-15 0.005561150269385867 -5.9424982343054294e-15 
-0.0010666157681259458 0.005573844930930986 -0.0001104734832126334 
-0.0018924945975038777 0.021043132054281027 1.987126535463861e-5 
-0.0010666157681602328 0.005573844931158343 0.00011047348320205412 
-0.0013079654024913845 0.0552082922426108 -7.069930574176106e-5 
-0.0017143372435848006 0.039651530792009185 -3.194360852724529e-5 
0.0006954053208994073 0.06196333024260689 -9.972090732536061e-5 
-0.00033938635416115657 0.06371937632256058 -0.00010898686483122793 
0.002414576016965727 0.029740771522664643 -4.865737947749562e-5 
0.0016141791020204547 0.050248606779634324 -9.334948887036654e-5 
0.0025137942635169884 -0.021507893163927268 4.122318155532793e-5 
0.002567740731705425 0.004373472842214228 -5.47674698837831e-6 
0.000872610143186971 -0.05674013940704792 0.000103860604797253 
0.0017653055797467183 -0.04331081107531077 8.884352364517991e-5 
-0.0013703594601256592 -0.05154622333297101 9.390433654001982e-5 
-0.00026027894714444183 -0.059866689899349276 0.0001214614431834057 
-0.0026391319709543285 -0.009794355850420199 1.793126670585923e-5 
-0.0020920633576523738 -0.033907983083698585 6.870929836647725e-5 
-0.002040949134724839 0.038936933674602374 -7.057214658399082e-5 
-0.0024417725800244495 0.016098000800501146 -3.2400881727963376e-5 
-2.7153146627547415e-14 0.06018797729477526 -0.00010915241345150754 
-0.0010648225661041267 0.05477112185957839 -0.00011053968366318334 
0.0020409491346760496 0.03893693367603942 -7.05721466730891e-5 
0.0010648225660517365 0.05477112186032308 -0.00011053968371033224 
0.0026391319709519884 -0.009794355848211889 1.793126656690842e-5 
0.0024417725799958344 0.016098000802467562 -3.240088184812687e-5 
0.0013703594602135012 -0.05154622333159864 9.390433639536656e-5 
0.0020920633576942964 -0.033907983081657614 6.870929821951997e-5 
-0.0008726101430386418 -0.056740139408239985 0.00010386060467748831 
0.0002602789472665427 -0.059866689899095174 0.00012146144304892626 
-0.0025137942634143964 -0.02150789316794399 4.122318147730595e-5 
-0.0017653055796154292 -0.043310811078023 8.884352354461677e-5 
-0.002414576016971732 0.029740771517428072 -4.865737950694092e-5 
-0.002567740731657422 0.00437347283730685 -5.476747040516932e-6 
-0.0006954053209711303 0.06196333023798355 -9.972090731749182e-5 
-0.0016141791020619306 0.05024860677452989 -9.334948887895823e-5 
0.0013079654023823704 0.05520829223975621 -7.06993057251537e-5 
0.0003393863540683517 0.06371937631870533 -0.0001089868648145941 
0.0018924945974224151 0.021043132053402473 1.9871265360861695e-5 
0.001714337243486258 0.03965153079020711 -3.19436085154038e-5 
0.001066615768117039 0.005573844930930783 0.0001104734832008026 
-3.0602624108055317e-16 0.02110478145544345 -2.1432340167587266e-14 
-6.902447378198009e-16 0.05504582310176393 -5.509585471282266e-14 
-1.0146282453844531e-15 0.061730613344592476 -6.328889618527134e-14 
-1.2875185992080384e-15 0.02962703339938252 -3.153305921757973e-14 
-1.3445715303353185e-15 -0.02141184365559785 2.734539241105683e-14 
-1.2739931869697195e-15 -0.056497895247934714 8.868770996967056e-14 
-1.1469332727508405e-15 -0.05132717551767481 1.3657593002984913e-13 
-1.1386928061150469e-15 -0.00975253330932781 1.5829622101466926e-13 
-1.0568430422394413e-15 0.038772290985198 1.4329065980306962e-13 
-9.92869861812553e-16 0.05993333173522685 9.896605578440289e-14 
-9.013538074719105e-16 0.03877229098666314 4.923075376464456e-14 
-7.032865175682659e-16 -0.009752533307074382 1.1586930105954917e-14 
-5.264639171912993e-16 -0.051327175516231845 -2.0760440563584515e-14 
-2.0642806318658012e-16 -0.05649789524903161 -5.083289362309231e-14 
-1.3005408122867942e-16 -0.021411843659502994 -7.623264515596654e-14 
-1.125011351313926e-16 0.02962703339426101 -8.749127212444991e-14 
-8.872224893780492e-17 0.061730613340076214 -7.931916356844441e-14 
5.0745197972004896e-17 0.05504582309897845 -5.340165452598554e-14 
4.255141965316862e-17 0.02110478145458961 -1.9343832677375905e-14 
-1.5849436466519914e-16 0.005803709813894501 -6.427452359680063e-15 
0.0018944321209158515 0.021105757499855674 -1.2131744748850173e-14 
-4.2775918549065285e-15 0.021085909191816844 -2.1474386365919727e-14 
0.0010663025889434347 0.0058168610524380986 -2.3895588865878054e-15 
-2.5463038473674383e-15 0.005747596422805408 -6.485684240372479e-15 
0.0019009141013429742 0.02108716243718194 1.1757998669571606e-5 
0.0010650362486043247 0.005760317093973177 5.23675911758673e-5 
-4.617023537421947e-16 0.039577532975397255 -3.951275917853924e-14 
0.0013088485506133117 0.05503789570975936 -3.5377919284044306e-14 
-3.600721279111345e-15 0.055088537128518356 -5.4987865314892744e-14 
0.0017142500073820967 0.039574434567462555 -2.4736503281009858e-14 
-4.353385861176778e-15 0.03959694976462383 -3.9552275626129604e-14 
0.0013114743999588815 0.0550806329155827 -3.548631463126491e-5 
0.0017157257703297325 0.03959383570083944 -1.596372113951932e-5 
-8.22952944071651e-16 0.06347396293295848 -6.390264601799569e-14 
-0.0006954439710488308 0.06171972669863358 -3.323880357456411e-14 
3.993331700527636e-16 0.061792425397741525 -6.314708129225733e-14 
0.0003393907826070896 0.0634627340465266 -3.877012236130322e-14 
-1.77021623903196e-15 0.0635371062810694 -6.389573004124563e-14 
-0.0006958322486622831 0.06178151031825747 -5.041235433976766e-5 
0.00033992897488445715 0.06352594267209559 -5.382487480427115e-5 
-1.1801506949038224e-15 0.05003842439896051 -5.2177205104755114e-14 
-0.0024151586541521696 0.02962172441331501 7.38927538958869e-15 
4.474199092562045e-15 0.029657284225765985 -3.141154471284938e-14 
-0.0016143220879821004 0.05002879427115485 -1.7191293731344177e-14 
2.6224275704975448e-15 0.05009249316416555 -5.21545028854316e-14 
-0.002417569213775923 0.02965195878436232 -2.461784063381797e-5 
-0.0016153718117959716 0.05008291926543644 -4.6110393694816355e-5 
-1.3384147559701943e-15 0.004361286576525856 -4.019453314144941e-15 
-0.002514424956835663 -0.021407392489828415 7.2061955590858e-14 
6.175103778994039e-15 -0.021437309384968465 2.7458520912961412e-14 
-0.0025679788081271735 0.004360727945495621 3.822521335815071e-14 
5.658152802043805e-15 0.0043643892622574065 -3.934848427150676e-15 
-0.0025170059342384302 -0.021432845933445036 2.0810989265711123e-5 
-0.002569820689160311 0.004363835653665784 -2.6854606151719e-6 
-1.4467881436673951e-15 -0.04311038012128827 5.926344903722344e-14 
-0.0008728296391415106 -0.056486645794091364 1.3767726515451486e-13 
5.295439225698739e-15 -0.05656218731316075 8.863930730907371e-14 
-0.0017654713796066497 -0.04310119946958657 1.0603555292703133e-13 
5.890476253017717e-15 -0.04316202387830993 5.929029811146269e-14 
-0.0008737239132142652 -0.05655090537331947 5.246845287535912e-5 
-0.001766755263858517 -0.04315289196730533 4.393959588208146e-5 
-1.2683692993547732e-15 -0.0595927402878327 1.149206412439148e-13 
0.0013707071725286442 -0.051317000850535054 1.9185968690054238e-13 
3.3457794848763833e-15 -0.05138531807966386 1.3678270385649453e-13 
0.00026030655968840963 -0.05958019231758336 1.667407706051866e-13 
4.49693951837411e-15 -0.05966331190816139 1.1466989931257673e-13 
0.001372140832925214 -0.05137511387655222 4.744238632979714e-5 
0.00026051187905505656 -0.05965083137289591 6.006229189890166e-5 
-1.1624911753478712e-15 -0.03375301741471237 1.5210759268065887e-13 
0.00263980080977905 -0.009750591264238617 2.1627251570011345e-13 
-7.422677863890287e-16 -0.009763632911109519 1.5822936201616226e-13 
0.0020922672759013587 -0.0337459193855052 2.0868060049155727e-13 
1.4086629980216092e-15 -0.03379293682842146 1.5212530818951987e-13 
0.0026425527324305115 -0.00976168526442885 9.058478747330897e-6 
0.0020938273115802615 -0.03378587699744681 3.3975927918009526e-5 
-1.1034313261081729e-15 0.016024935685842324 1.552049618981568e-13 
0.002041466291083632 0.03876464112739659 2.0237961441886605e-13 
-4.8817064232080986e-15 0.03881599857436714 1.43260030088e-13 
0.002442009823896433 0.0160215891698168 2.1385793019732881e-13 
-2.8838545352232477e-15 0.016043754728296968 1.5535018544148698e-13 
0.0020435934590069703 0.0388083263698994 -3.565757168612968e-5 
0.0024438268517780184 0.016040426362780528 -1.602028217968222e-5 
-1.0164890860783133e-15 0.05452183554874829 1.2339801378060476e-13 
3.784687571113581e-14 0.05992150045768715 1.554914086612605e-13 
-7.0090047211197865e-15 0.060000931264445306 9.892514504783146e-14 
0.0010649259580414426 0.05451041756312883 1.819455046191996e-13 
-6.249120663239741e-15 0.054586046733192145 1.2339042700205394e-13 
3.222228965824991e-14 0.05998906545107982 -5.51502481586055e-5 
0.0010657180065302492 0.05457469047997762 -5.465737091470744e-5 
-9.204869316293627e-16 0.054521835549508915 7.298387159165816e-14 
-0.0020414662910198415 0.03876464112886136 1.0170325008471097e-13 
-6.163737164422408e-15 0.03881599857584898 4.9313283107388426e-14 
-0.001064925957969848 0.05451041756388933 1.2768750158566702e-13 
-6.80846049091332e-15 0.05458604673396242 7.298285751567843e-14 
-0.0020435934589517115 0.038808326371381284 -3.565757178757403e-5 
-0.0010657180064690696 0.05457469048074786 -5.4657370969192514e-5 
-7.871185649928121e-16 0.016024935687844355 2.922729917452076e-14 
-0.002639800809772352 -0.009750591261985407 5.771078452623283e-14 
-4.7362868452032935e-15 -0.00976363290882529 1.1825822455021532e-14 
-0.002442009823858502 0.016021589171818333 7.874531433617231e-14 
-5.341991744660534e-15 0.016043754730321966 2.911097568414916e-14 
-0.0026425527324268204 -0.009761685262144994 9.058478586673257e-6 
-0.002443826851745862 0.0160404263648051 -1.6020282316147936e-5 
-5.220156691042667e-16 -0.03375301741261226 -4.897965936203798e-15 
-0.0013707071726209508 -0.05131700084909282 1.716292051703563e-14 
-4.197619725585662e-15 -0.05138531807817711 -2.0680050703703018e-14 
-0.0020922672759435277 -0.033745919383406105 3.7362541906292136e-14 
-4.4478336573902656e-15 -0.03379293682628414 -4.882833797631501e-15 
-0.001372140833016293 -0.051375113875065895 4.7442386153013615e-5 
-0.002093827311623216 -0.033785876995310035 3.3975927744318745e-5 
-3.608547038026593e-16 -0.05959274028749293 -3.5576033508260954e-14 
0.0008728296389839151 -0.05648664579518839 -2.202787249689351e-14 
-3.7131392176751476e-15 -0.056562187314207875 -5.076326129422949e-14 
-0.0002603065598176786 -0.05958019231724311 -2.8202239799277403e-15 
-3.982594178171523e-15 -0.059663311907773825 -3.5841326258405655e-14 
0.0008737239130598334 -0.05655090537436678 5.2468452715524065e-5 
-0.0002605118791818601 -0.059650831372508414 6.006229172742671e-5 
-2.0134960867552567e-16 -0.04311038012389439 -6.465544148374643e-14 
0.0025144249567195594 -0.021407392493732937 -5.278476312589678e-14 
-2.4098143615011364e-15 -0.021437309388825366 -7.620732252835059e-14 
0.0017654713794637306 -0.043101199472192854 -3.899855351924162e-14 
-3.220537938721832e-15 -0.04316202388086694 -6.457001699559857e-14 
0.0025170059341275757 -0.02143284593730232 2.081098914307962e-5 
0.0017667552637197572 -0.04315289196986165 4.393959573816548e-5 
-1.6118889353135506e-16 0.004361286571737649 -8.399839389388826e-14 
0.002415158654144146 0.02962172440819455 -7.051432817799659e-14 
-3.111316378055768e-16 0.029657284220694965 -8.724005586828827e-14 
0.002567978808064844 0.0043607279407082 -6.385863095148455e-14 
-1.4743899751060995e-15 0.004364389257518394 -8.410381716516687e-14 
0.0024175692137734513 0.029651958779291162 -2.4617840709333128e-5 
0.0025698206891037363 0.004363835648927518 -2.6854607143581763e-6 
-9.981490339128652e-17 0.05003842439396863 -8.615237700554529e-14 
0.000695443971110957 0.0617197266941179 -7.011148298821048e-14 
2.1543983200340594e-15 0.0617924253932727 -7.92346589928561e-14 
0.001614322088011422 0.05002879426616295 -7.240738898876752e-14 
8.302812596621496e-16 0.05009249315922269 -8.59691092075783e-14 
0.0006958322487278741 0.06178151031378852 -5.041235437502699e-5 
0.0016153718118299008 0.05008291926049399 -4.61103937481037e-5 
-5.525292357105e-20 0.06347396292919723 -6.776579269638921e-14 
-0.0013088485505079813 0.05503789570697355 -4.788180655265143e-14 
3.778061140695145e-15 0.055088537125766356 -5.333286424995847e-14 
-0.0003393907825209647 0.06346273404276581 -6.104365921635046e-14 
3.050697057046574e-15 0.06353710627735172 -6.774266488145002e-14 
-0.001311474399853508 0.05508063291283096 -3.548631464372047e-5 
-0.0003399289747968742 0.06352594266837791 -5.3824874825515894e-5 
5.051105721972932e-17 0.03957753297364162 -3.651641406007607e-14 
-0.0018944321208351344 0.021105757499001575 -1.6312898885018497e-14 
3.698571258438637e-15 0.021085909190979666 -1.9347011247611204e-14 
-0.0017142500072854156 0.039574434565706806 -3.2133959749776935e-14 
4.0590694504320394e-15 0.03959694976289376 -3.656391198223926e-14 
-0.001900914101263168 0.021087162436344627 1.1757998664113895e-5 
-0.00171572577023367 0.039593835699109285 -1.596372114757024e-5 
1.5100309122258523e-17 0.005803709813669957 -5.688198946631828e-15 
-0.0010663025889007705 0.005816861052212961 -4.360183311758319e-15 
2.21194172932137e-15 0.0057475964225895265 -5.7527540484311966e-15 
-0.0010650362485626447 0.005760317093756799 5.236759117170349e-5 
-0.0018944321209164677 0.021105757499855667 -3.074578351428357e-14 
-0.0010663025889437426 0.0058168610524381 -1.0442029802536612e-14 
-0.0019009141013515158 0.021087162437181898 -1.1757998712495839e-5 
-0.0010650362486094413 0.005760317093973307 -5.2367591188812445e-5 
-0.0013088485506147017 0.05503789570975952 -7.478626796667836e-14 
-0.0017142500073830467 0.03957443456746247 -5.4313492378007366e-14 
-0.001311474399966044 0.05508063291558282 3.548631452124284e-5 
-0.0017157257703384764 0.039593835700839644 1.5963721060426163e-5 
0.0006954439710468574 0.061719726698633966 -9.323450276798577e-14 
-0.0003393907826087701 0.06346273404652672 -8.908004016972865e-14 
0.0006958322486630941 0.06178151031825703 5.04123542135932e-5 
-0.0003399289748880425 0.0635259426720954 5.38248746764226e-5 
0.002415158654149613 0.029621724413315106 -7.048611718028783e-14 
0.0016143220879797735 0.05002879427115486 -8.723200402410557e-14 
0.0024175692137848345 0.029651958784362675 2.4617840571043324e-5 
0.0016153718118012328 0.05008291926543594 4.6110393590495174e-5 
0.0025144249568329986 -0.021407392489828717 -1.728804677252393e-14 
0.002567978808124501 0.004360727945495642 -4.5944227819961015e-14 
0.0025170059342508053 -0.021432845933445226 -2.081098921089314e-5 
0.0025698206891716455 0.004363835653665525 2.6854606073472745e-6 
0.0008728296391389478 -0.05648664579409172 3.962847614664067e-14 
0.00176547137960378 -0.043101199469586564 1.247482818313181e-14 
0.000873723913224896 -0.05655090537331909 -5.246845269819336e-5 
0.001766755263870168 -0.04315289196730477 -4.3939595763499325e-5 
-0.0013707071725309185 -0.051317000850535005 8.170048758308528e-14 
-0.0002603065596909376 -0.05958019231758311 6.269334139680546e-14 
-0.001372140832918586 -0.05137511387655202 -4.744238605632258e-5 
-0.00026051187904604646 -0.05965083137289613 -6.0062291669381445e-5 
-0.002639800809781274 -0.009750591264238915 1.004293909644896e-13 
-0.002092267275903698 -0.033745919385504725 9.53844095131218e-14 
-0.0026425527324320216 -0.009761685264428156 -9.058478430427073e-6 
-0.002093827311577465 -0.03378587699744692 -3.39759276138509e-5 
-0.0020414662910857397 0.03876464112739615 8.428674655571929e-14 
-0.0024420098238986817 0.01602158916981671 9.68499385151928e-14 
-0.0020435934590167086 0.038808326369899476 3.56575719727748e-5 
-0.002443826851783842 0.016040426362780563 1.6020282490259414e-5 
-3.9772348654057675e-14 0.059921500457686766 4.251172815805151e-14 
-0.0010649259580434764 0.054510417563129125 6.499729703904319e-14 
-4.62829602378503e-14 0.05998906545107966 5.515024835642609e-5 
-0.001065718006542736 0.05457469047997769 5.465737116153585e-5 
0.00204146629101811 0.03876464112886123 -3.245731419248584e-15 
0.0010649259579679927 0.054510417563889614 1.8269920186186698e-14 
0.0020435934589394496 0.03880832637138122 3.5657571886147366e-5 
0.0010657180064554336 0.054574690480747895 5.46573711152702e-5 
0.0026398008097709446 -0.009750591261985523 -3.447936032662611e-14 
0.0024420098238568913 0.016021589171818194 -2.040166066672605e-14 
0.0026425527324173987 -0.009761685262144661 -9.058478563127752e-6 
0.002443826851735191 0.016040426364805103 1.602028237439306e-5 
0.0013707071726199729 -0.05131700084909268 -5.848346006505883e-14 
0.002092267275942424 -0.03374591938340608 -4.715402850263465e-14 
0.0013721408330079129 -0.05137511387506614 -4.744238619420146e-5 
0.002093827311614306 -0.03378587699531048 -3.397592775398093e-5 
-0.0008728296389843745 -0.05648664579518886 -7.939751605856305e-14 
0.0002603065598169316 -0.05958019231724397 -6.87480753278081e-14 
-0.0008737239130672119 -0.056550905374366627 -5.2468452816636495e-5 
0.0002605118791739724 -0.05965083137250851 -6.006229179927708e-5 
-0.002514424956719824 -0.021407392493732812 -9.958956875259231e-14 
-0.0017654713794641602 -0.043101199472192514 -9.041933562544306e-14 
-0.002517005934132421 -0.021432845937301763 -2.0810989295232457e-5 
-0.0017667552637262046 -0.04315289196986227 -4.3939595867403956e-5 
-0.002415158654144379 0.029621724408194505 -1.0442193984261305e-13 
-0.0025679788080651186 0.004360727940707622 -1.0411223638931567e-13 
-0.0024175692137740957 0.029651958779291845 2.4617840534809897e-5 
-0.0025698206891066975 0.004363835648927336 2.685460546149918e-6 
-0.0006954439711111109 0.06171972669411744 -8.849089278568084e-14 
-0.0016143220880116176 0.05002879426616363 -9.969168890514768e-14 
-0.0006958322487235895 0.061781510313788666 5.041235421661957e-5 
-0.001615371811828232 0.0500829192604939 4.61103935761858e-5 
0.0013088485505080444 0.0550378957069739 -5.898375112000131e-14 
0.00033939078252097365 0.06346273404276555 -7.437742982977773e-14 
0.0013114743998610665 0.05508063291283091 3.5486314536975206e-5 
0.0003399289748029414 0.06352594266837809 5.3824874690037934e-5 
0.0018944321208351803 0.021105757499001534 -2.2358307922096888e-14 
0.0017142500072854817 0.03957443456570675 -4.093886372518556e-14 
0.0019009141012705773 0.021087162436344467 -1.1757998702776798e-5 
0.0017157257702417512 0.03959383569910934 1.5963721074432622e-5 
0.0010663025889008177 0.005816861052212971 -6.974146279520243e-15 
0.001065036248567054 0.005760317093756892 -5.2367591183177426e-5 
3.650772116928722e-15 0.021085909191861697 -2.1448059269473726e-14 
2.2391233072028375e-15 0.005747596422824162 -6.476010564857769e-15 
0.001900914101353172 0.021087162437226716 -1.1757998693805649e-5 
0.001065036248611136 0.00576031709399205 -5.2367591180804046e-5 
2.206719535588212e-15 0.05508853712861251 -5.506790556869528e-14 
3.4430243931707192e-15 0.039596949764694654 -3.950656876582679e-14 
0.0013114743999668597 0.05508063291567651 3.548631456067542e-5 
0.001715725770339614 0.039593835700910344 1.596372109002458e-5 
-2.4271244502877598e-15 0.06179242539788512 -6.308777984338552e-14 
1.012319275460827e-16 0.06353710628119048 -6.386526875391101e-14 
-0.0006958322486630927 0.06178151031840045 5.041235427349477e-5 
0.0003399289748884282 0.06352594267221662 5.3824874726947103e-5 
-6.982205158885388e-15 0.02965728422595366 -3.142498048616284e-14 
-4.918157309482443e-15 0.05009249316433349 -5.214517188480138e-14 
-0.0024175692137859963 0.029651958784549654 2.4617840648923582e-5 
-0.001615371811801654 0.0500829192656042 4.611039366061087e-5 
-8.85485987409392e-15 -0.021437309384754754 2.771803261638298e-14 
-8.342282535261508e-15 0.004364389262459923 -3.811313711230084e-15 
-0.002517005934252575 -0.021432845933231165 -2.0810989121323888e-5 
-0.002569820689173179 0.004363835653868261 2.685460691635362e-6 
-7.867137095747669e-15 -0.056562187312925935 8.84008579085911e-14 
-8.68730444858228e-15 -0.04316202387808535 5.934190808914945e-14 
-0.0008737239132263544 -0.05655090537308418 -5.2468452600121714e-5 
-0.001766755263872182 -0.04315289196708026 -4.3939595669898295e-5 
-5.614432929733801e-15 -0.05138531807939959 1.3646743231741433e-13 
-7.021637408614639e-15 -0.059663311907911264 1.14719976672342e-13 
0.001372140832917182 -0.05137511387628799 -4.744238594627267e-5 
0.0002605118790447847 -0.059650831372645395 -6.0062291565268994e-5 
-1.5087634795565358e-15 -0.009763632910831974 1.5834640650856038e-13 
-3.70933510070237e-15 -0.03379293682814925 1.5189024467279975e-13 
0.002642552732430077 -0.009761685264151054 -9.05847831474826e-6 
0.0020938273115757 -0.03378587699717465 -3.39759275006108e-5 
2.7650815076508997e-15 0.03881599857465127 1.4335663419222207e-13 
6.772237123772876e-16 0.016043754728577796 1.554020249898568e-13 
0.0020435934590147145 0.03880832637018365 3.56575720908135e-5 
0.002443826851781877 0.016040426363061095 1.602028260720363e-5 
5.059037982395171e-15 0.06000093126471635 9.907502294473635e-14 
4.213544646528369e-15 0.054586046733472844 1.2334042093101872e-13 
4.351096011528843e-14 0.05998906545135097 5.5150248469635585e-5 
0.001065718006540176 0.054574690480258314 5.465737127835246e-5 
4.372267570327467e-15 0.038815998576100935 4.911305880966571e-14 
4.980804543106318e-15 0.054586046734225076 7.29798740248897e-14 
-0.0020435934589422473 0.03880832637163323 3.5657571991004184e-5 
-0.001065718006458067 0.054574690481010456 5.465737122460866e-5 
3.3593019624984282e-15 -0.009763632908603255 1.1523132222776474e-14 
3.760344909602274e-15 0.0160437547305605 2.9252707821853555e-14 
-0.002642552732420308 -0.009761685261922478 -9.058478470998008e-6 
-0.0024438268517380265 0.016040426365043704 1.602028247375523e-5 
3.234026618707731e-15 -0.051385318077995026 -2.0617904941874147e-14 
3.3381566862180726e-15 -0.0337929368260813 -4.7498211259974824e-15 
-0.001372140833010728 -0.05137511387488352 -4.744238611861455e-5 
-0.002093827311617137 -0.03378587699510743 -3.397592766957251e-5 
3.156829272625142e-15 -0.056562187314071026 -5.067591430802793e-14 
3.262221269895044e-15 -0.05966331190761557 -3.5750509420743093e-14 
0.0008737239130652439 -0.056550905374229375 -5.246845275943838e-5 
-0.0002605118791766191 -0.05965083137235039 -6.0062291733203365e-5 
2.154057605931321e-15 -0.021437309388712758 -7.623877637578678e-14 
2.875526638426388e-15 -0.043162023880743194 -6.475540921525349e-14 
0.002517005934131103 -0.02143284593718929 -2.0810989248676887e-5 
0.001766755263724853 -0.04315289196973831 -4.3939595816110114e-5 
1.4444618702750718e-16 0.029657284220776944 -8.73120431290717e-14 
1.1386097878214362e-15 0.004364389257615199 -8.389944827402059e-14 
0.0024175692137727613 0.029651958779373558 2.4617840568876004e-5 
0.0025698206891050317 0.004363835649024328 2.68546058664239e-6 
-2.2788245337275206e-15 0.06179242539331685 -7.904054426289038e-14 
-1.1220360667660035e-15 0.05009249315928783 -8.598723247940405e-14 
0.0006958322487218684 0.061781510313832784 5.0412354235071585e-5 
0.0016153718118263121 0.05008291926055902 4.611039360327245e-5 
-3.6787016189314075e-15 0.05508853712579304 -5.3404042044969075e-14 
-3.062122868511398e-15 0.06353710627738299 -6.76483597583245e-14 
-0.00131147439986131 0.055080632912857655 3.5486314547859424e-5 
-0.00033992897480370366 0.06352594266840936 5.382487470358608e-5 
-3.679936144633372e-15 0.02108590919099426 -1.9328938801217272e-14 
-3.957072444773953e-15 0.039596949762915015 -3.6561360420712205e-14 
-0.0019009141012711972 0.02108716243635924 -1.1757998696818338e-5 
-0.0017157257702421734 0.03959383569913066 1.596372108332652e-5 
-2.1281562309369433e-15 0.005747596422595637 -5.745920682216737e-15 
-0.001065036248567636 0.005760317093762983 -5.2367591180574135e-5 
-0.001900914101345853 0.02108716243722682 1.175799865089431e-5 
-0.001065036248606634 0.005760317093991918 5.23675911678906e-5 
-0.0013114743999624438 0.05508063291567713 -3.54863146708469e-5 
-0.0017157257703327433 0.03959383570091038 -1.5963721169037315e-5 
0.0006958322486582466 0.06178151031840091 -5.0412354399870607e-5 
-0.00033992897488822584 0.06352594267221674 -5.382487485464499e-5 
0.002417569213771979 0.029651958784549477 -2.461784071180307e-5 
0.001615371811791822 0.05008291926560425 -4.611039376484438e-5 
0.002517005934234841 -0.021432845933231928 2.0810989176339945e-5 
0.002569820689156573 0.004363835653868579 -2.685460699347856e-6 
0.0008737239132105452 -0.056550905373084326 5.246845277727522e-5 
0.001766755263854794 -0.04315289196708039 4.393959578858289e-5 
-0.0013721408329284744 -0.051375113876288125 4.744238621963473e-5 
-0.00026051187905882616 -0.05965083137264586 6.00622917946085e-5 
-0.0026425527324331244 -0.009761685264151212 9.058478631363798e-6 
-0.002093827311583147 -0.033785876997174856 3.3975927804547504e-5 
-0.002043593459009176 0.038808326370183444 -3.56575718041759e-5 
-0.002443826851780537 0.01604042636306109 -1.6020282296497565e-5 
-3.334969052926694e-14 0.059989065451351034 -5.515024827152296e-5 
-0.00106571800653173 0.05457469048025832 -5.4657371031635885e-5 
0.002043593458951065 0.03880832637163296 -3.565757189259171e-5 
0.0010657180064680089 0.05457469048101051 -5.465737107855467e-5 
0.0026425527324270607 -0.00976168526192363 9.058478494335307e-6 
0.0024438268517455197 0.01604042636504352 -1.6020282415351032e-5 
0.001372140833017225 -0.05137511387488385 4.74423860771571e-5 
0.0020938273116237914 -0.03378587699510726 3.3975927659804366e-5 
-0.0008737239130588953 -0.056550905374230014 5.246845265796495e-5 
0.0002605118791831338 -0.059650831372350374 6.006229166176078e-5 
-0.002517005934126756 -0.021432845937189606 2.0810989096132488e-5 
-0.0017667552637191221 -0.04315289196973831 4.3939595686598654e-5 
-0.0024175692137724763 0.029651958779373475 -2.4617840743403958e-5 
-0.0025698206891027666 0.004363835649024288 -2.6854607543750388e-6 
-0.0006958322487263768 0.06178151031383247 -5.041235439340004e-5 
-0.001615371811828561 0.050082919260559126 -4.6110393775338045e-5 
0.0013114743998539611 0.05508063291285744 -3.548631465464379e-5 
0.00033992897479755336 0.06352594266840951 -5.3824874838912675e-5 
0.0019009141012638886 0.021087162436358924 1.1757998658137212e-5 
0.0017157257702342485 0.039593835699130636 -1.596372115642942e-5 
0.001065036248563335 0.005760317093762912 5.236759116908199e-5 

VECTORS eigenmode9 float
0.0 0.0 0.0 
0.0 0.0 0.0 
0.0 0.0 0.0 
0.0 0.0 0.0 
0.0 0.0 0.0 
0.0 0.0 0.0 
0.0 0.0 0.0 
0.0 0.0 0.0 
0.0 0.0 0.0 
0.0 0.0 0.0 
0.0 0.0 0.0 
0.0 0.0 0.0 
0.0 0.0 0.0 
0.0 0.0 0.0 
0.0 0.0 0.0 
0.0 0.0 0.0 
0.0 0.0 0.0 
0.0 0.0 0.0 
0.0 0.0 0.0 
0.0 0.0 0.0 
0.0 0.0 0.0 
0.0 0.0 0.0 
0.0 0.0 0.0 
0.0 0.0 0.0 
0.0 0.0 0.0 
0.0 0.0 0.0 
0.0 0.0 0.0 
0.0 0.0 0.0 
0.0 0.0 0.0 
0.0 0.0 0.0 
0.0 0.0 0.0 
0.0 0.0 0.0 
0.004804998441161583 0.02713253685908089 3.1795162558105237e-6 
0.0016854240718976701 0.061901902788705394 -0.0002444108085748236 
-0.0042367080108038245 0.04888745854158239 -0.00021838937385254987 
-0.006494261948463926 -0.007067372099842177 4.260371367900312e-5 
-0.0026432451845259863 -0.05476916493965916 0.00027219982548302274 
0.0037023935309533082 -0.04922199715227538 0.00024312261949457732 
0.006464832320017522 0.0039031003365249703 -1.8866761197103043e-5 
0.0029953735247779155 0.05333120071692153 -0.00026226190283990924 
-0.0033608530119712474 0.05142228855962658 -0.00025295020737663604 
-0.006481407010471815 -1.2235405612183595e-12 9.322768195562233e-14 
-0.0033608530119249823 -0.05142228856183453 0.00025295020756474425 
0.0029953735248026956 -0.05333120071884297 0.00026226190304456275 
0.006464832320097147 -0.0039031003380440854 1.886676143277276e-5 
0.0037023935310999414 0.049221997151767 -0.00024312261922170144 
-0.0026432451844103045 0.054769164940414054 -0.0002721998251933931 
-0.006494261948460185 0.007067372101184211 -4.260371340438327e-5 
-0.004236708010874716 -0.048887458540539615 0.0002183893740811402 
0.0016854240718148093 -0.06190190278833378 0.0002444108087277646 
0.004804998441140123 -0.027132536859106833 -3.1795161897066334e-6 
0.002758216230471461 0.007420657733172471 0.00027573511776032584 
0.003495521115241297 0.048504995423993176 -0.00016860914018434502 
-0.0013040645552468077 0.06291764863474847 -0.000320033384387472 
-0.005614506208963705 0.023777346188335876 -0.00012203444830383511 
-0.004786742813272434 -0.03579906833448178 0.00020749469597222092 
0.0005567563935072254 -0.06004031014246605 0.0003420610520161698 
0.005331257409111455 -0.026161602848746357 0.00014891260206990973 
0.0049602358115916215 0.033015968676394045 -0.0001870491532014247 
-0.0001915600234873755 0.06043550166848956 -0.00034267592677688524 
-0.005160345134693523 0.02966754024884063 -0.00016823439659866517 
-0.005160345134667631 -0.029667540251224034 0.00016823439678589707 
-0.00019156002345295495 -0.0604355016705167 0.00034267592697013224 
0.004960235811641949 -0.033015968678177694 0.00018704915342059196 
0.005331257409226157 0.02616160284764882 -0.0001489126018142762 
0.0005567563936443332 0.06004031014261854 -0.0003420610517301 
-0.00478674281321188 0.03579906833566104 -0.00020749469568747214 
-0.005614506209000478 -0.02377734618705972 0.00012203444855933645 
-0.0013040645553264898 -0.06291764863403022 0.0003200333845811776 
0.0034955211151877037 -0.04850499542389891 0.00016860914029445816 
0.0027582162304657662 -0.007420657733202986 -0.00027573511773465795 
0.004804998441144215 0.027132536859172468 -3.1795161600345293e-6 
0.0016854240718721617 0.0619019027888987 0.00024441080883527943 
-0.0042367080108208985 0.04888745854187427 0.0002183893742722412 
-0.006494261948457844 -0.0070673720994669925 -4.260371317844044e-5 
-0.0026432451844893377 -0.05476916493919214 -0.0002721998250156376 
0.003702393531008644 -0.04922199715173264 -0.00024312261917310777 
0.00646483232006606 0.0039031003371516955 1.8866761346477997e-5 
0.002995373524799347 0.053331200717622984 0.00026226190288796184 
-0.003360853011983562 0.051422288560393235 0.0002529502074504727 
-0.006481407010503226 -4.411551417010062e-13 9.056781462708512e-14 
-0.003360853011949776 -0.051422288561065316 -0.00025295020726316816 
0.002995373524799421 -0.05333120071807036 -0.00026226190268415097 
0.006464832320107745 -0.0039031003373144026 -1.886676111684266e-5 
0.0037023935311116525 0.04922199715243569 0.00024312261944421987 
-0.002643245184405845 0.05476916494097504 0.000272199825313179 
-0.006494261948464267 0.007067372101657141 4.2603713462277015e-5 
-0.004236708010888692 -0.04888745854014469 -0.00021838937403818043 
0.0016854240717917627 -0.06190190278806675 -0.0002444108086856214 
0.004804998441123373 -0.027132536858984476 3.1795162215599117e-6 
0.0027582162304637834 0.007420657733210369 -0.0002757351177276168 
0.0034955211152180466 0.04850499542413886 0.00016860914035953962 
-0.001304064555269268 0.06291764863499566 0.0003200333847339621 
-0.00561450620896972 0.023777346188673134 0.00012203444877780668 
-0.00478674281325002 -0.03579906833406537 -0.00020749469547450903 
0.0005567563935538067 -0.06004031014196058 -0.00034206105161058967 
0.005331257409165814 -0.02616160284816074 -0.00014891260183757127 
0.0049602358116275615 0.033015968677059526 0.0001870491532864697 
-0.00019156002348308312 0.06043550166923031 0.0003426759268238714 
-0.0051603451347171855 0.029667540249622412 0.00016823439672209397 
-0.005160345134697693 -0.029667540250447766 -0.00016823439653929922 
-0.00019156002346631604 -0.060435501669750015 -0.00034267592662964505 
0.004960235811645555 -0.033015968677423575 -0.000187049153072389 
0.005331257409238817 0.026161602848350538 0.00014891260208643132 
0.0005567563936517525 0.06004031014323693 0.0003420610518995045 
-0.004786742813210803 0.03579906833617616 0.00020749469577059713 
-0.005614506209009117 -0.023777346186626733 -0.00012203444851429115 
-0.0013040645553463667 -0.06291764863369304 -0.0003200333845399908 
0.0034955211151673697 -0.048504995423706745 -0.00016860914025581479 
0.002758216230453635 -0.007420657733151243 0.0002757351177511375 
-0.004804998441138042 0.027132536859080715 -3.179516198369612e-6 
-0.0016854240718671206 0.061901902788705096 0.0002444108087539111 
0.0042367080108246915 0.048887458541582565 0.0002183893741502986 
0.006494261948460392 -0.007067372099841592 -4.260371333472712e-5 
0.0026432451844932746 -0.05476916493965857 -0.0002721998252099666 
-0.0037023935310053664 -0.04922199715227554 -0.00024312261939959538 
-0.0064648323200629495 0.00390310033652417 1.886676108506865e-5 
-0.002995373524796206 0.053331200716920706 0.00026226190259555734 
0.0033608530119845674 0.05142228855962595 0.00025295020713147966 
0.006481407010501253 -1.2238218803907605e-12 -2.353501047480036e-13 
0.003360853011947432 -0.051422288561833895 -0.0002529502075834772 
-0.0029953735248011396 -0.053331200718842106 -0.00026226190300549163 
-0.006464832320112052 -0.0039031003380440438 -1.886676142090868e-5 
-0.0037023935311179426 0.04922199715176734 0.0002431226191658406 
0.0026432451843981302 0.0547691649404142 0.0002721998250797218 
0.006494261948457977 0.007067372101183794 4.2603713265169636e-5 
0.004236708010882756 -0.04888745854053973 -0.00021838937420252854 
-0.001685424071801319 -0.06190190278833312 -0.00024441080879706835 
-0.004804998441131754 -0.027132536859106497 3.1795161704537066e-6 
-0.0027582162304582605 0.00742065773317185 -0.0002757351177437953 
-0.0034955211152128125 0.04850499542399312 0.00016860914029881934 
0.0013040645552738906 0.06291764863474889 0.00032003338463107396 
0.005614506208973269 0.023777346188336827 0.00012203444863759268 
0.004786742813253982 -0.03579906833448114 -0.00020749469564782154 
-0.000556756393551034 -0.06004031014246546 -0.00034206105182057014 
-0.005331257409162534 -0.02616160284874638 -0.0001489126020817311 
-0.004960235811624732 0.033015968676393614 0.00018704915300881263 
0.00019156002348548324 0.060435501668489204 0.00034267592651487596 
0.005160345134716707 0.029667540248840423 0.00016823439639617127 
0.005160345134695534 -0.02966754025122394 -0.0001682343968627478 
0.00019156002346540121 -0.060435501670516145 -0.00034267592694907503 
-0.004960235811649678 -0.033015968678177375 -0.00018704915338670802 
-0.005331257409243863 0.026161602847648843 0.0001489126017940815 
-0.0005567563936597802 0.060040310142618736 0.0003420610516417366 
0.004786742813204491 0.035799068335661155 0.00020749469555575185 
0.005614506209003695 -0.023777346187060074 -0.00012203444869483764 
0.0013040645553379572 -0.06291764863403039 -0.00032003338467985216 
-0.003495521115176245 -0.04850499542389891 -0.00016860914033595925 
-0.0027582162304614246 -0.007420657733202785 0.0002757351177295927 
-0.004804998441168361 0.027132536859172707 3.179516217351201e-6 
-0.0016854240719044798 0.0619019027888988 -0.0002444108086558023 
0.0042367080107976055 0.04888745854187384 -0.00021838937397390936 
0.006494261948458592 -0.0070673720994670125 4.260371352258691e-5 
0.0026432451845189316 -0.05476916493919211 0.00027219982528903187 
-0.0037023935309596977 -0.049221997151732234 0.0002431226192689795 
-0.006464832320023726 0.003903100337152024 -1.8866761458267654e-5 
-0.0029953735247839263 0.053331200717623956 -0.0002622619031322439 
0.0033608530119674743 0.05142228856039419 -0.000252950207696002 
0.006481407010471021 -4.4101576260378194e-13 -2.3283019738023074e-13 
0.003360853011924664 -0.05142228856106602 0.0002529502072445489 
-0.0029953735248037412 -0.05333120071807145 0.00026226190272337214 
-0.006464832320095775 -0.0039031003373148384 1.886676112916888e-5 
-0.0037023935310967477 0.049221997152435144 -0.00024312261949981047 
0.0026432451844149367 0.054769164940974675 -0.000272199825427086 
0.006494261948463868 0.0070673721016573385 -4.2603713601799286e-5 
0.004236708010879022 -0.048887458540145 0.00021838937391669287 
-0.0016854240718066286 -0.06190190278806707 0.0002444108086162023 
-0.004804998441132504 -0.02713253685898413 -3.17951624080293e-6 
-0.002758216230477274 0.007420657733211013 0.00027573511774420457 
-0.0034955211152476375 0.048504995424138955 -0.00016860914024513653 
0.0013040645552398825 0.06291764863499535 -0.00032003338449050536 
0.005614506208957475 0.02377734618867248 -0.0001220344484436527 
0.004786742813265463 -0.03579906833406593 0.00020749469579861538 
-0.0005567563935130269 -0.06004031014196101 0.00034206105180586277 
-0.005331257409117943 -0.02616160284816074 0.00014891260182612576 
-0.004960235811597498 0.03301596867705984 -0.00018704915347874336 
0.000191560023482017 0.06043550166923083 -0.0003426759270858891 
0.005160345134691417 0.029667540249622617 -0.00016823439692449104 
0.00516034513466713 -0.029667540250448075 0.00016823439646265355 
0.0001915600234512817 -0.06043550166975036 0.0003426759266503925 
-0.0049602358116408 -0.03301596867742421 0.00018704915310675894 
-0.005331257409224212 0.026161602848350878 -0.0001489126021069902 
-0.0005567563936395016 0.06004031014323701 -0.0003420610519876754 
0.004786742813215479 0.03579906833617641 -0.00020749469590253817 
0.005614506209003886 -0.023777346186626788 0.00012203444837894975 
0.001304064555333248 -0.06291764863369273 0.0003200333844409866 
-0.003495521115179933 -0.048504995423706836 0.00016860914021450313 
-0.0027582162304583594 -0.007420657733151525 -0.00027573511775622257 
0.0 0.0 0.0 
0.0 0.0 0.0 
0.0 0.0 0.0 
0.0 0.0 0.0 
0.0 0.0 0.0 
0.0 0.0 0.0 
0.0 0.0 0.0 
0.0 0.0 0.0 
0.0 0.0 0.0 
0.0 0.0 0.0 
0.0 0.0 0.0 
0.0 0.0 0.0 
0.0 0.0 0.0 
0.0 0.0 0.0 
0.0 0.0 0.0 
0.0 0.0 0.0 
0.0 0.0 0.0 
0.0 0.0 0.0 
0.00478114950097855 0.027151809424613496 4.7515587024475585e-14 
0.001678978671632794 0.06160532797955763 1.297863843417241e-13 
-0.004229758670931339 0.04862021264641711 2.100813184794823e-13 
-0.006482701970987688 -0.007015514104990215 2.506939704119209e-13 
-0.0026385250730243085 -0.054436385710629254 2.3418272477345003e-13 
0.0036956705327418583 -0.048924707427920634 1.6115678853461105e-13 
0.0064531243270691775 0.0038800101091598684 7.433026006854537e-14 
0.0029899496650218336 0.053010452773599476 2.3839618176782456e-14 
-0.0033547716567042937 0.05111293263319873 3.7166688349519633e-14 
-0.006469677673553533 -8.307484481903261e-13 9.188654862411965e-14 
-0.0033547716566642823 -0.05111293263463876 1.5086026191837424e-13 
0.0029899496650342893 -0.05301045277478312 1.8044862689656396e-13 
0.006453124327129705 -0.003880010109996498 1.5800220850729122e-13 
0.0036956705328665645 0.04892470742801909 1.1100051143436814e-13 
-0.002638525072924878 0.054436385711892445 5.968100694199572e-14 
-0.006482701970988793 0.007015514106750421 2.8678152266947055e-14 
-0.004229758671000582 -0.04862021264503427 2.12454322843717e-14 
0.001678978671551269 -0.061605327978952996 2.039953707499399e-14 
0.0047811495009573175 -0.027151809424529782 1.5727095902534085e-14 
0.004804633612189997 0.027143972275040763 6.277190358208362e-6 
0.0027617125598762855 0.007726920188782613 1.605293908097335e-14 
0.002758684169599116 0.007655352174423895 0.00012982085930010595 
0.004804633612183248 0.0271439722750863 -6.277190262863534e-6 
0.0027586841695969515 0.0076553521744427535 -0.000129820859267831 
0.0016856759973257647 0.061680248049648397 -0.00012352501707030042 
0.0034895548016334143 0.04830488896456292 8.739325073225201e-14 
0.0034945228556034617 0.04835436957605033 -8.330156304234663e-5 
0.0016856759973149008 0.061680248049744396 0.0001235250173304833 
0.0034945228555934983 0.04835436957612307 8.33015632172119e-5 
-0.004236466356801084 0.04868813159521272 -0.0001109834546469529 
-0.0013033061217201073 0.06254146099064141 1.7328784883084198e-13 
-0.0013041005199536586 0.06263383903128888 -0.00015725937996074893 
-0.004236466356808021 0.04868813159535879 0.00011098345506708817 
-0.001304100519963238 0.0626338390314123 0.00015725938030722973 
-0.006494026474922997 -0.007028626557626691 2.1543450024392165e-5 
-0.005607329791124527 0.02363406364073993 2.373557548333278e-13 
-0.0056138176230745235 0.023669217109564558 -5.9921262466868536e-5 
-0.0064940264749188134 -0.007028626557438957 -2.1543449523223963e-5 
-0.005613817623076154 0.023669217109733322 5.9921262941369515e-5 
-0.0026431573368933155 -0.05452086292238722 0.00013816867322140287 
-0.0047804215941290125 -0.03555473673271163 2.4914061241728566e-13 
-0.004786122632212388 -0.03561484293218976 0.00010213744589633863 
-0.0026431573368736823 -0.054520862922153454 -0.00013816867275327676 
-0.004786122632199702 -0.0356148429319815 -0.00010213744539823072 
0.003702260639825483 -0.04900018831721566 0.00012342929440919354 
0.0005559530812852604 -0.059637705103587735 2.0317267306175834e-13 
0.0005566803388267736 -0.05973670667927222 0.0001683133068910302 
0.003702260639853979 -0.04900018831694369 -0.00012342929408691068 
0.0005566803388512034 -0.05973670667901911 -0.00016831330648497646 
0.006464604553434229 0.003885876704008861 -9.58501223295271e-6 
0.0053240360166495896 -0.02598633720570121 1.1618126169421992e-13 
0.005330553148182518 -0.02602943452318902 7.327196790327035e-5 
0.006464604553459422 0.0038858767043221678 9.585012381852151e-6 
0.005330553148210924 -0.026029434522896522 -7.327196767120307e-5 
0.0029952681030912 0.053091900873804 -0.000133164284589715 
0.00495352727040901 0.03279584868605604 4.213606795225379e-14 
0.004959580972521638 0.03284996894670448 -9.202631714130408e-5 
0.0029952681031030506 0.05309190087415482 0.00013316428463738052 
0.004959580972540725 0.03284996894703686 9.202631722564739e-5 
-0.0033607355769077443 0.05119148718350694 -0.0001284349895557857 
-0.00019130343054691573 0.06003222943654342 2.2726823139606266e-14 
-0.0001915348014666699 0.060131382955252645 -0.00016859660693420574 
-0.0033607355769129602 0.05119148718389128 0.00012843498962967283 
-0.00019153480146343033 0.06013138295562258 0.00016859660698034917 
-0.006481180246820603 -1.026864245898018e-12 9.258336998193437e-14 
-0.005153373419914382 0.0294695559286651 6.131252102616325e-14 
-0.00515966409373007 0.029518234934657966 -8.277154666894828e-5 
-0.006481180246836062 -6.35538925508511e-13 9.11380327976639e-14 
-0.005159664093741644 0.029518234935048664 8.277154679181794e-5 
-0.003360735576864008 -0.05119148718533091 0.00012843498974362495 
-0.005153373419891786 -0.029469555930266646 1.2344823635757248e-13 
-0.005159664093705597 -0.02951823493664974 8.277154685490688e-5 
-0.003360735576876435 -0.05119148718494647 -0.0001284349894419725 
-0.005159664093720764 -0.02951823493626154 -8.277154660809159e-5 
0.0029952681031104006 -0.053091900875356264 0.00013316428479401946 
-0.00019130343052133853 -0.06003222943781611 1.7046744281629393e-13 
-0.00019153480143620688 -0.06013138295690267 0.00016859660712776616 
0.002995268103108633 -0.053091900874969816 -0.00013316428443359526 
-0.00019153480144278324 -0.06013138295651945 -0.00016859660678690615 
0.006464604553505282 -0.00388587670518605 9.585012467052234e-6 
0.004953527270443372 -0.032795848687125956 1.7416725526934854e-13 
0.0049595809725649035 -0.03284996894813078 9.202631735920448e-5 
0.0064646045535095556 -0.0038858767048211237 -9.585012150944232e-6 
0.004959580972565952 -0.03284996894775385 -9.202631701076671e-5 
0.0037022606399623645 0.0490001883170108 -0.0001234292941365023 
0.005324036016743346 0.025986337205251016 1.35976273356518e-13 
0.005330553148287889 0.02602943452241645 -7.32719676496111e-5 
0.0037022606399667733 0.049000188317344276 0.00012342929435871095 
0.005330553148293206 0.02602943452276751 7.327196792158552e-5 
-0.002643157336784184 0.054520862923395 -0.00013816867292974647 
0.0005559530814025821 0.05963770510430075 8.45041991798622e-14 
0.0005566803389554999 0.05973670667970498 -0.00016831330660413898 
-0.002643157336783749 0.05452086292367498 0.00013816867304916066 
0.0005566803389574403 0.05973670668001385 0.00016831330677342086 
-0.0064940264749204415 0.007028626559176704 -2.1543449747474147e-5 
-0.004780421594079112 0.0355547367343493 4.1323725800556045e-14 
-0.00478612263215575 0.03561484293359683 -0.00010213744560889406 
-0.006494026474923839 0.007028626559412755 2.154344980507278e-5 
-0.004786122632156555 0.0356148429338544 0.00010213744569172039 
-0.0042364663568697555 -0.04868813159400057 0.0001109834548768142 
-0.00560732979116258 -0.023634063639083134 2.239802516733871e-14 
-0.0056138176231106725 -0.02366921710809924 5.992126272456556e-5 
-0.004236466356878003 -0.048688131593803724 -0.00011098345483425247 
-0.005613817623116203 -0.02366921710788282 -5.992126267992511e-5 
0.001685675997245559 -0.061680248049158906 0.00012352501722206417 
-0.001303306121798269 -0.06254146098963129 2.087941325468173e-14 
-0.001304100520030779 -0.06263383903042472 0.0001572593801545448 
0.001685675997231788 -0.06168024804902651 -0.00012352501718067312 
-0.0013041005200427583 -0.06263383903025549 -0.00015725938011308484 
0.004804633612170755 -0.027143972275010583 -6.27719029360822e-6 
0.0034895548015812625 -0.04830488896429592 1.9480965673601545e-14 
0.00349452285555254 -0.048354369575868854 8.330156315084298e-5 
0.004804633612160225 -0.027143972274949697 6.277190325269917e-6 
0.0034945228555401642 -0.0483543695757726 -8.330156311193627e-5 
0.002761712559868317 -0.0077269201887670245 8.492797250281402e-15 
0.002758684169594147 -0.007655352174430994 -0.00012982085927500223 
0.0027586841695860626 -0.007655352174405151 0.00012982085929183766 
-0.004781149500978844 0.027151809424613593 9.503491907091388e-15 
-0.0016789786716336986 0.06160532797955771 4.9578791584827856e-14 
0.00422975867093006 0.0486202126464165 8.846237555474671e-14 
0.006482701970986191 -0.007015514104989881 9.429251071495452e-14 
0.002638525073022707 -0.054436385710629275 3.975191729023004e-14 
-0.0036956705327434594 -0.04892470742792073 -6.52461582950035e-14 
-0.006453124327070685 0.00388001010915979 -1.8669030641990374e-13 
-0.00298994966502334 0.053010452773599136 -2.6888719556865707e-13 
0.003354771656702945 0.051112932633198604 -2.831373821476214e-13 
0.006469677673552207 -8.307928077488372e-13 -2.3418757518093016e-13 
0.003354771656662952 -0.051112932634638716 -1.6930094898666655e-13 
-0.0029899496650355735 -0.053010452774783355 -1.41309733147675e-13 
-0.006453124327131231 -0.0038800101099968703 -1.4570525492437189e-13 
-0.0036956705328680855 0.04892470742801912 -1.6708537591974197e-13 
0.0026385250729232994 0.054436385711892715 -1.7396615689365182e-13 
0.006482701970987527 0.007015514106750949 -1.684185079824117e-13 
0.004229758670999711 -0.04862021264503402 -1.430685914150644e-13 
-0.0016789786715519478 -0.06160532797895324 -9.013187862196509e-14 
-0.004781149500957729 -0.02715180942452952 -3.473979600374598e-14 
-0.0027617125598764537 0.007726920188782622 -2.2454771030368856e-16 
-0.0048046336121785604 0.027143972275040507 -6.27719030110516e-6 
-0.0027586841695927365 0.007655352174423598 -0.00012982085928409074 
-0.004804633612195261 0.02714397227508649 6.277190320031114e-6 
-0.002758684169603648 0.007655352174443079 0.00012982085928385344 
-0.003489554801633974 0.048304888964562934 2.6765022219538692e-14 
-0.001685675997311178 0.061680248049648424 0.00012352501724953959 
-0.003494522855589599 0.048354369576050195 8.330156315659106e-5 
-0.001685675997331213 0.06168024804974446 -0.0001235250171509884 
-0.0034945228556085136 0.048354369576123185 -8.330156310303956e-5 
0.0013033061217189823 0.06254146099064135 7.046616952059614e-14 
0.004236466356810623 0.0486881315952131 0.00011098345494533128 
0.001304100519966566 0.06263383903128898 0.0001572593802044253 
0.004236466356795982 0.04868813159535842 -0.00011098345476851797 
0.0013041005199480396 0.0626338390314122 -0.0001572593800635092 
0.005607329791123189 0.023634063640739986 9.724340081669315e-14 
0.006494026474920397 -0.007028626557626493 -2.1543449679647218e-5 
0.0056138176230786105 0.023669217109564968 5.992126280131883e-5 
0.0064940264749184995 -0.007028626557439216 2.1543449867984113e-5 
0.005613817623069399 0.023669217109732892 -5.9921262606952966e-5 
0.004780421594127458 -0.03555473673271162 7.578439996665372e-14 
0.002643157336876341 -0.05452086292238696 -0.00013816867294764757 
0.0047861226322023845 -0.035614842932189576 -0.00010213744557165386 
0.0026431573368875362 -0.05452086292215335 0.0001381686730270117 
0.004786122632206628 -0.03561484293198218 0.00010213744572297623 
-0.0005559530812866959 -0.059637705103587436 -7.426280263048224e-15 
-0.003702260639851869 -0.04900018831721508 -0.00012342929431339986 
-0.0005566803388493346 -0.05973670667927238 -0.0001683133066955001 
-0.003702260639830783 -0.04900018831694382 0.00012342929418294524 
-0.0005566803388315653 -0.059736706679019695 0.00016831330668061185 
-0.0053240360166511656 -0.025986337205701062 -1.2805415008523993e-13 
-0.0064646045534573855 0.003885876704008693 9.585012120547149e-6 
-0.005330553148208749 -0.026029434523189288 -7.327196791524029e-5 
-0.006464604553439351 0.0038858767043223213 -9.585012493833353e-6 
-0.005330553148187854 -0.0260294345228964 7.327196765944614e-5 
-0.004953527270410524 0.03279584868605576 -2.35227873118038e-13 
-0.002995268103101008 0.053091900873803416 0.0001331642843447006 
-0.0049595809725388835 0.03284996894670409 9.202631694829845e-5 
-0.002995268103096162 0.05309190087415518 -0.00013316428488219958 
-0.004959580972526522 0.032849968947037206 -9.202631741876929e-5 
0.00019130343054551578 0.06003222943654388 -2.85632877917727e-13 
0.003360735576913464 0.05119148718350634 0.00012843498930980557 
0.00019153480146497356 0.06013138295525206 0.00016859660667168343 
0.0033607355769045043 0.051191487183891306 -0.00012843498987552443 
0.0001915348014622194 0.06013138295562288 -0.00016859660724294242 
0.005153373419913062 0.029469555928665216 -2.6424520392535234e-13 
0.006481180246834261 -1.026886631349682e-12 -2.348486297333164e-13 
0.005159664093740933 0.02951823493465786 8.277154646618301e-5 
0.006481180246819652 -6.355591594340737e-13 -2.334653406207257e-13 
0.0051596640937281715 0.0295182349350488 -8.277154699464424e-5 
0.005153373419890431 -0.029469555930266875 -1.9998503609430677e-13 
0.00336073557687437 -0.051191487185330745 -0.00012843498976215328 
0.005159664093718793 -0.02951823493664959 -8.277154693157181e-5 
0.0033607355768634547 -0.05119148718494655 0.000128434989423323 
0.005159664093704922 -0.02951823493626143 8.277154653152277e-5 
0.00019130343052000933 -0.06003222943781556 -1.4882213442760954e-13 
-0.002995268103110284 -0.05309190087535583 -0.0001331642847548108 
0.00019153480144174499 -0.060131382956902305 -0.0001685966071063663 
-0.002995268103111557 -0.053091900874969726 0.00013316428447248944 
0.00019153480143462254 -0.06013138295651969 0.0001685966068084165 
-0.004953527270444778 -0.032795848687126115 -1.3951741455422123e-13 
-0.0064646045535133095 -0.003885876705185561 -9.585012454847182e-6 
-0.004959580972569385 -0.032849968948130505 -9.202631732475728e-5 
-0.00646460455350456 -0.003885876704821106 9.585012163321938e-6 
-0.0049595809725642695 -0.032849968947754014 9.202631704532257e-5 
-0.0053240360167449135 0.02598633720525153 -1.5639137654618473e-13 
-0.003702260639972054 0.0490001883170105 0.00012342929408042157 
-0.005330553148297436 0.02602943452241641 7.327196762926377e-5 
-0.0037022606399602833 0.04900018831734458 -0.0001234292944146083 
-0.005330553148286755 0.02602943452276762 -7.327196794209156e-5 
-0.0005559530814041501 0.059637705104300595 -1.7285001213239768e-13 
0.0026431573367774056 0.05452086292339479 0.00013816867281527326 
-0.0005566803389640113 0.059736706679705084 0.0001683133065159685 
0.0026431573367873998 0.05452086292367484 -0.0001381686731631149 
-0.0005566803389521126 0.059736706680013886 -0.0001683133068615279 
0.0047804215940777444 0.03555473673434934 -1.734898651200165e-13 
0.006494026474918737 0.007028626559176222 2.154344960789156e-5 
0.004786122632151329 0.03561484293359692 0.00010213744547694268 
0.006494026474923045 0.007028626559412761 -2.1543449944575735e-5 
0.0047861226321581725 0.03561484293385437 -0.0001021374458238648 
0.005607329791161575 -0.023634063639083693 -1.5805644795372667e-13 
0.004236466356873262 -0.04868813159400103 -0.00011098345499858815 
0.005613817623111782 -0.02366921710809936 -5.992126286032036e-5 
0.004236466356872817 -0.04868813159380332 0.00011098345471253032 
0.005613817623113097 -0.023669217107882567 5.992126254408657e-5 
0.0013033061217975165 -0.06254146098963101 -1.1985468914558384e-13 
-0.0016856759972393703 -0.06168024804915888 -0.00012352501729151813 
0.0013041005200361026 -0.06263383903042496 -0.00015725938025354895 
-0.0016856759972394115 -0.06168024804902601 0.00012352501711101918 
0.0013041005200358463 -0.06263383903025556 0.00015725938001414288 
-0.003489554801581826 -0.04830488896429593 -6.069929404367368e-14 
-0.004804633612166765 -0.02714397227501022 6.277190274529362e-6 
-0.0034945228555471205 -0.048354369575868646 -8.330156319206001e-5 
-0.004804633612164932 -0.027143972274949267 -6.277190344399053e-6 
-0.0034945228555467076 -0.04835436957577276 8.330156307067505e-5 
-0.0027617125598684944 -0.007726920188767071 -1.3300339752474913e-14 
-0.0027586841695920864 -0.00765535217443085 0.00012982085927011193 
-0.002758684169588463 -0.007655352174405278 -0.00012982085929672595 
1.1810718726750706e-14 0.027138238031506588 2.868035605190937e-14 
1.5292764211117582e-14 0.06195446863054491 8.97357902864796e-14 
1.0450857207380038e-14 0.048933337021596184 1.4893352584346572e-13 
-1.7760615897140951e-15 -0.007076206212220436 1.7194940223696395e-13 
-1.634411127999584e-14 -0.0548259622043742 1.3660795157610086e-13 
-2.6039539585890654e-14 -0.04927273513684639 4.766631746180233e-14 
-2.2750914277789476e-14 0.0039070391157403385 -5.5913220208386424e-14 
-9.14343800122415e-15 0.05338593716973501 -1.2209044017560865e-13 
6.6721376119982304e-15 0.051475081324335044 -1.2269416201061532e-13 
1.4727756398466954e-14 -1.2238551073622701e-12 -7.097796197077475e-14 
1.1219647944992666e-14 -0.051475081326542924 -9.493614587085877e-15 
8.216094026737604e-16 -0.053385937171655906 1.9482643358242427e-14 
-7.449604162471158e-15 -0.003907039117260068 6.036134467591135e-15 
-8.99435699172943e-15 0.04927273513633807 -2.808961730943607e-14 
-6.077049969659136e-15 0.05482596220512997 -5.703627097977142e-14 
-1.1018310918179658e-15 0.007076206213563961 -6.966221106579924e-14 
3.982297064033024e-15 -0.04893333702055284 -6.065479464730449e-14 
6.728899578063163e-15 -0.06195446863017324 -3.486510590375761e-14 
4.219934782983178e-15 -0.027138238031532765 -9.628326629818492e-15 
6.587570153734163e-15 0.007354869830750467 8.332597263557223e-15 
0.0023571264349109395 0.02713680112152601 6.399351597485813e-7 
0.0013783978144804483 0.007370909791798345 0.00013923961480762014 
1.422323493897226e-14 0.04853937300074034 5.716740633437071e-14 
0.0008251172958912731 0.06194050630807017 -0.00012235500044179855 
0.0017486257288725489 0.04853121267853122 -8.427186152797474e-5 
1.35609191765016e-14 0.0629850865277979 1.217048910942414e-13 
-0.0020963589071230967 0.04892116623832316 -0.00010918604303489651 
-0.000651909667952428 0.06296888916614796 -0.00016022303852999728 
4.775365202642026e-15 0.023803112304413555 1.6696669481302281e-13 
-0.003210006961172257 -0.0070739180677493645 2.1293897034336054e-5 
-0.002807831406868855 0.023796929432158716 -6.110224142023843e-5 
-9.231836861983573e-15 -0.03584288048938353 1.6208978160216045e-13 
-0.0013064591638263635 -0.05481101255199276 0.0001360607875629487 
-0.0023939236342376707 -0.035832294205106564 0.00010387778404931147 
-2.1929086571386622e-14 -0.06011254154705834 9.763392205407752e-14 
0.0018292964289059117 -0.04925937197018007 0.00012152642560657649 
0.00027846751881534736 -0.06009510628779453 0.00017124920825031594 
-2.5539104252922915e-14 -0.026193048152887685 -5.857572037283528e-15 
0.0031943610441808263 0.0039059988930173276 -9.430772542466906e-6 
0.002666307862956283 -0.026185458227892606 7.455161251468006e-5 
-1.6541860307432036e-14 0.03305546872998079 -9.621767419022234e-14 
0.0014800596245707872 0.05337151319960162 -0.00013109352066693257 
0.0024807458419328606 0.0330459378833729 -9.364474740608658e-5 
-9.300020003361683e-16 0.06050786563752216 -1.3093306667362438e-13 
-0.0016606736875568915 0.051461170090013296 -0.00012643897765882855 
-9.58032719108217e-5 0.06049040408286951 -0.00017155798001343103 
1.1594640844928412e-14 0.029703066813298953 -1.0123525959799111e-13 
-0.003202601785619908 -1.2237076022203075e-12 1.1050117177591281e-14 
-0.002580822876991589 0.02969449412790297 -8.422520650238397e-5 
1.3985055722789451e-14 -0.029703066815682848 -3.8429414988382324e-14 
-0.001660673687532043 -0.05146117009222135 0.00012643897768674323 
-0.0025808228769775786 -0.029694494130286714 8.422520652615589e-5 
6.2445666080901924e-15 -0.06050786563954922 1.0432784976873111e-14 
0.0014800596245882747 -0.05337151320152281 0.00013109352071793423 
-9.580327189020866e-5 -0.0604904040848966 0.0001715579800496833 
-3.872201496858237e-15 -0.033055468731765264 1.6993448589716418e-14 
0.0031943610442279023 -0.003905998894536915 9.43077263535243e-6 
0.0024807458419639494 -0.03304593788515716 9.36447474761157e-5 
-8.831860528303059e-15 0.02619304815178935 -1.0177746210843923e-14 
0.001829296428986622 0.04925937196967151 -0.00012152642546011969 
0.0026663078630214947 0.02618545822679445 -7.455161239488153e-5 
-7.736409512230214e-15 0.06011254154721183 -4.3931720653102116e-14 
-0.0013064591637645352 0.054811012552748284 -0.0001360607873783515 
0.0002784675188903256 0.06009510628794791 -0.00017124920808051256 
-3.6941205572895805e-15 0.03584288049056432 -6.5837922794191e-14 
-0.0032100069611703873 0.007073918069092079 -2.1293896846001087e-5 
-0.0023939236342052474 0.03583229420628678 -0.00010387778385892197 
1.6386224202220564e-15 -0.02380311230313623 -6.778131254770169e-14 
-0.002096358907162043 -0.04892116623727969 0.0001091860431934532 
-0.002807831406889408 -0.023796929430881502 6.110224159764383e-5 
5.7680277819590055e-15 -0.06298508652707938 -4.943744606850405e-14 
0.0008251172958451125 -0.06194050630769837 0.00012235500054557757 
-0.0006519096679969504 -0.06296888916542955 0.00016022303866290526 
5.721528274910461e-15 -0.04853937300064681 -2.065826159348063e-14 
0.002357126434895408 -0.027136801121552083 -6.399351172524389e-7 
0.0017486257288406274 -0.048531212678437456 8.427186160131833e-5 
2.1501077048543342e-15 -0.007354869830781375 -2.5536553463045916e-15 
0.001378397814474471 -0.007370909791829055 -0.00013923961479185944 
-0.002357126434887342 0.02713680112152591 -6.399351024086442e-7 
-0.0013783978144672735 0.007370909791798019 -0.0001392396147909583 
-0.0008251172958606952 0.061940506308069854 0.0001223550006211383 
-0.001748625728844107 0.04853121267853122 8.427186164234708e-5 
0.0020963589071439845 0.04892116623832316 0.00010918604333298857 
0.0006519096679795253 0.06296888916614815 0.00016022303877346857 
0.0032100069611687146 -0.0070739180677490765 -2.1293896690364712e-5 
0.0028078314068784257 0.023796929432158987 6.11022417541726e-5 
0.0013064591637936556 -0.054811012551992624 -0.00013606078728966187 
0.002393923634219195 -0.03583229420510617 -0.00010387778372503701 
-0.001829296428957977 -0.0492593719701802 -0.00012152642551106252 
-0.0002784675188592166 -0.06009510628779442 -0.00017124920805517435 
-0.0031943610442262834 0.0039059988930170617 9.430772430493936e-6 
-0.0026663078630073745 -0.026185458227892693 -7.455161252635943e-5 
-0.0014800596245890952 0.053371513199601414 0.00013109352042266074 
-0.002480745841965954 0.03304593788337272 9.364474721363108e-5 
0.001660673687570212 0.05146117009001312 0.0001264389774133851 
9.580327190894114e-5 0.06049040408286922 0.0001715579797513908 
0.003202601785649321 -1.2238602558663683e-12 -1.5312576787285173e-13 
0.002580822877014794 0.02969449412790286 8.422520629995894e-5 
0.0016606736875544612 -0.05146117009222113 -0.00012643897770570935 
0.002580822877005543 -0.029694494130286585 -8.422520660302554e-5 
-0.001480059624586642 -0.05337151320152233 -0.00013109352067903658 
9.580327190267547e-5 -0.0604904040848963 -0.00017155798002876755 
-0.003194361044242792 -0.003905998894536718 -9.430772623256471e-6 
-0.002480745841971689 -0.03304593788515708 -9.364474744216887e-5 
-0.0018292964290046588 0.04925937196967173 0.00012152642540413109 
-0.002666307863039176 0.0261854582267945 7.455161237452548e-5 
0.0013064591637524001 0.05481101255274815 0.00013606078726436638 
-0.00027846751890581633 0.060095106287947724 0.00017124920799249923 
0.003210006961168194 0.007073918069091627 2.1293896706636943e-5 
0.0023939236341978267 0.03583229420628682 0.00010387778372725117 
0.0020963589071700314 -0.04892116623728003 -0.00010918604331492528 
0.002807831406892641 -0.023796929430881596 -6.110224173321683e-5 
-0.0008251172958316487 -0.061940506307697984 -0.00012235500061516711 
0.0006519096680085084 -0.06296888916542973 -0.00016022303876169467 
-0.0023571264348869816 -0.0271368011215519 6.399350980460285e-7 
-0.0017486257288291682 -0.04853121267843748 -8.427186164264563e-5 
-0.0013783978144701547 -0.00737090979182898 0.00013923961478676 
-1.210315209682587e-14 0.02713823803159844 2.870114138600776e-14 
-1.6165996829244374e-14 0.06195446863073851 8.966609541632543e-14 
-1.1661632096049343e-14 0.04893333702188794 1.489968987663436e-13 
3.0719889796228387e-16 -0.007076206211845336 1.7198027329800733e-13 
1.4757929636131498e-14 -0.05482596220390735 1.3647276927536335e-13 
2.4458788532643532e-14 -0.04927273513630325 4.7971353750270845e-14 
2.1160967259977963e-14 0.003907039116367385 -5.570742634379766e-14 
7.71328876553966e-15 0.05338593717043723 -1.2186483963668551e-13 
-8.05957527512145e-15 0.051475081325102715 -1.224278863794803e-13 
-1.6080798635247783e-14 -4.414542566394936e-13 -7.106680044280462e-14 
-1.2540203172574049e-14 -0.05147508132577449 -9.474097419727187e-15 
-2.181011925417472e-15 -0.05338593717088449 1.9107075167253308e-14 
5.98406552942116e-15 -0.003907039116530951 6.05357449772276e-15 
7.466105354943822e-15 0.04927273513700598 -2.7948082946166846e-14 
4.526818440143053e-15 0.0548259622056903 -5.696793000954379e-14 
-1.937304868894782e-16 0.00707620621403678 -6.971870643275329e-14 
-4.833889831028418e-15 -0.04893333702015791 -6.083437671370774e-14 
-7.483792744455384e-15 -0.06195446862990688 -3.4886033394563926e-14 
-4.577939117526786e-15 -0.02713823803141041 -9.664655518591156e-15 
0.002357126434889523 0.027136801121617742 -6.399350832141102e-7 
-6.754273593232518e-15 0.007354869830788932 8.353914575013284e-15 
0.0013783978144692047 0.007370909791836498 -0.00013923961478288195 
0.0008251172958620663 0.06194050630826359 0.0001223550006617049 
-1.482311331201336e-14 0.0485393730008861 5.716653129819495e-14 
0.001748625728845705 0.04853121267867694 8.427186167269174e-5 
-0.002096358907143295 0.04892116623861497 0.0001091860433938337 
-1.4688663925940412e-14 0.06298508652804466 1.2173626447471838e-13 
-0.0006519096679784848 0.06296888916639495 0.0001602230388248602 
-0.0032100069611686105 -0.007073918067374121 -2.1293896612105156e-5 
-6.116907983076256e-15 0.023803112304749782 1.6694748134233189e-13 
-0.0028078314068779088 0.02379692943249537 6.110224182423456e-5 
-0.0013064591637931455 -0.054811012551525665 -0.0001360607871927135 
7.759760448507067e-15 -0.03584288048896761 1.6196680789162534e-13 
-0.0023939236342186403 -0.03583229420469025 -0.00010387778363840052 
0.0018292964289582131 -0.04925937196963721 -0.00012152642539777442 
2.0403235273614292e-14 -0.06011254154655335 9.764452305405935e-14 
0.0002784675188593129 -0.06009510628728933 -0.00017124920794989575 
0.00319436104422646 0.0039059988936439665 9.430772561360943e-6 
2.3965797721309916e-14 -0.026193048152301963 -5.895940341898969e-15 
0.0026663078630075965 -0.026185458227306887 -7.455161240437714e-5 
0.0014800596245893491 0.05337151320030335 0.0001310935205691336 
1.503901173322714e-14 0.03305546873064654 -9.623511869316392e-14 
0.002480745841966115 0.03304593788403864 9.364474735229747e-5 
-0.001660673687570711 0.05146117009078042 0.00012643897757335713 
-5.366588697414811e-16 0.0605078656382634 -1.3099353559875644e-13 
-9.580327190895265e-5 0.06049040408361054 0.00017155797990588636 
-0.003202601785650906 -4.4135758731141365e-13 9.853329647881625e-15 
-1.2890174867232077e-14 0.029703066814080865 -1.0122799257218012e-13 
-0.002580822877015801 0.02969449412868479 8.422520646285564e-5 
-0.0016606736875561493 -0.05146117009145239 -0.00012643897754554756 
-1.5313414092992363e-14 -0.02970306681490672 -3.838045396647732e-14 
-0.0025808228770071782 -0.029694494129510446 -8.422520644132844e-5 
0.0014800596245851457 -0.05337151320075065 -0.0001310935205186715 
-7.493640033356705e-15 -0.06050786563878277 1.0449623588039268e-14 
-9.580327190383498e-5 -0.060490404084129965 -0.00017155797986905213 
0.0031943610442402423 -0.00390599889380727 -9.430772471426774e-6 
2.423040267330734e-15 -0.033055468731011374 1.703527307880967e-14 
0.002480745841969227 -0.0330459378844033 -9.364474728503614e-5 
0.0018292964290013002 0.049259371970339645 0.00012152642554332629 
7.275278046090984e-15 0.026193048152491405 -1.0264372125449713e-14 
0.0026663078630363 0.02618545822749651 7.45516125207856e-5 
-0.001306459163756262 0.05481101255330864 0.00013606078738117653 
6.102690248702968e-15 0.06011254154782987 -4.3993212049455646e-14 
0.0002784675189017542 0.060095106288566034 0.00017124920812126485 
-0.003210006961171384 0.007073918069564851 2.1293896805209708e-5 
2.3490669837855627e-15 0.035842880491079795 -6.597863346389527e-14 
-0.002393923634201071 0.035832294206802215 0.00010387778383452167 
-0.0020963589071728104 -0.04892116623688489 -0.00010918604323279016 
-2.608496628959112e-15 -0.02380311230270323 -6.772495206270647e-14 
-0.0028078314068952915 -0.023796929430448564 -6.110224164298054e-5 
0.0008251172958275465 -0.06194050630743167 -0.00012235500055964382 
-6.54778315681722e-15 -0.06298508652674195 -4.9400834364997835e-14 
-0.0006519096680121454 -0.06296888916509233 -0.00016022303869160363 
0.0023571264348835274 -0.02713680112142972 6.399351235186666e-7 
-6.275355818733001e-15 -0.04853937300045477 -2.067279918235251e-14 
0.001748625728825517 -0.04853121267824533 -8.427186160266373e-5 
-2.3799232715090996e-15 -0.007354869830729949 -2.5645940390156816e-15 
0.001378397814467151 -0.007370909791777528 0.00013923961479751974 
-0.0023571264349136786 0.02713680112161785 6.399351405552184e-7 
-0.0013783978144826837 0.00737090979183681 0.0001392396147995472 
-0.0008251172958943833 0.06194050630826345 -0.00012235500048235292 
-0.0017486257288753283 0.04853121267867698 -8.427186155830661e-5 
0.00209635890711997 0.04892116623861469 -0.00010918604309572711 
0.0006519096679490849 0.06296888916639483 -0.00016022303858138836 
0.0032100069611692957 -0.0070739180673742835 2.1293896956166117e-5 
0.0028078314068656894 0.023796929432494958 -6.110224149026036e-5 
0.0013064591638227074 -0.05481101255152579 0.00013606078746586367 
0.0023939236342340967 -0.0358322942046907 0.00010387778396250637 
-0.0018292964289092666 -0.04925937196963688 0.0001215264254937533 
-0.0002784675188184959 -0.06009510628728962 0.0001712492081452121 
-0.0031943610441841444 0.0039059988936445056 -9.430772672933419e-6 
-0.0026663078629597134 -0.02618545822730713 7.455161239269692e-5 
-0.001480059624573939 0.05337151320030412 -0.00013109352081306473 
-0.002480745841936038 0.03304593788403881 -9.36447475447221e-5 
0.0016606736875545932 0.05146117009078109 -0.00012643897781844678 
9.580327190785401e-5 0.060490404083610616 -0.0001715579801678757 
0.003202601785618699 -4.4132393623252245e-13 -1.5186507616301518e-13 
0.0025808228769900283 0.029694494128684846 -8.422520666530625e-5 
0.0016606736875310567 -0.051461170091452874 0.00012643897752657944 
0.0025808228769765742 -0.029694494129510595 8.422520636455079e-5 
-0.0014800596245894816 -0.05337151320075124 0.00013109352055706624 
9.580327188880743e-5 -0.060490404084130096 0.00017155797988989142 
-0.003194361044228263 -0.0039059988938075336 9.43077248342912e-6 
-0.0024807458419644317 -0.0330459378844035 9.364474731907998e-5 
-0.001829296428986396 0.0492593719703395 -0.00012152642559919482 
-0.002666307863021717 0.026185458227496627 -7.455161254121348e-5 
0.0013064591637653273 0.05481101255330837 -0.00013606078749515114 
-0.0002784675188894956 0.06009510628856594 -0.00017124920820939685 
0.0032100069611709454 0.00707391806956498 -2.1293896944779142e-5 
0.002393923634205759 0.03583229420680231 -0.0001038777839664622 
0.0020963589071631337 -0.0489211662368852 0.00010918604311111641 
0.002807831406890078 -0.023796929430448484 6.110224150744758e-5 
-0.0008251172958424806 -0.06194050630743181 0.00012235500048983424 
0.000651909667999044 -0.06296888916509207 0.00016022303859275784 
-0.0023571264348926676 -0.027136801121429566 -6.399351427952634e-7 
-0.0017486257288380563 -0.0485312126782454 8.42718615612748e-5 
-0.0013783978144718669 -0.007370909791777656 -0.000139239614802667 
-1.514667804440914e-16 0.02715885576840483 2.85588714664638e-14 
-4.2595045137113163e-16 0.06165718496339475 8.968199352474719e-14 
-6.105091941125914e-16 0.048665396679223746 1.492521241979213e-13 
-7.217670160015791e-16 -0.0070242833775154695 1.7239789818022323e-13 
-8.1009254703537e-16 -0.05449247926052734 1.3702637817956174e-13 
-8.116794799079906e-16 -0.04897480784094496 4.78873844536043e-14 
-7.82977169570382e-16 0.003883897512452431 -5.606124380030677e-14 
-7.100650079670511e-16 0.05306449576855973 -1.2244609827505664e-13 
-6.721111517847568e-16 0.051165056888795114 -1.2294477842697415e-13 
-6.835268254526671e-16 -8.310553149757017e-13 -7.111569009217285e-14 
-6.206539032621241e-16 -0.051165056890235094 -9.270574583544348e-15 
-6.815807814437378e-16 -0.05306449576974365 1.9517181897974272e-14 
-7.538378959444054e-16 -0.0038838975132897934 6.135471866926665e-15 
-8.197344209459255e-16 0.04897480784104334 -2.7983851931904733e-14 
-7.794152545156453e-16 0.05449247926179132 -5.707354969374013e-14 
-6.135300393872355e-16 0.007024283379276773 -6.974384358877745e-14 
-3.9354502122059503e-16 -0.048665396677840714 -6.079819566925506e-14 
-3.7386048213256095e-16 -0.06165718496279049 -3.4746816588358334e-14 
-1.945397491276114e-16 -0.02715885576832124 -9.503173828049944e-15 
-7.124260170384283e-17 0.007658142946056242 7.98733356856385e-15 
0.002360016211279621 0.02715736434128929 3.80470426042157e-14 
5.72906479902213e-15 0.027149626760510817 2.8603787717838993e-14 
0.0013780603309159801 0.007674838800384077 1.2074439657634072e-14 
3.175918567524775e-15 0.007588494957528809 8.069649876615145e-15 
0.002369802780828411 0.02714849924542889 2.644804912234347e-6 
0.0013769316660372122 0.007604605123849608 6.568328779338995e-5 
-2.845817490639442e-16 0.048339920491220406 5.70887549204293e-14 
0.0008261534179863993 0.061643483641324104 1.0982557262038421e-13 
7.307456732658469e-15 0.061732109863126466 8.974644051869722e-14 
0.0017484849325771698 0.048331457289199166 7.224728518986747e-14 
6.933964728695333e-15 0.04838941018470802 5.709185630315873e-14 
0.0008290067889351421 0.06171841895863685 -6.166813887082645e-5 
0.0017504633084041027 0.04838097100409604 -4.171190268992714e-5 
-5.880121293678499e-16 0.06261006392186272 1.2181572441459918e-13 
-0.0020969974005396845 0.04865337956340955 1.7967926215217916e-13 
4.784638016019682e-15 0.048733560343490176 1.4915374710729338e-13 
-0.0006520363653136908 0.06259353632921381 1.475653757892986e-13 
6.454826434318197e-15 0.06270200552978443 1.2180782967386944e-13 
-0.0020998026860715073 0.048721503844578205 -5.533566453711414e-5 
-0.0006523763209567658 0.06268560376440355 -7.886686210667888e-5 
-6.587523818466273e-16 0.023660276893136097 1.67189196875129e-13 
-0.0032112077609229486 -0.007021996731228643 2.1159847414977738e-13 
-1.288762194205419e-15 -0.007037445195967277 1.721908097084616e-13 
-0.0028081552512206937 0.023653975367664844 2.0226259773340327e-13 
2.046416504500172e-15 0.02369524815813626 1.6714750300691744e-13 
-0.0032159685619374666 -0.007035150931124203 1.0750627723776176e-5 
-0.002810798150747813 0.023688996781431094 -3.0056261984249783e-5 
-7.71685551460583e-16 -0.03559918049731001 1.6248619667131033e-13 
-0.0013069558921941814 -0.05447763867818039 1.856200525867551e-13 
-8.503290894985135e-15 -0.0545772986013513 1.3682535959122688e-13 
-0.0023941986674227904 -0.03558843602238657 2.0577144531759194e-13 
-4.998864924134361e-15 -0.03565900511117363 1.6236443689919042e-13 
-0.0013089046715085777 -0.054562404234046916 6.890146016249434e-5 
-0.0023965183757487826 -0.035648336502461145 5.120864474182861e-5 
-7.108403179580799e-16 -0.05971100572413626 9.786322079706838e-14 
0.0018299967558744322 -0.048961544452859246 1.045564883460897e-13 
-1.3186362267034398e-14 -0.049050596431133985 4.783563019894137e-14 
0.00027850482246880866 -0.05969330175878773 1.5047668495470173e-13 
-1.1300865121208993e-14 -0.059809534263645193 9.780524628908679e-14 
0.0018327685632777522 -0.0490372847154252 6.154940993196438e-5 
0.000278801108802106 -0.059791957681798444 8.439306653929018e-5 
-7.865815780909252e-16 -0.026018248712780485 -6.008731545161707e-15 
0.003195583703038394 0.00388286513469882 9.072701009450054e-15 
-1.1599374075632782e-14 0.0038897891150904717 -5.611784352294789e-14 
0.0026666261077103997 -0.02601054157315747 5.5092580411627435e-14 
-1.3128249069680035e-14 -0.026061139934733215 -5.872962531124874e-15 
0.0032004127720529863 0.0038887528760632602 -4.779101432779749e-6 
0.0026692782237308565 -0.026053488301853008 3.673904219274999e-5 
-7.490134019153696e-16 0.03283593791687304 -9.652864627606017e-14 
0.0014806261238628539 0.053050180004186924 -4.931421317067545e-14 
-4.880660966995372e-15 0.05314627870453407 -1.2230288336150232e-13 
0.00248104101487443 0.03282625921893648 -2.715202833273531e-14 
-8.626997809728936e-15 0.03288979741937973 -9.65211048709923e-14 
0.001482863291341236 0.05313191051114994 -6.640227150914514e-5 
0.0024835044430047454 0.03288018881951328 -4.614352967358456e-5 
-7.448947009704816e-16 0.060105671652489936 -1.3129929118233482e-13 
-0.0016613094036132532 0.0511512500163577 -4.2985632228059024e-14 
2.8694253424957747e-15 0.05124393416286688 -1.22948205248354e-13 
-9.58144380992936e-5 0.06008793941246324 -5.425277998280954e-14 
-8.684117251150523e-16 0.060204348088343115 -1.312485066942904e-13 
-0.0016638182319050699 0.051230076744421836 -6.404411749145893e-5 
-9.590855401733567e-5 0.06018674414545936 -8.453684711426292e-5 
-6.431212276368423e-16 0.029505611787645283 -1.0141481912648103e-13 
-0.00320382773187107 -8.310132269652738e-13 1.0310530101333113e-14 
6.815936085809658e-15 -1.027098452721213e-12 -7.114200322870108e-14 
-0.0025811292588334583 0.02949690622064352 -2.004229445135723e-14 
5.4475232175878346e-15 0.02955405660959528 -1.0131308786078637e-13 
-0.0032086664420147215 -1.026907170208017e-12 1.0656426293197503e-14 
-0.002583689017076155 0.02954541402210759 -4.1502867821058616e-5 
-6.602929790595499e-16 -0.029505611789247377 -3.828458531213245e-14 
-0.0016613094035934986 -0.051151250017797946 7.07739545338799e-14 
5.180968057670084e-15 -0.0512439341646912 -9.312700673133613e-15 
-0.0025811292588221483 -0.02949690622224547 4.2618507267790146e-14 
6.5980193064058574e-15 -0.02955405661158756 -3.828883072043102e-14 
-0.001663818231882399 -0.05123007674624589 6.404411751922304e-5 
-0.0025836890170633287 -0.029545414024099798 4.150286784424159e-5 
-6.553870477450886e-16 -0.06010567165376197 1.0695879122966048e-14 
0.001480626123869442 -0.05305018000537079 9.991635586984452e-14 
9.200685059245223e-17 -0.05314627870608692 1.947077097559094e-14 
-9.581443808645871e-5 -0.06008793941373558 9.059544723747522e-14 
2.789170497085243e-15 -0.060204348089992546 1.0713703574943378e-14 
0.0014828632913536088 -0.05313191051270252 6.640227155980876e-5 
-9.5908554000324e-5 -0.060186744147108964 8.453684715071765e-5 
-7.254649386255179e-16 -0.032835937917944015 1.72531880694119e-14 
0.0031955837030687778 -0.003882865135535878 8.211847360546627e-14 
-3.985170289283283e-15 -0.0038897891162680727 6.099031860502627e-15 
0.0024810410148915726 -0.032826259220007266 9.571827646469248e-14 
-2.261446568145975e-15 -0.032889797420806624 1.7170552268140918e-14 
0.0032004127720922826 -0.0038887528772406504 4.779101524799831e-6 
0.0024835044430294635 -0.03288018882094006 4.614352974276933e-5 
-7.624064918485187e-16 0.026018248712329852 -1.0279860365002823e-14 
0.0018299967559363603 0.04896154445295734 4.1499355593963695e-14 
-4.8288007624132554e-15 0.04905059643092862 -2.7943025473007143e-14 
0.0026666261077573647 0.026010541572706977 6.292477683229379e-14 
-4.7671908767392205e-15 0.0260611399339597 -1.0221414798809601e-14 
0.001832768563349834 0.049037284715220085 -6.154940978579421e-5 
0.00266927822378766 0.0260534883010797 -3.6739042073856973e-5 
-7.857726980227417e-16 0.05971100572484948 -4.4087971925550467e-14 
-0.0013069558921447832 0.054477638679443934 1.241672752524831e-15 
-3.41240443670813e-15 0.05457729860235987 -5.701770543978926e-14 
0.00027850482252751057 0.059693301759500904 2.0276011283595784e-14 
-4.2632658478931145e-15 0.059809534264078194 -4.411049089859918e-14 
-0.0013089046714519301 0.054562404235055456 -6.890145997673378e-5 
0.0002788011088699008 0.0597919576822313 -8.439306636906351e-5 
-6.94701217574309e-16 0.035599180498949126 -6.602686946575971e-14 
-0.0032112077609233363 0.007021996732989459 -2.0536731668488748e-14 
-8.512227705096555e-16 0.007037445197518034 -6.97005764377149e-14 
-0.0023941986673978104 0.035588436024025276 -1.2328951992142943e-14 
-2.2043185838178278e-15 0.03565900511258182 -6.595741026578524e-14 
-0.003215968561935927 0.0070351509326747955 -1.0750627534070345e-5 
-0.0023965183757191366 0.03564833650386903 -5.1208644549827446e-5 
-5.249731323560376e-16 -0.023660276891478857 -6.776475619073456e-14 
-0.0020969974005738906 -0.048653379562026554 -1.9803310748997298e-14 
1.7615136170276747e-15 -0.04873356034227772 -6.072976846604186e-14 
-0.0028081552512396806 -0.02365397536600742 -2.2743511012313287e-14 
5.360470613306753e-16 -0.02369524815667005 -6.788886422856136e-14 
-0.002099802686107139 -0.048721503843365835 5.533566469618494e-5 
-0.0028107981507667374 -0.023688996779965266 3.0056262162707065e-5 
-4.048224342662255e-16 -0.0626100639208522 -4.949283795004989e-14 
0.0008261534179460243 -0.06164348364071959 -7.141471532859823e-15 
3.097772456412475e-15 -0.06173210986263714 -3.4823438618459114e-14 
-0.0006520363653527883 -0.06259353632820368 -1.434020844433362e-14 
2.6762011927458467e-15 -0.06270200552892029 -4.9439373979086314e-14 
0.0008290067888931227 -0.06171841895814759 6.166813897405406e-5 
-0.0006523763209974456 -0.06268560376353934 7.886686223979612e-5 
-2.7094019045155067e-16 -0.04833992049095428 -2.065273439492528e-14 
0.002360016211268878 -0.027157364341205723 3.0985106991502692e-15 
2.005827815117771e-15 -0.027149626760481087 -9.540841641268953e-15 
0.0017484849325510952 -0.04833145728893268 -5.729397972780919e-16 
2.7174650278988923e-15 -0.048389410184527214 -2.0633909442454953e-14 
0.0023698027808166525 -0.027148499245399058 -2.6448048704395937e-6 
0.0017504633083763686 -0.04838097100391513 4.171190276237704e-5 
-9.272094721348597e-17 -0.007658142946040907 -2.444310848283452e-15 
0.0013780603309119627 -0.007674838800368659 3.038247580309336e-15 
1.0109534367964853e-15 -0.007588494957536137 -2.461045909044651e-15 
0.0013769316660334745 -0.007604605123856883 -6.568328777798294e-5 
-0.002360016211279911 0.027157364341289385 1.904778229180278e-14 
-0.001378060330916131 0.007674838800384078 3.8748915067517586e-15 
-0.002369802780816948 0.027148499245428732 -2.644804855080576e-6 
-0.001376931666030838 0.007604605123849479 -6.568328777728875e-5 
-0.0008261534179872595 0.06164348364132416 6.956425928295279e-14 
-0.0017484849325777223 0.0483314572891991 4.1944921219985936e-14 
-0.0008290067889205505 0.061718418958637 6.166813905020385e-5 
-0.0017504633083902145 0.048380971004095906 4.171190280411529e-5 
0.002096997400538432 0.048653379563409295 1.1887745522724672e-13 
0.0006520363653125536 0.06259353632921387 9.618074160731928e-14 
0.0020998026860810652 0.04872150384457844 5.533566483539869e-5 
0.0006523763209697144 0.06268560376440355 7.88668623503335e-5 
0.0032112077609214805 -0.007021996731228745 1.3329786723951757e-13 
0.0028081552512193462 0.023653975367664754 1.3223739508426894e-13 
0.0032159685619348928 -0.007035150931124093 -1.0750627379227249e-5 
0.002810798150751884 0.023688996781431392 3.0056262318547097e-5 
0.0013069558921925705 -0.054477638678180444 8.84038090597919e-14 
0.002394198667421255 -0.03558843602238645 1.1904773724800853e-13 
0.001308904671491567 -0.05456240423404669 -6.890145988869753e-5 
0.0023965183757387876 -0.03564833650246095 -5.120864441712464e-5 
-0.0018299967558760425 -0.04896154445285927 -8.662935691669142e-15 
-0.00027850482247025017 -0.05969330175878765 4.5276949216051676e-14 
-0.0018327685633041473 -0.049037284715425004 -6.154940983623938e-5 
-0.0002788011088246499 -0.05979195768179865 -8.439306634372025e-5 
-0.003195583703039964 0.003882865134698847 -1.2138852034888363e-13 
-0.002666626107711976 -0.026010541573157516 -6.699807904500428e-14 
-0.0032004127720761644 0.0038887528760630486 4.779101320569893e-6 
-0.002669278223757107 -0.026053488301853053 -3.673904220463527e-5 
-0.001480626123864309 0.053050180004187104 -1.956569628755758e-13 
-0.0024810410148759293 0.0328262592189362 -1.6588531773794723e-13 
-0.0014828632913509963 0.05313191051114952 6.640227126426733e-5 
-0.0024835044430219855 0.03288018881951317 4.6143529480609946e-5 
0.001661309403611891 0.051151250016357674 -2.0299152839823872e-13 
9.58144380978557e-5 0.06008793941246326 -2.084384259820639e-13 
0.0016638182319107942 0.05123007674442136 6.404411724555932e-5 
9.590855401564744e-5 0.06018674414545919 8.453684685176903e-5 
0.0032038277318696636 -8.310352395806341e-13 -1.526416998638321e-13 
0.0025811292588321533 0.02949690622064369 -1.8280792882013918e-13 
0.0032086664420284136 -1.0269333651018817e-12 -1.5288238047320762e-13 
0.002583689017087015 0.02954541402210759 4.1502867618366396e-5 
0.0016613094035922002 -0.051151250017797974 -8.930252720702939e-14 
0.0025811292588208226 -0.029496906222245562 -1.1911803214100943e-13 
0.0016638182318927336 -0.051230076746245676 -6.404411753783638e-5 
0.0025836890170765382 -0.02954541402409976 -4.150286792086464e-5 
-0.0014806261238707876 -0.053050180005370776 -6.084133266410601e-14 
9.581443808515358e-5 -0.06008793941373521 -6.914610147108132e-14 
-0.0014828632913534512 -0.05313191051270221 -6.640227152079325e-5 
9.590855400587444e-5 -0.060186744147108916 -8.453684712929486e-5 
-0.003195583703070291 -0.0038828651355359936 -6.98402468320524e-14 
-0.0024810410148930146 -0.032826259220007224 -6.12082135721069e-14 
-0.0032004127721002988 -0.0038887528772404297 -4.779101512641267e-6 
-0.0024835044430339685 -0.03288018882093988 -4.614352970842412e-5 
-0.001829996755937971 0.048961544452957674 -9.746870403498912e-14 
-0.0026666261077588774 0.02601054157270725 -8.327022885767279e-14 
-0.0018327685633595294 0.0490372847152199 6.154940972970209e-5 
-0.002669278223797237 0.02605348830107977 3.6739042053569e-5 
0.0013069558921432476 0.054477638679444405 -1.154849679379505e-13 
-0.00027850482252907594 0.05969330175950068 -1.0848420493618429e-13 
0.0013089046714451302 0.054562404235055206 6.890145986253113e-5 
-0.0002788011088784142 0.059791957682231535 8.439306628087283e-5 
0.0032112077609220725 0.007021996732989578 -1.1908904377868549e-13 
0.0023941986673963913 0.03558843602402538 -1.1977180521716763e-13 
0.003215968561934218 0.007035150932674643 1.0750627394611781e-5 
0.002396518375714752 0.03564833650386907 5.1208644417936854e-5 
0.002096997400573066 -0.04865337956202628 -1.0188001117674413e-13 
0.002808155251238632 -0.023653975366007652 -1.129325374136059e-13 
0.002099802686110664 -0.04872150384336607 -5.5335664817823674e-5 
0.002810798150767852 -0.023688996779965384 -3.0056262298432545e-5 
-0.0008261534179467523 -0.06164348364071966 -6.244700807739841e-14 
0.0006520363653519829 -0.06259353632820343 -8.464097983822695e-14 
-0.0008290067888869499 -0.06171841895814768 -6.166813904367243e-5 
0.0006523763210028067 -0.06268560376353949 -7.886686233865239e-5 
-0.002360016211269247 -0.027157364341205543 -2.212042167627692e-14 
-0.001748484932551605 -0.04833145728893274 -4.071394461570909e-14 
-0.002369802780812651 -0.02714849924539886 2.6448048513256723e-6 
-0.0017504633083709061 -0.048380971003914974 -4.171190280363245e-5 
-0.001378060330912158 -0.007674838800368688 -7.938682222657068e-15 
-0.0013769316660314404 -0.007604605123856817 6.568328777306094e-5 
-6.0180468357012806e-15 0.027149626760556624 2.8577778476101486e-14 
-3.3313257364812197e-15 0.007588494957547891 8.084903693445835e-15 
0.002369802780819023 0.027148499245474567 -2.6448048359843234e-6 
0.0013769316660327267 0.007604605123868584 -6.568328776910476e-5 
-8.178107460693705e-15 0.06173210986322238 8.968601405450898e-14 
-7.514079200823568e-15 0.04838941018478083 5.708721065191276e-14 
0.0008290067889218442 0.06171841895873293 6.166813909063009e-5 
0.001750463308391754 0.048380971004168744 4.171190283441678e-5 
-6.007790461323255e-15 0.048733560343635754 1.4920779518739342e-13 
-7.614319383748112e-15 0.06270200552990776 1.21833993213351e-13 
-0.002099802686080467 0.048721503844724144 5.5335664896251356e-5 
-0.0006523763209687533 0.06268560376452698 7.886686240174023e-5 
-1.7666187967894412e-16 -0.007037445195779993 1.7230416884723857e-13 
-3.383151924806771e-15 0.02369524815830454 1.6717887543855843e-13 
-0.003215968561934874 -0.007035150930936647 -1.0750627300975953e-5 
-0.0028107981507514467 0.023688996781599546 3.0056262388628604e-5 
6.917519433431434e-15 -0.05457729860111757 1.367529800282722e-13 
3.47853100735337e-15 -0.0356590051109658 1.6227751905486202e-13 
-0.0013089046714911642 -0.05456240423381331 -6.890145979162837e-5 
-0.002396518375738326 -0.03564833650225306 -5.1208644330462684e-5 
1.1614653835762612e-14 -0.04905059643086205 4.807966183110652e-14 
9.805385387887961e-15 -0.05980953426339225 9.777705905868121e-14 
0.0018327685633043127 -0.0490372847151532 -6.154940972293111e-5 
0.00027880110882475126 -0.05979195768154556 -8.439306623853011e-5 
1.0041441635779048e-14 0.003889789115403854 -5.59411275266415e-14 
1.1525593457663057e-14 -0.026061139934440192 -5.967116131579816e-15 
0.0032004127720763357 0.0038887528763766983 4.779101451173148e-6 
0.002669278223757301 -0.026053488301560266 -3.673904208261253e-5 
3.444114554138242e-15 0.05314627870488556 -1.2231568068558884e-13 
7.103481678693095e-15 0.03288979741971253 -9.639144114925017e-14 
0.001482863291351222 0.05313191051150124 6.640227141068405e-5 
0.002483504443022077 0.03288018881984593 4.614352961936762e-5 
-4.231429440379898e-15 0.05124393416325167 -1.227566224285093e-13 
-6.168903718301321e-16 0.06020434808871329 -1.312810708488564e-13 
-0.001663818231911291 0.05123007674480642 6.404411740555824e-5 
-9.590855401569084e-5 0.06018674414582944 8.453684700608536e-5 
-8.205674942797816e-15 -6.35777243380737e-13 -7.110927582829457e-14 
-6.724863914568176e-15 0.029554056609986126 -1.0139244168318656e-13 
-0.0032086664420299797 -6.356606917318576e-13 1.0003186510675226e-14 
-0.002583689017088049 0.02954541402249837 4.1502867781174626e-5 
-6.48309798297827e-15 -0.05124393416430706 -9.299312909575693e-15 
-7.93956089917539e-15 -0.029554056611199385 -3.829130563303255e-14 
-0.0016638182318944074 -0.05123007674586158 -6.404411737775148e-5 
-0.0025836890170781693 -0.02954541402371161 -4.150286775910411e-5 
-1.4559940488793589e-15 -0.05314627870570067 1.9448673843074845e-14 
-4.084131235802645e-15 -0.06020434808960962 1.0638698192718096e-14 
0.0014828632913519424 -0.053131910512316305 -6.640227136023431e-5 
-9.590855400705672e-5 -0.060186744146725944 -8.45368469696302e-5 
2.5133935125648706e-15 -0.003889789115903441 6.09087435334783e-15 
8.070208201715013e-16 -0.032889797420429835 1.715949268927242e-14 
0.003200412772097708 -0.003888752876876086 -4.779101360685831e-6 
0.002483504443031587 -0.032880188820563115 -4.614352955143604e-5 
3.272424779882924e-15 0.04905059643126279 -2.8014976120002192e-14 
3.230660504208878e-15 0.02606113993431065 -1.0224335705293695e-14 
0.0018327685633561857 0.04903728471555404 6.154940986878716e-5 
0.0026692782237944116 0.026053488301430797 3.673904219971089e-5 
1.836373439298935e-15 0.0545772986026397 -5.709329966184048e-14 
2.647314752204674e-15 0.05980953426438701 -4.410184539776851e-14 
-0.0013089046714489499 0.0545624042353353 6.890145997940481e-5 
0.0002788011088744744 0.05979195768254019 8.439306640959904e-5 
-4.1474687890211714e-16 0.007037445197754346 -6.978609925402111e-14 
8.244137576903723e-16 0.03565900511283938 -6.604984995052766e-14 
-0.0032159685619373045 0.007035150932911086 1.0750627493158298e-5 
-0.002396518375717938 0.0356483365041265 5.12086445252671e-5 
-2.5778333683353592e-15 -0.04873356034208037 -6.090124300142053e-14 
-1.549225558426903e-15 -0.02369524815645354 -6.782375441518199e-14 
-0.0020998026861133792 -0.04872150384316858 -5.53356647357333e-5 
-0.002810798150770456 -0.023688996779748835 -3.0056262208164505e-5 
-3.813724016957538e-15 -0.06173210986250474 -3.484844548062215e-14 
-3.4606510121639407e-15 -0.06270200552875081 -4.95184081094753e-14 
0.0008290067888830032 -0.06171841895801525 -6.166813898827376e-5 
-0.0006523763210063367 -0.06268560376337003 -7.8866862268555e-5 
-2.3447596944712513e-15 -0.02714962676042024 -9.562060251089143e-15 
-3.269981418502755e-15 -0.048389410184431055 -2.062665118042635e-14 
0.0023698027808093515 -0.027148499245338145 2.6448048766767204e-6 
0.0017504633083673452 -0.04838097100381894 -4.1711902763559146e-5 
-1.2345389259602186e-15 -0.007588494957510497 -2.475610899105236e-15 
0.0013769316660284952 -0.007604605123831158 6.568328778396661e-5 
-0.0023698027808310655 0.02714849924547461 2.6448048931513207e-6 
-0.001376931666039416 0.0076046051238687455 6.568328778522694e-5 
-0.0008290067889381875 0.061718418958732923 -6.166813891119948e-5 
-0.0017504633084067826 0.04838097100416883 -4.1711902720240275e-5 
0.0020998026860684416 0.048721503844723894 -5.533566459779647e-5 
0.0006523763209535337 0.06268560376452686 -7.886686215806933e-5 
0.003215968561934541 -0.007035150930936671 1.0750627645672e-5 
0.0028107981507446826 0.023688996781599404 -3.005626205428773e-5 
0.0013089046715049942 -0.054562404233812964 6.890146006530138e-5 
0.0023965183757452555 -0.03564833650225337 5.120864465511808e-5 
-0.0018327685632810668 -0.04903728471515327 6.15494098189934e-5 
-0.0002788011088051432 -0.05979195768154574 8.439306643413672e-5 
-0.0032004127720562203 0.0038887528763766697 -4.779101563273124e-6 
-0.0026692782237342314 -0.02605348830156005 3.67390420707845e-5 
-0.001482863291344312 0.0531319105115013 -6.640227165530778e-5 
-0.002483504443007855 0.03288018881984615 -4.6143529812204446e-5 
0.0016638182319028182 0.05123007674480632 -6.404411765113922e-5 
9.590855401447127e-5 0.06018674414582968 -8.453684726863854e-5 
0.00320866644201355 -6.356338684557346e-13 -1.52303550280558e-13 
0.002583689017074572 0.029545414022498457 -4.150286798394825e-5 
0.0016638182318813963 -0.051230076745861594 6.404411735913497e-5 
0.002583689017062321 -0.02954541402371162 4.150286768251405e-5 
-0.0014828632913548474 -0.05313191051231592 6.6402271399069e-5 
9.590855399889323e-5 -0.060186744146726014 8.453684699096865e-5 
-0.0032004127720927 -0.003888752876875967 4.7791013729333355e-6 
-0.002483504443029959 -0.032880188820563316 4.614352958591088e-5 
-0.0018327685633496755 0.04903728471555431 -6.154940992478176e-5 
-0.002669278223787962 0.026053488301430745 -3.673904222016893e-5 
0.0013089046714526214 0.0545624042353353 -6.890146009348277e-5 
-0.00027880110886915714 0.059791957682540274 -8.439306649771775e-5 
0.003215968561936483 0.007035150932911191 -1.075062763276811e-5 
0.0023965183757195738 0.0356483365041266 -5.1208644657378906e-5 
0.002099802686108165 -0.048721503843168354 5.5335664613956275e-5 
0.002810798150767374 -0.02368899677974877 3.005626207254483e-5 
-0.0008290067888906203 -0.06171841895801497 6.166813891856588e-5 
0.0006523763209994319 -0.06268560376336998 7.886686216954297e-5 
-0.0023698027808140764 -0.027148499245337916 -2.64480489580154e-6 
-0.0017504633083738664 -0.04838097100381902 4.171190272229443e-5 
-0.0013769316660309308 -0.007604605123831229 -6.56832877888931e-5 

VECTORS eigenmode10 float
0.0 0.0 0.0 
0.0 0.0 0.0 
0.0 0.0 0.0 
0.0 0.0 0.0 
0.0 0.0 0.0 
0.0 0.0 0.0 
0.0 0.0 0.0 
0.0 0.0 0.0 
0.0 0.0 0.0 
0.0 0.0 0.0 
0.0 0.0 0.0 
0.0 0.0 0.0 
0.0 0.0 0.0 
0.0 0.0 0.0 
0.0 0.0 0.0 
0.0 0.0 0.0 
0.0 0.0 0.0 
0.0 0.0 0.0 
0.0 0.0 0.0 
0.0 0.0 0.0 
0.0 0.0 0.0 
0.0 0.0 0.0 
0.0 0.0 0.0 
0.0 0.0 0.0 
0.0 0.0 0.0 
0.0 0.0 0.0 
0.0 0.0 0.0 
0.0 0.0 0.0 
0.0 0.0 0.0 
0.0 0.0 0.0 
0.0 0.0 0.0 
0.0 0.0 0.0 
0.0008843028632301584 0.013627980287585405 -0.005673036349676431 
0.0008506962604588846 0.028529610376751027 -0.011886796238825081 
0.0007968332559893001 0.04271924856652453 -0.017799022784448323 
0.000724324512694253 0.05583303718685929 -0.023262802901423844 
0.0006337584658439235 0.06754230682179851 -0.028141439260594363 
0.0005272654822760462 0.07755265612150772 -0.03231223764499073 
0.00040751063587608126 0.08561229934647714 -0.03567027937300578 
0.0002775054262285251 0.09151850938567502 -0.03813109581879543 
0.00014051998974235104 0.09512272521046415 -0.03963278874251374 
-1.2487300656515187e-13 0.09633428877020965 -0.04013758549264544 
-0.00014051998993777853 0.09512272521034004 -0.03963278874344351 
-0.0002775054262655368 0.09151850938550314 -0.03813109582023325 
-0.0004075106357272257 0.08561229934642911 -0.03567027937427337 
-0.0005272654820096853 0.07755265612179167 -0.032312237645504116 
-0.0006337584656198296 0.06754230682230065 -0.02814143926013521 
-0.0007243245126422698 0.05583303718701887 -0.02326280290022219 
-0.0007968332560794567 0.04271924856602131 -0.017799022783052208 
-0.0008506962605907489 0.028529610376029822 -0.011886796237820513 
-0.0008843028633174023 0.013627980287274747 -0.005673036349327082 
0.0008503191614840721 0.005776077993339248 -0.002418497398062216 
0.0008627496754245917 0.021148631192552957 -0.008811480888978497 
0.0008233140221640149 0.035738607249864246 -0.014890351788438208 
0.0007611571489564341 0.04943202795610603 -0.020595779336959295 
0.000679658251671973 0.06188265145057733 -0.025783337329938587 
0.0005810464000130992 0.07277677830393872 -0.03032236717919726 
0.0004678183864782477 0.08184033181569937 -0.034098687706468886 
0.00034282327435690955 0.08884532941822393 -0.03701731263161479 
0.0002092050595387937 0.09361557203248187 -0.039004829187018975 
7.032465211147723e-5 0.09603107225820096 -0.040011244805806326 
-7.03246523436265e-5 0.09603107225814221 -0.04001124480630113 
-0.00020920505966067455 0.09361557203231484 -0.039004829188278876 
-0.00034282327429995517 0.08884532941808795 -0.03701731263305587 
-0.0004678183862609098 0.08184033181579851 -0.0340986877074131 
-0.0005810463997552776 0.07277677830438134 -0.030322367179223687 
-0.0006796582515278213 0.06188265145099237 -0.02578333732905382 
-0.0007611571489792132 0.049432027955921436 -0.02059577933558079 
-0.0008233140222829546 0.03573860724915879 -0.014890351787175156 
-0.0008627496755431178 0.021148631191979083 -0.008811480888299418 
-0.0008503191615383023 0.005776077993270713 -0.0024184973979656634 
-0.0008843028630918415 -0.01362798028679789 -0.005673036349676338 
-0.0008506962604188131 -0.028529610375007144 -0.011886796238818411 
-0.000796833256112483 -0.042719248565216396 -0.01779902278444333 
-0.0007243245128356447 -0.05583303718695838 -0.023262802901427106 
-0.000633758465854592 -0.0675423068226799 -0.02814143926060029 
-0.0005272654821734256 -0.07755265612191836 -0.03231223764499475 
-0.0004075106357900532 -0.08561229934587818 -0.03567027937300118 
-0.0002775054262585669 -0.09151850938480226 -0.03813109581879038 
-0.00014051998980959326 -0.09512272521013501 -0.03963278874251259 
1.1208759352343393e-13 -0.09633428877029258 -0.040137585492647065 
0.00014051998997063534 -0.09512272521032615 -0.03963278874344494 
0.00027750542628689933 -0.09151850938517084 -0.03813109582023006 
0.0004075106356797377 -0.08561229934624942 -0.035670279374271516 
0.0005272654819752444 -0.07755265612206223 -0.032312237645506045 
0.0006337584656234709 -0.0675423068227043 -0.028141439260135903 
0.0007243245126505371 -0.05583303718736634 -0.023262802900222798 
0.0007968332561004917 -0.04271924856621324 -0.017799022783051403 
0.0008506962605972406 -0.02852961037608563 -0.011886796237819798 
0.0008843028633200162 -0.01362798028728855 -0.005673036349326789 
-0.0008503191614038678 -0.0057760779931223805 -0.002418497398070217 
-0.0008627496753282025 -0.02114863119116173 -0.008811480888973353 
-0.0008233140222074618 -0.03573860724813106 -0.014890351788429663 
-0.0007611571490974853 -0.04943202795547977 -0.02059577933695887 
-0.0006796582517497245 -0.061882651451236434 -0.025783337329946296 
-0.0005810463999651679 -0.07277677830472887 -0.030322367179204 
-0.00046781838637605203 -0.08184033181558449 -0.03409868770646827 
-0.00034282327432878887 -0.08884532941734281 -0.03701731263160882 
-0.00020920505959318674 -0.09361557203183772 -0.039004829187017816 
-7.03246521520231e-5 -0.09603107225815166 -0.040011244805809844 
7.03246523537897e-5 -0.0960310722582361 -0.04001124480630384 
0.00020920505969333314 -0.09361557203213067 -0.03900482918827847 
0.0003428232742847739 -0.08884532941774628 -0.0370173126330522 
0.00046781838621562334 -0.08184033181586277 -0.03409868770741479 
0.0005810463997422118 -0.07277677830476773 -0.030322367179225887 
0.0006796582515334136 -0.06188265145137413 -0.025783337329054457 
0.0007611571489948712 -0.049432027956210635 -0.020595779335582192 
0.0008233140222965653 -0.03573860724926486 -0.014890351787174506 
0.0008627496755472843 -0.02114863119200973 -0.00881148088829926 
0.0008503191615397141 -0.005776077993274512 -0.0024184973979655636 
-0.0008843028633897947 0.013627980287586307 0.005673036349270347 
-0.0008506962606182003 0.028529610376749327 0.011886796237691054 
-0.0007968332560288596 0.04271924856652105 0.017799022782862613 
-0.0007243245125732044 0.055833037186855915 0.0232628029000087 
-0.000633758465608551 0.06754230682179702 0.02814143925995334 
-0.0005272654820314577 0.0775526561215092 0.03231223764539791 
-0.0004075106357358315 0.08561229934647997 0.0356702793742518 
-0.0002775054262535004 0.09151850938567854 0.03813109582028874 
-0.0001405199899156039 0.09512272521046673 0.03963278874356611 
-1.1258979150023384e-13 0.09633428877020984 0.04013758549279657 
0.00014051998974984613 0.09512272521033757 0.03963278874266008 
0.00027750542621722026 0.09151850938549941 0.03813109581892754 
0.00040751063584075123 0.08561229934642581 0.03567027937311366 
0.0005272654822240918 0.0775526561217907 0.03231223764506413 
0.0006337584658360069 0.06754230682230167 0.028141439260638182 
0.0007243245127583961 0.055833037187020935 0.023262802901451704 
0.000796833256048805 0.04271924856602402 0.01779902278446261 
0.000850696260449159 0.02852961037603102 0.011886796238839733 
0.0008843028631733174 0.01362798028727389 0.005673036349694141 
-0.00085031916157802 0.005776077993343516 0.0024184973979400185 
-0.0008627496755968914 0.02114863119255301 0.008811480888207077 
-0.0008233140222708963 0.03573860724986159 0.01489035178701411 
-0.0007611571489151036 0.04943202795610241 0.02059577933537299 
-0.0006796582514868544 0.06188265145057475 0.025783337328849652 
-0.0005810463997626489 0.07277677830393856 0.030322367179075344 
-0.000467818386277409 0.08184033181570174 0.03409868770735127 
-0.00034282327429718747 0.08884532941822755 0.03701731263307217 
-0.00020920505964331225 0.09361557203248541 0.039004829188370886 
-7.032465232569662e-5 0.09603107225820244 0.0400112448064426 
7.032465212137638e-5 0.09603107225814123 0.04001124480595845 
0.0002092050595366043 0.09361557203231174 0.039004829187160375 
0.0003428232743348886 0.0888453294180843 0.03701731263173723 
0.00046781838643240804 0.08184033181579643 0.034098687706560105 
0.0005810463999801061 0.07277677830438137 0.030322367179254236 
0.0006796582517011687 0.061882651450994815 0.025783337329974138 
0.0007611571490225578 0.049432027955925016 0.020595779336979904 
0.0008233140221901642 0.03573860724916141 0.014890351788449937 
0.0008627496753885536 0.021148631191979125 0.008811480888995268 
0.0008503191614533407 0.005776077993266861 0.0024184973980762624 
0.0008843028632516951 -0.013627980286798732 0.005673036349270205 
0.0008506962605786165 -0.028529610375005437 0.011886796237684393 
0.0007968332561527164 -0.04271924856521295 0.017799022782857634 
0.0007243245127155102 -0.05583303718695538 0.02326280290001229 
0.0006337584656204138 -0.06754230682267814 0.028141439259959156 
0.0005272654819302939 -0.07755265612191961 0.03231223764540171 
0.00040751063565132127 -0.0856122993458813 0.035670279374247195 
0.0002775054262848245 -0.09151850938480617 0.03813109582028379 
0.00014051998998390657 -0.09512272521013806 0.03963278874356515 
1.263624936165314e-13 -0.09633428877029268 0.04013758549279843 
-0.00014051998978186877 -0.095122725210324 0.039632788742661566 
-0.00027750542623797075 -0.09151850938516748 0.03813109581892441 
-0.00040751063579291385 -0.08561229934624616 0.03567027937311172 
-0.0005272654821896034 -0.07755265612206085 0.03231223764506575 
-0.0006337584658395861 -0.06754230682270515 0.028141439260638716 
-0.0007243245127665548 -0.05583303718736926 0.023262802901452623 
-0.0007968332560698051 -0.04271924856621634 0.01779902278446195 
-0.0008506962604556954 -0.028529610376087085 0.011886796238839144 
-0.0008843028631759389 -0.013627980287287593 0.0056730363496938 
0.0008503191614979311 -0.005776077993126671 0.0024184973979480212 
0.0008627496755008674 -0.021148631191161796 0.00881148088820192 
0.0008233140223149395 -0.03573860724812835 0.01489035178700548 
0.0007611571490569888 -0.049432027955476174 0.02059577933537252 
0.0006796582515657026 -0.06188265145123395 0.025783337328857424 
0.0005810463997160291 -0.07277677830472869 0.03032236717908216 
0.00046781838617671506 -0.08184033181558678 0.03409868770735055 
0.00034282327427057405 -0.08884532941734641 0.03701731263306638 
0.0002092050596987961 -0.09361557203184083 0.03900482918836976 
7.032465236724987e-5 -0.09603107225815308 0.040011244806446286 
-7.032465213059627e-5 -0.096031072258235 0.040011244805961216 
-0.00020920505956851759 -0.09361557203212763 0.03900482918715991 
-0.00034282327431919856 -0.08884532941774273 0.037017312631733724 
-0.0004678183863869991 -0.08184033181586065 0.034098687706561895 
-0.0005810463999669685 -0.07277677830476774 0.03032236717925641 
-0.0006796582517066442 -0.06188265145137642 0.0257833373299747 
-0.0007611571490380848 -0.04943202795621393 0.020595779336981177 
-0.000823314022203781 -0.035738607249267404 0.014890351788449316 
-0.0008627496753927589 -0.02114863119200975 0.008811480888995114 
-0.0008503191614547572 -0.0057760779932706716 0.002418497398076172 
0.0 0.0 0.0 
0.0 0.0 0.0 
0.0 0.0 0.0 
0.0 0.0 0.0 
0.0 0.0 0.0 
0.0 0.0 0.0 
0.0 0.0 0.0 
0.0 0.0 0.0 
0.0 0.0 0.0 
0.0 0.0 0.0 
0.0 0.0 0.0 
0.0 0.0 0.0 
0.0 0.0 0.0 
0.0 0.0 0.0 
0.0 0.0 0.0 
0.0 0.0 0.0 
0.0 0.0 0.0 
0.0 0.0 0.0 
6.881030775556065e-14 3.9390462699101365e-13 -0.0056565187193470924 
1.997682493951832e-14 8.679056387636e-13 -0.011883118813626135 
-6.141043890055582e-14 6.508975055157133e-13 -0.01779755930122585 
-7.051567682055493e-14 -4.7636143179291524e-14 -0.023261473392039766 
-5.414170046606804e-15 -4.373527776332565e-13 -0.02813991616073107 
5.115854941152469e-14 -2.0255640035994816e-13 -0.032310501069215854 
4.302272616324462e-14 2.9619977494593403e-13 -0.0356683640393122 
-1.486348531602271e-14 4.3287495703637486e-13 -0.038129048582168444 
-3.3537201728826735e-14 1.633475651500235e-13 -0.03963066091093373 
-6.482531536078244e-15 -4.073181474285602e-14 -0.04013543056249971 
1.6365476124308624e-14 7.607126037813161e-15 -0.03963066091186708 
1.064325869839712e-14 1.635219476034104e-13 -0.03812904858361231 
-2.3663637315120815e-14 8.840171072419155e-14 -0.03566836404058518 
-1.7250117650128053e-14 -1.3404178362024961e-13 -0.03231050106972927 
1.8025669569487994e-15 -2.016988679198763e-13 -0.028139916160267404 
4.1800948057235554e-15 -1.7348927482647692e-13 -0.023261473390832763 
1.0477742409055555e-14 -9.680254354270285e-14 -0.017797559299827938 
3.2406716319467726e-15 -2.8466178226276387e-14 -0.011883118812622632 
1.2917373857989929e-15 -7.16361372071778e-15 -0.005656518718998783 
0.0006820681325077977 0.006818978471592499 -0.005660204201800458 
4.0138425917407676e-14 1.128843315701008e-13 -0.002439224055056197 
0.0006565809457670292 0.0028780995951416836 -0.002435462763984963 
-0.0006820681323694863 -0.006818978470804805 -0.0056602042018005505 
-0.0006565809456868172 -0.002878099594917999 -0.0024354627639887483 
0.0006564335487723378 0.01426546639386725 -0.011884037890671162 
4.811424011947468e-14 6.926459212567853e-13 -0.008813802682307123 
0.0006657628799449162 0.0105744589675056 -0.008813088081572433 
-0.0006564335487322391 -0.01426546639212933 -0.011884037890667805 
-0.0006657628798485603 -0.010574458966118869 -0.008813088081569938 
0.0006148938005429779 0.021360205207155872 -0.01779784790662379 
-2.1727704844557362e-14 8.617102398388968e-13 -0.01488999292908239 
0.0006352835175669034 0.017869851583067163 -0.014889972323971278 
-0.0006148938006661227 -0.02136020520585245 -0.01779784790662126 
-0.0006352835176103887 -0.017869851581341422 -0.01488997232396713 
0.0005589290934639896 0.02791730122751538 -0.023261677717972627 
-7.040125607245998e-14 3.13135585073227e-13 -0.020594732391579954 
0.0005873305530144717 0.024716730580741482 -0.02059487253560427 
-0.0005589290936053402 -0.027917301227611706 -0.02326167771797435 
-0.0005873305531554993 -0.024716730580115337 -0.020594872535604162 
0.0004890379727969259 0.0337721111268258 -0.02814013737625282 
-3.8875424545429245e-14 -3.246243062837247e-13 -0.02578194942744484 
0.0005244483831904547 0.030942211036417276 -0.02578214897742672 
-0.0004890379728076334 -0.03377211112770198 -0.02814013737625576 
-0.0005244483832682235 -0.03094221103706905 -0.025782148977430603 
0.00040686155965424206 0.038777429977145485 -0.03231075144963621 
2.3999784129776523e-14 -3.908686678972314e-13 -0.030320724081852445 
0.0004483572632450294 0.036389428137995686 -0.030320962026391014 
-0.0004068615595516567 -0.03877742997755183 -0.03231075144963833 
-0.0004483572631970477 -0.036389428138779566 -0.030320962026394397 
0.00031445309502619635 0.042807366482899116 -0.035668639982038036 
5.092052781380185e-14 5.717207002533726e-14 -0.03409683848427909 
0.0003609865342157813 0.0409213339429003 -0.034097106466016075 
-0.00031445309494003654 -0.04280736648230485 -0.03566863998203567 
-0.00036098653411368166 -0.040921333942785985 -0.03409710646601582 
0.00021413532133849757 0.04576055550359377 -0.038129343511694384 
1.4031788618897022e-14 4.372562304656683e-13 -0.0370153049287745 
0.0002645355777435413 0.04442393267073656 -0.03701559589077328 
-0.00021413532136846885 -0.04576055550272627 -0.038129343511691796 
-0.00026453557771546204 -0.044423932669860396 -0.03701559589077038 
0.00010843136303692013 0.047562714652459946 -0.039630967451565545 
-2.716723869132037e-14 3.217092685703341e-13 -0.03900271366197338 
0.00016143064838878985 0.04680912204998701 -0.03900302024930372 
-0.00010843136310418709 -0.04756271465213306 -0.03963096745156491 
-0.0001614306484432146 -0.04680912204934322 -0.03900302024930317 
-6.462055274844326e-14 0.04816851365389218 -0.04013574100742351 
-2.0201126846848465e-14 2.7069854821380755e-14 -0.04000907469218973 
5.426519947848127e-5 0.048016906634679606 -0.04000938919012925 
5.175851623260038e-14 -0.048168513653974045 -0.04013574100742428 
-5.426519951897917e-5 -0.04801690663462673 -0.04000938919013109 
-0.00010843136314116686 0.04756271465232029 -0.03963096745249786 
5.0853807028312846e-15 -4.513300601862901e-14 -0.04000907469268556 
-5.426519960120032e-5 0.048016906634613915 -0.04000938919062496 
0.00010843136317401605 -0.04756271465230521 -0.0396309674524985 
5.426519961139681e-5 -0.048016906634705155 -0.040009389190626354 
-0.00021413532135763534 0.04576055550337405 -0.03812934351313626 
1.622267506645385e-14 9.196842120190733e-14 -0.03900271366323717 
-0.0001614306484538772 0.046809122049788335 -0.03900302025056652 
0.0002141353213790289 -0.04576055550304507 -0.038129343513134496 
0.00016143064848648107 -0.046809122049604496 -0.039003020250566366 
-0.00031445309494211777 0.042807366482771704 -0.03566863998330925 
-7.546880642923686e-15 1.6874767240404777e-13 -0.03701530493022084 
-0.00026453557771096456 0.044423932670534565 -0.037015595892218166 
0.00031445309489466056 -0.042807366482593937 -0.03566863998330816 
0.0002645355776958094 -0.04442393267019616 -0.03701559589221637 
-0.00040686155950486383 0.03877742997732108 -0.032310751450150076 
-2.2562939197054045e-14 -3.0772503389002283e-14 -0.0340968384852269 
-0.00036098653409244674 0.040921333942906306 -0.03409710646696278 
0.0004068615594703681 -0.03877742997758943 -0.03231075145015093 
0.00036098653404719193 -0.04092133394296864 -0.03409710646696371 
-0.0004890379726877015 0.03377211112719375 -0.02814013737579103 
-6.577923984592534e-15 -1.9173126430272744e-13 -0.030320724081876457 
-0.00044835726310704085 0.036389428138315735 -0.030320962026416178 
0.000489037972691372 -0.0337721111275969 -0.028140137375791293 
0.0004483572630939346 -0.03638942813870025 -0.03032096202641739 
-0.0005589290934719288 0.027917301227531565 -0.02326167771676744 
2.8202376764785145e-15 -1.9030645758855496e-13 -0.025781949426553537 
-0.0005244483831364031 0.03094221103669076 -0.025782148976537946 
0.0005589290934802351 -0.0279173012278788 -0.023261677716767803 
0.000524448383142009 -0.030942211037071704 -0.025782148976538286 
-0.0006148938006140228 0.021360205206531018 -0.017797847905225823 
7.799884103868439e-15 -1.4351369997162315e-13 -0.02059473239019859 
-0.0005873305530578247 0.02471673058042144 -0.02059487253422327 
0.0006148938006350364 -0.021360205206724225 -0.017797847905225327 
0.0005873305530734699 -0.024716730580708977 -0.020594872534224096 
-0.0006564335488261436 0.014265466393059208 -0.011884037889666601 
6.828172975846261e-15 -5.3308405667016326e-14 -0.01488999292782021 
-0.0006352835176345993 0.0178698515822581 -0.014889972322707933 
0.0006564335488326123 -0.014265466393115964 -0.01188403788966624 
0.0006352835176482306 -0.01786985158236456 -0.014889972322707648 
-0.000682068132515834 0.006818978471236556 -0.005660204201451903 
2.0867817767055043e-15 -1.536809732204368e-14 -0.008813802681630642 
-0.0006657628799798438 0.010574458966865478 -0.00881308808089469 
0.0006820681325184294 -0.006818978471250738 -0.005660204201451742 
0.0006657628799840213 -0.010574458966896195 -0.008813088080894595 
7.224298882483137e-16 -1.9313009709112687e-15 -0.00243922405496027 
-0.000656580945774076 0.0028780995950487037 -0.002435462763889882 
0.0006565809457755008 -0.0028780995950525553 -0.002435462763889832 
-6.870100711971286e-14 3.93920032675973e-13 0.005656518718942377 
-1.9737754594529975e-14 8.679196029159234e-13 0.011883118812490307 
6.175032709412662e-14 6.50964169605012e-13 0.01779755929963603 
7.09851972806646e-14 -4.760662861948254e-14 0.02326147339062076 
6.0048257443736004e-15 -4.373610678619255e-13 0.028139916160088117 
-5.044874096553413e-14 -2.0257587294977825e-13 0.03231050106962401 
-4.2197757220030396e-14 2.96229663007098e-13 0.03566836404056235 
1.5509188776903638e-14 4.3298335124087074e-13 0.03812904858366624 
3.403379598940195e-14 1.6318959084646925e-13 0.03963066091198868 
6.9583557605829766e-15 -4.0774820736040744e-14 0.04013543056265108 
-1.5978215462553825e-14 7.611078512972354e-15 0.039630660911080993 
-1.0301235705667907e-14 1.6350739657430792e-13 0.03812904858230196 
2.379440869473588e-14 8.843516429001792e-14 0.03566836403942154 
1.7263581778652262e-14 -1.3398428392960812e-13 0.032310501069287526 
-1.7388284947888949e-15 -2.0160946991241482e-13 0.028139916160771834 
-4.122793893140704e-15 -1.7351987746620583e-13 0.02326147339206634 
-1.042157270090513e-14 -9.686249755269781e-14 0.017797559301242247 
-3.2556549634526863e-15 -2.8458181218698015e-14 0.011883118813643751 
-1.3093749791152186e-15 -7.158198556362612e-15 0.005656518719364609 
-4.0096243283404864e-14 1.1288234690053639e-13 0.002439224054938755 
-0.0006820681325855383 0.006818978471592954 0.005660204201395321 
-0.0006565809458127579 0.002878099595143769 0.0024354627638664356 
0.000682068132447455 -0.0068189784708052965 0.0056602042013954 
0.0006565809457326484 -0.00287809959492009 0.002435462763870217 
-4.793588542169753e-14 6.926430332470256e-13 0.008813802681535794 
-0.0006564335488500625 0.014265466393866479 0.011884037889535747 
-0.0006657628800303107 0.010574458967505617 0.008813088080801074 
0.0006564335488104599 -0.014265466392128593 0.011884037889532423 
0.0006657628799343015 -0.010574458966118918 0.008813088080798545 
2.2018001060564894e-14 8.616871328396915e-13 0.014889992927655134 
-0.0006148938005619279 0.021360205207154218 0.017797847905035035 
-0.0006352835176198359 0.017869851583065803 0.014889972322544768 
0.0006148938006857619 -0.021360205205850708 0.017797847905032495 
0.0006352835176638991 -0.017869851581340093 0.014889972322540608 
7.08259796578921e-14 3.131090479835646e-13 0.02059473238998958 
-0.0005589290934039811 0.027917301227513878 0.023261677716554734 
-0.0005873305529936365 0.02471673058073972 0.020594872534014826 
0.0005589290935462691 -0.027917301227610082 0.023261677716556597 
0.0005873305531354975 -0.024716730580113578 0.020594872534014704 
3.9406060924678837e-14 -3.2461847208451056e-13 0.025781949426353014 
-0.0004890379726806167 0.03377211112682509 0.028140137375610434 
-0.0005244483830979419 0.030942211036415968 0.025782148976335514 
0.0004890379726925265 -0.03377211112770115 0.02814013737561331 
0.0005244483831767915 -0.030942211037067787 0.025782148976339462 
-2.3337726088138578e-14 -3.90891690961191e-13 0.03032072408173034 
-0.0004068615595333603 0.038777429977145894 0.03231075145004414 
-0.00044835726311998585 0.03638942813799564 0.03032096202626894 
0.00040686155943221047 -0.0387774299775523 0.03231075145004618 
0.0004483572630733159 -0.036389428138779496 0.030320962026272377 
-5.017555530311637e-14 5.710527096714526e-14 0.034096838485164045 
-0.0003144530949565804 0.04280736648290081 0.03566863998328717 
-0.00036098653411539903 0.04092133394290154 0.03409710646690047 
0.00031445309487202904 -0.04280736648230666 0.03566863998328462 
0.00036098653401479467 -0.04092133394278713 0.03409710646690011 
-1.3296389723693307e-14 4.372292929542217e-13 0.037015304930236206 
-0.0002141353213504397 0.04576055550359549 0.038129343513191104 
-0.000264535577713409 0.04442393267073842 0.037015595892233924 
0.00021413532138171208 -0.045760555502727965 0.038129343513188495 
0.00026453557768679737 -0.044423932669862186 0.03701559589223107 
2.7726522824313182e-14 3.217686995811389e-13 0.03900271366332916 
-0.00010843136312201621 0.047562714652460904 0.03963096745261998 
-0.00016143064844049504 0.04680912204998862 0.03900302025065853 
0.00010843136319027006 -0.047562714652133915 0.03963096745261927 
0.0001614306484960174 -0.04680912204934484 0.039003020250658 
2.073813852643039e-14 2.7039397623744188e-14 0.040009074692827884 
-5.2054506799151393e-14 0.0481685136538923 0.04013574100757479 
-5.426519958490681e-5 0.048016906634680376 0.04000938919076688 
6.586353956780885e-14 -0.04816851365397414 0.040135741007575665 
5.426519962645676e-5 -0.04801690663462745 0.040009389190768754 
-4.6512928458432025e-15 -4.513573273400617e-14 0.04000907469234158 
0.00010843136304875946 0.04756271465231926 0.039630967451712365 
5.4265199490759384e-5 0.048016906634613325 0.04000938919028129 
-0.00010843136308079729 -0.047562714652304224 0.039630967451713045 
-5.4265199500035107e-5 -0.04801690663470463 0.04000938919028273 
-1.5878617380406636e-14 9.199348941462142e-14 0.03900271366211516 
0.0002141353213339793 0.045760555503371915 0.038129343511827264 
0.00016143064839231917 0.04680912204978685 0.03900302024944531 
-0.00021413532135472496 -0.045760555503043324 0.038129343511825425 
-0.00016143064842421252 -0.04680912204960293 0.03900302024944516 
7.830170126608801e-15 1.6878152507715058e-13 0.03701530492889815 
0.0003144530949980186 0.042807366482770066 0.03566863998214669 
0.0002645355777284488 0.04442393267053293 0.037015595890896355 
-0.0003144530949502199 -0.04280736648259237 0.035668639982145645 
-0.00026453557771273755 -0.04442393267019434 0.03701559589089467 
2.2633048555197513e-14 -3.08159893539551e-14 0.034096838484371464 
0.00040686155961051614 0.03877742997732026 0.032310751449708734 
0.0003609865341778649 0.040921333942905286 0.03409710646610788 
-0.00040686155957599633 -0.038777429977588825 0.03231075144970966 
-0.00036098653413249023 -0.04092133394296747 0.03409710646610884 
6.58462317234624e-15 -1.9176304027569994e-13 0.030320724081906954 
0.0004890379727942424 0.033772111127194256 0.02814013737629512 
0.00044835726321898147 0.03638942813831577 0.030320962026446654 
-0.0004890379727978011 -0.03377211112759742 0.028140137376295244 
-0.00044835726320587564 -0.03638942813870023 0.030320962026447778 
-2.753421926017389e-15 -1.9035893776648113e-13 0.025781949427476324 
0.0005589290935292929 0.02791730122753328 0.023261677717999897 
0.0005244483832227327 0.03094221103669185 0.025782148977460142 
-0.0005589290935374716 -0.027917301227880397 0.023261677718000327 
-0.0005244483832282421 -0.03094221103707278 0.025782148977460513 
-7.724662631933049e-15 -1.4343911894485358e-13 0.020594732391601377 
0.0006148938005992618 0.021360205206532628 0.017797847906639193 
0.0005873305530795174 0.02471673058042311 0.020594872535625235 
-0.0006148938006202342 -0.021360205206725654 0.01779784790663869 
-0.0005873305530950173 -0.02471673058071066 0.02059487253562595 
-6.821474851554388e-15 -5.3305149086106167e-14 0.014889992929097845 
0.0006564335487569828 0.01426546639305995 0.011884037890687264 
0.0006352835175885259 0.01786985158225936 0.014889972323984885 
-0.0006564335487634984 -0.01426546639311662 0.011884037890686924 
-0.0006352835176021616 -0.017869851582365794 0.01488997232398461 
-2.116474844449872e-15 -1.537401704526572e-14 0.008813802682326463 
0.0006820681324456367 0.006818978471236102 0.005660204201818123 
0.0006657628799031774 0.010574458966865449 0.008813088081590509 
-0.0006820681324482611 -0.006818978471250247 0.005660204201817932 
-0.0006657628799073941 -0.010574458966896187 0.00881308808159045 
-7.125835887935469e-16 -1.932317542783754e-15 0.0024392240550665757 
0.0006565809457327128 0.002878099595046812 0.002435462763997161 
-0.0006565809457341269 -0.0028780995950506653 0.002435462763997126 
-8.00146034713104e-14 0.013631867403818368 -2.0312981915534923e-13 
-7.976066828249225e-14 0.028530091325774075 -5.667972068455504e-13 
-1.9808549569848672e-14 0.042719557161136096 -7.924902507052316e-13 
6.053302299608902e-14 0.05583347366229292 -7.070845723933475e-13 
1.177343102518199e-13 0.06754285403714616 -3.2034520207433133e-13 
1.2237318440681496e-13 0.07755328946498861 2.033103607246142e-13 
7.014489255627514e-14 0.08561299957612431 6.228446406938281e-13 
-1.2491441732171133e-14 0.09151925812569837 7.462827123747749e-13 
-8.668768995123523e-14 0.0951235034735213 5.257880479582361e-13 
-1.1877634083395613e-13 0.09633507695095675 7.554979391589453e-14 
-9.39873079452125e-14 0.09512350347339488 -3.914882589619205e-13 
-2.4170519521629273e-14 0.0915192581255226 -6.526167046370033e-13 
5.678292464226045e-14 0.08561299957607307 -5.796087712924823e-13 
1.0726047958890473e-13 0.07755328946527149 -2.2003472849814227e-13 
1.0815553602206733e-13 0.06754285403765015 2.5140512080675404e-13 
5.80910336017204e-14 0.05583347366245565 6.147910922238817e-13 
-1.537178960741508e-14 0.042719557160635385 7.050007538663356e-13 
-7.089483070441654e-14 0.02853009132505363 5.095507520863579e-13 
-7.222755393748841e-14 0.013631867403506746 1.836128925528065e-13 
-4.6929672901618295e-14 0.00576913892348395 -6.155491320294972e-14 
0.0003395881579203381 0.013632383233890625 -0.0028361822203368026 
0.000312494696222043 0.005769058174885995 -0.001209650402370964 
-8.618613350053562e-14 0.021148536356343475 -3.8571881379969357e-13 
0.00032246782137972595 0.02853034878814646 -0.0059433149657633745 
0.00032468841669460385 0.021148342688950706 -0.004405786847273494 
-5.347385798712804e-14 0.0357389355915996 -7.11816075271183e-13 
0.00030105888634118685 0.042719643252678394 -0.008899474443240404 
0.00031081812183983274 0.035738878107206995 -0.007445169150869412 
2.0666261070591937e-14 0.04943245017263883 -7.92767823737552e-13 
0.00027348790150610137 0.05583350414969187 -0.011631369143378529 
0.00028751313030688473 0.04943244529517279 -0.010297866183407327 
9.259792109577207e-14 0.061883162130750374 -5.442260958553568e-13 
0.0002392652800977782 0.06754287185451113 -0.014070683772572696 
0.00025675263130378617 0.061883173219730164 -0.012891636448076881 
1.2527913018045012e-13 0.07277737430289374 -6.094852154999852e-14 
0.0001990568718035829 0.07755330593113546 -0.01615607831196098 
0.0002195035949234268 0.07277739091572029 -0.015161145123325772 
1.0045298014578187e-13 0.08184100107996639 4.4091078919058873e-13 
0.00015384575644041145 0.08561301697624292 -0.0178350950989767 
0.0001767295149615921 0.08184102045267792 -0.017049300479711017 
2.987722130769244e-14 0.08884605578595176 7.28316626284992e-13 
0.00010476539822528016 0.0915192765829494 -0.01906550027179509 
0.0001295096805867396 0.08884607694354597 -0.018508609206944426 
-5.227111056580857e-14 0.09361633736809094 6.755620908867538e-13 
5.304988824115619e-5 0.09512352263249921 -0.019816344862547377 
7.903221115490382e-5 0.09361635968391661 -0.019502364951076365 
-1.0715370071496211e-13 0.09603185733604389 3.1801277135129537e-13 
-1.2193680356070762e-13 0.0963350963503778 -0.020068742607983157 
2.6566818074906763e-5 0.09603188023134263 -0.0200055714790168 
-1.1118568471000375e-13 0.09603185733598392 -1.7126743504022822e-13 
-5.3049888429495166e-5 0.09512352263237397 -0.019816344863470874 
-2.65668183003772e-5 0.09603188023128315 -0.02000557147950879 
-6.206180123263945e-14 0.09361633736792044 -5.588897863319412e-13 
-0.00010476539826261443 0.09151927658277556 -0.019065500273213406 
-7.903221127350299e-5 0.09361635968374778 -0.019502364952323326 
1.7492691996130812e-14 0.08884605578581184 -6.58901920230929e-13 
-0.0001538457563029302 0.08561301697619317 -0.017835095100211636 
-0.00012950968053500209 0.08884607694340797 -0.01850860920835837 
8.580439121052764e-14 0.08184100108006313 -4.2625994190952244e-13 
-0.00019905687155626368 0.07755330593141899 -0.01615607831242923 
-0.00017672951476016465 0.08184102045277583 -0.017049300480616585 
1.1245313641887343e-13 0.07277737430333679 1.5259038754844105e-14 
-0.00023926527987314813 0.06754287185501436 -0.01407068377205729 
-0.0002195035946759979 0.07277739091616321 -0.015161145123300853 
8.669844724662789e-14 0.06188316213116858 4.598345262507057e-13 
-0.00027348790142032537 0.05583350414985311 -0.011631369142116842 
-0.0002567526311422284 0.06188317322014695 -0.012891636447132582 
2.168591771194056e-14 0.04943245017245774 6.991530389868326e-13 
-0.0003010588864030527 0.0427196432521763 -0.008899474441793724 
-0.00028751313029683504 0.04943244529498993 -0.010297866181972332 
-4.642229942055964e-14 0.03573893559089592 6.371118545972149e-13 
-0.00032246782152066443 0.028530348787425462 -0.005943314964722945 
-0.00031081812194877045 0.0357388781065022 -0.0074451691495635445 
-7.73042269672698e-14 0.021148536355769097 3.478967371135236e-13 
-0.00033958815804018043 0.01363238323357946 -0.0028361822199686644 
-0.0003246884168349599 0.021148342688376426 -0.004405786846567122 
-4.243740979067756e-14 0.005769138923412286 5.569829528540931e-14 
-0.0003124946962930869 0.005769058174816116 -0.0012096504022638618 
-0.0003395881580802896 0.013632383233891078 0.0028361822199305677 
-0.0003124946963159225 0.005769058174888121 0.0012096504022480969 
-0.0003224678215392066 0.02853034878814561 0.005943314964629688 
-0.00032468841686697036 0.021148342688950748 0.00440578684650205 
-0.00030105888638078815 0.042719643252676645 0.008899474441655269 
-0.0003108181219467702 0.035738878107205684 0.007445169149445687 
-0.0002734879013850262 0.05583350414969016 0.011631369141964136 
-0.00028751313026555326 0.049432445295171004 0.010297866181821614 
-0.00023926527986233142 0.06754287185451043 0.014070683771931918 
-0.00025675263111861186 0.06188317321972884 0.012891636446988302 
-0.00019905687155886512 0.07755330593113627 0.01615607831236774 
-0.00021950359467289653 0.07277739091572023 0.015161145123203887 
-0.0001538457563001156 0.08561301697624434 0.01783509510022249 
-0.0001767295147607158 0.0818410204526792 0.017049300480592992 
-0.00010476539825027024 0.0915192765829512 0.01906550027328791 
-0.0001295096805269939 0.08884607694354783 0.018508609208401226 
-5.30498884145075e-5 0.09512352263250058 0.019816344863599185 
-7.903221125944518e-5 0.09361635968391832 0.019502364952427707 
-1.156113849552643e-13 0.096335096350378 0.020068742608134283 
-2.65668182891945e-5 0.09603188023134326 0.020005571479652956 
5.3049888241512155e-5 0.09512352263237278 0.019816344862687817 
2.656681807804244e-5 0.0960318802312826 0.020005571479166224 
0.00010476539821428081 0.09151927658277374 0.019065500271908068 
7.90322111493874e-5 0.09361635968374624 0.01950236495120532 
0.0001538457564164943 0.08561301697619168 0.01783509509905228 
0.00012950968056996977 0.08884607694340611 0.01850860920704037 
0.00019905687177073793 0.07755330593141858 0.016156078311989144 
0.00017672951493174883 0.08184102045277476 0.01704930047976399 
0.00023926528008944353 0.0675428718550148 0.01407068377256012 
0.00021950359490088232 0.07277739091616327 0.015161145123331386 
0.00027348790153649687 0.05583350414985407 0.011631369143346424 
0.00025675263131560977 0.061883173220148226 0.012891636448052418 
0.000301058886372338 0.04271964325217771 0.008899474443203853 
0.00028751313034019397 0.0494324452949917 0.01029786618337081 
0.00032246782137891584 0.028530348787425996 0.005943314965742091 
0.00031081812185595494 0.03573887810650354 0.00744516915083794 
0.00033958815789579576 0.013632383233579015 0.0028361822203358538 
0.0003246884166803784 0.02114834268837647 0.004405786847262956 
0.00031249469620819956 0.005769058174814192 0.0012096504023750923 
8.012432632583876e-14 -0.013631867403030637 -2.0314271164998188e-13 
8.000074026742419e-14 -0.028530091324028756 -5.667958152066801e-13 
2.0150225684679818e-14 -0.042719557159826956 -7.924882307313735e-13 
-6.00964484918263e-14 -0.055833473662393156 -7.071299381338076e-13 
-1.171391607168715e-13 -0.0675428540380288 -3.204337460101614e-13 
-1.2161297784256308e-13 -0.07755328946539972 2.0329241829533614e-13 
-6.938224999692546e-14 -0.08561299957552479 6.227837341498886e-13 
1.3138164914911186e-14 -0.09151925812482506 7.462147591770693e-13 
8.717234349593266e-14 -0.09512350347319272 5.256764231990644e-13 
1.1927282276767098e-13 -0.09633507695104042 7.562275071826762e-14 
9.443938180223618e-14 -0.09512350347338144 -3.914424720136113e-13 
2.4462276654957637e-14 -0.09151925812519016 -6.524915357934734e-13 
-5.6634493924122025e-14 -0.08561299957589305 -5.794708449232127e-13 
-1.0724255508491482e-13 -0.07755328946554206 -2.1997670064492676e-13 
-1.0810646362369122e-13 -0.06754285403805385 2.513185805436118e-13 
-5.801897291471486e-14 -0.05583347366280371 6.146525933767011e-13 
1.537382241280344e-14 -0.04271955716082752 7.049195032673198e-13 
7.084709941728296e-14 -0.028530091325109513 5.094859173088575e-13 
7.221462362534099e-14 -0.013631867403520504 1.8361867090922687e-13 
-0.00033958815785244654 -0.013632383233102938 -0.0028361822203367185 
4.697980203851516e-14 -0.005769138923268986 -6.155467931572096e-14 
-0.00031249469618194734 -0.005769058174670569 -0.0012096504023750125 
-0.00032246782135995265 -0.02853034878640152 -0.005943314965760013 
8.635722252287768e-14 -0.021148536354951133 -3.8572271877851713e-13 
-0.0003246884166463118 -0.021148342687558636 -0.00440578684727091 
-0.0003010588864017306 -0.04271964325136948 -0.008899474443237928 
5.3775896247068774e-14 -0.03573893558986445 -7.118233127509194e-13 
-0.00031081812186142506 -0.03573887810547237 -0.007445169150865124 
-0.00027348790157565196 -0.0558335041497917 -0.011631369143380204 
-2.0266456046928142e-14 -0.04943245017201229 -7.927477496202608e-13 
-0.0002875131303772007 -0.049432445294546344 -0.010297866183407067 
-0.00023926528010293171 -0.06754287185539339 -0.014070683772575733 
-9.203808627836919e-14 -0.06188316213141089 -5.441556851747751e-13 
-0.00025675263134243857 -0.06188317322039029 -0.012891636448080666 
-0.0001990568717526607 -0.07755330593154645 -0.016156078311962866 
-1.246386986906573e-13 -0.07277737430368511 -6.086852935935144e-14 
-0.00021950359489907625 -0.07277739091651145 -0.015161145123329053 
-0.0001538457563975388 -0.08561301697564347 -0.01783509509897453 
-9.97059255264623e-14 -0.08184100107985122 4.408954950701572e-13 
-0.00017672951491019668 -0.08184102045256293 -0.017049300479710667 
-0.00010476539823951552 -0.09151927658207612 -0.019065500271792747 
-2.911060961222943e-14 -0.0888460557850691 7.283998177460511e-13 
-0.00012950968057230487 -0.08884607694266375 -0.01850860920694138 
-5.3049888273996275e-5 -0.09512352263217037 -0.01981634486254714 
5.28317215686131e-14 -0.09361633736744605 6.756768573208672e-13 
-7.90322111818248e-5 -0.09361635968327199 -0.019502364951075615 
1.157154878540423e-13 -0.09633509635046117 -0.020068742607984073 
1.0767721441894225e-13 -0.09603185733599515 3.181038844841571e-13 
-2.6566818094937113e-5 -0.09603188023129382 -0.0200055714790185 
5.3049888445823834e-5 -0.09512352263236032 -0.019816344863471547 
1.1163770558822473e-13 -0.09603185733607819 -1.7116809421865522e-13 
2.6566818305737617e-5 -0.09603188023137751 -0.020005571479510067 
0.00010476539827313746 -0.09151927658244301 -0.019065500273211772 
6.243398879948622e-14 -0.09361633736773604 -5.589386195422072e-13 
7.903221128994851e-5 -0.09361635968356355 -0.019502364952323093 
0.00015384575627969103 -0.0856130169760133 -0.017835095100210648 
-1.7191551146558544e-14 -0.0888460557854694 -6.58863791970205e-13 
0.00012950968052759495 -0.08884607694306572 -0.018508609208356553 
0.00019905687153917742 -0.07755330593168955 -0.016156078312430013 
-8.573680210943523e-14 -0.08184100108012743 -4.2623643987833356e-13 
0.00017672951473760698 -0.08184102045284018 -0.017049300480617313 
0.00023926527987485144 -0.06754287185541795 -0.014070683772057661 
-1.1242816412123508e-13 -0.07277737430372368 1.5244285407747218e-14 
0.00021950359466942608 -0.07277739091655007 -0.015161145123302001 
0.00027348790142453933 -0.05583350415020081 -0.011631369142117327 
-8.666792643307366e-14 -0.0618831621315503 4.598738157684216e-13 
0.00025675263114504634 -0.061883173220528734 -0.012891636447132818 
0.0003010588864134008 -0.04271964325236832 -0.008899474441793481 
-2.160138242527798e-14 -0.04943245017274688 6.991626780923672e-13 
0.00028751313030468933 -0.04943244529527913 -0.010297866181972967 
0.0003224678215239213 -0.028530348787481247 -0.00594331496472268 
4.64246940927929e-14 -0.03573893559100171 6.371445745260909e-13 
0.0003108181219556041 -0.03573887810660813 -0.007445169149563213 
0.00033958815804148706 -0.013632383233593223 -0.002836182219968525 
7.729087544727481e-14 -0.02114853635579966 3.479315887304128e-13 
0.00032468841683705625 -0.02114834268840703 -0.004405786846567034 
4.2429577418922055e-14 -0.005769138923416048 5.5717475775160785e-14 
0.00031249469629380416 -0.005769058174819884 -0.0012096504022638217 
0.00033958815801263503 -0.013632383233103368 0.0028361822199304823 
0.0003124946962759383 -0.005769058174672716 0.0012096504022521125 
0.0003224678215199149 -0.028530348786400657 0.005943314964626319 
0.000324688416819012 -0.021148342687558656 0.0044057868464994435 
0.00030105888644202313 -0.04271964325136777 0.0088994744416528 
0.0003108181219689488 -0.035738878105471016 0.007445169149441335 
0.00027348790145549217 -0.05583350414979024 0.011631369141965858 
0.0002875131303366879 -0.04943244529454456 0.010297866181821323 
0.00023926527986867525 -0.06754287185539257 0.014070683771934855 
0.00025675263115835964 -0.06188317322038908 0.012891636446992148 
0.00019905687150945312 -0.07755330593154722 0.016156078312369544 
0.00021950359464983639 -0.07277739091651132 0.015161145123207263 
0.00015384575625877753 -0.08561301697564512 0.01783509510022018 
0.00017672951471079716 -0.08184102045256403 0.017049300480592576 
0.00010476539826579861 -0.09151927658207817 0.019065500273285442 
0.00012950968051406473 -0.08884607694266548 0.018508609208398277 
5.304988844835121e-5 -0.09512352263217211 0.019816344863598807 
7.903221128745781e-5 -0.0936163596832735 0.019502364952427107 
1.2282387667577088e-13 -0.09633509635046127 0.020068742608135334 
2.6566818310261928e-5 -0.09603188023129436 0.020005571479654732 
-5.304988825696486e-5 -0.09512352263235935 0.019816344862688514 
-2.6566818082483367e-5 -0.09603188023137688 0.020005571479167643 
-0.00010476539822419954 -0.09151927658244152 0.01906550027190656 
-7.903221116510382e-5 -0.09361635968356191 0.019502364951205053 
-0.00015384575639291987 -0.08561301697601169 0.017835095099051422 
-0.00012950968056200124 -0.0888460769430639 0.01850860920703857 
-0.00019905687175362458 -0.07755330593168888 0.016156078311990035 
-0.0001767295149090586 -0.08184102045283914 0.017049300479764773 
-0.0002392652800910345 -0.06754287185541848 0.014070683772560395 
-0.00021950359489425787 -0.07277739091655007 0.015161145123332474 
-0.0002734879015405867 -0.05583350415020229 0.011631369143346747 
-0.0002567526313183591 -0.06188317322052983 0.012891636448052716 
-0.00030105888638265823 -0.04271964325236994 0.008899474443203485 
-0.00028751313034789457 -0.04943244529528078 0.010297866183371428 
-0.0003224678213822365 -0.028530348787481983 0.005943314965741725 
-0.00031081812186277674 -0.03573887810660937 0.007445169150837601 
-0.0003395881578971188 -0.013632383233592756 0.0028361822203357163 
-0.00032468841668248453 -0.021148342688407033 0.004405786847262881 
-0.0003124946962089058 -0.005769058174817969 0.00120965040237503 
5.602192890737824e-17 3.9405786793828835e-13 -2.0246360578319474e-13 
1.2259916610023753e-16 8.686669474862251e-13 -5.677880263810052e-13 
1.7284195607312014e-16 6.514296624514042e-13 -7.945392638653747e-13 
2.4677499254840663e-16 -4.795914372599227e-14 -7.091495770848924e-13 
3.1150148239834493e-16 -4.3800786132305744e-13 -3.2128806170015687e-13 
3.535100007670835e-16 -2.0285198622346602e-13 2.040450077398428e-13 
4.074912816602028e-16 2.9657330888391595e-13 6.247207306702909e-13 
3.357873222795978e-16 4.332766381564556e-13 7.486143876772466e-13 
2.4439598319063887e-16 1.6312178114839836e-13 5.274096055721618e-13 
2.447665416560712e-16 -4.1033019496187503e-14 7.568870403905665e-14 
2.0524547819490684e-16 7.506565980367916e-15 -3.9282348702089196e-13 
1.7381136031814599e-16 1.6374227261043043e-13 -6.546435563021451e-13 
5.812134675721435e-17 8.860152485938811e-14 -5.814281017522023e-13 
-7.267860228459367e-18 -1.34111479605876e-13 -2.2063390240305926e-13 
1.5584671976276593e-17 -2.0173858720816796e-13 2.5212303338403427e-13 
3.280410283864964e-17 -1.7359628321047216e-13 6.164248760434539e-13 
2.5670143131972762e-17 -9.683415801807798e-14 7.069038506429917e-13 
-9.470872580179107e-18 -2.8418765176152033e-14 5.10416767066595e-13 
-2.682771035301605e-18 -7.144297273674704e-15 1.8302462331648528e-13 
2.6958762972528406e-17 1.1190804820840531e-13 -5.914142584168191e-14 
3.3986874717968005e-14 3.940098309263199e-13 -0.002822815314924679 
-3.899637059586577e-14 0.006824650046318793 -2.0267112176911884e-13 
2.0043864982785992e-14 1.1214024027507042e-13 -0.0012285509679024911 
-2.2839665547939352e-14 0.002869197225352104 -5.969994264203786e-14 
0.0003248951741803524 0.006823868147021955 -0.002827132134417614 
0.0003056174633980507 0.002870660940077506 -0.0012226269101130694 
8.994734728382232e-17 6.932005521784047e-13 -3.856828678009228e-13 
9.895697170870274e-15 8.684474164227075e-13 -0.005940605314018011 
-3.892365763543121e-14 0.014266477737953153 -5.675201125952032e-13 
2.4157364561028642e-14 6.930728200260433e-13 -0.004407184691281119 
-4.271517313872405e-14 0.010574042308214364 -3.8569905662041083e-13 
0.0003107026112310882 0.014266385782213906 -0.005941509772190596 
0.0003141623062577967 0.010574054367759782 -0.004406692051772331 
1.4375194114406566e-16 8.626694431328494e-13 -7.133251461422914e-13 
-3.0293969707560637e-14 6.512657378217951e-13 -0.008898219114821217 
-9.502479816744056e-15 0.021360733168031897 -7.940096698427546e-13 
-1.079525282838409e-14 8.624297186625218e-13 -0.007444627399099678 
-2.6487149924446214e-14 0.01787017562707199 -7.129754761083002e-13 
0.0002906229575068858 0.021360670991224597 -0.008898622983022983 
0.00030017407216121483 0.017870105570928687 -0.007444781019874224 
2.1356623375038383e-16 3.1326812398549626e-13 -7.948134544703878e-13 
-3.477711976255882e-14 -4.7878340201559555e-14 -0.011630081927178624 
3.0031318894098435e-14 0.02791790247523038 -7.085766864669081e-13 
-3.51597177569688e-14 3.1324112632173786e-13 -0.010296793135684237 
1.0427563191187432e-14 0.024717257654409915 -7.94325425610051e-13 
0.00026409569581909933 0.027917812120520247 -0.011630483075210075 
0.0002775832649398655 0.024717169191289773 -0.010297122756703428 
2.5977225744528635e-16 -3.2536929283724123e-13 -5.456387798634707e-13 
-2.587172053965057e-15 -4.3779634347893126e-13 -0.014069172964332554 
5.819902946151214e-14 0.033772832608315075 -3.2106002444225364e-13 
-1.9341191112270463e-14 -3.251919767636454e-13 -0.012890252055471658 
4.626547588640323e-14 0.030942875642104285 -5.45316612358775e-13 
0.00023105911538570385 0.0337727186513951 -0.0140696408471357 
0.0002478752967508389 0.03094276913343762 -0.012890680290756898 
3.3211944005776637e-16 -3.9150659038150645e-13 -6.102414325670156e-14 
2.5452676402055405e-14 -2.0270594187090958e-13 -0.016154349642198737 
6.0484258505698e-14 0.0387782585911433 2.037876751943052e-13 
1.2197777120746242e-14 -3.9137425024467543e-13 -0.015159511746800204 
6.254562819008044e-14 0.03639020949370682 -6.102192344576441e-14 
0.0001922306610695324 0.03877812649542145 -0.016154884533755177 
0.00021191336773083996 0.036390085355888564 -0.01516001742980754 
3.7177179688200153e-16 5.725835836119108e-14 4.4223775113514677e-13 
2.147849105183059e-14 2.9649786435231637e-13 -0.017833187542602595 
3.4813295664694923e-14 0.04280828140480128 6.242473291128813e-13 
2.5694315531862182e-14 5.72074418436694e-14 -0.017047463027756508 
5.022201703700928e-14 0.040922212426140255 4.419383896210134e-13 
0.00014856996973112164 0.042808135302381055 -0.017833777727324758 
0.00017061837617448968 0.04092207307632433 -0.017048031944752916 
3.6927352145305496e-16 4.3793061913355653e-13 7.304360216634348e-13 
-7.116295168967201e-15 4.3316188740924674e-13 -0.019063461208244363 
-5.958929452182889e-15 0.04576153359796938 7.480061830844268e-13 
7.20559674033981e-15 4.3778918091747807e-13 -0.018506614404287348 
1.5073382357411548e-14 0.0444248862974437 7.299244571438997e-13 
0.00010117269427115539 0.04576137735979126 -0.019064092075078982 
0.00012503137551801808 0.044424735070185656 -0.018507232045422376 
2.649510214264952e-16 3.2195769344964817e-13 6.775248949313719e-13 
-1.6430539760460546e-14 1.6318276735099376e-13 -0.019814225505647966 
-4.257454162978349e-14 0.047563731278194826 5.269231846046607e-13 
-1.3472668571138354e-14 3.218733166216419e-13 -0.01950026303633388 
-2.5887444203821725e-14 0.04681012686785825 6.770406049565707e-13 
5.123065331398955e-5 0.04756356887630186 -0.019814881214473085 
7.629936643275954e-5 0.04680996753044474 -0.019500913842058525 
2.674822507575001e-16 2.674202022522556e-14 3.188788458399588e-13 
-3.1259301748501644e-15 -4.096112102509734e-14 -0.02006659625798728 
-5.838017511515153e-14 0.04816954323009761 7.56387965166218e-14 
-1.0000292164839958e-14 2.6826011547604e-14 -0.020003415329290158 
-5.322417241151911e-14 0.04801793737722995 3.1865229313734015e-13 
-6.150827074593423e-14 0.0481693787581117 -0.02006726031832418 
2.5648167874252855e-5 0.04801777393020313 -0.020004082927400763 
2.2564782178133413e-16 -4.5405854797750485e-14 -1.7185439552063234e-13 
8.159189448843149e-15 7.479455182104213e-15 -0.019814225506574804 
-4.620948568024482e-14 0.04756373127805409 -3.92464053709657e-13 
2.6769095827225487e-15 -4.532077764720767e-14 -0.02000341532978333 
-5.525971396001861e-14 0.04801793737716363 -1.7177221039122432e-13 
-5.123065341048854e-5 0.04756356887616163 -0.019814881215398802 
-2.5648167989916817e-5 0.048017773930137155 -0.02000408292789378 
1.719433108445384e-16 9.209170470347354e-14 -5.607544003524999e-13 
5.2912325446976716e-15 1.6366946859258105e-13 -0.019063461209667665 
-1.1834647589229428e-14 0.04576153359774769 -6.541077668612435e-13 
8.212657202803825e-15 9.203495520716321e-14 -0.01950026303758479 
-3.080401780443002e-14 0.046810126867657786 -5.602867521898627e-13 
-0.00010117269428968053 0.045761377359570636 -0.01906409207650077 
-7.629936649375036e-5 0.046809967530245106 -0.019500913843308456 
1.4940689520242663e-16 1.6923478812640523e-13 -6.610431236578396e-13 
-1.1644544588080863e-14 8.851500320996497e-14 -0.017833187543841996 
2.7962237403356432e-14 0.04280828140467209 -5.809499946114239e-13 
-3.7032944054059465e-15 1.690929395579165e-13 -0.018506614405706074 
8.752620011367939e-15 0.04442488629723965 -6.604995826784555e-13 
-0.00014856996965785535 0.04280813530225273 -0.01783377772856276 
-0.00012503137548985208 0.04442473506998255 -0.01850723204683981 
4.282525429838479e-17 -3.0858758852908595e-14 -4.2751169622505387e-13 
-8.546732157062164e-15 -1.3409540877433973e-13 -0.01615434964266777 
5.285508591867124e-14 0.03877825859131839 -2.2054431704447988e-13 
-1.1267266696274758e-14 -3.0863791255928704e-14 -0.017047463028665215 
4.274721349195246e-14 0.04092221242614493 -4.272215218732084e-13 
-0.00019223066093847487 0.03877812649559681 -0.01615488453422417 
-0.00017061837606636868 0.040922073076329626 -0.017048031945660715 
6.958824499772267e-18 -1.920086434471424e-13 1.5195187783375456e-14 
8.581885991139045e-16 -2.0172530238010978e-13 -0.014069172963814089 
5.3277352379980696e-14 0.03377283260868428 2.519553760319721e-13 
-3.300163763620646e-15 -1.9192328015664333e-13 -0.015159511746774108 
5.600318864548744e-14 0.03639020949402731 1.5233078379127094e-14 
-0.00023105911527547537 0.03377271865176386 -0.01406964084661835 
-0.0002119133676026012 0.03639008535620898 -0.015160017429782034 
3.9289347747827957e-17 -1.9033718397332991e-13 4.611474665124848e-13 
2.109266172451939e-15 -1.7355544384292265e-13 -0.011630081925912522 
2.869463988360268e-14 0.027917902475248592 6.160591051865326e-13 
1.4297026452760205e-15 -1.9034075614798825e-13 -0.01289025205452277 
4.3191424704956636e-14 0.030942875642379738 4.608337612667494e-13 
-0.0002640956957933395 0.02791781212053754 -0.011630483073945286 
-0.0002478752966791155 0.030942769133712262 -0.012890680289809586 
2.575464515451399e-17 -1.4350595332320477e-13 7.010300964079809e-13 
5.1903982474681695e-15 -9.682457309210197e-14 -0.0088982191133717 
-7.391135283167836e-15 0.02136073316740817 7.064115428067791e-13 
3.916081422367032e-15 -1.435180040764246e-13 -0.010296793134245771 
1.0837631421764153e-14 0.024717257654091444 7.005852742011869e-13 
-0.00029062295755047965 0.021360670990600177 -0.0088986229815739 
-0.00027758326495090803 0.024717169190970462 -0.010297122755265706 
-5.713156494923523e-18 -5.3206184351109027e-14 6.385478478806437e-13 
1.6312082221244758e-15 -2.8422110742672246e-14 -0.005940605312977176 
-3.463793484939466e-14 0.014266477737145159 5.102188812938529e-13 
3.409899448226833e-15 -5.322814723265255e-14 -0.007444627397792798 
-2.3044526174766102e-14 0.01787017562626338 6.382081086310729e-13 
-0.0003107026112948492 0.014266385781405712 -0.0059415097711494795 
-0.00030017407221974847 0.017870105570119647 -0.007444781018567126 
-1.3572662566743165e-17 -1.5351198644201644e-14 3.479098779264584e-13 
6.571613382546023e-16 -7.15153090037544e-15 -0.0028228153145577065 
-3.520713017082724e-14 0.0068246500459623344 1.83223655976379e-13 
1.0480084736911107e-15 -1.5364127438579295e-14 -0.004407184690576046 
-3.83522466301722e-14 0.010574042307573663 3.479153110480344e-13 
-0.000324895174221894 0.006823868146665728 -0.0028271321340502917 
-0.00031416230631563686 0.010574054367119248 -0.004406692051066659 
6.582456207365564e-18 -1.910031501661022e-15 5.352978717411247e-14 
3.607763884146638e-16 -1.916624560639262e-15 -0.0012285509677980497 
-2.0657492488124022e-14 0.002869197225258052 5.4040778219003806e-14 
-0.000305617463423191 0.002870660939984238 -0.001222626910008488 
-3.3868418411789803e-14 3.9402579178348026e-13 0.0028228153145198167 
-1.9994378149142345e-14 1.1214238177724703e-13 0.0012285509677844248 
-0.0003248951742582841 0.006823868147022182 0.002827132134012317 
-0.00030561746344373293 0.002870660940078558 0.0012226269099938794 
-9.656438121333362e-15 8.684685543463586e-13 0.005940605312882381 
-2.3970195856353892e-14 6.930707596127983e-13 0.004407184690509745 
-0.0003107026113089123 0.014266385782213533 0.005941509771055443 
-0.0003141623063432052 0.010574054367759803 0.00440669205100096 
3.063427839387454e-14 6.513222295914436e-13 0.008898219113231902 
1.1101909179838394e-14 8.624231831151589e-13 0.00744462739767284 
-0.0002906229575258764 0.02136067099122376 0.008898622981434758 
-0.00030017407221416087 0.01787010557092802 0.0074447810184481425 
3.525559477860675e-14 -4.7851404442788414e-14 0.011630081925760163 
3.557056303467765e-14 3.132080878276978e-13 0.010296793134094451 
-0.00026409569575905334 0.027917812120519518 0.01163048307379271 
-0.0002775832649190251 0.02471716919128886 0.01029712275511464 
3.1883024349527576e-15 -4.378492460331566e-13 0.014069172963689874 
1.9874008405355358e-14 -3.2517947320234264e-13 0.012890252054380252 
-0.00023105911526933462 0.033772718651394716 0.014069640846493536 
-0.0002478752966583049 0.030942769133436937 0.012890680289666119 
-2.4745517179548757e-14 -2.027820726073032e-13 0.01615434964260678 
-1.1535225827911119e-14 -3.913748605401021e-13 0.015159511746678126 
-0.00019223066094859484 0.038778126495421596 0.016154884534162882 
-0.00021191336760575195 0.036390085355888516 0.01516001742968551 
-2.0667930500723858e-14 2.964404511690745e-13 0.017833187543852193 
-2.4949651745015413e-14 5.72232890986554e-14 0.017047463028641158 
-0.0001485699696614997 0.0428081353023819 0.01783377772857338 
-0.00017061837607405827 0.040922073076324936 0.017048031945636893 
7.770116089027143e-15 4.3322608616433926e-13 0.019063461209741686 
-6.467430241662693e-15 4.3781996145201555e-13 0.018506614405748432 
-0.00010117269428307344 0.04576137735979217 0.019064092076575178 
-0.00012503137548786864 0.044424735070186586 0.018507232046882403 
1.692259935709564e-14 1.6307814285003268e-13 0.019814225506702796 
1.4013652135926906e-14 3.219173795815394e-13 0.019500263037689154 
-5.123065339913085e-5 0.04756356887630224 0.019814881215527075 
-7.629936648449357e-5 0.04680996753044554 0.019500913843412834 
3.5974945106247415e-15 -4.0945573239482583e-14 0.02006659625813861 
1.0534066163810172e-14 2.6800283298895152e-14 0.020003415329928 
-5.520687993006291e-14 0.048169378758111746 0.020067260318475437 
-2.5648167980711036e-5 0.04801777393020357 0.02000408292803816 
-7.762615277820711e-15 7.538546827396584e-15 0.019814225505788974 
-2.2290401063107985e-15 -4.534684072484366e-14 0.020003415329439587 
5.123065331805845e-5 0.047563568876161005 0.019814881214613767 
2.5648167879421996e-5 0.048017773930136884 0.02000408292755021 
-4.951741293946836e-15 1.6365082219328352e-13 0.01906346120835799 
-7.861952892003223e-15 9.204292530502664e-14 0.019500263036463236 
0.00010117269426602551 0.04576137735956939 0.019064092075192357 
7.62993664321465e-5 0.0468099675302444 0.01950091384218771 
1.177563141562684e-14 8.853715402738783e-14 0.017833187542678965 
3.9814160100091e-15 1.691248801809954e-13 0.018506614404383896 
0.0001485699697137567 0.04280813530225184 0.017833777727400725 
0.00012503137550735796 0.04442473506998175 0.018507232045518577 
8.54900154828411e-15 -1.340843679218297e-13 0.016154349642226357 
1.1352220626138988e-14 -3.087042527274511e-14 0.017047463027810104 
0.00019223066104415775 0.03877812649559633 0.016154884533783057 
0.00017061837615182753 0.040922073076329134 0.01704803194480615 
-7.968527860393792e-16 -2.017040925974654e-13 0.014069172964318352 
3.30771075376708e-15 -1.9193483728979834e-13 0.015159511746804515 
0.00023105911538203285 0.03377271865176411 0.014069640847122294 
0.00021191336771459883 0.03639008535620898 0.015160017429812484 
-2.053083838129481e-15 -1.7356197416082595e-13 0.011630081927145527 
-1.3690802969639025e-15 -1.9034140309247947e-13 0.012890252055445204 
0.00026409569585072014 0.027917812120538454 0.011630483075177472 
0.0002478752967655047 0.030942769133712803 0.012890680290731383 
-5.150828153022319e-15 -9.683982800926831e-14 0.0088982191147856 
-3.861796366539249e-15 -1.4350738904499112e-13 0.010296793135648009 
0.0002906229575357104 0.02136067099060099 0.008898622982986852 
0.0002775832649726045 0.024717169190971305 0.010297122756667013 
-1.6475023593522894e-15 -2.843951386632145e-14 0.00594060531399811 
-3.4241196158909432e-15 -5.322931401835842e-14 0.0074446273990699955 
0.0003107026112255928 0.014266385781406104 0.005941509772169993 
0.00030017407217366565 0.017870105570120243 0.007444781019843645 
-6.565406462241412e-16 -7.15621490002555e-15 0.0028228153149236863 
-1.0536008450570304e-15 -1.5356588002942343e-14 0.004407184691271879 
0.0003248951741515344 0.006823868146665499 0.002827132134416687 
0.0003141623062389561 0.010574054367119255 0.00440669205176247 
-3.5567525174535126e-16 -1.919295310288722e-15 0.0012285509679049174 
0.0003056174633818695 0.002870660939983289 0.001222626910116373 
3.911414137056267e-14 -0.006824650045530871 -2.0268307176126866e-13 
2.2891259201522254e-14 -0.0028691972251303514 -5.970049126670247e-14 
-0.000324895174112085 -0.0068238681462340755 -0.00282713213441765 
-0.00030561746335799824 -0.002870660939855294 -0.0012226269101149804 
3.9168654774347134e-14 -0.014266477736213683 -5.67518283447315e-13 
4.2883847140939414e-14 -0.010574042306826523 -3.857062545442397e-13 
-0.00031070261121121873 -0.014266385780474821 -0.005941509772188904 
-0.0003141623062094539 -0.010574054366372201 -0.004406692051771074 
9.835495607091191e-15 -0.02136073316672733 -7.940310006300233e-13 
2.678121661881854e-14 -0.01787017562534434 -7.129765419523069e-13 
-0.000290622957567605 -0.021360670989920345 -0.008898622983021727 
-0.00030017407218282493 -0.01787010556920149 -0.007444781019872138 
-2.9555363819397664e-14 -0.02791790247532731 -7.086276513651874e-13 
-1.0012739296292272e-14 -0.024717257653783537 -7.943131614504069e-13 
-0.0002640956958887897 -0.02791781212061706 -0.011630483075210989 
-0.0002775832650102774 -0.024717169190663416 -0.010297122756703372 
-5.759034746957388e-14 -0.03377283260919246 -3.210704431528401e-13 
-4.5739592945411046e-14 -0.030942875642757613 -5.452996240593487e-13 
-0.00023105911539082966 -0.0337727186522722 -0.014069640847137202 
-0.0002478752967895376 -0.030942769134090553 -0.012890680290758799 
-5.974023765177091e-14 -0.03877825859155028 2.0381626323926329e-13 
-6.190031053226987e-14 -0.03639020949449193 -6.096486254678698e-14 
-0.00019223066101850962 -0.038778126495828236 -0.01615488453375618 
-0.0002119133677064568 -0.03639008535667336 -0.015160017429809191 
-3.4017569564090836e-14 -0.042808281404206436 6.241887450829253e-13 
-4.9479052708053504e-14 -0.040922212426025686 4.4192231589553105e-13 
-0.00014856996968811743 -0.04280813530178633 -0.017833777727323592 
-0.00017061837612299973 -0.04092207307620981 -0.017048031944752746 
6.616144650781548e-15 -0.04576153359710107 7.479333149209681e-13 
-1.4333729119799407e-14 -0.04442488629656607 7.299579403766569e-13 
-0.000101172694285488 -0.0457613773589232 -0.01906409207507776 
-0.00012503137550357325 -0.04442473506930837 -0.018507232045420857 
4.307377165987739e-14 -0.04756373127786817 5.268595738947963e-13 
2.6415098184424994e-14 -0.04681012686721401 6.770832665311069e-13 
-5.123065334692803e-5 -0.0475635688759751 -0.019814881214472883 
-7.629936645973049e-5 -0.04680996752980058 -0.019500913842058192 
5.886379044512639e-14 -0.048169543230179905 7.565967233632599e-14 
5.376927668088876e-14 -0.048017937377177675 3.1870484050045955e-13 
5.531854080256232e-14 -0.048169378758193875 -0.020067260318324592 
-2.564816789429845e-5 -0.04801777393015075 -0.020004082927401592 
4.6634897221633716e-14 -0.04756373127803932 -3.925058402661566e-13 
5.5698586940032625e-14 -0.048017937377255404 -1.7168076331291464e-13 
5.1230653426847795e-5 -0.047563568876146683 -0.019814881215399205 
2.5648167995278105e-5 -0.04801777393022882 -0.02000408292789438 
1.2156334954359417e-14 -0.04576153359741827 -6.54194537506263e-13 
3.115312760440526e-14 -0.04681012686747385 -5.603187088148575e-13 
0.00010117269430030955 -0.04576137735924126 -0.019064092076499974 
7.629936651022955e-5 -0.04680996753006118 -0.01950091384330835 
-2.7801203336383003e-14 -0.042808281404494136 -5.809087805328348e-13 
-8.482085014764039e-15 -0.04442488629690033 -6.605008393484326e-13 
0.00014856996963449317 -0.04280813530207474 -0.017833777728562268 
0.0001250313754824371 -0.04442473506964349 -0.01850723204683889 
-5.2842642175464567e-14 -0.038778258591587414 -2.2049148691918888e-13 
-4.266628653587869e-14 -0.04092221242620733 -4.272062277527773e-13 
0.00019223066092136974 -0.038778126495865574 -0.016154884534224565 
0.0001706183760437526 -0.04092207307639203 -0.01704803194566115 
-5.3245820980988126e-14 -0.0337728326090876 2.518627199901782e-13 
-5.599037113023856e-14 -0.03639020949441218 1.5220225739656815e-14 
0.00023105911527720403 -0.03377271865216715 -0.014069640846618565 
0.00021191336759603086 -0.03639008535659374 -0.015160017429782598 
-2.8640411393708115e-14 -0.027917902475595804 6.159817037092624e-13 
-4.313718514335061e-14 -0.030942875642760687 4.60853549145085e-13 
0.0002640956957975242 -0.027917812120884827 -0.01163048307394552 
0.00024787529668197537 -0.03094276913409321 -0.01289068028980971 
7.419715583749326e-15 -0.02136073316760123 7.063753554080982e-13 
-1.0768882602805504e-14 -0.024717257654379134 7.005997491606592e-13 
0.00029062295756088067 -0.021360670990793352 -0.008898622981573736 
0.0002775832649587775 -0.0247171691912581 -0.010297122755266066 
3.461943624337784e-14 -0.014266477737201794 5.101925005719397e-13 
2.3048503326122982e-14 -0.01787017562636963 6.38201634455218e-13 
0.00031070261129810707 -0.0142663857814624 -0.00594150977114939 
0.00030017407222658686 -0.017870105570225926 -0.007444781018566971 
3.520765697989268e-14 -0.006824650045976489 1.8322329410239223e-13 
3.832667661937939e-14 -0.010574042307604342 3.4791473857012345e-13 
0.0003248951742232051 -0.006823868146679894 -0.0028271321340502275 
0.00031416230631771473 -0.01057405436714993 -0.004406692051066599 
2.064949255941932e-14 -0.0028691972252618695 5.4037530073649044e-14 
0.0003056174634239024 -0.002870660939988064 -0.0012226269100084636 
0.00032489517419024216 -0.006823868146234331 0.0028271321340123385 
0.0003056174634037799 -0.002870660939856336 0.0012226269099957867 
0.0003107026112895241 -0.014266385780474481 0.005941509771053778 
0.0003141623062952164 -0.010574054366372232 0.004406692050999684 
0.00029062295758726543 -0.021360670989919464 0.008898622981433518 
0.0003001740722363753 -0.01787010556920082 0.007444781018446032 
0.0002640956958296946 -0.02791781212061626 0.011630483073793602 
0.0002775832649902588 -0.02471716919066256 0.010297122755114525 
0.00023105911527566237 -0.03377271865227175 0.01406964084649496 
0.0002478752966980619 -0.030942769134089894 0.012890680289668081 
0.00019223066089902972 -0.038778126495828444 0.01615488453416385 
0.0002119133675826671 -0.036390085356673374 0.015160017429687249 
0.00014856996962009432 -0.042808135301787203 0.01783377772857211 
0.00017061837602405902 -0.04092207307621045 0.01704803194563674 
0.00010117269429872054 -0.04576137735892399 0.01906409207657379 
0.00012503137547492367 -0.04442473506930931 0.01850723204688099 
5.123065343305414e-5 -0.047563568875975445 0.019814881215526704 
7.629936651256068e-5 -0.04680996752980144 0.01950091384341255 
6.23717683181256e-14 -0.048169378758193875 0.02006726031847594 
2.5648168001806273e-5 -0.04801777393015112 0.020004082928039124 
-5.123065333360218e-5 -0.047563568876146226 0.019814881214614104 
-2.564816788387685e-5 -0.04801777393022854 0.02000408292755095 
-0.00010117269427599302 -0.0457613773592403 0.019064092075191462 
-7.629936644793791e-5 -0.04680996753006044 0.019500913842187582 
-0.00014856996969009694 -0.04280813530207395 0.017833777727400232 
-0.00012503137549938503 -0.04442473506964258 0.01850723204551776 
-0.00019223066102705733 -0.03877812649586523 0.016154884533783498 
-0.0001706183761290869 -0.04092207307639146 0.017048031944806634 
-0.00023105911538368284 -0.03377271865216735 0.01406964084712238 
-0.00021191336770799192 -0.03639008535659373 0.015160017429813032 
-0.0002640956958547943 -0.027917812120885618 0.011630483075177616 
-0.00024787529676824636 -0.030942769134093776 0.012890680290731565 
-0.00029062295754606597 -0.02136067099079402 0.008898622982986614 
-0.0002775832649803126 -0.024717169191258923 0.010297122756667396 
-0.0003107026112289003 -0.01426638578146272 0.005941509772169799 
-0.00030017407218049287 -0.01787010557022656 0.0074447810198434855 
-0.0003248951741528603 -0.006823868146679645 0.0028271321344166 
-0.0003141623062410571 -0.010574054367149924 0.004406692051762432 
-0.0003056174633825761 -0.0028706609399871174 0.001222626910116353 

