order,monomial_idx,alpha_vector,corresp,fillWfnonaut_time_s,fillWfnonaut_alloc_bytes,homological_time_s,homological_alloc_bytes,conj_copy_time_s,conj_copy_alloc_bytes,monomial_total_time_s,monomial_total_alloc_bytes,cumul_time_s,mem_live_bytes
2,1,"[2, 0, 0, 0]",5,1.3e-5,0,0.233386958,281943904,NaN,0,0.23339995800000002,281943904,0.5586869716644287,1348130096
2,2,"[1, 1, 0, 0]",2,2.92e-7,0,0.07367275,231810336,NaN,0,0.073673042,231810336,0.6489689350128174,1325566640
2,3,"[1, 0, 1, 0]",7,0.004031292,1065152,0.129959916,444771040,NaN,0,0.133991208,445836192,0.7829799652099609,1403176320
2,4,"[1, 0, 0, 1]",6,4.5958e-5,983808,0.063312334,238552272,NaN,0,0.063358292,239536080,0.846358060836792,1421070256
2,5,"[0, 2, 0, 0]",-1,NaN,0,NaN,0,4.6e-5,393664,4.6e-5,393664,0.8464229106903076,1421470800
2,6,"[0, 1, 1, 0]",-4,NaN,0,NaN,0,3.0625e-5,393664,3.0625e-5,393664,0.8464579582214355,1421871280
2,7,"[0, 1, 0, 1]",-3,NaN,0,NaN,0,3.5416e-5,393664,3.5416e-5,393664,0.8464961051940918,1422271776
2,8,"[0, 0, 2, 0]",10,6.0041e-5,983824,0.174790917,281943920,NaN,0,0.174850958,282927744,1.0213510990142822,1348041264
2,9,"[0, 0, 1, 1]",9,0.0001025,1967712,0.04726975,221808128,NaN,0,0.04737225,223775840,1.0687429904937744,1322525488
2,10,"[0, 0, 0, 2]",-8,NaN,0,NaN,0,3.2875e-5,393664,3.2875e-5,393664,1.0687930583953857,1322926032
3,1,"[3, 0, 0, 0]",11,4.17e-7,0,0.091053584,278175520,NaN,0,0.09105400100000001,278175520,2.7506890296936035,1344512288
3,2,"[2, 1, 0, 0]",5,5.0e-7,0,0.09524575,340946096,NaN,0,0.09524625,340946096,2.8459560871124268,1397327488
3,3,"[2, 0, 1, 0]",13,4.5083e-5,983792,0.189409375,298753920,NaN,0,0.189454458,299737712,3.035430908203125,1410769904
3,4,"[2, 0, 0, 1]",12,4.5333e-5,983808,0.090357125,368356512,NaN,0,0.09040245799999999,369340320,3.1258530616760254,1780117104
3,5,"[1, 2, 0, 0]",-2,NaN,0,NaN,0,1.8458e-5,393664,1.8458e-5,393664,3.1258931159973145,1780517648
3,6,"[1, 1, 1, 0]",7,4.5833e-5,983808,0.093250583,333786336,NaN,0,0.093296416,334770144,3.2191929817199707,1452702240
3,7,"[1, 1, 0, 1]",-6,NaN,0,NaN,0,1.85e-5,393664,1.85e-5,393664,3.2192320823669434,1453102784
3,8,"[1, 0, 2, 0]",16,4.5667e-5,983824,0.115177208,455607456,NaN,0,0.115222875,456591280,3.334459066390991,1495160080
3,9,"[1, 0, 1, 1]",15,8.7667e-5,1967712,0.092260458,377842896,NaN,0,0.092348125,379810608,3.4268269538879395,1503697168
3,10,"[1, 0, 0, 2]",14,4.5167e-5,983888,0.194931375,372272400,NaN,0,0.194976542,373256288,3.621825933456421,1429719872
3,11,"[0, 3, 0, 0]",-1,NaN,0,NaN,0,1.9125e-5,393664,1.9125e-5,393664,3.62186598777771,1430120416
3,12,"[0, 2, 1, 0]",-4,NaN,0,NaN,0,1.8083e-5,393664,1.8083e-5,393664,3.621886968612671,1430520912
3,13,"[0, 2, 0, 1]",-3,NaN,0,NaN,0,1.8083e-5,393664,1.8083e-5,393664,3.621907949447632,1430921408
3,14,"[0, 1, 2, 0]",-10,NaN,0,NaN,0,1.7917e-5,393664,1.7917e-5,393664,3.6219289302825928,1431321904
3,15,"[0, 1, 1, 1]",-9,NaN,0,NaN,0,1.8417e-5,393664,1.8417e-5,393664,3.6219499111175537,1431722400
3,16,"[0, 1, 0, 2]",-8,NaN,0,NaN,0,1.8833e-5,393664,1.8833e-5,393664,3.62197208404541,1432122896
3,17,"[0, 0, 3, 0]",20,4.5625e-5,983904,0.084814208,301981536,NaN,0,0.084859833,302965440,3.7068350315093994,1381141152
3,18,"[0, 0, 2, 1]",19,0.0001475,1967920,0.089844625,353332432,NaN,0,0.08999212499999999,355300352,3.7968480587005615,1400025744
3,19,"[0, 0, 1, 2]",-18,NaN,0,NaN,0,2.2042e-5,393664,2.2042e-5,393664,3.7968881130218506,1400426304
3,20,"[0, 0, 0, 3]",-17,NaN,0,NaN,0,1.8625e-5,393664,1.8625e-5,393664,3.796910047531128,1400826800
4,1,"[4, 0, 0, 0]",21,3.75e-7,0,0.084436834,278175808,NaN,0,0.084437209,278175808,11.818803071975708,1346466560
4,2,"[3, 1, 0, 0]",11,5.0e-7,0,0.189285875,290512720,NaN,0,0.18928637499999998,290512720,12.008111000061035,1379764256
4,3,"[3, 0, 1, 0]",23,4.4417e-5,983792,0.084077084,303161104,NaN,0,0.084121501,304144896,12.092251062393188,1683916000
4,4,"[3, 0, 0, 1]",22,4.6334e-5,983808,0.08433225,295182160,NaN,0,0.08437858399999999,296165968,12.176651954650879,1569332096
4,5,"[2, 2, 0, 0]",5,3.75e-7,0,0.048812792,215663856,NaN,0,0.048813167,215663856,12.22548508644104,1412947776
4,6,"[2, 1, 1, 0]",13,4.4792e-5,983808,0.084129416,279650144,NaN,0,0.084174208,280633952,12.309675931930542,1430033248
4,7,"[2, 1, 0, 1]",12,4.5e-5,983856,0.086984625,287072352,NaN,0,0.087029625,288056208,12.396727085113525,1471338256
4,8,"[2, 0, 2, 0]",26,4.6334e-5,983824,0.191619125,307421072,NaN,0,0.191665459,308404896,12.588413000106812,1404216336
4,9,"[2, 0, 1, 1]",25,8.7625e-5,1967712,0.0793785,296836880,NaN,0,0.079466125,298804592,12.667896032333374,1703027808
4,10,"[2, 0, 0, 2]",24,4.575e-5,983888,0.08389125,288546640,NaN,0,0.083937,289530528,12.751857042312622,1523112416
4,11,"[1, 3, 0, 0]",-2,NaN,0,NaN,0,1.9459e-5,393664,1.9459e-5,393664,12.75189995765686,1523512960
4,12,"[1, 2, 1, 0]",-7,NaN,0,NaN,0,1.8458e-5,393664,1.8458e-5,393664,12.751923084259033,1523913456
4,13,"[1, 2, 0, 1]",-6,NaN,0,NaN,0,1.9291e-5,393664,1.9291e-5,393664,12.75194501876831,1524313952
4,14,"[1, 1, 2, 0]",16,4.5833e-5,983872,0.083457667,278175584,NaN,0,0.0835035,279159456,12.83545207977295,1428476384
4,15,"[1, 1, 1, 1]",15,8.85e-5,1967856,0.048100541,211404000,NaN,0,0.048189040999999995,213371856,12.883661985397339,1430797584
4,16,"[1, 1, 0, 2]",-14,NaN,0,NaN,0,1.9166e-5,393664,1.9166e-5,393664,12.883701086044312,1431198144
4,17,"[1, 0, 3, 0]",30,4.6333e-5,983904,0.113296584,436978848,NaN,0,0.113342917,437962752,12.997047901153564,1484002592
4,18,"[1, 0, 2, 1]",29,8.6792e-5,1967920,0.224844667,434848624,NaN,0,0.224931459,436816544,13.221997022628784,1555190688
4,19,"[1, 0, 1, 2]",28,8.6791e-5,1967952,0.046660167,256869648,NaN,0,0.046746958000000005,258837600,13.268763065338135,1422767792
4,20,"[1, 0, 0, 3]",27,4.6708e-5,984032,0.114561583,434848624,NaN,0,0.114608291,435832656,13.383392095565796,1558829120
4,21,"[0, 4, 0, 0]",-1,NaN,0,NaN,0,1.95e-5,393664,1.95e-5,393664,13.383431911468506,1559229664
4,22,"[0, 3, 1, 0]",-4,NaN,0,NaN,0,1.85e-5,393664,1.85e-5,393664,13.383454084396362,1559630144
4,23,"[0, 3, 0, 1]",-3,NaN,0,NaN,0,1.8417e-5,393664,1.8417e-5,393664,13.38347601890564,1560030624
4,24,"[0, 2, 2, 0]",-10,NaN,0,NaN,0,1.8666e-5,393664,1.8666e-5,393664,13.3834969997406,1560431120
4,25,"[0, 2, 1, 1]",-9,NaN,0,NaN,0,1.8541e-5,393664,1.8541e-5,393664,13.383518934249878,1560831616
4,26,"[0, 2, 0, 2]",-8,NaN,0,NaN,0,1.8292e-5,393664,1.8292e-5,393664,13.383539915084839,1561232112
4,27,"[0, 1, 3, 0]",-20,NaN,0,NaN,0,1.8083e-5,393664,1.8083e-5,393664,13.383561134338379,1561632608
4,28,"[0, 1, 2, 1]",-19,NaN,0,NaN,0,1.8375e-5,393664,1.8375e-5,393664,13.38358211517334,1562033104
4,29,"[0, 1, 1, 2]",-18,NaN,0,NaN,0,1.8458e-5,393664,1.8458e-5,393664,13.383604049682617,1562433600
4,30,"[0, 1, 0, 3]",-17,NaN,0,NaN,0,1.8542e-5,393664,1.8542e-5,393664,13.383625030517578,1562834096
4,31,"[0, 0, 4, 0]",35,4.5833e-5,984048,0.083487708,276209488,NaN,0,0.08353354099999999,277193536,13.467162132263184,1422006000
4,32,"[0, 0, 3, 1]",34,8.825e-5,1968272,0.081182917,276209504,NaN,0,0.08127116699999999,278177776,13.54845404624939,1375351248
4,33,"[0, 0, 2, 2]",33,8.7916e-5,1968304,0.06073325,209896912,NaN,0,0.060821166,211865216,13.609292984008789,1407214048
4,34,"[0, 0, 1, 3]",-32,NaN,0,NaN,0,1.9625e-5,393664,1.9625e-5,393664,13.609332084655762,1407614592
4,35,"[0, 0, 0, 4]",-31,NaN,0,NaN,0,1.8666e-5,393664,1.8666e-5,393664,13.609354019165039,1408015088
5,1,"[5, 0, 0, 0]",36,5.0e-7,0,0.087469959,282025760,NaN,0,0.087470459,282025760,41.45902109146118,1346876192
5,2,"[4, 1, 0, 0]",21,4.58e-7,0,0.08202725,298098464,NaN,0,0.08202770799999999,298098464,41.54107213020325,1438193712
5,3,"[4, 0, 1, 0]",38,4.6e-5,983792,0.09524025,309223200,NaN,0,0.09528625,310206992,41.63637900352478,1528248272
5,4,"[4, 0, 0, 1]",37,4.5458e-5,983808,0.172804958,298852256,NaN,0,0.172850416,299836064,41.80925011634827,1537093040
5,5,"[3, 2, 0, 0]",11,5.0e-7,0,0.085364833,360148208,NaN,0,0.085365333,360148208,41.89463806152344,1333423392
5,6,"[3, 1, 1, 0]",23,4.5375e-5,983808,0.079921417,282026096,NaN,0,0.079966792,283009904,41.97462701797485,1348841104
5,7,"[3, 1, 0, 1]",22,4.5542e-5,983856,0.100631875,342043856,NaN,0,0.10067741699999999,343027712,42.07532501220703,1357977680
5,8,"[3, 0, 2, 0]",41,4.6166e-5,983824,0.173691084,291905360,NaN,0,0.17373724999999998,292889184,42.24908399581909,1523841712
5,9,"[3, 0, 1, 1]",40,8.6875e-5,1967712,0.086923833,311713616,NaN,0,0.087010708,313681328,42.33611607551575,1417736304
5,10,"[3, 0, 0, 2]",39,4.5709e-5,983888,0.092176875,342043888,NaN,0,0.09222258400000001,343027776,42.42836093902588,1325346000
5,11,"[2, 3, 0, 0]",-5,NaN,0,NaN,0,1.8291e-5,393664,1.8291e-5,393664,42.42840003967285,1325746544
5,12,"[2, 2, 1, 0]",13,4.475e-5,983856,0.096990625,329100512,NaN,0,0.097035375,330084368,42.525439977645874,1323521232
5,13,"[2, 2, 0, 1]",-12,NaN,0,NaN,0,2.6625e-5,393664,2.6625e-5,393664,42.525490045547485,1323921776
5,14,"[2, 1, 2, 0]",26,4.6917e-5,983872,0.082917291,276127856,NaN,0,0.082964208,277111728,42.60845994949341,1346875392
5,15,"[2, 1, 1, 1]",25,8.7208e-5,1967856,0.191999416,337997024,NaN,0,0.192086624,339964880,42.80056691169739,1340386992
5,16,"[2, 1, 0, 2]",24,4.5625e-5,983984,0.08411275,371420320,NaN,0,0.084158375,372404304,42.88474702835083,1712798176
5,17,"[2, 0, 3, 0]",45,8.0959e-5,983904,0.093189833,307683200,NaN,0,0.093270792,308667104,42.978039026260376,1465832000
5,18,"[2, 0, 2, 1]",44,8.575e-5,1967920,0.081681042,276127568,NaN,0,0.08176679199999999,278095488,43.05982208251953,1432368752
5,19,"[2, 0, 1, 2]",43,8.7375e-5,1967952,0.089387791,331476208,NaN,0,0.089475166,333444160,43.14931607246399,1321414336
5,20,"[2, 0, 0, 3]",42,4.575e-5,984032,0.087012292,333442544,NaN,0,0.087058042,334426576,43.236392974853516,1330295232
5,21,"[1, 4, 0, 0]",-2,NaN,0,NaN,0,1.9083e-5,393664,1.9083e-5,393664,43.236429929733276,1330695776
5,22,"[1, 3, 1, 0]",-7,NaN,0,NaN,0,1.8125e-5,393664,1.8125e-5,393664,43.23645091056824,1331096272
5,23,"[1, 3, 0, 1]",-6,NaN,0,NaN,0,1.8791e-5,393664,1.8791e-5,393664,43.236473083496094,1331496768
5,24,"[1, 2, 2, 0]",-16,NaN,0,NaN,0,1.8542e-5,393664,1.8542e-5,393664,43.236494064331055,1331897264
5,25,"[1, 2, 1, 1]",-15,NaN,0,NaN,0,1.7875e-5,393664,1.7875e-5,393664,43.236515045166016,1332297760
5,26,"[1, 2, 0, 2]",-14,NaN,0,NaN,0,1.8667e-5,393664,1.8667e-5,393664,43.23653602600098,1332698256
5,27,"[1, 1, 3, 0]",30,4.4958e-5,984000,0.094560292,280059712,NaN,0,0.09460525,281043712,43.33114504814148,1362670656
5,28,"[1, 1, 2, 1]",29,8.7542e-5,1968176,0.180435417,340077808,NaN,0,0.18052295899999998,342045984,43.51168608665466,1535247328
5,29,"[1, 1, 1, 2]",-28,NaN,0,NaN,0,1.8917e-5,393664,1.8917e-5,393664,43.51172590255737,1535647888
5,30,"[1, 1, 0, 3]",-27,NaN,0,NaN,0,1.8084e-5,393664,1.8084e-5,393664,43.51174807548523,1536048384
5,31,"[1, 0, 4, 0]",50,4.6792e-5,984048,0.126580542,493224832,NaN,0,0.12662733399999998,494208880,43.63837909698486,1493363072
5,32,"[1, 0, 3, 1]",49,8.6792e-5,1968272,0.111221,446841696,NaN,0,0.111307792,448809968,43.74970507621765,1519177792
5,33,"[1, 0, 2, 2]",48,8.8292e-5,1968304,0.107351708,323939568,NaN,0,0.10744000000000001,325907872,43.85716700553894,1320676512
5,34,"[1, 0, 1, 3]",47,8.9125e-5,1968336,0.176273125,323939824,NaN,0,0.17636225,325908160,44.03354811668396,1432550368
5,35,"[1, 0, 0, 4]",46,4.6667e-5,984256,0.108422375,462586752,NaN,0,0.108469042,463571008,44.14204001426697,1481445280
5,36,"[0, 5, 0, 0]",-1,NaN,0,NaN,0,3.1375e-5,393664,3.1375e-5,393664,44.14209198951721,1481845824
5,37,"[0, 4, 1, 0]",-4,NaN,0,NaN,0,3.1458e-5,393664,3.1458e-5,393664,44.14212703704834,1482246320
5,38,"[0, 4, 0, 1]",-3,NaN,0,NaN,0,3.1291e-5,393664,3.1291e-5,393664,44.14216113090515,1482646816
5,39,"[0, 3, 2, 0]",-10,NaN,0,NaN,0,3.125e-5,393664,3.125e-5,393664,44.142194986343384,1483047312
5,40,"[0, 3, 1, 1]",-9,NaN,0,NaN,0,2.6458e-5,393664,2.6458e-5,393664,44.14222502708435,1483447808
5,41,"[0, 3, 0, 2]",-8,NaN,0,NaN,0,1.8459e-5,393664,1.8459e-5,393664,44.14224600791931,1483848304
5,42,"[0, 2, 3, 0]",-20,NaN,0,NaN,0,1.875e-5,393664,1.875e-5,393664,44.14226794242859,1484248800
5,43,"[0, 2, 2, 1]",-19,NaN,0,NaN,0,1.8083e-5,393664,1.8083e-5,393664,44.14228892326355,1484649296
5,44,"[0, 2, 1, 2]",-18,NaN,0,NaN,0,1.8708e-5,393664,1.8708e-5,393664,44.142311096191406,1485049792
5,45,"[0, 2, 0, 3]",-17,NaN,0,NaN,0,1.8625e-5,393664,1.8625e-5,393664,44.14233207702637,1485450288
5,46,"[0, 1, 4, 0]",-35,NaN,0,NaN,0,1.8708e-5,393664,1.8708e-5,393664,44.14235305786133,1485850784
5,47,"[0, 1, 3, 1]",-34,NaN,0,NaN,0,1.9042e-5,393664,1.9042e-5,393664,44.142374992370605,1486251280
5,48,"[0, 1, 2, 2]",-33,NaN,0,NaN,0,1.825e-5,393664,1.825e-5,393664,44.142395973205566,1486651776
5,49,"[0, 1, 1, 3]",-32,NaN,0,NaN,0,1.8542e-5,393664,1.8542e-5,393664,44.142417907714844,1487052272
5,50,"[0, 1, 0, 4]",-31,NaN,0,NaN,0,1.8667e-5,393664,1.8667e-5,393664,44.142439126968384,1487452768
5,51,"[0, 0, 5, 0]",56,4.6166e-5,984272,0.078655083,274161424,NaN,0,0.078701249,275145696,44.22114300727844,1762605296
5,52,"[0, 0, 4, 1]",55,8.8375e-5,1968800,0.086859834,274161552,NaN,0,0.086948209,276130352,44.30811595916748,1344908672
5,53,"[0, 0, 3, 2]",54,8.6167e-5,1968832,0.121004,329395424,NaN,0,0.121090167,331364256,44.429227113723755,1313140624
5,54,"[0, 0, 2, 3]",-53,NaN,0,NaN,0,1.8583e-5,393664,1.8583e-5,393664,44.4292631149292,1313541168
5,55,"[0, 0, 1, 4]",-52,NaN,0,NaN,0,1.7833e-5,393664,1.7833e-5,393664,44.42928504943848,1313941664
5,56,"[0, 0, 0, 5]",-51,NaN,0,NaN,0,1.9667e-5,393664,1.9667e-5,393664,44.429306983947754,1314342160
6,1,"[6, 0, 0, 0]",57,5.41e-7,0,0.106946625,312287296,NaN,0,0.10694716600000001,312287296,139.57151699066162,1361309776
6,2,"[5, 1, 0, 0]",36,5.42e-7,0,0.084360209,341090080,NaN,0,0.08436075100000001,341090080,139.65590000152588,1451457440
6,3,"[5, 0, 1, 0]",59,0.000520125,983824,0.094146041,333438752,NaN,0,0.094666166,334422576,139.75058794021606,1497529648
6,4,"[5, 0, 0, 1]",58,4.5084e-5,983808,0.175909084,283598720,NaN,0,0.175954168,284582528,139.92656302452087,1535186560
6,5,"[4, 2, 0, 0]",21,4.17e-7,0,0.0866315,302751504,NaN,0,0.086631917,302751504,140.01321601867676,1837944944
6,6,"[4, 1, 1, 0]",38,4.5e-5,983808,0.080167542,265740176,NaN,0,0.080212542,266723984,140.09345602989197,1517328128
6,7,"[4, 1, 0, 1]",37,4.5e-5,983856,0.079781208,274391168,NaN,0,0.07982620800000001,275375024,140.17330503463745,1342827696
6,8,"[4, 0, 2, 0]",62,4.4084e-5,983824,0.089988875,274014016,NaN,0,0.090032959,274997840,140.2633581161499,1411281184
6,9,"[4, 0, 1, 1]",61,8.825e-5,1967712,0.080942292,265740128,NaN,0,0.081030542,267707840,140.34440994262695,1342828144
6,10,"[4, 0, 0, 2]",60,4.5292e-5,983888,0.1856265,274014032,NaN,0,0.185671792,274997920,140.53010201454163,1368311840
6,11,"[3, 3, 0, 0]",11,4.58e-7,0,0.047133542,230753456,NaN,0,0.047134,230753456,140.57725405693054,1599072176
6,12,"[3, 2, 1, 0]",23,4.5708e-5,983856,0.078960834,315662096,NaN,0,0.079006542,316645952,140.65628004074097,1915724960
6,13,"[3, 2, 0, 1]",22,4.6e-5,983952,0.086341792,296001712,NaN,0,0.086387792,296985664,140.74269008636475,1524036784
6,14,"[3, 1, 2, 0]",41,4.5083e-5,983872,0.079607958,265740128,NaN,0,0.07965304100000001,266724000,140.82236409187317,1441312144
6,15,"[3, 1, 1, 1]",40,8.7542e-5,1967856,0.079044292,265740112,NaN,0,0.079131834,267707968,140.90151405334473,1441312112
6,16,"[3, 1, 0, 2]",39,4.5792e-5,983984,0.0794445,265740112,NaN,0,0.079490292,266724096,140.98102498054504,1442190256
6,17,"[3, 0, 3, 0]",66,4.7667e-5,983904,0.182528334,265740144,NaN,0,0.182576001,266724048,141.16362500190735,1403006720
6,18,"[3, 0, 2, 1]",65,8.7667e-5,1967920,0.08098625,265740048,NaN,0,0.081073917,267707968,141.24471998214722,1670721568
6,19,"[3, 0, 1, 2]",64,0.000211292,1967952,0.081555541,294740016,NaN,0,0.081766833,296707968,141.32650899887085,1967436416
6,20,"[3, 0, 0, 3]",63,4.5709e-5,984032,0.088480916,274390992,NaN,0,0.08852662500000001,275375024,141.41505408287048,1548416128
6,21,"[2, 4, 0, 0]",-5,NaN,0,NaN,0,3.5541e-5,393664,3.5541e-5,393664,141.41510605812073,1548816688
6,22,"[2, 3, 1, 0]",-13,NaN,0,NaN,0,3.0833e-5,393664,3.0833e-5,393664,141.41514110565186,1549217184
6,23,"[2, 3, 0, 1]",-12,NaN,0,NaN,0,3.1583e-5,393664,3.1583e-5,393664,141.4151759147644,1549617680
6,24,"[2, 2, 2, 0]",26,4.4333e-5,983968,0.079170209,266493776,NaN,0,0.079214542,267477744,141.49439311027527,1462778288
6,25,"[2, 2, 1, 1]",25,8.7584e-5,1968112,0.04909025,212894960,NaN,0,0.049177834000000004,214863072,141.54359197616577,1409179600
6,26,"[2, 2, 0, 2]",-24,NaN,0,NaN,0,2.5125e-5,393664,2.5125e-5,393664,141.5436499118805,1409580160
6,27,"[2, 1, 3, 0]",45,4.5791e-5,984000,0.078340458,265740112,NaN,0,0.078386249,266724112,141.62204098701477,1380570784
6,28,"[2, 1, 2, 1]",44,8.6958e-5,1968176,0.079628416,265740128,NaN,0,0.07971537399999999,267708304,141.70177602767944,1342828864
6,29,"[2, 1, 1, 2]",43,8.6916e-5,1968208,0.18288875,265740400,NaN,0,0.18297566599999998,267708608,141.88476991653442,1365264416
6,30,"[2, 1, 0, 3]",42,4.5208e-5,984192,0.079518375,265740048,NaN,0,0.07956358300000001,266724240,141.96434998512268,1631995552
6,31,"[2, 0, 4, 0]",71,4.5708e-5,984048,0.081498208,294739728,NaN,0,0.08154391600000001,295723776,142.04591393470764,1927726224
6,32,"[2, 0, 3, 1]",70,8.6041e-5,1968272,0.085668833,310779792,NaN,0,0.085754874,312748064,142.13168692588806,1506718080
6,33,"[2, 0, 2, 2]",69,8.6958e-5,1968304,0.07633275,265740128,NaN,0,0.076419708,267708432,142.20812892913818,1438265136
6,34,"[2, 0, 1, 3]",68,8.7584e-5,1968336,0.07897825,265740112,NaN,0,0.079065834,267708448,142.28721499443054,1438265104
6,35,"[2, 0, 0, 4]",67,4.6333e-5,984256,0.079104792,265740400,NaN,0,0.07915112499999999,266724656,142.36638498306274,1439143184
6,36,"[1, 5, 0, 0]",-2,NaN,0,NaN,0,1.9458e-5,393664,1.9458e-5,393664,142.36642694473267,1439543744
6,37,"[1, 4, 1, 0]",-7,NaN,0,NaN,0,1.85e-5,393664,1.85e-5,393664,142.36644911766052,1439944240
6,38,"[1, 4, 0, 1]",-6,NaN,0,NaN,0,1.8667e-5,393664,1.8667e-5,393664,142.3664710521698,1440344720
6,39,"[1, 3, 2, 0]",-16,NaN,0,NaN,0,1.8584e-5,393664,1.8584e-5,393664,142.36649298667908,1440745216
6,40,"[1, 3, 1, 1]",-15,NaN,0,NaN,0,1.8541e-5,393664,1.8541e-5,393664,142.36651396751404,1441145712
6,41,"[1, 3, 0, 2]",-14,NaN,0,NaN,0,1.8291e-5,393664,1.8291e-5,393664,142.366534948349,1441546208
6,42,"[1, 2, 3, 0]",-30,NaN,0,NaN,0,2.7958e-5,393664,2.7958e-5,393664,142.36656594276428,1441946704
6,43,"[1, 2, 2, 1]",-29,NaN,0,NaN,0,3.1125e-5,393664,3.1125e-5,393664,142.3666000366211,1442347200
6,44,"[1, 2, 1, 2]",-28,NaN,0,NaN,0,3.55e-5,393664,3.55e-5,393664,142.36663913726807,1442747696
6,45,"[1, 2, 0, 3]",-27,NaN,0,NaN,0,3.1e-5,393664,3.1e-5,393664,142.3666729927063,1443148192
6,46,"[1, 1, 4, 0]",50,4.8709e-5,984208,0.095677667,265740112,NaN,0,0.09572637599999999,266724320,142.46240305900574,1416705952
6,47,"[1, 1, 3, 1]",49,8.7083e-5,1968672,0.171518208,265740144,NaN,0,0.171605291,267708816,142.63402700424194,1517327968
6,48,"[1, 1, 2, 2]",48,8.7375e-5,1968704,0.04732975,244090032,NaN,0,0.047417125,246058736,142.68146300315857,1763393584
6,49,"[1, 1, 1, 3]",-47,NaN,0,NaN,0,1.9792e-5,393664,1.9792e-5,393664,142.68150091171265,1763794128
6,50,"[1, 1, 0, 4]",-46,NaN,0,NaN,0,1.85e-5,393664,1.85e-5,393664,142.6815230846405,1764194624
6,51,"[1, 0, 5, 0]",77,4.5875e-5,984272,0.107937042,450577296,NaN,0,0.107982917,451561568,142.78951001167297,1564324496
6,52,"[1, 0, 4, 1]",76,8.8084e-5,1968800,0.111962417,398476192,NaN,0,0.112050501,400444992,142.90158104896545,1419677328
6,53,"[1, 0, 3, 2]",75,0.000105041,1968832,0.115523375,406750352,NaN,0,0.115628416,408719184,143.0172290802002,1458229680
6,54,"[1, 0, 2, 3]",74,0.00010875,1968864,0.053522333,212960480,NaN,0,0.053631082999999996,214929344,143.07087802886963,1410784576
6,55,"[1, 0, 1, 4]",73,8.6917e-5,1968896,0.222612375,403702608,NaN,0,0.222699292,405671504,143.29359793663025,1577549376
6,56,"[1, 0, 0, 5]",72,4.8333e-5,984576,0.108777875,480691104,NaN,0,0.108826208,481675680,143.40244698524475,1518094976
6,57,"[0, 6, 0, 0]",-1,NaN,0,NaN,0,1.9833e-5,393664,1.9833e-5,393664,143.4024839401245,1518495520
6,58,"[0, 5, 1, 0]",-4,NaN,0,NaN,0,1.7292e-5,393664,1.7292e-5,393664,143.40250492095947,1518896016
6,59,"[0, 5, 0, 1]",-3,NaN,0,NaN,0,1.8875e-5,393664,1.8875e-5,393664,143.40252590179443,1519296512
6,60,"[0, 4, 2, 0]",-10,NaN,0,NaN,0,1.875e-5,393664,1.875e-5,393664,143.4025480747223,1519697008
6,61,"[0, 4, 1, 1]",-9,NaN,0,NaN,0,1.8125e-5,393664,1.8125e-5,393664,143.40256905555725,1520097504
6,62,"[0, 4, 0, 2]",-8,NaN,0,NaN,0,1.9042e-5,393664,1.9042e-5,393664,143.4025900363922,1520498000
6,63,"[0, 3, 3, 0]",-20,NaN,0,NaN,0,1.8708e-5,393664,1.8708e-5,393664,143.4026119709015,1520898496
6,64,"[0, 3, 2, 1]",-19,NaN,0,NaN,0,2.9667e-5,393664,2.9667e-5,393664,143.4026439189911,1521298992
6,65,"[0, 3, 1, 2]",-18,NaN,0,NaN,0,3.4417e-5,393664,3.4417e-5,393664,143.40268111228943,1521699488
6,66,"[0, 3, 0, 3]",-17,NaN,0,NaN,0,3.1208e-5,393664,3.1208e-5,393664,143.40271496772766,1522099984
6,67,"[0, 2, 4, 0]",-35,NaN,0,NaN,0,3.1583e-5,393664,3.1583e-5,393664,143.40274906158447,1522500480
6,68,"[0, 2, 3, 1]",-34,NaN,0,NaN,0,3.0333e-5,393664,3.0333e-5,393664,143.4027819633484,1522900976
6,69,"[0, 2, 2, 2]",-33,NaN,0,NaN,0,2.7e-5,393664,2.7e-5,393664,143.40281200408936,1523301472
6,70,"[0, 2, 1, 3]",-32,NaN,0,NaN,0,1.8084e-5,393664,1.8084e-5,393664,143.40283298492432,1523701952
6,71,"[0, 2, 0, 4]",-31,NaN,0,NaN,0,1.8459e-5,393664,1.8459e-5,393664,143.40285396575928,1524102448
6,72,"[0, 1, 5, 0]",-56,NaN,0,NaN,0,1.8583e-5,393664,1.8583e-5,393664,143.40287494659424,1524502944
6,73,"[0, 1, 4, 1]",-55,NaN,0,NaN,0,1.8958e-5,393664,1.8958e-5,393664,143.4028971195221,1524903440
6,74,"[0, 1, 3, 2]",-54,NaN,0,NaN,0,1.8625e-5,393664,1.8625e-5,393664,143.40291810035706,1525303936
6,75,"[0, 1, 2, 3]",-53,NaN,0,NaN,0,1.8e-5,393664,1.8e-5,393664,143.40293908119202,1525704432
6,76,"[0, 1, 1, 4]",-52,NaN,0,NaN,0,1.8e-5,393664,1.8e-5,393664,143.40296006202698,1526104912
6,77,"[0, 1, 0, 5]",-51,NaN,0,NaN,0,1.8333e-5,393664,1.8333e-5,393664,143.40298104286194,1526505392
6,78,"[0, 0, 6, 0]",84,4.6208e-5,984592,0.077599125,265740048,NaN,0,0.07764533300000001,266724640,143.48062992095947,1793236864
6,79,"[0, 0, 5, 1]",83,8.8334e-5,1969536,0.081534167,274292608,NaN,0,0.081622501,276262144,143.56226897239685,1449906656
6,80,"[0, 0, 4, 2]",82,8.8208e-5,1969568,0.078521333,265740416,NaN,0,0.078609541,267709984,143.6409010887146,1342828624
6,81,"[0, 0, 3, 3]",81,8.8708e-5,1969600,0.061254917,193004768,NaN,0,0.061343625,194974368,143.70226407051086,1345919136
6,82,"[0, 0, 2, 4]",-80,NaN,0,NaN,0,1.9667e-5,393664,1.9667e-5,393664,143.7023069858551,1346319680
6,83,"[0, 0, 1, 5]",-79,NaN,0,NaN,0,1.8417e-5,393664,1.8417e-5,393664,143.70232796669006,1346720176
6,84,"[0, 0, 0, 6]",-78,NaN,0,NaN,0,1.8958e-5,393664,1.8958e-5,393664,143.70234990119934,1347120672
7,1,"[7, 0, 0, 0]",85,8.34e-7,0,0.100389791,304078624,NaN,0,0.10039062500000001,304078624,390.77594113349915,1347113088
7,2,"[6, 1, 0, 0]",57,5.42e-7,0,0.085616541,297836320,NaN,0,0.08561708300000001,297836320,390.8615801334381,1420113296
7,3,"[6, 0, 1, 0]",87,4.8834e-5,983792,0.185971042,289185664,NaN,0,0.186019876,290169456,391.04762506484985,1371916352
7,4,"[6, 0, 0, 1]",86,4.4542e-5,983808,0.082106625,288431888,NaN,0,0.082151167,289415696,391.1297950744629,1661338928
7,5,"[5, 2, 0, 0]",36,4.58e-7,0,0.086608958,270049328,NaN,0,0.086609416,270049328,391.21642303466797,1931395136
7,6,"[5, 1, 1, 0]",59,4.8083e-5,983808,0.087588583,264822688,NaN,0,0.087636666,265806496,391.30408000946045,1463889872
7,7,"[5, 1, 0, 1]",58,4.5625e-5,983856,0.078754625,261398288,NaN,0,0.07880024999999999,262382144,391.38290095329285,1726278896
7,8,"[5, 0, 2, 0]",90,7.6417e-5,983824,0.085938083,261775232,NaN,0,0.0860145,262759056,391.468936920166,1560148368
7,9,"[5, 0, 1, 1]",89,8.6167e-5,1967712,0.078817916,261398352,NaN,0,0.078904083,263366064,391.5478630065918,1537334640
7,10,"[5, 0, 0, 2]",88,4.5375e-5,983888,0.078998834,261398368,NaN,0,0.079044209,262382256,391.6269299983978,1419016656
7,11,"[4, 3, 0, 0]",21,4.17e-7,0,0.090633625,302902784,NaN,0,0.090634042,302902784,391.7175860404968,1392792992
7,12,"[4, 2, 1, 0]",38,4.75e-5,983856,0.186203208,261398384,NaN,0,0.18625070800000001,262382240,391.90385603904724,1398664960
7,13,"[4, 2, 0, 1]",37,4.4584e-5,983952,0.08537725,302902432,NaN,0,0.085421834,303886384,391.9892990589142,1702558224
7,14,"[4, 1, 2, 0]",62,4.5541e-5,983872,0.080260666,275947280,NaN,0,0.08030620699999999,276931152,392.0696280002594,1979496256
7,15,"[4, 1, 1, 1]",61,8.775e-5,1967856,0.084264542,280846288,NaN,0,0.084352292,282814144,392.15400195121765,1539928336
7,16,"[4, 1, 0, 2]",60,4.6166e-5,983984,0.085994583,302902496,NaN,0,0.086040749,303886480,392.24006700515747,1419688592
7,17,"[4, 0, 3, 0]",94,4.5875e-5,983904,0.079524292,261398640,NaN,0,0.079570167,262382544,392.3196589946747,1447475392
7,18,"[4, 0, 2, 1]",93,8.675e-5,1967920,0.079499958,261398368,NaN,0,0.07958670799999999,263366288,392.3992669582367,1365300992
7,19,"[4, 0, 1, 2]",92,8.6583e-5,1967952,0.092569334,261398352,NaN,0,0.092655917,263366304,392.4919431209564,1364422800
7,20,"[4, 0, 0, 3]",91,4.5208e-5,984032,0.175047708,302902480,NaN,0,0.175092916,303886512,392.6670570373535,1499186080
7,21,"[3, 4, 0, 0]",-11,NaN,0,NaN,0,1.975e-5,393664,1.975e-5,393664,392.6670980453491,1499586624
7,22,"[3, 3, 1, 0]",23,4.5708e-5,983952,0.088695292,306834592,NaN,0,0.088741,307818544,392.75584292411804,1807412000
7,23,"[3, 3, 0, 1]",-22,NaN,0,NaN,0,1.8542e-5,393664,1.8542e-5,393664,392.75588393211365,1807812544
7,24,"[3, 2, 2, 0]",41,9.9125e-5,983968,0.089309458,315023248,NaN,0,0.089408583,316007216,392.8452959060669,1450412848
7,25,"[3, 2, 1, 1]",40,8.6e-5,1968112,0.088805875,302902800,NaN,0,0.08889187500000001,304870912,392.93420791625977,1335577584
7,26,"[3, 2, 0, 2]",39,4.675e-5,984144,0.0866755,302902496,NaN,0,0.08672225,303886640,393.02095103263855,1338362832
7,27,"[3, 1, 3, 0]",66,4.475e-5,984000,0.081671167,261398352,NaN,0,0.081715917,262382352,393.1026849746704,1364586944
7,28,"[3, 1, 2, 1]",65,8.6958e-5,1968176,0.092271584,261398352,NaN,0,0.092358542,263366528,393.1950640678406,1339363984
7,29,"[3, 1, 1, 2]",64,8.75e-5,1968208,0.17489025,302902480,NaN,0,0.17497775,304870688,393.37006402015686,1532053488
7,30,"[3, 1, 0, 3]",63,4.5458e-5,984192,0.085677958,332786848,NaN,0,0.085723416,333771040,393.45581102371216,1865831408
7,31,"[3, 0, 4, 0]",99,4.5334e-5,984048,0.079831584,298557616,NaN,0,0.07987691799999999,299541664,393.53570795059204,1511658048
7,32,"[3, 0, 3, 1]",98,8.6625e-5,1968272,0.082201791,261398368,NaN,0,0.082288416,263366640,393.6180191040039,1360922912
7,33,"[3, 0, 2, 2]",97,8.8125e-5,1968304,0.081593125,261398352,NaN,0,0.08168125,263366656,393.6997220516205,1360922880
7,34,"[3, 0, 1, 3]",96,8.8333e-5,1968336,0.085703334,302902480,NaN,0,0.085791667,304870816,393.7855339050293,1373319216
7,35,"[3, 0, 0, 4]",95,4.5667e-5,984256,0.195385167,302902512,NaN,0,0.195430834,303886768,393.98098707199097,1313139872
7,36,"[2, 5, 0, 0]",-5,NaN,0,NaN,0,3.125e-5,393664,3.125e-5,393664,393.98103499412537,1313540416
7,37,"[2, 4, 1, 0]",-13,NaN,0,NaN,0,1.8333e-5,393664,1.8333e-5,393664,393.9810559749603,1313940912
7,38,"[2, 4, 0, 1]",-12,NaN,0,NaN,0,1.9291e-5,393664,1.9291e-5,393664,393.9810791015625,1314341408
7,39,"[2, 3, 2, 0]",-26,NaN,0,NaN,0,1.9e-5,393664,1.9e-5,393664,393.9811010360718,1314741904
7,40,"[2, 3, 1, 1]",-25,NaN,0,NaN,0,1.8708e-5,393664,1.8708e-5,393664,393.98112201690674,1315142384
7,41,"[2, 3, 0, 2]",-24,NaN,0,NaN,0,1.9375e-5,393664,1.9375e-5,393664,393.9811499118805,1315542880
7,42,"[2, 2, 3, 0]",45,4.5083e-5,984160,0.079181167,261398288,NaN,0,0.07922625,262382448,394.06037998199463,1577932160
7,43,"[2, 2, 2, 1]",44,8.7625e-5,1968576,0.084712959,324513216,NaN,0,0.084800584,326481792,394.14520597457886,1904420832
7,44,"[2, 2, 1, 2]",-43,NaN,0,NaN,0,1.8417e-5,393664,1.8417e-5,393664,394.1452419757843,1904821376
7,45,"[2, 2, 0, 3]",-42,NaN,0,NaN,0,1.8e-5,393664,1.8e-5,393664,394.1452639102936,1905221872
7,46,"[2, 1, 4, 0]",71,4.4916e-5,984208,0.083574541,300523456,NaN,0,0.08361945700000001,301507664,394.22888708114624,1473539584
7,47,"[2, 1, 3, 1]",70,8.8875e-5,1968672,0.079089125,261398368,NaN,0,0.079178,263367040,394.3080880641937,1361801744
7,48,"[2, 1, 2, 2]",69,8.6333e-5,1968704,0.086336375,302902480,NaN,0,0.086422708,304871184,394.39453291893005,1373320256
7,49,"[2, 1, 1, 3]",68,8.8625e-5,1968736,0.086237541,302902512,NaN,0,0.086326166,304871248,394.48087906837463,1314018992
7,50,"[2, 1, 0, 4]",67,4.775e-5,984496,0.095018084,261398352,NaN,0,0.095065834,262382848,394.5759620666504,1338486784
7,51,"[2, 0, 5, 0]",105,4.5125e-5,984272,0.172819792,261398624,NaN,0,0.172864917,262382896,394.74884700775146,1457681936
7,52,"[2, 0, 4, 1]",104,8.8166e-5,1968800,0.078405833,262151952,NaN,0,0.078493999,264120752,394.82736110687256,1721809568
7,53,"[2, 0, 3, 2]",103,8.7708e-5,1968832,0.081591958,297983904,NaN,0,0.08167966600000001,299952736,394.9090619087219,1397941328
7,54,"[2, 0, 2, 3]",102,8.725e-5,1968864,0.083212792,302902432,NaN,0,0.08330004199999999,304871296,394.99238109588623,1702819520
7,55,"[2, 0, 1, 4]",101,9.0584e-5,1968896,0.087507875,304033040,NaN,0,0.087598459,306001936,395.07999992370605,1525161984
7,56,"[2, 0, 0, 5]",100,5.0458e-5,984576,0.080452583,261398368,NaN,0,0.080503041,262382944,395.16052508354187,1338486256
7,57,"[1, 6, 0, 0]",-2,NaN,0,NaN,0,3.1875e-5,393664,3.1875e-5,393664,395.1605761051178,1338886800
7,58,"[1, 5, 1, 0]",-7,NaN,0,NaN,0,3.0916e-5,393664,3.0916e-5,393664,395.16061091423035,1339287296
7,59,"[1, 5, 0, 1]",-6,NaN,0,NaN,0,3.0459e-5,393664,3.0459e-5,393664,395.16064405441284,1339687792
7,60,"[1, 4, 2, 0]",-16,NaN,0,NaN,0,3.1667e-5,393664,3.1667e-5,393664,395.16067910194397,1340088288
7,61,"[1, 4, 1, 1]",-15,NaN,0,NaN,0,3.0375e-5,393664,3.0375e-5,393664,395.1607120037079,1340488784
7,62,"[1, 4, 0, 2]",-14,NaN,0,NaN,0,3.1959e-5,393664,3.1959e-5,393664,395.1607460975647,1340889280
7,63,"[1, 3, 3, 0]",-30,NaN,0,NaN,0,3.45e-5,393664,3.45e-5,393664,395.1607840061188,1341289776
7,64,"[1, 3, 2, 1]",-29,NaN,0,NaN,0,2.9917e-5,393664,2.9917e-5,393664,395.1608169078827,1341690256
7,65,"[1, 3, 1, 2]",-28,NaN,0,NaN,0,3.2042e-5,393664,3.2042e-5,393664,395.1608519554138,1342090752
7,66,"[1, 3, 0, 3]",-27,NaN,0,NaN,0,3.0125e-5,393664,3.0125e-5,393664,395.1608839035034,1342491248
7,67,"[1, 2, 4, 0]",-50,NaN,0,NaN,0,3.2666e-5,393664,3.2666e-5,393664,395.16091895103455,1342891744
7,68,"[1, 2, 3, 1]",-49,NaN,0,NaN,0,3.1125e-5,393664,3.1125e-5,393664,395.16095304489136,1343292240
7,69,"[1, 2, 2, 2]",-48,NaN,0,NaN,0,3.1e-5,393664,3.1e-5,393664,395.16098713874817,1343692736
7,70,"[1, 2, 1, 3]",-47,NaN,0,NaN,0,3.1625e-5,393664,3.1625e-5,393664,395.1610209941864,1344093216
7,71,"[1, 2, 0, 4]",-46,NaN,0,NaN,0,3.0917e-5,393664,3.0917e-5,393664,395.1610550880432,1344493712
7,72,"[1, 1, 5, 0]",77,4.4958e-5,984512,0.078888833,261398624,NaN,0,0.078933791,262383136,395.23999190330505,1398665504
7,73,"[1, 1, 4, 1]",76,8.9208e-5,1969376,0.18748175,261398352,NaN,0,0.187570958,263367728,395.42758297920227,1435245120
7,74,"[1, 1, 3, 2]",75,8.8292e-5,1969408,0.084024292,307588256,NaN,0,0.084112584,309557664,395.51171612739563,1744809664
7,75,"[1, 1, 2, 3]",-74,NaN,0,NaN,0,1.8292e-5,393664,1.8292e-5,393664,395.5117540359497,1745210208
7,76,"[1, 1, 1, 4]",-73,NaN,0,NaN,0,1.7625e-5,393664,1.7625e-5,393664,395.51177501678467,1745610704
7,77,"[1, 1, 0, 5]",-72,NaN,0,NaN,0,3.0667e-5,393664,3.0667e-5,393664,395.5118091106415,1746011200
7,78,"[1, 0, 6, 0]",112,4.6792e-5,984592,0.107877292,445547408,NaN,0,0.107924084,446532000,395.619735956192,1547349952
7,79,"[1, 0, 5, 1]",111,8.9667e-5,1969536,0.106699667,386106224,NaN,0,0.106789334,388075760,395.72654700279236,1543238864
7,80,"[1, 0, 4, 2]",110,0.000115667,1969568,0.110390542,386106256,NaN,0,0.110506209,388075824,395.8370749950409,1450031248
7,81,"[1, 0, 3, 3]",109,8.8375e-5,1969600,0.08517425,302902800,NaN,0,0.08526262500000001,304872400,395.92235803604126,1314019296
7,82,"[1, 0, 2, 4]",108,8.7833e-5,1969632,0.1901595,302902480,NaN,0,0.19024733300000002,304872112,396.1126251220703,1476749264
7,83,"[1, 0, 1, 5]",107,8.9125e-5,1969664,0.108767666,427819792,NaN,0,0.108856791,429789456,396.22150206565857,1906545600
7,84,"[1, 0, 0, 6]",106,4.6542e-5,985008,0.107736709,403801008,NaN,0,0.107783251,404786016,396.3293070793152,1661704112
7,85,"[0, 7, 0, 0]",-1,NaN,0,NaN,0,2.0e-5,393664,2.0e-5,393664,396.3293490409851,1662104656
7,86,"[0, 6, 1, 0]",-4,NaN,0,NaN,0,1.8625e-5,393664,1.8625e-5,393664,396.3293709754944,1662505136
7,87,"[0, 6, 0, 1]",-3,NaN,0,NaN,0,1.875e-5,393664,1.875e-5,393664,396.32939291000366,1662905632
7,88,"[0, 5, 2, 0]",-10,NaN,0,NaN,0,1.8625e-5,393664,1.8625e-5,393664,396.3294141292572,1663306128
7,89,"[0, 5, 1, 1]",-9,NaN,0,NaN,0,1.8916e-5,393664,1.8916e-5,393664,396.3294360637665,1663706624
7,90,"[0, 5, 0, 2]",-8,NaN,0,NaN,0,1.9292e-5,393664,1.9292e-5,393664,396.32953691482544,1664107120
7,91,"[0, 4, 3, 0]",-20,NaN,0,NaN,0,1.8625e-5,393664,1.8625e-5,393664,396.3295590877533,1664507616
7,92,"[0, 4, 2, 1]",-19,NaN,0,NaN,0,1.8084e-5,393664,1.8084e-5,393664,396.32958006858826,1664908112
7,93,"[0, 4, 1, 2]",-18,NaN,0,NaN,0,1.8459e-5,393664,1.8459e-5,393664,396.32960200309753,1665308608
7,94,"[0, 4, 0, 3]",-17,NaN,0,NaN,0,1.85e-5,393664,1.85e-5,393664,396.3296229839325,1665709104
7,95,"[0, 3, 4, 0]",-35,NaN,0,NaN,0,1.8291e-5,393664,1.8291e-5,393664,396.32964396476746,1666109584
7,96,"[0, 3, 3, 1]",-34,NaN,0,NaN,0,1.9125e-5,393664,1.9125e-5,393664,396.3296661376953,1666510080
7,97,"[0, 3, 2, 2]",-33,NaN,0,NaN,0,1.8208e-5,393664,1.8208e-5,393664,396.3296871185303,1666910576
7,98,"[0, 3, 1, 3]",-32,NaN,0,NaN,0,1.8375e-5,393664,1.8375e-5,393664,396.32970809936523,1667311072
7,99,"[0, 3, 0, 4]",-31,NaN,0,NaN,0,3.1542e-5,393664,3.1542e-5,393664,396.32974195480347,1667711568
7,100,"[0, 2, 5, 0]",-56,NaN,0,NaN,0,3.6958e-5,393664,3.6958e-5,393664,396.32978200912476,1668112064
7,101,"[0, 2, 4, 1]",-55,NaN,0,NaN,0,3.4916e-5,393664,3.4916e-5,393664,396.32981991767883,1668512560
7,102,"[0, 2, 3, 2]",-54,NaN,0,NaN,0,3.2917e-5,393664,3.2917e-5,393664,396.3298559188843,1668913056
7,103,"[0, 2, 2, 3]",-53,NaN,0,NaN,0,3.0708e-5,393664,3.0708e-5,393664,396.3298900127411,1669313552
7,104,"[0, 2, 1, 4]",-52,NaN,0,NaN,0,2.4833e-5,393664,2.4833e-5,393664,396.3299169540405,1669714048
7,105,"[0, 2, 0, 5]",-51,NaN,0,NaN,0,1.8208e-5,393664,1.8208e-5,393664,396.3299391269684,1670114544
7,106,"[0, 1, 6, 0]",-84,NaN,0,NaN,0,1.9084e-5,393664,1.9084e-5,393664,396.32996010780334,1670515040
7,107,"[0, 1, 5, 1]",-83,NaN,0,NaN,0,1.8833e-5,393664,1.8833e-5,393664,396.3299820423126,1670915536
7,108,"[0, 1, 4, 2]",-82,NaN,0,NaN,0,1.8625e-5,393664,1.8625e-5,393664,396.3300030231476,1671316032
7,109,"[0, 1, 3, 3]",-81,NaN,0,NaN,0,1.8459e-5,393664,1.8459e-5,393664,396.33002495765686,1671716528
7,110,"[0, 1, 2, 4]",-80,NaN,0,NaN,0,1.8459e-5,393664,1.8459e-5,393664,396.3300459384918,1672117024
7,111,"[0, 1, 1, 5]",-79,NaN,0,NaN,0,1.8625e-5,393664,1.8625e-5,393664,396.3300681114197,1672517520
7,112,"[0, 1, 0, 6]",-78,NaN,0,NaN,0,1.8709e-5,393664,1.8709e-5,393664,396.33009004592896,1672918016
7,113,"[0, 0, 7, 0]",120,4.7083e-5,985024,0.081169709,261398384,NaN,0,0.08121679200000001,262383408,396.4113099575043,1491408960
7,114,"[0, 0, 6, 1]",119,9.0583e-5,1970512,0.079282958,261398368,NaN,0,0.079373541,263368880,396.49070501327515,1338486656
7,115,"[0, 0, 5, 2]",118,8.8417e-5,1970544,0.0787755,261398624,NaN,0,0.07886391699999999,263369168,396.569589138031,1398666224
7,116,"[0, 0, 4, 3]",117,8.9375e-5,1970576,0.104510084,302902512,NaN,0,0.104599459,304873088,396.6742100715637,1313140768
7,117,"[0, 0, 3, 4]",-116,NaN,0,NaN,0,1.9e-5,393664,1.9e-5,393664,396.6742470264435,1313541312
7,118,"[0, 0, 2, 5]",-115,NaN,0,NaN,0,1.8e-5,393664,1.8e-5,393664,396.67426896095276,1313941792
7,119,"[0, 0, 1, 6]",-114,NaN,0,NaN,0,1.8417e-5,393664,1.8417e-5,393664,396.6742899417877,1314342288
7,120,"[0, 0, 0, 7]",-113,NaN,0,NaN,0,2.1708e-5,393664,2.1708e-5,393664,396.6743140220642,1314742784
8,1,"[8, 0, 0, 0]",121,1.084e-6,0,0.116280458,286875424,NaN,0,0.116281542,286875424,1047.9235150814056,1352302112
8,2,"[7, 1, 0, 0]",85,5.83e-7,0,0.194188666,310484816,NaN,0,0.194189249,310484816,1048.1177380084991,1369762928
8,3,"[7, 0, 1, 0]",123,0.000131666,983792,0.092412875,290692880,NaN,0,0.09254454100000001,291676672,1048.2103009223938,1661446448
8,4,"[7, 0, 0, 1]",122,4.4958e-5,983808,0.090610083,264822832,NaN,0,0.09065504099999999,265806640,1048.3009760379791,1927259984
8,5,"[6, 2, 0, 0]",57,4.17e-7,0,0.090339708,264822688,NaN,0,0.09034012500000001,264822688,1048.39133810997,1471246240
8,6,"[6, 1, 1, 0]",87,4.5833e-5,983808,0.081157042,261398288,NaN,0,0.081202875,262382096,1048.472561120987,1733635184
8,7,"[6, 1, 0, 1]",86,4.5292e-5,983856,0.087921375,261775232,NaN,0,0.087966667,262759088,1048.5605509281158,1567504656
8,8,"[6, 0, 2, 0]",126,4.4834e-5,983824,0.076599917,261398352,NaN,0,0.076644751,262382176,1048.6372179985046,1544691008
8,9,"[6, 0, 1, 1]",125,0.000224208,1967712,0.083864458,261398368,NaN,0,0.084088666,263366080,1048.7213280200958,1425494880
8,10,"[6, 0, 0, 2]",124,4.5834e-5,983888,0.094445209,261398640,NaN,0,0.094491043,262382528,1048.8158390522003,1425494816
8,11,"[5, 3, 0, 0]",36,5.42e-7,0,0.174361417,261398384,NaN,0,0.17436195899999998,261398384,1048.9902229309082,1480118752
8,12,"[5, 2, 1, 0]",59,4.6666e-5,983856,0.078659625,261398288,NaN,0,0.078706291,262382144,1049.0689520835876,1742507744
8,13,"[5, 2, 0, 1]",58,4.5875e-5,983952,0.079263209,262151952,NaN,0,0.079309084,263135904,1049.148283958435,2005650528
8,14,"[5, 1, 2, 0]",90,4.5125e-5,983872,0.087273625,275980240,NaN,0,0.08731874999999999,276964112,1049.2356259822845,1505980208
8,15,"[5, 1, 1, 1]",89,8.6708e-5,1967856,0.081853292,261398352,NaN,0,0.08194,263366208,1049.3175871372223,1398665552
8,16,"[5, 1, 0, 2]",88,4.5167e-5,983984,0.079763542,261398640,NaN,0,0.079808709,262382624,1049.3974149227142,1418753376
8,17,"[5, 0, 3, 0]",130,4.6875e-5,983904,0.082769042,261398368,NaN,0,0.082815917,262382272,1049.4802520275116,1338486112
8,18,"[5, 0, 2, 1]",129,8.6875e-5,1967920,0.07928825,261398352,NaN,0,0.079375125,263366272,1049.5596449375153,1338486560
8,19,"[5, 0, 1, 2]",128,8.6916e-5,1967952,0.182571416,261398336,NaN,0,0.18265833199999998,263366288,1049.742322921753,1376228176
8,20,"[5, 0, 0, 3]",127,4.6125e-5,984032,0.077406583,261398288,NaN,0,0.077452708,262382320,1049.8197939395905,1638617392
8,21,"[4, 4, 0, 0]",21,4.58e-7,0,0.046098917,208929968,NaN,0,0.046099375000000005,208929968,1049.8659191131592,1847554240
8,22,"[4, 3, 1, 0]",38,4.575e-5,983952,0.08099925,301932784,NaN,0,0.08104499999999999,302916736,1049.9469830989838,1501310720
8,23,"[4, 3, 0, 1]",37,4.6584e-5,984112,0.07967875,261398368,NaN,0,0.07972533400000001,262382480,1050.0267300605774,1386859344
8,24,"[4, 2, 2, 0]",62,4.4583e-5,983968,0.082412666,261398352,NaN,0,0.082457249,262382320,1050.109205007553,1386859312
8,25,"[4, 2, 1, 1]",61,0.000107958,1968112,0.078721833,261398352,NaN,0,0.07882979100000001,263366464,1050.1880550384521,1386859312
8,26,"[4, 2, 0, 2]",60,4.7167e-5,984144,0.124644083,261398336,NaN,0,0.12469125,262382480,1050.3127660751343,1424601536
8,27,"[4, 1, 3, 0]",94,0.093408125,984064,0.079022625,261398288,NaN,0,0.17243075,262382352,1050.4852180480957,1491829728
8,28,"[4, 1, 2, 1]",93,8.6875e-5,1968176,0.081604916,261398576,NaN,0,0.081691791,263366752,1050.566931962967,1755203360
8,29,"[4, 1, 1, 2]",92,8.6e-5,1968208,0.078638625,267214736,NaN,0,0.078724625,269182944,1050.6456761360168,1445876096
8,30,"[4, 1, 0, 3]",91,4.5667e-5,984192,0.079607167,261398368,NaN,0,0.079652834,262382560,1050.7253499031067,1361801152
8,31,"[4, 0, 4, 0]",135,4.7e-5,984048,0.079827917,261398352,NaN,0,0.079874917,262382400,1050.8052461147308,1361801120
8,32,"[4, 0, 3, 1]",134,8.6625e-5,1968272,0.078885292,261398336,NaN,0,0.078971917,263366608,1050.8842370510101,1418753392
8,33,"[4, 0, 2, 2]",133,8.7958e-5,1968304,0.081626458,261398368,NaN,0,0.081714416,263366672,1050.9659729003906,1338486160
8,34,"[4, 0, 1, 3]",132,8.8083e-5,1968336,0.18303225,261398640,NaN,0,0.183120333,263366976,1051.1491119861603,1338485872
8,35,"[4, 0, 0, 4]",131,4.4833e-5,984256,0.078112625,261398288,NaN,0,0.078157458,262382544,1051.2272930145264,1600875296
8,36,"[3, 5, 0, 0]",-11,NaN,0,NaN,0,3.7625e-5,393664,3.7625e-5,393664,1051.2273490428925,1601275840
8,37,"[3, 4, 1, 0]",-23,NaN,0,NaN,0,3.7042e-5,393664,3.7042e-5,393664,1051.227390050888,1601676336
8,38,"[3, 4, 0, 1]",-22,NaN,0,NaN,0,3.3125e-5,393664,3.3125e-5,393664,1051.2274260520935,1602076832
8,39,"[3, 3, 2, 0]",41,4.5333e-5,984128,0.082592583,281354000,NaN,0,0.08263791599999999,282338128,1051.3100669384003,1884421792
8,40,"[3, 3, 1, 1]",40,8.7959e-5,1968512,0.061350459,251872560,NaN,0,0.061438418,253841072,1051.3715250492096,1436538464
8,41,"[3, 3, 0, 2]",-39,NaN,0,NaN,0,2.3542e-5,393664,2.3542e-5,393664,1051.3715670108795,1436939008
8,42,"[3, 2, 3, 0]",66,4.4875e-5,984160,0.078661,261398288,NaN,0,0.078705875,262382448,1051.4502770900726,1699328288
8,43,"[3, 2, 2, 1]",65,8.7583e-5,1968576,0.079568,261398416,NaN,0,0.079655583,263366992,1051.5299580097198,1568538064
8,44,"[3, 2, 1, 2]",64,8.7167e-5,1968608,0.079463542,261398656,NaN,0,0.079550709,263367264,1051.6095321178436,1407144672
8,45,"[3, 2, 0, 3]",63,4.5833e-5,984432,0.078234875,261398336,NaN,0,0.07828070799999999,262382768,1051.6878299713135,1467324240
8,46,"[3, 1, 4, 0]",99,4.9042e-5,984208,0.080683,261398368,NaN,0,0.080732042,262382576,1051.7685809135437,1407145120
8,47,"[3, 1, 3, 1]",98,8.6958e-5,1968672,0.182089292,261398384,NaN,0,0.18217625,263367056,1051.9507720470428,1398664960
8,48,"[3, 1, 2, 2]",97,8.8583e-5,1968704,0.083873083,261398288,NaN,0,0.083961666,263366992,1052.0347549915314,1662038832
8,49,"[3, 1, 1, 3]",96,8.6375e-5,1968736,0.088568625,268623632,NaN,0,0.088655,270592368,1052.1234319210052,1932638080
8,50,"[3, 1, 0, 4]",95,4.6416e-5,984496,0.086988834,282878192,NaN,0,0.08703525,283862688,1052.2104849815369,1502179040
8,51,"[3, 0, 5, 0]",141,4.6333e-5,984272,0.078201875,261398368,NaN,0,0.078248208,262382640,1052.2887511253357,1386859664
8,52,"[3, 0, 4, 1]",140,8.6542e-5,1968800,0.079921541,261398352,NaN,0,0.080008083,263367152,1052.3687770366669,1386859632
8,53,"[3, 0, 3, 2]",139,8.6708e-5,1968832,0.07955375,261398352,NaN,0,0.07964045800000001,263367184,1052.4484369754791,1387737776
8,54,"[3, 0, 2, 3]",138,8.85e-5,1968864,0.183002875,261398352,NaN,0,0.183091375,263367216,1052.631551027298,1339363984
8,55,"[3, 0, 1, 4]",137,8.7167e-5,1968896,0.07790625,261398288,NaN,0,0.077993417,263367184,1052.7095630168915,1602738048
8,56,"[3, 0, 0, 5]",136,4.7e-5,984576,0.077992333,261398576,NaN,0,0.078039333,262383152,1052.7876229286194,1865128080
8,57,"[2, 6, 0, 0]",-5,NaN,0,NaN,0,2.9959e-5,393664,2.9959e-5,393664,1052.787672996521,1865528624
8,58,"[2, 5, 1, 0]",-13,NaN,0,NaN,0,3.1125e-5,393664,3.1125e-5,393664,1052.7877080440521,1865929120
8,59,"[2, 5, 0, 1]",-12,NaN,0,NaN,0,3.4584e-5,393664,3.4584e-5,393664,1052.7877459526062,1866329616
8,60,"[2, 4, 2, 0]",-26,NaN,0,NaN,0,3.2e-5,393664,3.2e-5,393664,1052.787780046463,1866730112
8,61,"[2, 4, 1, 1]",-25,NaN,0,NaN,0,3.0625e-5,393664,3.0625e-5,393664,1052.7878139019012,1867130592
8,62,"[2, 4, 0, 2]",-24,NaN,0,NaN,0,3.1042e-5,393664,3.1042e-5,393664,1052.787847995758,1867531088
8,63,"[2, 3, 3, 0]",-45,NaN,0,NaN,0,1.9084e-5,393664,1.9084e-5,393664,1052.7878699302673,1867931584
8,64,"[2, 3, 2, 1]",-44,NaN,0,NaN,0,1.8666e-5,393664,1.8666e-5,393664,1052.7878921031952,1868332080
8,65,"[2, 3, 1, 2]",-43,NaN,0,NaN,0,1.8167e-5,393664,1.8167e-5,393664,1052.7879130840302,1868732576
8,66,"[2, 3, 0, 3]",-42,NaN,0,NaN,0,1.8583e-5,393664,1.8583e-5,393664,1052.787934064865,1869133072
8,67,"[2, 2, 4, 0]",71,4.7208e-5,984448,0.0799095,266870720,NaN,0,0.079956708,267855168,1052.8678939342499,1507651504
8,68,"[2, 2, 3, 1]",70,8.7125e-5,1969248,0.082206917,261398368,NaN,0,0.082294042,263367616,1052.9502069950104,1361802016
8,69,"[2, 2, 2, 2]",69,8.8167e-5,1969280,0.047870542,208553184,NaN,0,0.047958709,210522464,1052.9981861114502,1321736448
8,70,"[2, 2, 1, 3]",-68,NaN,0,NaN,0,1.9458e-5,393664,1.9458e-5,393664,1052.9982240200043,1322136992
8,71,"[2, 2, 0, 4]",-67,NaN,0,NaN,0,1.8708e-5,393664,1.8708e-5,393664,1052.9982459545135,1322537488
8,72,"[2, 1, 5, 0]",105,4.5875e-5,984512,0.076979875,261398352,NaN,0,0.07702575,262382864,1053.0752749443054,1410152528
8,73,"[2, 1, 4, 1]",104,8.7542e-5,1969376,0.09556625,261398368,NaN,0,0.095653792,263367744,1053.1709489822388,1338486288
8,74,"[2, 1, 3, 2]",103,9.0083e-5,1969408,0.167722916,261398624,NaN,0,0.167812999,263368032,1053.3387830257416,1457681936
8,75,"[2, 1, 2, 3]",102,8.8542e-5,1969440,0.078824083,261398288,NaN,0,0.078912625,263367728,1053.4177169799805,1721056544
8,76,"[2, 1, 1, 4]",101,8.8292e-5,1969472,0.076442958,268050192,NaN,0,0.07653125000000001,270019664,1053.4942700862885,1991083088
8,77,"[2, 1, 0, 5]",100,4.6208e-5,984912,0.083945625,273473488,NaN,0,0.083991833,274458400,1053.578283071518,1511206656
8,78,"[2, 0, 6, 0]",148,4.7875e-5,984592,0.079611084,261398352,NaN,0,0.079658959,262382944,1053.6579630374908,1398665600
8,79,"[2, 0, 5, 1]",147,8.9084e-5,1969536,0.08005175,261398352,NaN,0,0.08014083400000001,263367888,1053.7381219863892,1418753424
8,80,"[2, 0, 4, 2]",146,8.9042e-5,1969568,0.0777765,261398656,NaN,0,0.077865542,263368224,1053.816008090973,1339364304
8,81,"[2, 0, 3, 3]",145,9.2625e-5,1969600,0.083412125,261398352,NaN,0,0.08350475,263367952,1053.8995349407196,1338486608
8,82,"[2, 0, 2, 4]",144,8.9583e-5,1969632,0.190068708,261398336,NaN,0,0.190158291,263367968,1054.0897130966187,1376228176
8,83,"[2, 0, 1, 5]",143,8.9792e-5,1969664,0.083755333,261398288,NaN,0,0.083845125,263367952,1054.1735789775848,1639603008
8,84,"[2, 0, 0, 6]",142,0.000125958,985008,0.081294375,263741200,NaN,0,0.081420333,264726208,1054.255019903183,1904336096
8,85,"[1, 7, 0, 0]",-2,NaN,0,NaN,0,1.9541e-5,393664,1.9541e-5,393664,1054.2550580501556,1904736640
8,86,"[1, 6, 1, 0]",-7,NaN,0,NaN,0,1.8292e-5,393664,1.8292e-5,393664,1054.255079984665,1905137136
8,87,"[1, 6, 0, 1]",-6,NaN,0,NaN,0,1.9042e-5,393664,1.9042e-5,393664,1054.2551019191742,1905537632
8,88,"[1, 5, 2, 0]",-16,NaN,0,NaN,0,1.8833e-5,393664,1.8833e-5,393664,1054.255124092102,1905938128
8,89,"[1, 5, 1, 1]",-15,NaN,0,NaN,0,1.8209e-5,393664,1.8209e-5,393664,1054.255145072937,1906338624
8,90,"[1, 5, 0, 2]",-14,NaN,0,NaN,0,1.8417e-5,393664,1.8417e-5,393664,1054.255166053772,1906739120
8,91,"[1, 4, 3, 0]",-30,NaN,0,NaN,0,1.8666e-5,393664,1.8666e-5,393664,1054.2551879882812,1907139616
8,92,"[1, 4, 2, 1]",-29,NaN,0,NaN,0,1.85e-5,393664,1.85e-5,393664,1054.2552089691162,1907540112
8,93,"[1, 4, 1, 2]",-28,NaN,0,NaN,0,1.8542e-5,393664,1.8542e-5,393664,1054.2552309036255,1907940608
8,94,"[1, 4, 0, 3]",-27,NaN,0,NaN,0,1.8834e-5,393664,1.8834e-5,393664,1054.2552530765533,1908341104
8,95,"[1, 3, 4, 0]",-50,NaN,0,NaN,0,1.8792e-5,393664,1.8792e-5,393664,1054.2552740573883,1908741600
8,96,"[1, 3, 3, 1]",-49,NaN,0,NaN,0,1.8334e-5,393664,1.8334e-5,393664,1054.2552950382233,1909142096
8,97,"[1, 3, 2, 2]",-48,NaN,0,NaN,0,1.8334e-5,393664,1.8334e-5,393664,1054.2553160190582,1909542592
8,98,"[1, 3, 1, 3]",-47,NaN,0,NaN,0,1.8958e-5,393664,1.8958e-5,393664,1054.2553379535675,1909943088
8,99,"[1, 3, 0, 4]",-46,NaN,0,NaN,0,1.8458e-5,393664,1.8458e-5,393664,1054.2553601264954,1910343584
8,100,"[1, 2, 5, 0]",-77,NaN,0,NaN,0,2.3833e-5,393664,2.3833e-5,393664,1054.2553861141205,1910744080
8,101,"[1, 2, 4, 1]",-76,NaN,0,NaN,0,3.0625e-5,393664,3.0625e-5,393664,1054.2554190158844,1911144576
8,102,"[1, 2, 3, 2]",-75,NaN,0,NaN,0,3.3792e-5,393664,3.3792e-5,393664,1054.2554559707642,1911545072
8,103,"[1, 2, 2, 3]",-74,NaN,0,NaN,0,3.1166e-5,393664,3.1166e-5,393664,1054.2554891109467,1911945568
8,104,"[1, 2, 1, 4]",-73,NaN,0,NaN,0,3.2125e-5,393664,3.2125e-5,393664,1054.2555239200592,1912346064
8,105,"[1, 2, 0, 5]",-72,NaN,0,NaN,0,3.2084e-5,393664,3.2084e-5,393664,1054.2555589675903,1912746560
8,106,"[1, 1, 6, 0]",112,4.6209e-5,984928,0.081270333,283762640,NaN,0,0.081316542,284747568,1054.3368790149689,1545793696
8,107,"[1, 1, 5, 1]",111,8.975e-5,1970320,0.081689792,262283392,NaN,0,0.081779542,264253712,1054.4186789989471,1386859952
8,108,"[1, 1, 4, 2]",110,8.8917e-5,1970352,0.081653292,261398352,NaN,0,0.081742209,263368704,1054.5004379749298,1386859920
8,109,"[1, 1, 3, 3]",109,8.9458e-5,1970384,0.047119959,202081504,NaN,0,0.047209417000000004,204051888,1054.5476651191711,1329961216
8,110,"[1, 1, 2, 4]",-108,NaN,0,NaN,0,1.9542e-5,393664,1.9542e-5,393664,1054.5477039813995,1330361776
8,111,"[1, 1, 1, 5]",-107,NaN,0,NaN,0,1.85e-5,393664,1.85e-5,393664,1054.5477259159088,1330762272
8,112,"[1, 1, 0, 6]",-106,NaN,0,NaN,0,1.8834e-5,393664,1.8834e-5,393664,1054.5477480888367,1331162768
8,113,"[1, 0, 7, 0]",156,4.6667e-5,985024,0.209015417,391021424,NaN,0,0.209062084,392006448,1054.7568130493164,1450030416
8,114,"[1, 0, 6, 1]",155,9.0167e-5,1970512,0.105366458,394953488,NaN,0,0.105456625,396924000,1054.8622920513153,1846961296
8,115,"[1, 0, 5, 2]",154,9.0625e-5,1970544,0.109629583,443597744,NaN,0,0.109720208,445568288,1054.9720330238342,1609486512
8,116,"[1, 0, 4, 3]",153,9.0125e-5,1970576,0.114744542,388039824,NaN,0,0.114834667,390010400,1055.0868880748749,1593472592
8,117,"[1, 0, 3, 4]",152,8.875e-5,1970608,0.050203084,205571344,NaN,0,0.050291834,207541952,1055.1372001171112,1313995504
8,118,"[1, 0, 2, 5]",151,8.9125e-5,1970640,0.114887875,388039552,NaN,0,0.114977,390010192,1055.252198934555,1404498624
8,119,"[1, 0, 1, 6]",150,8.9333e-5,1970672,0.212891583,388039520,NaN,0,0.212980916,390010192,1055.4651989936829,1450030224
8,120,"[1, 0, 0, 7]",149,4.7833e-5,985568,0.104994458,391971600,NaN,0,0.105042291,392957168,1055.5702619552612,1842994272
8,121,"[0, 8, 0, 0]",-1,NaN,0,NaN,0,1.9416e-5,393664,1.9416e-5,393664,1055.5703010559082,1843394816
8,122,"[0, 7, 1, 0]",-4,NaN,0,NaN,0,2.4834e-5,393664,2.4834e-5,393664,1055.570328950882,1843795312
8,123,"[0, 7, 0, 1]",-3,NaN,0,NaN,0,3.1458e-5,393664,3.1458e-5,393664,1055.570363998413,1844195808
8,124,"[0, 6, 2, 0]",-10,NaN,0,NaN,0,3.3917e-5,393664,3.3917e-5,393664,1055.5703999996185,1844596304
8,125,"[0, 6, 1, 1]",-9,NaN,0,NaN,0,3.1042e-5,393664,3.1042e-5,393664,1055.5704340934753,1844996800
8,126,"[0, 6, 0, 2]",-8,NaN,0,NaN,0,3.1833e-5,393664,3.1833e-5,393664,1055.570468902588,1845397296
8,127,"[0, 5, 3, 0]",-20,NaN,0,NaN,0,3.1791e-5,393664,3.1791e-5,393664,1055.570503950119,1845797792
8,128,"[0, 5, 2, 1]",-19,NaN,0,NaN,0,1.8625e-5,393664,1.8625e-5,393664,1055.570524930954,1846198288
8,129,"[0, 5, 1, 2]",-18,NaN,0,NaN,0,1.8583e-5,393664,1.8583e-5,393664,1055.5705471038818,1846598784
8,130,"[0, 5, 0, 3]",-17,NaN,0,NaN,0,1.8791e-5,393664,1.8791e-5,393664,1055.5705680847168,1846999280
8,131,"[0, 4, 4, 0]",-35,NaN,0,NaN,0,1.8542e-5,393664,1.8542e-5,393664,1055.570590019226,1847399776
8,132,"[0, 4, 3, 1]",-34,NaN,0,NaN,0,1.9e-5,393664,1.9e-5,393664,1055.570611000061,1847800272
8,133,"[0, 4, 2, 2]",-33,NaN,0,NaN,0,1.85e-5,393664,1.85e-5,393664,1055.5706329345703,1848200752
8,134,"[0, 4, 1, 3]",-32,NaN,0,NaN,0,1.8667e-5,393664,1.8667e-5,393664,1055.5706539154053,1848601248
8,135,"[0, 4, 0, 4]",-31,NaN,0,NaN,0,1.8834e-5,393664,1.8834e-5,393664,1055.5706760883331,1849001744
8,136,"[0, 3, 5, 0]",-56,NaN,0,NaN,0,1.8834e-5,393664,1.8834e-5,393664,1055.5706980228424,1849402240
8,137,"[0, 3, 4, 1]",-55,NaN,0,NaN,0,1.8334e-5,393664,1.8334e-5,393664,1055.5707199573517,1849802736
8,138,"[0, 3, 3, 2]",-54,NaN,0,NaN,0,1.8625e-5,393664,1.8625e-5,393664,1055.5707409381866,1850203232
8,139,"[0, 3, 2, 3]",-53,NaN,0,NaN,0,1.8625e-5,393664,1.8625e-5,393664,1055.5707619190216,1850603728
8,140,"[0, 3, 1, 4]",-52,NaN,0,NaN,0,1.9e-5,393664,1.9e-5,393664,1055.5707840919495,1851004224
8,141,"[0, 3, 0, 5]",-51,NaN,0,NaN,0,1.8208e-5,393664,1.8208e-5,393664,1055.5708050727844,1851404704
8,142,"[0, 2, 6, 0]",-84,NaN,0,NaN,0,1.8833e-5,393664,1.8833e-5,393664,1055.5708270072937,1851805200
8,143,"[0, 2, 5, 1]",-83,NaN,0,NaN,0,1.8833e-5,393664,1.8833e-5,393664,1055.5708479881287,1852205696
8,144,"[0, 2, 4, 2]",-82,NaN,0,NaN,0,3.0e-5,393664,3.0e-5,393664,1055.5708820819855,1852606192
8,145,"[0, 2, 3, 3]",-81,NaN,0,NaN,0,2.9625e-5,393664,2.9625e-5,393664,1055.570914030075,1853006672
8,146,"[0, 2, 2, 4]",-80,NaN,0,NaN,0,3.4416e-5,393664,3.4416e-5,393664,1055.5709509849548,1853407168
8,147,"[0, 2, 1, 5]",-79,NaN,0,NaN,0,3.1625e-5,393664,3.1625e-5,393664,1055.570986032486,1853807664
8,148,"[0, 2, 0, 6]",-78,NaN,0,NaN,0,3.2e-5,393664,3.2e-5,393664,1055.5710201263428,1854208160
8,149,"[0, 1, 7, 0]",-120,NaN,0,NaN,0,3.3583e-5,393664,3.3583e-5,393664,1055.5710570812225,1854608640
8,150,"[0, 1, 6, 1]",-119,NaN,0,NaN,0,3.0958e-5,393664,3.0958e-5,393664,1055.5710909366608,1855009136
8,151,"[0, 1, 5, 2]",-118,NaN,0,NaN,0,3.1292e-5,393664,3.1292e-5,393664,1055.5711240768433,1855409632
8,152,"[0, 1, 4, 3]",-117,NaN,0,NaN,0,3.0625e-5,393664,3.0625e-5,393664,1055.5711579322815,1855810128
8,153,"[0, 1, 3, 4]",-116,NaN,0,NaN,0,3.0666e-5,393664,3.0666e-5,393664,1055.571191072464,1856210624
8,154,"[0, 1, 2, 5]",-115,NaN,0,NaN,0,3.1625e-5,393664,3.1625e-5,393664,1055.5712261199951,1856611120
8,155,"[0, 1, 1, 6]",-114,NaN,0,NaN,0,3.0459e-5,393664,3.0459e-5,393664,1055.571259021759,1857011616
8,156,"[0, 1, 0, 7]",-113,NaN,0,NaN,0,3.1083e-5,393664,3.1083e-5,393664,1055.5712931156158,1857412112
8,157,"[0, 0, 8, 0]",165,5.0042e-5,985584,0.082328083,299048896,NaN,0,0.082378125,300034480,1055.6536741256714,1458482496
8,158,"[0, 0, 7, 1]",164,9.0958e-5,1971760,0.081373958,261398576,NaN,0,0.081464916,263370336,1055.735160112381,1721859712
8,159,"[0, 0, 6, 2]",163,9.0625e-5,1971792,0.083376333,261398400,NaN,0,0.083466958,263370192,1055.818645954132,1538923968
8,160,"[0, 0, 5, 3]",162,0.002894083,1971888,0.078574875,261398304,NaN,0,0.08146895800000001,263370192,1055.9001369476318,1365302048
8,161,"[0, 0, 4, 4]",161,9.4e-5,1971856,0.04966175,192627936,NaN,0,0.049755749999999994,194599792,1055.949914932251,1421321344
8,162,"[0, 0, 3, 5]",-160,NaN,0,NaN,0,1.9791e-5,393664,1.9791e-5,393664,1055.9499530792236,1421721888
8,163,"[0, 0, 2, 6]",-159,NaN,0,NaN,0,1.85e-5,393664,1.85e-5,393664,1055.949975013733,1422122384
8,164,"[0, 0, 1, 7]",-158,NaN,0,NaN,0,1.8583e-5,393664,1.8583e-5,393664,1055.9499969482422,1422522880
8,165,"[0, 0, 0, 8]",-157,NaN,0,NaN,0,1.8417e-5,393664,1.8417e-5,393664,1055.9500179290771,1422923376
9,1,"[9, 0, 0, 0]",166,1.083e-6,0,0.114653459,292839200,NaN,0,0.114654542,292839200,2495.428852081299,1348740432
9,2,"[8, 1, 0, 0]",121,6.25e-7,0,0.105655125,316350240,NaN,0,0.10565575,316350240,2495.5345380306244,1451311808
9,3,"[8, 0, 1, 0]",168,0.000118542,983792,0.179605542,291889296,NaN,0,0.179724084,292873088,2495.714285135269,1502876128
9,4,"[8, 0, 0, 1]",167,4.8375e-5,983808,0.095318833,291151632,NaN,0,0.09536720800000001,292135440,2495.8096709251404,1795018448
9,5,"[7, 2, 0, 0]",85,5.42e-7,0,0.097749541,281124768,NaN,0,0.097750083,281124768,2495.90744304657,1399661696
9,6,"[7, 1, 1, 0]",123,4.4833e-5,983808,0.085210792,261398288,NaN,0,0.08525562499999999,262382096,2495.9927201271057,1662050624
9,7,"[7, 1, 0, 1]",122,4.4958e-5,983856,0.090076709,265740160,NaN,0,0.090121667,266724016,2496.082859992981,1425443936
9,8,"[7, 0, 2, 0]",171,4.4917e-5,983824,0.083920584,261398352,NaN,0,0.08396550100000001,262382176,2496.1668429374695,1418753184
9,9,"[7, 0, 1, 1]",170,9.425e-5,1967712,0.085211292,261398656,NaN,0,0.085305542,263366368,2496.25217294693,1338485920
9,10,"[7, 0, 0, 2]",169,4.5875e-5,983888,0.100746375,265740112,NaN,0,0.10079225,266724000,2496.3529839515686,1342828048
9,11,"[6, 3, 0, 0]",57,2.09e-7,0,0.174235041,261398336,NaN,0,0.17423525,261398336,2496.5272359848022,1457681936
9,12,"[6, 2, 1, 0]",87,4.5417e-5,983856,0.100202375,265740048,NaN,0,0.100247792,266723904,2496.627501010895,1724412688
9,13,"[6, 2, 0, 1]",86,4.5625e-5,983952,0.09164125,271507216,NaN,0,0.09168687499999999,272491168,2496.719209909439,1996910736
9,14,"[6, 1, 2, 0]",126,4.6292e-5,983872,0.0940695,272555984,NaN,0,0.094115792,273539856,2496.813348054886,1546580608
9,15,"[6, 1, 1, 1]",125,9.2125e-5,1967856,0.084624375,265740400,NaN,0,0.0847165,267708256,2496.8980951309204,1423095312
9,16,"[6, 1, 0, 2]",124,4.4667e-5,983984,0.082880875,261398352,NaN,0,0.082925542,262382336,2496.98104596138,1457682416
9,17,"[6, 0, 3, 0]",175,4.8125e-5,983904,0.084562666,261398368,NaN,0,0.08461079099999999,262382272,2497.0656731128693,1339364432
9,18,"[6, 0, 2, 1]",174,8.4917e-5,1967920,0.100306416,261398352,NaN,0,0.100391333,263366272,2497.1660850048065,1338486288
9,19,"[6, 0, 1, 2]",173,8.4792e-5,1967952,0.174836042,261398336,NaN,0,0.174920834,263366288,2497.3410210609436,1457681936
9,20,"[6, 0, 0, 3]",172,4.4333e-5,984032,0.07860775,265740048,NaN,0,0.078652083,266724080,2497.419687986374,1724412896
9,21,"[5, 4, 0, 0]",36,4.1e-8,0,0.099932167,322367056,NaN,0,0.09993220800000001,322367056,2497.5196380615234,1361061024
9,22,"[5, 3, 1, 0]",59,4.45e-5,983952,0.083409625,261398288,NaN,0,0.083454125,262382240,2497.6031069755554,1623450112
9,23,"[5, 3, 0, 1]",58,4.5958e-5,984112,0.091289875,307244304,NaN,0,0.091335833,308228416,2497.6944649219513,1528750000
9,24,"[5, 2, 2, 0]",90,4.525e-5,983968,0.083711584,261398368,NaN,0,0.083756834,262382336,2497.778237104416,1338485872
9,25,"[5, 2, 1, 1]",89,8.625e-5,1968112,0.083788583,265740096,NaN,0,0.083874833,267708208,2497.8621349334717,1403007200
9,26,"[5, 2, 0, 2]",88,4.5125e-5,984144,0.1907835,302902496,NaN,0,0.190828625,303886640,2498.052978992462,1437820400
9,27,"[5, 1, 3, 0]",130,4.4709e-5,984000,0.08774125,265740336,NaN,0,0.08778595900000001,266724336,2498.1407840251923,1704551616
9,28,"[5, 1, 2, 1]",129,0.000106208,1968176,0.080328042,268787472,NaN,0,0.08043425,270755648,2498.2212319374084,1975314160
9,29,"[5, 1, 1, 2]",128,0.000230709,1968208,0.084105959,264822736,NaN,0,0.08433666799999999,266790944,2498.3055860996246,1541633104
9,30,"[5, 1, 0, 3]",127,4.5375e-5,984192,0.083858458,307244256,NaN,0,0.083903833,308228448,2498.3895061016083,1503528640
9,31,"[5, 0, 4, 0]",180,4.6125e-5,984048,0.08412625,261398368,NaN,0,0.084172375,262382416,2498.473694086075,1338486608
9,32,"[5, 0, 3, 1]",179,0.000129458,1968272,0.078141917,265740096,NaN,0,0.078271375,267708368,2498.551985025406,1403007936
9,33,"[5, 0, 2, 2]",178,8.6e-5,1968304,0.1920385,261398656,NaN,0,0.1921245,263366960,2498.744132041931,1338485840
9,34,"[5, 0, 1, 3]",177,8.5958e-5,1968336,0.081782125,265740048,NaN,0,0.081868083,267708384,2498.8260130882263,1606201104
9,35,"[5, 0, 0, 4]",176,4.4792e-5,984256,0.091333417,307244192,NaN,0,0.091378209,308228448,2498.9174089431763,1914436432
9,36,"[4, 5, 0, 0]",-21,NaN,0,NaN,0,6.3292e-5,393664,6.3292e-5,393664,2498.9174909591675,1914836976
9,37,"[4, 4, 1, 0]",38,0.000111291,984112,0.095067916,346713376,NaN,0,0.095179207,347697488,2499.012675046921,1566753520
9,38,"[4, 4, 0, 1]",-37,NaN,0,NaN,0,3.0375e-5,393664,3.0375e-5,393664,2499.012720108032,1567154064
9,39,"[4, 3, 2, 0]",62,4.5959e-5,984128,0.091946125,265740112,NaN,0,0.091992084,266724240,2499.104716062546,1474450912
9,40,"[4, 3, 1, 1]",61,8.7625e-5,1968512,0.089291791,307244256,NaN,0,0.08937941599999999,309212768,2499.1941170692444,1441978192
9,41,"[4, 3, 0, 2]",60,4.65e-5,984384,0.089423291,307244544,NaN,0,0.089469791,308228928,2499.2836089134216,1419541056
9,42,"[4, 2, 3, 0]",94,4.475e-5,984160,0.082506291,265740128,NaN,0,0.08255104099999999,266724288,2499.3661770820618,1411486928
9,43,"[4, 2, 2, 1]",93,8.7291e-5,1968576,0.190724,265740160,NaN,0,0.190811291,267708736,2499.5570039749146,1365264448
9,44,"[4, 2, 1, 2]",92,8.8084e-5,1968608,0.087434667,302902432,NaN,0,0.087522751,304871040,2499.6445450782776,1670142368
9,45,"[4, 2, 0, 3]",91,4.6375e-5,984432,0.098591333,318565536,NaN,0,0.098637708,319549968,2499.743196964264,1989699216
9,46,"[4, 1, 4, 0]",135,4.4708e-5,984208,0.084693959,296001424,NaN,0,0.084738667,296985632,2499.8279609680176,1580332912
9,47,"[4, 1, 3, 1]",134,9.025e-5,1968672,0.079439375,261398656,NaN,0,0.079529625,263367328,2499.907516002655,1434801744
9,48,"[4, 1, 2, 2]",133,8.8959e-5,1968704,0.088442833,265740096,NaN,0,0.088531792,267708800,2499.9960680007935,1476007632
9,49,"[4, 1, 1, 3]",132,8.75e-5,1968736,0.092278333,302902512,NaN,0,0.09236583300000001,304871248,2500.088457107544,1386140784
9,50,"[4, 1, 0, 4]",131,4.5584e-5,984496,0.196214375,302902544,NaN,0,0.19625995899999998,303887040,2500.2847340106964,1335576688
9,51,"[4, 0, 5, 0]",186,4.4875e-5,984272,0.0784995,261398288,NaN,0,0.078544375,262382560,2500.363291978836,1597966144
9,52,"[4, 0, 4, 1]",185,8.5875e-5,1968800,0.076340084,265740048,NaN,0,0.076425959,267708848,2500.4397320747375,1865681872
9,53,"[4, 0, 3, 2]",184,9.1417e-5,1968832,0.088843417,288809152,NaN,0,0.08893483399999999,290777984,2500.528683900833,1442557712
9,54,"[4, 0, 2, 3]",183,8.8917e-5,1968864,0.083386166,261398352,NaN,0,0.08347508299999999,263367216,2500.6121780872345,1406627680
9,55,"[4, 0, 1, 4]",182,8.6875e-5,1968896,0.089150459,307244256,NaN,0,0.089237334,309213152,2500.7014350891113,1381281712
9,56,"[4, 0, 0, 5]",181,4.6125e-5,984576,0.086780875,302902480,NaN,0,0.08682699999999999,303887056,2500.788288116455,1421809360
9,57,"[3, 6, 0, 0]",-11,NaN,0,NaN,0,3.5792e-5,393664,3.5792e-5,393664,2500.78834605217,1422209920
9,58,"[3, 5, 1, 0]",-23,NaN,0,NaN,0,3.2292e-5,393664,3.2292e-5,393664,2500.7883820533752,1422610416
9,59,"[3, 5, 0, 1]",-22,NaN,0,NaN,0,4.3917e-5,393664,4.3917e-5,393664,2500.7884290218353,1423010912
9,60,"[3, 4, 2, 0]",-41,NaN,0,NaN,0,3.4417e-5,393664,3.4417e-5,393664,2500.7884669303894,1423411408
9,61,"[3, 4, 1, 1]",-40,NaN,0,NaN,0,3.1083e-5,393664,3.1083e-5,393664,2500.788500070572,1423811904
9,62,"[3, 4, 0, 2]",-39,NaN,0,NaN,0,3.2e-5,393664,3.2e-5,393664,2500.788535118103,1424212400
9,63,"[3, 3, 3, 0]",66,4.5292e-5,984400,0.081078125,261398368,NaN,0,0.081123417,262382768,2500.8696620464325,1384190864
9,64,"[3, 3, 2, 1]",65,8.7e-5,1969152,0.190212042,307244304,NaN,0,0.190299042,309213456,2501.0599761009216,1338362000
9,65,"[3, 3, 1, 2]",-64,NaN,0,NaN,0,3.2458e-5,393664,3.2458e-5,393664,2501.06001996994,1338762544
9,66,"[3, 3, 0, 3]",-63,NaN,0,NaN,0,3.0375e-5,393664,3.0375e-5,393664,2501.060054063797,1339163040
9,67,"[3, 2, 4, 0]",99,4.5792e-5,984448,0.084952,261398576,NaN,0,0.084997792,262383024,2501.1450560092926,1601552896
9,68,"[3, 2, 3, 1]",98,8.6416e-5,1969248,0.079748666,265740048,NaN,0,0.079835082,267709296,2501.2249059677124,1869269072
9,69,"[3, 2, 2, 2]",97,8.75e-5,1969280,0.095681459,341634368,NaN,0,0.095768959,343603648,2501.3206930160522,1436167040
9,70,"[3, 2, 1, 3]",96,8.6792e-5,1969312,0.091896583,302902496,NaN,0,0.091983375,304871808,2501.412691116333,1383019584
9,71,"[3, 2, 0, 4]",95,6.1833e-5,984832,0.080457042,261398352,NaN,0,0.080518875,262383184,2501.493227958679,1408365552
9,72,"[3, 1, 5, 0]",141,4.5792e-5,984512,0.116517459,265740128,NaN,0,0.116563251,266724640,2501.609806060791,1349742880
9,73,"[3, 1, 4, 1]",140,8.8e-5,1969376,0.094124041,261398640,NaN,0,0.09421204100000001,263368016,2501.7040379047394,1375678928
9,74,"[3, 1, 3, 2]",139,8.7375e-5,1969408,0.17417075,261398352,NaN,0,0.174258125,263367760,2501.878313064575,1457681968
9,75,"[3, 1, 2, 3]",138,0.000220708,1969440,0.087863208,307244192,NaN,0,0.088083916,309213632,2501.966413974762,1766902480
9,76,"[3, 1, 1, 4]",137,8.8417e-5,1969472,0.098172542,354381088,NaN,0,0.098260959,356350560,2502.064693927765,1414007696
9,77,"[3, 1, 0, 5]",136,4.475e-5,984912,0.081307917,261398368,NaN,0,0.08135266699999999,262383280,2502.1460621356964,1363708624
9,78,"[3, 0, 6, 0]",193,4.5875e-5,984592,0.08301175,265740112,NaN,0,0.083057625,266724704,2502.229134082794,1365265072
9,79,"[3, 0, 5, 1]",192,8.7542e-5,1969536,0.085428208,261398640,NaN,0,0.08551575,263368176,2502.3146669864655,1360923312
9,80,"[3, 0, 4, 2]",191,8.6875e-5,1969568,0.183616875,265740112,NaN,0,0.18370375,267709680,2502.498384952545,1342827600
9,81,"[3, 0, 3, 3]",190,8.7625e-5,1969600,0.080072791,261398288,NaN,0,0.080160416,263367888,2502.5785579681396,1606202368
9,82,"[3, 0, 2, 4]",189,8.8875e-5,1969632,0.084649833,318942368,NaN,0,0.084738708,320912000,2502.663321018219,1927121248
9,83,"[3, 0, 1, 5]",188,8.8916e-5,1969664,0.094021709,344010048,NaN,0,0.09411062499999999,345979712,2502.7574479579926,1557527872
9,84,"[3, 0, 0, 6]",187,4.9791e-5,985008,0.08720575,261398352,NaN,0,0.08725554099999999,262383360,2502.8447210788727,1438446784
9,85,"[2, 7, 0, 0]",-5,NaN,0,NaN,0,3.5042e-5,393664,3.5042e-5,393664,2502.8447709083557,1438847344
9,86,"[2, 6, 1, 0]",-13,NaN,0,NaN,0,3.1333e-5,393664,3.1333e-5,393664,2502.844805955887,1439247840
9,87,"[2, 6, 0, 1]",-12,NaN,0,NaN,0,3.1833e-5,393664,3.1833e-5,393664,2502.844841003418,1439648336
9,88,"[2, 5, 2, 0]",-26,NaN,0,NaN,0,3.1791e-5,393664,3.1791e-5,393664,2502.844876050949,1440048832
9,89,"[2, 5, 1, 1]",-25,NaN,0,NaN,0,3.0459e-5,393664,3.0459e-5,393664,2502.844908952713,1440449328
9,90,"[2, 5, 0, 2]",-24,NaN,0,NaN,0,5.5833e-5,393664,5.5833e-5,393664,2502.8449680805206,1440849824
9,91,"[2, 4, 3, 0]",-45,NaN,0,NaN,0,4.8667e-5,393664,4.8667e-5,393664,2502.8450191020966,1441250320
9,92,"[2, 4, 2, 1]",-44,NaN,0,NaN,0,4.1625e-5,393664,4.1625e-5,393664,2502.8450639247894,1441650816
9,93,"[2, 4, 1, 2]",-43,NaN,0,NaN,0,4.5792e-5,393664,4.5792e-5,393664,2502.8451130390167,1442051312
9,94,"[2, 4, 0, 3]",-42,NaN,0,NaN,0,4.0709e-5,393664,4.0709e-5,393664,2502.8451569080353,1442451808
9,95,"[2, 3, 4, 0]",-71,NaN,0,NaN,0,3.7625e-5,393664,3.7625e-5,393664,2502.8451969623566,1442852304
9,96,"[2, 3, 3, 1]",-70,NaN,0,NaN,0,3.0375e-5,393664,3.0375e-5,393664,2502.845230102539,1443252800
9,97,"[2, 3, 2, 2]",-69,NaN,0,NaN,0,3.8291e-5,393664,3.8291e-5,393664,2502.846137046814,1443653296
9,98,"[2, 3, 1, 3]",-68,NaN,0,NaN,0,3.125e-5,393664,3.125e-5,393664,2502.8461759090424,1444053792
9,99,"[2, 3, 0, 4]",-67,NaN,0,NaN,0,3.0458e-5,393664,3.0458e-5,393664,2502.846210002899,1444454288
9,100,"[2, 2, 5, 0]",105,4.4416e-5,984848,0.0818345,265740400,NaN,0,0.08187891600000001,266725248,2502.9280920028687,1440003488
9,101,"[2, 2, 4, 1]",104,8.8625e-5,1970160,0.081599958,261398368,NaN,0,0.081688583,263368528,2503.0097959041595,1375482832
9,102,"[2, 2, 3, 2]",103,8.7083e-5,1970192,0.196172166,307244272,NaN,0,0.196259249,309214464,2503.206069946289,1313139904
9,103,"[2, 2, 2, 3]",-102,NaN,0,NaN,0,3.1042e-5,393664,3.1042e-5,393664,2503.206113100052,1313540448
9,104,"[2, 2, 1, 4]",-101,NaN,0,NaN,0,3.1375e-5,393664,3.1375e-5,393664,2503.2061479091644,1313940944
9,105,"[2, 2, 0, 5]",-100,NaN,0,NaN,0,3.15e-5,393664,3.15e-5,393664,2503.2061820030212,1314341440
9,106,"[2, 1, 6, 0]",148,4.6167e-5,984928,0.086722333,261398288,NaN,0,0.0867685,262383216,2503.292953968048,1576731488
9,107,"[2, 1, 5, 1]",147,8.8542e-5,1970320,0.084536583,269164304,NaN,0,0.084625125,271134624,2503.3775939941406,1847872992
9,108,"[2, 1, 4, 2]",146,9.6125e-5,1970352,0.087869208,307519376,NaN,0,0.087965333,309489728,2503.465574979782,1481387920
9,109,"[2, 1, 3, 3]",145,8.8666e-5,1970384,0.094409833,302902800,NaN,0,0.094498499,304873184,2503.5600879192352,1381281872
9,110,"[2, 1, 2, 4]",144,9.4583e-5,1970416,0.093269666,305949920,NaN,0,0.093364249,307920336,2503.653465986252,1387114544
9,111,"[2, 1, 1, 5]",143,8.95e-5,1970448,0.081491,261398352,NaN,0,0.0815805,263368800,2503.7350599765778,1410291232
9,112,"[2, 1, 0, 6]",142,4.5083e-5,985456,0.089102125,261398352,NaN,0,0.089147208,262383808,2503.824219942093,1385069136
9,113,"[2, 0, 7, 0]",201,5.0041e-5,985024,0.18558775,261398384,NaN,0,0.185637791,262383408,2504.009871006012,1460467216
9,114,"[2, 0, 6, 1]",200,8.8708e-5,1970512,0.083192958,265740048,NaN,0,0.083281666,267710560,2504.0931680202484,1728184656
9,115,"[2, 0, 5, 2]",199,8.9917e-5,1970544,0.079522625,294740016,NaN,0,0.079612542,296710560,2504.1728010177612,2024902096
9,116,"[2, 0, 4, 3]",198,8.9375e-5,1970576,0.085827667,261595088,NaN,0,0.085917042,263565664,2504.258733034134,1535620224
9,117,"[2, 0, 3, 4]",197,8.9833e-5,1970608,0.083771208,303279328,NaN,0,0.083861041,305249936,2504.3426089286804,1499563808
9,118,"[2, 0, 2, 5]",196,9.0041e-5,1970640,0.089643917,302902496,NaN,0,0.089733958,304873136,2504.432359933853,1350883024
9,119,"[2, 0, 1, 6]",195,8.9875e-5,1970672,0.08331025,261398368,NaN,0,0.083400125,263369040,2504.5157759189606,1338487072
9,120,"[2, 0, 0, 7]",194,4.5667e-5,985568,0.095387042,265740064,NaN,0,0.095432709,266725632,2504.611221075058,1411486944
9,121,"[1, 8, 0, 0]",-2,NaN,0,NaN,0,3.7291e-5,393664,3.7291e-5,393664,2504.611272096634,1411887488
9,122,"[1, 7, 1, 0]",-7,NaN,0,NaN,0,3.0458e-5,393664,3.0458e-5,393664,2504.611304998398,1412287984
9,123,"[1, 7, 0, 1]",-6,NaN,0,NaN,0,3.2416e-5,393664,3.2416e-5,393664,2504.611340045929,1412688480
9,124,"[1, 6, 2, 0]",-16,NaN,0,NaN,0,3.0416e-5,393664,3.0416e-5,393664,2504.611372947693,1413088976
9,125,"[1, 6, 1, 1]",-15,NaN,0,NaN,0,3.1125e-5,393664,3.1125e-5,393664,2504.6114070415497,1413489472
9,126,"[1, 6, 0, 2]",-14,NaN,0,NaN,0,3.125e-5,393664,3.125e-5,393664,2504.6114411354065,1413889968
9,127,"[1, 5, 3, 0]",-30,NaN,0,NaN,0,3.0209e-5,393664,3.0209e-5,393664,2504.6114740371704,1414290464
9,128,"[1, 5, 2, 1]",-29,NaN,0,NaN,0,3.0417e-5,393664,3.0417e-5,393664,2504.6115069389343,1414690960
9,129,"[1, 5, 1, 2]",-28,NaN,0,NaN,0,2.9708e-5,393664,2.9708e-5,393664,2504.611540079117,1415091456
9,130,"[1, 5, 0, 3]",-27,NaN,0,NaN,0,3.0959e-5,393664,3.0959e-5,393664,2504.611573934555,1415491952
9,131,"[1, 4, 4, 0]",-50,NaN,0,NaN,0,4.0625e-5,393664,4.0625e-5,393664,2504.611617088318,1415892448
9,132,"[1, 4, 3, 1]",-49,NaN,0,NaN,0,3.0917e-5,393664,3.0917e-5,393664,2504.611650943756,1416292944
9,133,"[1, 4, 2, 2]",-48,NaN,0,NaN,0,5.9375e-5,393664,5.9375e-5,393664,2504.6117129325867,1416693440
9,134,"[1, 4, 1, 3]",-47,NaN,0,NaN,0,5.225e-5,393664,5.225e-5,393664,2504.6117680072784,1417093936
9,135,"[1, 4, 0, 4]",-46,NaN,0,NaN,0,4.8542e-5,393664,4.8542e-5,393664,2504.6118199825287,1417494432
9,136,"[1, 3, 5, 0]",-77,NaN,0,NaN,0,4.775e-5,393664,4.775e-5,393664,2504.6118700504303,1417894928
9,137,"[1, 3, 4, 1]",-76,NaN,0,NaN,0,5.1292e-5,393664,5.1292e-5,393664,2504.611923933029,1418295424
9,138,"[1, 3, 3, 2]",-75,NaN,0,NaN,0,4.2916e-5,393664,4.2916e-5,393664,2504.611969947815,1418695920
9,139,"[1, 3, 2, 3]",-74,NaN,0,NaN,0,3.0875e-5,393664,3.0875e-5,393664,2504.6120040416718,1419096416
9,140,"[1, 3, 1, 4]",-73,NaN,0,NaN,0,3.1375e-5,393664,3.1375e-5,393664,2504.6120369434357,1419496912
9,141,"[1, 3, 0, 5]",-72,NaN,0,NaN,0,2.9875e-5,393664,2.9875e-5,393664,2504.612070083618,1419897408
9,142,"[1, 2, 6, 0]",-112,NaN,0,NaN,0,3.1125e-5,393664,3.1125e-5,393664,2504.612102985382,1420297904
9,143,"[1, 2, 5, 1]",-111,NaN,0,NaN,0,3.4e-5,393664,3.4e-5,393664,2504.612139940262,1420698400
9,144,"[1, 2, 4, 2]",-110,NaN,0,NaN,0,3.4333e-5,393664,3.4333e-5,393664,2504.61217713356,1421098880
9,145,"[1, 2, 3, 3]",-109,NaN,0,NaN,0,3.1e-5,393664,3.1e-5,393664,2504.6122109889984,1421499376
9,146,"[1, 2, 2, 4]",-108,NaN,0,NaN,0,3.0875e-5,393664,3.0875e-5,393664,2504.612245082855,1421899872
9,147,"[1, 2, 1, 5]",-107,NaN,0,NaN,0,3.1042e-5,393664,3.1042e-5,393664,2504.6122789382935,1422300368
9,148,"[1, 2, 0, 6]",-106,NaN,0,NaN,0,3.0584e-5,393664,3.0584e-5,393664,2504.612312078476,1422700864
9,149,"[1, 1, 7, 0]",156,4.6708e-5,985472,0.175396958,261398672,NaN,0,0.175443666,262384144,2504.7877581119537,1480118832
9,150,"[1, 1, 6, 1]",155,9.05e-5,1971536,0.080648709,265740048,NaN,0,0.08073920899999999,267711584,2504.868511915207,1747837296
9,151,"[1, 1, 5, 2]",154,8.9917e-5,1971568,0.088994875,294739872,NaN,0,0.089084792,296711440,2504.9576120376587,1395975936
9,152,"[1, 1, 4, 3]",153,9.0292e-5,1971600,0.085353375,302902432,NaN,0,0.085443667,304874032,2505.043070077896,1700856848
9,153,"[1, 1, 3, 4]",-152,NaN,0,NaN,0,3.1459e-5,393664,3.1459e-5,393664,2505.043116092682,1701257392
9,154,"[1, 1, 2, 5]",-151,NaN,0,NaN,0,3.2375e-5,393664,3.2375e-5,393664,2505.0431520938873,1701657888
9,155,"[1, 1, 1, 6]",-150,NaN,0,NaN,0,5.5041e-5,393664,5.5041e-5,393664,2505.043210029602,1702058384
9,156,"[1, 1, 0, 7]",-149,NaN,0,NaN,0,5.0792e-5,393664,5.0792e-5,393664,2505.043265104294,1702458880
9,157,"[1, 0, 8, 0]",210,4.5875e-5,985584,0.115623416,394068896,NaN,0,0.11566929100000001,395054480,2505.1589369773865,1453078624
9,158,"[1, 0, 7, 1]",209,8.8541e-5,1971760,0.125502542,398410608,NaN,0,0.125591083,400382368,2505.2845420837402,1457420048
9,159,"[1, 0, 6, 2]",208,9.0084e-5,1971792,0.204190625,394069104,NaN,0,0.20428070899999998,396040896,2505.488837957382,1623219888
9,160,"[1, 0, 5, 3]",207,9.1666e-5,1971824,0.112093958,441467792,NaN,0,0.112185624,443439616,2505.6010410785675,1535357152
9,161,"[1, 0, 4, 4]",206,9.0042e-5,1971856,0.090399125,305949920,NaN,0,0.090489167,307921776,2505.6915440559387,1376366480
9,162,"[1, 0, 3, 5]",205,9.125e-5,1971888,0.08450875,302902496,NaN,0,0.0846,304874384,2505.7761640548706,1396536896
9,163,"[1, 0, 2, 6]",204,9.0917e-5,1971920,0.108020292,388039552,NaN,0,0.108111209,390011472,2505.8842980861664,1413166000
9,164,"[1, 0, 1, 7]",203,9.125e-5,1971952,0.127710041,392381296,NaN,0,0.12780129099999998,394353248,2506.0121150016785,1442566256
9,165,"[1, 0, 0, 8]",202,4.7416e-5,986272,0.20175975,395428960,NaN,0,0.20180716599999998,396415232,2506.2139370441437,1591712272
9,166,"[0, 9, 0, 0]",-1,NaN,0,NaN,0,3.45e-5,393664,3.45e-5,393664,2506.2139949798584,1592112832
9,167,"[0, 8, 1, 0]",-4,NaN,0,NaN,0,3.15e-5,393664,3.15e-5,393664,2506.214029073715,1592513328
9,168,"[0, 8, 0, 1]",-3,NaN,0,NaN,0,3.2208e-5,393664,3.2208e-5,393664,2506.2140641212463,1592913808
9,169,"[0, 7, 2, 0]",-10,NaN,0,NaN,0,3.0583e-5,393664,3.0583e-5,393664,2506.2140979766846,1593314304
9,170,"[0, 7, 1, 1]",-9,NaN,0,NaN,0,3.425e-5,393664,3.425e-5,393664,2506.2141349315643,1593714800
9,171,"[0, 7, 0, 2]",-8,NaN,0,NaN,0,3.0375e-5,393664,3.0375e-5,393664,2506.214168071747,1594115296
9,172,"[0, 6, 3, 0]",-20,NaN,0,NaN,0,3.2375e-5,393664,3.2375e-5,393664,2506.214203119278,1594515792
9,173,"[0, 6, 2, 1]",-19,NaN,0,NaN,0,3.3958e-5,393664,3.3958e-5,393664,2506.2142400741577,1594916288
9,174,"[0, 6, 1, 2]",-18,NaN,0,NaN,0,3.0291e-5,393664,3.0291e-5,393664,2506.214273929596,1595316784
9,175,"[0, 6, 0, 3]",-17,NaN,0,NaN,0,3.1e-5,393664,3.1e-5,393664,2506.2143080234528,1595717280
9,176,"[0, 5, 4, 0]",-35,NaN,0,NaN,0,4.3875e-5,393664,4.3875e-5,393664,2506.214354991913,1596117760
9,177,"[0, 5, 3, 1]",-34,NaN,0,NaN,0,4.6167e-5,393664,4.6167e-5,393664,2506.21440410614,1596518256
9,178,"[0, 5, 2, 2]",-33,NaN,0,NaN,0,5.8667e-5,393664,5.8667e-5,393664,2506.2144660949707,1596918752
9,179,"[0, 5, 1, 3]",-32,NaN,0,NaN,0,6.5458e-5,393664,6.5458e-5,393664,2506.2145340442657,1597319248
9,180,"[0, 5, 0, 4]",-31,NaN,0,NaN,0,6.4166e-5,393664,6.4166e-5,393664,2506.2146010398865,1597719744
9,181,"[0, 4, 5, 0]",-56,NaN,0,NaN,0,6.3083e-5,393664,6.3083e-5,393664,2506.214667081833,1598120240
9,182,"[0, 4, 4, 1]",-55,NaN,0,NaN,0,4.5375e-5,393664,4.5375e-5,393664,2506.2147150039673,1598520736
9,183,"[0, 4, 3, 2]",-54,NaN,0,NaN,0,3.0208e-5,393664,3.0208e-5,393664,2506.214747905731,1598921232
9,184,"[0, 4, 2, 3]",-53,NaN,0,NaN,0,3.1084e-5,393664,3.1084e-5,393664,2506.214781999588,1599321728
9,185,"[0, 4, 1, 4]",-52,NaN,0,NaN,0,2.9583e-5,393664,2.9583e-5,393664,2506.2148139476776,1599722224
9,186,"[0, 4, 0, 5]",-51,NaN,0,NaN,0,3.125e-5,393664,3.125e-5,393664,2506.2148480415344,1600122720
9,187,"[0, 3, 6, 0]",-84,NaN,0,NaN,0,3.175e-5,393664,3.175e-5,393664,2506.2148821353912,1600523216
9,188,"[0, 3, 5, 1]",-83,NaN,0,NaN,0,3.0875e-5,393664,3.0875e-5,393664,2506.2149159908295,1600923712
9,189,"[0, 3, 4, 2]",-82,NaN,0,NaN,0,3.3625e-5,393664,3.3625e-5,393664,2506.214951992035,1601324208
9,190,"[0, 3, 3, 3]",-81,NaN,0,NaN,0,2.9958e-5,393664,2.9958e-5,393664,2506.2149851322174,1601724704
9,191,"[0, 3, 2, 4]",-80,NaN,0,NaN,0,3.2291e-5,393664,3.2291e-5,393664,2506.21501994133,1602125200
9,192,"[0, 3, 1, 5]",-79,NaN,0,NaN,0,3.2542e-5,393664,3.2542e-5,393664,2506.215054988861,1602525696
9,193,"[0, 3, 0, 6]",-78,NaN,0,NaN,0,3.4125e-5,393664,3.4125e-5,393664,2506.215091943741,1602926192
9,194,"[0, 2, 7, 0]",-120,NaN,0,NaN,0,4.6292e-5,393664,4.6292e-5,393664,2506.215141057968,1603326688
9,195,"[0, 2, 6, 1]",-119,NaN,0,NaN,0,5.5083e-5,393664,5.5083e-5,393664,2506.215198993683,1603727184
9,196,"[0, 2, 5, 2]",-118,NaN,0,NaN,0,5.7625e-5,393664,5.7625e-5,393664,2506.215259075165,1604127680
9,197,"[0, 2, 4, 3]",-117,NaN,0,NaN,0,5.2125e-5,393664,5.2125e-5,393664,2506.215313911438,1604528176
9,198,"[0, 2, 3, 4]",-116,NaN,0,NaN,0,6.65e-5,393664,6.65e-5,393664,2506.215383052826,1604928672
9,199,"[0, 2, 2, 5]",-115,NaN,0,NaN,0,6.7333e-5,393664,6.7333e-5,393664,2506.2154529094696,1605329168
9,200,"[0, 2, 1, 6]",-114,NaN,0,NaN,0,7.6875e-5,393664,7.6875e-5,393664,2506.215533018112,1605729664
9,201,"[0, 2, 0, 7]",-113,NaN,0,NaN,0,6.5833e-5,393664,6.5833e-5,393664,2506.215600967407,1606130160
9,202,"[0, 1, 8, 0]",-165,NaN,0,NaN,0,5.6875e-5,393664,5.6875e-5,393664,2506.215661048889,1606530656
9,203,"[0, 1, 7, 1]",-164,NaN,0,NaN,0,3.9833e-5,393664,3.9833e-5,393664,2506.2157049179077,1606931152
9,204,"[0, 1, 6, 2]",-163,NaN,0,NaN,0,2.9917e-5,393664,2.9917e-5,393664,2506.215737104416,1607331648
9,205,"[0, 1, 5, 3]",-162,NaN,0,NaN,0,3.1125e-5,393664,3.1125e-5,393664,2506.2157719135284,1607732144
9,206,"[0, 1, 4, 4]",-161,NaN,0,NaN,0,3.075e-5,393664,3.075e-5,393664,2506.215805053711,1608132640
9,207,"[0, 1, 3, 5]",-160,NaN,0,NaN,0,3.0917e-5,393664,3.0917e-5,393664,2506.215838909149,1608533136
9,208,"[0, 1, 2, 6]",-159,NaN,0,NaN,0,3.1e-5,393664,3.1e-5,393664,2506.2158720493317,1608933632
9,209,"[0, 1, 1, 7]",-158,NaN,0,NaN,0,3.0708e-5,393664,3.0708e-5,393664,2506.21590590477,1609334128
9,210,"[0, 1, 0, 8]",-157,NaN,0,NaN,0,3.1875e-5,393664,3.1875e-5,393664,2506.215940952301,1609734624
9,211,"[0, 0, 9, 0]",220,4.8083e-5,986288,0.077754333,277946128,NaN,0,0.077802416,278932416,2506.293745994568,1888673872
9,212,"[0, 0, 8, 1]",219,9.8917e-5,1973312,0.092025833,309764016,NaN,0,0.09212475,311737328,2506.3858931064606,1468771280
9,213,"[0, 0, 7, 2]",218,9.2334e-5,1973344,0.083904292,261398368,NaN,0,0.083996626,263371712,2506.4699051380157,1360923392
9,214,"[0, 0, 6, 3]",217,9.1833e-5,1973376,0.084200709,265740112,NaN,0,0.084292542,267713488,2506.554209947586,1365265120
9,215,"[0, 0, 5, 4]",216,9.1584e-5,1973408,0.088840375,302902480,NaN,0,0.088931959,304875888,2506.6431539058685,1373319760
9,216,"[0, 0, 4, 5]",-215,NaN,0,NaN,0,3.0875e-5,393664,3.0875e-5,393664,2506.64319896698,1373720304
9,217,"[0, 0, 3, 6]",-214,NaN,0,NaN,0,3.4375e-5,393664,3.4375e-5,393664,2506.6432390213013,1374120800
9,218,"[0, 0, 2, 7]",-213,NaN,0,NaN,0,2.9833e-5,393664,2.9833e-5,393664,2506.643270969391,1374521296
9,219,"[0, 0, 1, 8]",-212,NaN,0,NaN,0,3.2334e-5,393664,3.2334e-5,393664,2506.6433069705963,1374921792
9,220,"[0, 0, 0, 9]",-211,NaN,0,NaN,0,4.975e-5,393664,4.975e-5,393664,2506.6433589458466,1375322288
10,1,"[10, 0, 0, 0]",221,1.292e-6,0,0.109264709,325230368,NaN,0,0.109266001,325230368,5729.228325128555,1364106736
10,2,"[9, 1, 0, 0]",166,3.75e-7,0,0.090277583,313286464,NaN,0,0.09027795799999999,313286464,5729.318635940552,1409376672
10,3,"[9, 0, 1, 0]",223,0.000113167,983792,0.10815125,314367808,NaN,0,0.108264417,315351600,5729.426923036575,1453225232
10,4,"[9, 0, 0, 1]",222,5.4292e-5,983808,0.177159625,284630880,NaN,0,0.177213917,285614688,5729.604159116745,1475851856
10,5,"[8, 2, 0, 0]",121,2.92e-7,0,0.101581708,302210832,NaN,0,0.101582,302210832,5729.705760002136,1778069568
10,6,"[8, 1, 1, 0]",168,4.5375e-5,983808,0.099575458,281125056,NaN,0,0.099620833,282108864,5729.80540394783,1399661680
10,7,"[8, 1, 0, 1]",167,4.5208e-5,983856,0.092699125,265740048,NaN,0,0.092744333,266723904,5729.898167133331,1666392464
10,8,"[8, 0, 2, 0]",226,4.5708e-5,983824,0.085924708,266493824,NaN,0,0.08597041600000001,267477648,5729.984158039093,1445531744
10,9,"[8, 0, 1, 1]",225,8.6708e-5,1967712,0.079922583,265740112,NaN,0,0.08000929100000001,267707824,5730.0641849040985,1462023792
10,10,"[8, 0, 0, 2]",224,4.5708e-5,983888,0.098401834,265740112,NaN,0,0.098447542,266724000,5730.162652015686,1373803376
10,11,"[7, 3, 0, 0]",85,4.17e-7,0,0.188043792,265740112,NaN,0,0.188044209,265740112,5730.350722074509,1380569968
10,12,"[7, 2, 1, 0]",123,4.8125e-5,983856,0.089820833,265740336,NaN,0,0.089868958,266724192,5730.440609931946,1647301008
10,13,"[7, 2, 0, 1]",122,4.5125e-5,983952,0.088770167,269541136,NaN,0,0.08881529199999999,270525088,5730.5294461250305,1917832976
10,14,"[7, 1, 2, 0]",171,0.000112875,983872,0.084850334,288972752,NaN,0,0.084963209,289956624,5730.61442899704,1518972960
10,15,"[7, 1, 1, 1]",170,9.7875e-5,1967856,0.079366833,265740112,NaN,0,0.079464708,267707968,5730.693912029266,1403007648
10,16,"[7, 1, 0, 2]",169,4.425e-5,983984,0.083655541,265740112,NaN,0,0.083699791,266724096,5730.777627944946,1403007872
10,17,"[7, 0, 3, 0]",230,4.6583e-5,983904,0.083819083,265740128,NaN,0,0.083865666,266724032,5730.861513137817,1342828432
10,18,"[7, 0, 2, 1]",229,8.5833e-5,1967920,0.094616708,265740400,NaN,0,0.09470254099999999,267708320,5730.9562311172485,1342828496
10,19,"[7, 0, 1, 2]",228,8.8708e-5,1967952,0.170013625,265740096,NaN,0,0.170102333,267708048,5731.126352071762,1462023696
10,20,"[7, 0, 0, 3]",227,4.6875e-5,984032,0.08532825,266116880,NaN,0,0.085375125,267100912,5731.211748123169,1729131488
10,21,"[6, 4, 0, 0]",57,1.67e-7,0,0.085356791,284286736,NaN,0,0.085356958,284286736,5731.297121047974,2013425104
10,22,"[6, 3, 1, 0]",87,0.000125916,983952,0.093899458,265740240,NaN,0,0.09402537400000001,266724192,5731.39116191864,1539764912
10,23,"[6, 3, 0, 1]",86,4.5792e-5,984112,0.079635541,266493776,NaN,0,0.07968133300000001,267477888,5731.470860958099,1462777600
10,24,"[6, 2, 2, 0]",126,4.75e-5,983968,0.08646375,265740416,NaN,0,0.08651125000000001,266724384,5731.5573880672455,1342827728
10,25,"[6, 2, 1, 1]",125,8.5958e-5,1968112,0.079071166,265740096,NaN,0,0.079157124,267708208,5731.636559963226,1403007296
10,26,"[6, 2, 0, 2]",124,4.3583e-5,984144,0.187860666,265740128,NaN,0,0.18790424900000002,266724272,5731.824479103088,1342827600
10,27,"[6, 1, 3, 0]",175,4.5208e-5,984000,0.080552708,265740048,NaN,0,0.080597916,266724048,5731.905090093613,1609558544
10,28,"[6, 1, 2, 1]",174,0.00014025,1968176,0.081997583,269541136,NaN,0,0.082137833,271509312,5731.987244129181,1881074736
10,29,"[6, 1, 1, 2]",173,0.000223625,1968208,0.091144375,307863440,NaN,0,0.091368,309831648,5732.078627109528,1506717808
10,30,"[6, 1, 0, 3]",172,4.3791e-5,984192,0.085257875,265740416,NaN,0,0.085301666,266724608,5732.163944005966,1438265408
10,31,"[6, 0, 4, 0]",235,4.3875e-5,984048,0.083825375,265740112,NaN,0,0.08386924999999999,266724160,5732.24782705307,1438265376
10,32,"[6, 0, 3, 1]",234,0.000125834,1968272,0.08297925,265740112,NaN,0,0.08310508400000001,267708384,5732.330946922302,1438265376
10,33,"[6, 0, 2, 2]",233,0.000110542,1968304,0.095611417,265740112,NaN,0,0.09572195900000001,267708416,5732.426686048508,1438264624
10,34,"[6, 0, 1, 3]",232,8.8583e-5,1968336,0.173320917,265740144,NaN,0,0.1734095,267708480,5732.60011100769,1484460512
10,35,"[6, 0, 0, 4]",231,6.1625e-5,984256,0.083709458,266116880,NaN,0,0.083771083,267101136,5732.683896064758,1751568528
10,36,"[5, 5, 0, 0]",36,3.75e-7,0,0.0485475,244073936,NaN,0,0.048547875,244073936,5732.732466936111,1995649344
10,37,"[5, 4, 1, 0]",59,4.5083e-5,984112,0.087010958,276930512,NaN,0,0.087056041,277914624,5732.819536924362,1529901920
10,38,"[5, 4, 0, 1]",58,4.5708e-5,984352,0.078916583,266116944,NaN,0,0.078962291,267101296,5732.898519039154,1462400672
10,39,"[5, 3, 2, 0]",90,4.5375e-5,984128,0.086561791,265740112,NaN,0,0.086607166,266724240,5732.98514008522,1462023840
10,40,"[5, 3, 1, 1]",89,0.0001055,1968512,0.090178375,265740112,NaN,0,0.090283875,267708624,5733.075439929962,1380570016
10,41,"[5, 3, 0, 2]",88,5.6083e-5,984384,0.195767625,265740128,NaN,0,0.195823708,266724512,5733.2712779045105,1342827600
10,42,"[5, 2, 3, 0]",130,4.4333e-5,984160,0.0790055,265740336,NaN,0,0.079049833,266724496,5733.350338935852,1609558976
10,43,"[5, 2, 2, 1]",129,8.8125e-5,1968576,0.079106708,269541136,NaN,0,0.07919483299999999,271509712,5733.429552078247,1881075568
10,44,"[5, 2, 1, 2]",128,8.7208e-5,1968608,0.087597375,301457328,NaN,0,0.08768458300000001,303425936,5733.517251968384,1493035584
10,45,"[5, 2, 0, 3]",127,4.6708e-5,984432,0.079138917,265740048,NaN,0,0.07918562500000001,266724480,5733.5964550971985,1759766960
10,46,"[5, 1, 4, 0]",180,4.4542e-5,984208,0.087507,265740192,NaN,0,0.087551542,266724400,5733.684020996094,1373156080
10,47,"[5, 1, 3, 1]",179,9.1208e-5,1968672,0.079890167,265740112,NaN,0,0.079981375,267708784,5733.76401591301,1395593344
10,48,"[5, 1, 2, 2]",178,8.6458e-5,1968704,0.09399375,265740400,NaN,0,0.094080208,267709104,5733.858108997345,1395592528
10,49,"[5, 1, 1, 3]",177,8.6459e-5,1968736,0.1713195,265740112,NaN,0,0.17140595900000002,267708848,5734.02953004837,1462023728
10,50,"[5, 1, 0, 4]",176,4.5292e-5,984496,0.082558125,266116880,NaN,0,0.082603417,267101376,5734.1121480464935,1729131984
10,51,"[5, 0, 5, 0]",241,4.5333e-5,984272,0.085378792,292560656,NaN,0,0.08542412499999999,293544928,5734.197587013245,2022683792
10,52,"[5, 0, 4, 1]",240,8.8291e-5,1968800,0.087214667,265740240,NaN,0,0.087302958,267709040,5734.284904956818,1539764912
10,53,"[5, 0, 3, 2]",239,8.6291e-5,1968832,0.085473458,266116944,NaN,0,0.085559749,268085776,5734.370479106903,1462401088
10,54,"[5, 0, 2, 3]",238,8.7333e-5,1968864,0.099163291,265740416,NaN,0,0.099250624,267709280,5734.469744920731,1342827920
10,55,"[5, 0, 1, 4]",237,8.8083e-5,1968896,0.080359333,265740096,NaN,0,0.08044741600000001,267708992,5734.550211906433,1403007552
10,56,"[5, 0, 0, 5]",236,4.6458e-5,984576,0.096606291,265740128,NaN,0,0.096652749,266724704,5734.64688205719,1342828048
10,57,"[4, 6, 0, 0]",-21,NaN,0,NaN,0,4.8333e-5,393664,4.8333e-5,393664,5734.6469469070435,1343228592
10,58,"[4, 5, 1, 0]",-38,NaN,0,NaN,0,4.7167e-5,393664,4.7167e-5,393664,5734.646997928619,1343629088
10,59,"[4, 5, 0, 1]",-37,NaN,0,NaN,0,4.2584e-5,393664,4.2584e-5,393664,5734.647042989731,1344029584
10,60,"[4, 4, 2, 0]",62,4.3583e-5,984368,0.175159833,265740096,NaN,0,0.175203416,266724464,5734.8222489356995,1462023696
10,61,"[4, 4, 1, 1]",61,8.6875e-5,1969088,0.047930125,222790832,NaN,0,0.048017,224759920,5734.87028503418,1686790496
10,62,"[4, 4, 0, 2]",-60,NaN,0,NaN,0,5.5417e-5,393664,5.5417e-5,393664,5734.870352983475,1687191040
10,63,"[4, 3, 3, 0]",94,4.4875e-5,984400,0.08132425,297787152,NaN,0,0.081369125,298771552,5734.951726913452,1985969424
10,64,"[4, 3, 2, 1]",93,8.775e-5,1969152,0.090889333,276734192,NaN,0,0.090977083,278703344,5735.042721986771,1565292240
10,65,"[4, 3, 1, 2]",92,8.8292e-5,1969184,0.082577292,266116944,NaN,0,0.082665584,268086128,5735.125401973724,1423095376
10,66,"[4, 3, 0, 3]",91,4.5625e-5,984768,0.081576125,265740112,NaN,0,0.08162174999999999,266724880,5735.207039117813,1462024240
10,67,"[4, 2, 4, 0]",135,4.6583e-5,984448,0.083235875,265740112,NaN,0,0.083282458,266724560,5735.290337085724,1380570416
10,68,"[4, 2, 3, 1]",134,9.9416e-5,1969248,0.09731375,265740128,NaN,0,0.09741316600000001,267709376,5735.387768030167,1342828048
10,69,"[4, 2, 2, 2]",133,8.8792e-5,1969280,0.172332833,265740096,NaN,0,0.172421625,267709376,5735.560204982758,1462023696
10,70,"[4, 2, 1, 3]",132,8.725e-5,1969312,0.078697542,266117168,NaN,0,0.07878479199999999,268086480,5735.639004945755,1730117056
10,71,"[4, 2, 0, 4]",131,4.4666e-5,984832,0.085865708,292560800,NaN,0,0.085910374,293545632,5735.724930047989,1395975248
10,72,"[4, 1, 5, 0]",186,4.6125e-5,984512,0.079199042,265740048,NaN,0,0.07924516699999999,266724560,5735.804188013077,1662706688
10,73,"[4, 1, 4, 1]",185,8.8875e-5,1969376,0.088988208,266493824,NaN,0,0.089077083,268463200,5735.893279075623,1485214240
10,74,"[4, 1, 3, 2]",184,8.8083e-5,1969408,0.081326959,265740128,NaN,0,0.081415042,267709536,5735.974714040756,1342827632
10,75,"[4, 1, 2, 3]",183,8.8333e-5,1969440,0.093555792,265740096,NaN,0,0.093644125,267709536,5736.068375110626,1433284992
10,76,"[4, 1, 1, 4]",182,8.7709e-5,1969472,0.18386175,265740400,NaN,0,0.18394945899999998,267709872,5736.2523419857025,1494891184
10,77,"[4, 1, 0, 5]",181,4.6458e-5,984912,0.085380166,269541136,NaN,0,0.08542662399999999,270526048,5736.337789058685,1765424128
10,78,"[4, 0, 6, 0]",248,4.5292e-5,984592,0.086297,295100304,NaN,0,0.086342292,296084896,5736.424147129059,1433717840
10,79,"[4, 0, 5, 1]",247,8.7542e-5,1969536,0.086842833,265740128,NaN,0,0.08693037499999999,267709664,5736.511094093323,1365264480
10,80,"[4, 0, 4, 2]",246,8.7e-5,1969568,0.083191042,265740112,NaN,0,0.08327804200000001,267709680,5736.594386100769,1365264448
10,81,"[4, 0, 3, 3]",245,8.7834e-5,1969600,0.086168917,265740112,NaN,0,0.08625675099999999,267709712,5736.680655956268,1365264448
10,82,"[4, 0, 2, 4]",244,8.7625e-5,1969632,0.097994417,265740400,NaN,0,0.098082042,267710032,5736.778752088547,1365264416
10,83,"[4, 0, 1, 5]",243,8.8791e-5,1969664,0.177602791,265740096,NaN,0,0.17769158200000001,267709760,5736.9564599990845,1462023696
10,84,"[4, 0, 0, 6]",242,5.5792e-5,985008,0.079669667,266116880,NaN,0,0.079725459,267101888,5737.036201953888,1729132480
10,85,"[3, 7, 0, 0]",-11,NaN,0,NaN,0,5.1125e-5,393664,5.1125e-5,393664,5737.03626704216,1729533024
10,86,"[3, 6, 1, 0]",-23,NaN,0,NaN,0,4.2459e-5,393664,4.2459e-5,393664,5737.036313056946,1729933520
10,87,"[3, 6, 0, 1]",-22,NaN,0,NaN,0,4.1125e-5,393664,4.1125e-5,393664,5737.036356925964,1730334016
10,88,"[3, 5, 2, 0]",-41,NaN,0,NaN,0,4.5208e-5,393664,4.5208e-5,393664,5737.036405086517,1730734512
10,89,"[3, 5, 1, 1]",-40,NaN,0,NaN,0,4.5834e-5,393664,4.5834e-5,393664,5737.036453962326,1731135008
10,90,"[3, 5, 0, 2]",-39,NaN,0,NaN,0,5.2333e-5,393664,5.2333e-5,393664,5737.036509037018,1731535504
10,91,"[3, 4, 3, 0]",-66,NaN,0,NaN,0,4.975e-5,393664,4.975e-5,393664,5737.036561012268,1731936000
10,92,"[3, 4, 2, 1]",-65,NaN,0,NaN,0,4.3708e-5,393664,4.3708e-5,393664,5737.036607980728,1732336496
10,93,"[3, 4, 1, 2]",-64,NaN,0,NaN,0,4.2291e-5,393664,4.2291e-5,393664,5737.03665304184,1732736992
10,94,"[3, 4, 0, 3]",-63,NaN,0,NaN,0,4.1667e-5,393664,4.1667e-5,393664,5737.036698102951,1733137488
10,95,"[3, 3, 4, 0]",99,4.475e-5,984784,0.083458459,296492816,NaN,0,0.083503209,297477600,5737.120203971863,2030621920
10,96,"[3, 3, 3, 1]",98,0.000172583,1970032,0.08945575,274390992,NaN,0,0.089628333,276361024,5737.2098479270935,1548415664
10,97,"[3, 3, 2, 2]",97,8.8292e-5,1970064,0.04604925,213271792,NaN,0,0.046137542,215241856,5737.256005048752,1409555888
10,98,"[3, 3, 1, 3]",-96,NaN,0,NaN,0,5.4917e-5,393664,5.4917e-5,393664,5737.256072998047,1409956432
10,99,"[3, 3, 0, 4]",-95,NaN,0,NaN,0,4.9417e-5,393664,4.9417e-5,393664,5737.256127119064,1410356928
10,100,"[3, 2, 5, 0]",141,4.6417e-5,984848,0.081291875,265740400,NaN,0,0.081338292,266725248,5737.337467908859,1473510416
10,101,"[3, 2, 4, 1]",140,8.85e-5,1970160,0.088656958,265740112,NaN,0,0.088745458,267710272,5737.426229000092,1380570304
10,102,"[3, 2, 3, 2]",139,8.7709e-5,1970192,0.092380708,265740128,NaN,0,0.09246841700000001,267710320,5737.5187129974365,1342828448
10,103,"[3, 2, 2, 3]",138,8.7958e-5,1970224,0.186212917,265740096,NaN,0,0.186300875,267710320,5737.705028057098,1380569936
10,104,"[3, 2, 1, 4]",137,8.8625e-5,1970256,0.080630542,265740048,NaN,0,0.080719167,267710304,5737.785763025284,1648287120
10,105,"[3, 2, 0, 5]",136,4.6583e-5,985360,0.081896958,272588560,NaN,0,0.08194354100000001,273573920,5737.86772108078,1921867920
10,106,"[3, 1, 6, 0]",193,4.6708e-5,984928,0.0904625,283386096,NaN,0,0.09050920800000001,284371024,5737.958245038986,1549250720
10,107,"[3, 1, 5, 1]",192,8.8541e-5,1970320,0.081039375,265740112,NaN,0,0.081127916,267710432,5738.039386034012,1433285552
10,108,"[3, 1, 4, 2]",191,8.8083e-5,1970352,0.112347583,265740112,NaN,0,0.112435666,267710464,5738.151837110519,1433285552
10,109,"[3, 1, 3, 3]",190,8.875e-5,1970384,0.099009,265740128,NaN,0,0.09909775,267710512,5738.250951051712,1373105872
10,110,"[3, 1, 2, 4]",189,8.9667e-5,1970416,0.180097666,265740096,NaN,0,0.18018733299999998,267710512,5738.43115401268,1423094832
10,111,"[3, 1, 1, 5]",188,8.9709e-5,1970448,0.085781583,265740048,NaN,0,0.08587129199999999,267710496,5738.517040967941,1690812224
10,112,"[3, 1, 0, 6]",187,4.625e-5,985456,0.086653875,277602496,NaN,0,0.086700125,278587952,5738.603760957718,1392714832
10,113,"[3, 0, 7, 0]",256,4.5208e-5,985024,0.078925375,265740048,NaN,0,0.07897058300000001,266725072,5738.682744026184,1659446784
10,114,"[3, 0, 6, 1]",255,8.9042e-5,1970512,0.088095583,266493824,NaN,0,0.088184625,268464336,5738.770942926407,1485214240
10,115,"[3, 0, 5, 2]",254,8.7417e-5,1970544,0.088000291,265740128,NaN,0,0.088087708,267710672,5738.859044075012,1342827632
10,116,"[3, 0, 4, 3]",253,8.7e-5,1970576,0.077755959,265740096,NaN,0,0.077842959,267710672,5738.936899900436,1403007264
10,117,"[3, 0, 3, 4]",252,8.9666e-5,1970608,0.193492042,265740112,NaN,0,0.193581708,267710720,5739.130496025085,1439586880
10,118,"[3, 0, 2, 5]",251,9.0083e-5,1970640,0.079802625,266117168,NaN,0,0.079892708,268087808,5739.210405111313,1707681568
10,119,"[3, 0, 1, 6]",250,8.9333e-5,1970672,0.085293375,294919952,NaN,0,0.085382708,296890624,5739.295804023743,2004579072
10,120,"[3, 0, 0, 7]",249,4.6834e-5,985568,0.092161333,265740240,NaN,0,0.092208167,266725808,5739.3880269527435,1539765328
10,121,"[2, 8, 0, 0]",-5,NaN,0,NaN,0,4.3416e-5,393664,4.3416e-5,393664,5739.388086080551,1540165872
10,122,"[2, 7, 1, 0]",-13,NaN,0,NaN,0,4.125e-5,393664,4.125e-5,393664,5739.38812994957,1540566368
10,123,"[2, 7, 0, 1]",-12,NaN,0,NaN,0,4.1583e-5,393664,4.1583e-5,393664,5739.388175010681,1540966864
10,124,"[2, 6, 2, 0]",-26,NaN,0,NaN,0,3.9167e-5,393664,3.9167e-5,393664,5739.388216972351,1541367360
10,125,"[2, 6, 1, 1]",-25,NaN,0,NaN,0,4.5083e-5,393664,4.5083e-5,393664,5739.388265132904,1541767856
10,126,"[2, 6, 0, 2]",-24,NaN,0,NaN,0,4.3084e-5,393664,4.3084e-5,393664,5739.388309955597,1542168352
10,127,"[2, 5, 3, 0]",-45,NaN,0,NaN,0,4.225e-5,393664,4.225e-5,393664,5739.388355016708,1542568848
10,128,"[2, 5, 2, 1]",-44,NaN,0,NaN,0,4.2709e-5,393664,4.2709e-5,393664,5739.388401031494,1542969344
10,129,"[2, 5, 1, 2]",-43,NaN,0,NaN,0,4.1834e-5,393664,4.1834e-5,393664,5739.388446092606,1543369840
10,130,"[2, 5, 0, 3]",-42,NaN,0,NaN,0,4.4708e-5,393664,4.4708e-5,393664,5739.388493061066,1543770336
10,131,"[2, 4, 4, 0]",-71,NaN,0,NaN,0,4.2e-5,393664,4.2e-5,393664,5739.388536930084,1544170832
10,132,"[2, 4, 3, 1]",-70,NaN,0,NaN,0,4.1791e-5,393664,4.1791e-5,393664,5739.388581991196,1544571312
10,133,"[2, 4, 2, 2]",-69,NaN,0,NaN,0,4.2709e-5,393664,4.2709e-5,393664,5739.388627052307,1544971808
10,134,"[2, 4, 1, 3]",-68,NaN,0,NaN,0,4.225e-5,393664,4.225e-5,393664,5739.388672113419,1545372304
10,135,"[2, 4, 0, 4]",-67,NaN,0,NaN,0,4.2541e-5,393664,4.2541e-5,393664,5739.388716936111,1545772800
10,136,"[2, 3, 5, 0]",-105,NaN,0,NaN,0,4.3875e-5,393664,4.3875e-5,393664,5739.3887639045715,1546173296
10,137,"[2, 3, 4, 1]",-104,NaN,0,NaN,0,4.2708e-5,393664,4.2708e-5,393664,5739.388808965683,1546573792
10,138,"[2, 3, 3, 2]",-103,NaN,0,NaN,0,4.075e-5,393664,4.075e-5,393664,5739.38885307312,1546974288
10,139,"[2, 3, 2, 3]",-102,NaN,0,NaN,0,4.1208e-5,393664,4.1208e-5,393664,5739.388896942139,1547374784
10,140,"[2, 3, 1, 4]",-101,NaN,0,NaN,0,4.225e-5,393664,4.225e-5,393664,5739.38894200325,1547775280
10,141,"[2, 3, 0, 5]",-100,NaN,0,NaN,0,4.2083e-5,393664,4.2083e-5,393664,5739.388986110687,1548175776
10,142,"[2, 2, 6, 0]",148,4.5333e-5,985376,0.081102291,266116944,NaN,0,0.081147624,267102320,5739.470137119293,1462401088
10,143,"[2, 2, 5, 1]",147,8.8792e-5,1971344,0.082974,265740128,NaN,0,0.08306279200000001,267711472,5739.553214073181,1342828592
10,144,"[2, 2, 4, 2]",146,9.0e-5,1971376,0.085764125,265740096,NaN,0,0.085854125,267711472,5739.639081001282,1403008224
10,145,"[2, 2, 3, 3]",145,8.9583e-5,1971408,0.066344333,212895248,NaN,0,0.06643391600000001,214866656,5739.705529928207,1292401472
10,146,"[2, 2, 2, 4]",-144,NaN,0,NaN,0,4.3791e-5,393664,4.3791e-5,393664,5739.705588102341,1292802032
10,147,"[2, 2, 1, 5]",-143,NaN,0,NaN,0,3.7334e-5,393664,3.7334e-5,393664,5739.705629110336,1293202528
10,148,"[2, 2, 0, 6]",-142,NaN,0,NaN,0,4.0958e-5,393664,4.0958e-5,393664,5739.705672979355,1293603024
10,149,"[2, 1, 7, 0]",201,4.6667e-5,985472,0.172461375,265740112,NaN,0,0.172508042,266725584,5739.878184080124,1473510224
10,150,"[2, 1, 6, 1]",200,8.9542e-5,1971536,0.080527333,266116880,NaN,0,0.080616875,268088416,5739.958817958832,1741605520
10,151,"[2, 1, 5, 2]",199,8.975e-5,1971568,0.080741416,292757408,NaN,0,0.080831166,294728976,5740.039663076401,1395975248
10,152,"[2, 1, 4, 3]",198,9.0667e-5,1971600,0.078901541,265740048,NaN,0,0.07899220800000001,267711648,5740.118665933609,1663693776
10,153,"[2, 1, 3, 4]",197,9.0208e-5,1971632,0.088897833,266493824,NaN,0,0.08898804099999999,268465456,5740.207668066025,1485214240
10,154,"[2, 1, 2, 5]",196,8.9542e-5,1971664,0.083612791,265740416,NaN,0,0.083702333,267712080,5740.291386127472,1342827632
10,155,"[2, 1, 1, 6]",195,8.8417e-5,1971696,0.083340333,265740096,NaN,0,0.08342875,267711792,5740.374826908112,1433285024
10,156,"[2, 1, 0, 7]",194,5.1958e-5,986144,0.187277792,265740112,NaN,0,0.18732975,266726256,5740.5621700286865,1400658016
10,157,"[2, 0, 8, 0]",265,4.75e-5,985584,0.085088666,265740048,NaN,0,0.085136166,266725632,5740.647320985794,1667390528
10,158,"[2, 0, 7, 1]",264,9.0708e-5,1971760,0.081100333,275635984,NaN,0,0.08119104099999999,277607744,5740.7285261154175,1945005152
10,159,"[2, 0, 6, 2]",263,9.025e-5,1971792,0.086643583,271507408,NaN,0,0.086733833,273479200,5740.815274953842,1545532448
10,160,"[2, 0, 5, 3]",262,9.2083e-5,1971824,0.079488792,266117232,NaN,0,0.07958087500000001,268089056,5740.89487695694,1462401520
10,161,"[2, 0, 4, 4]",261,9.1e-5,1971856,0.08378275,265740112,NaN,0,0.08387375,267711968,5740.978766918182,1462024688
10,162,"[2, 0, 3, 5]",260,0.005035709,1971952,0.079728125,265740064,NaN,0,0.084763834,267712016,5741.0635459423065,1342828848
10,163,"[2, 0, 2, 6]",259,9.0583e-5,1971920,0.081218708,265740096,NaN,0,0.081309291,267712016,5741.144868135452,1379824864
10,164,"[2, 0, 1, 7]",258,9.0583e-5,1971952,0.18634775,265740112,NaN,0,0.186438333,267712064,5741.331319093704,1380569936
10,165,"[2, 0, 0, 8]",257,4.7375e-5,986272,0.08097725,265740048,NaN,0,0.081024625,266726320,5741.412358999252,1647303136
10,166,"[1, 9, 0, 0]",-2,NaN,0,NaN,0,5.8792e-5,393664,5.8792e-5,393664,5741.413286924362,1647703680
10,167,"[1, 8, 1, 0]",-7,NaN,0,NaN,0,4.7375e-5,393664,4.7375e-5,393664,5741.413342952728,1648104176
10,168,"[1, 8, 0, 1]",-6,NaN,0,NaN,0,4.575e-5,393664,4.575e-5,393664,5741.413392066956,1648504672
10,169,"[1, 7, 2, 0]",-16,NaN,0,NaN,0,4.3541e-5,393664,4.3541e-5,393664,5741.413439035416,1648905168
10,170,"[1, 7, 1, 1]",-15,NaN,0,NaN,0,5.225e-5,393664,5.225e-5,393664,5741.4134929180145,1649305664
10,171,"[1, 7, 0, 2]",-14,NaN,0,NaN,0,4.2875e-5,393664,4.2875e-5,393664,5741.4135389328,1649706160
10,172,"[1, 6, 3, 0]",-30,NaN,0,NaN,0,4.5584e-5,393664,4.5584e-5,393664,5741.413587093353,1650106656
10,173,"[1, 6, 2, 1]",-29,NaN,0,NaN,0,4.5208e-5,393664,4.5208e-5,393664,5741.413635969162,1650507152
10,174,"[1, 6, 1, 2]",-28,NaN,0,NaN,0,4.4167e-5,393664,4.4167e-5,393664,5741.413681983948,1650907648
10,175,"[1, 6, 0, 3]",-27,NaN,0,NaN,0,4.6042e-5,393664,4.6042e-5,393664,5741.413731098175,1651308144
10,176,"[1, 5, 4, 0]",-50,NaN,0,NaN,0,4.4042e-5,393664,4.4042e-5,393664,5741.413777112961,1651708640
10,177,"[1, 5, 3, 1]",-49,NaN,0,NaN,0,4.6875e-5,393664,4.6875e-5,393664,5741.413826942444,1652109136
10,178,"[1, 5, 2, 2]",-48,NaN,0,NaN,0,4.5959e-5,393664,4.5959e-5,393664,5741.413875102997,1652509632
10,179,"[1, 5, 1, 3]",-47,NaN,0,NaN,0,4.2125e-5,393664,4.2125e-5,393664,5741.41391992569,1652910128
10,180,"[1, 5, 0, 4]",-46,NaN,0,NaN,0,4.2167e-5,393664,4.2167e-5,393664,5741.413964986801,1653310624
10,181,"[1, 4, 5, 0]",-77,NaN,0,NaN,0,4.5791e-5,393664,4.5791e-5,393664,5741.414014101028,1653711120
10,182,"[1, 4, 4, 1]",-76,NaN,0,NaN,0,4.2584e-5,393664,4.2584e-5,393664,5741.414058923721,1654111616
10,183,"[1, 4, 3, 2]",-75,NaN,0,NaN,0,3.9459e-5,393664,3.9459e-5,393664,5741.414102077484,1654512112
10,184,"[1, 4, 2, 3]",-74,NaN,0,NaN,0,4.325e-5,393664,4.325e-5,393664,5741.41414809227,1654912608
10,185,"[1, 4, 1, 4]",-73,NaN,0,NaN,0,3.9541e-5,393664,3.9541e-5,393664,5741.41419005394,1655313104
10,186,"[1, 4, 0, 5]",-72,NaN,0,NaN,0,4.4042e-5,393664,4.4042e-5,393664,5741.4142370224,1655713600
10,187,"[1, 3, 6, 0]",-112,NaN,0,NaN,0,4.625e-5,393664,4.625e-5,393664,5741.414286136627,1656114096
10,188,"[1, 3, 5, 1]",-111,NaN,0,NaN,0,4.5708e-5,393664,4.5708e-5,393664,5741.414334058762,1656514592
10,189,"[1, 3, 4, 2]",-110,NaN,0,NaN,0,4.375e-5,393664,4.375e-5,393664,5741.414381027222,1656915088
10,190,"[1, 3, 3, 3]",-109,NaN,0,NaN,0,3.9e-5,393664,3.9e-5,393664,5741.414422988892,1657315584
10,191,"[1, 3, 2, 4]",-108,NaN,0,NaN,0,4.2167e-5,393664,4.2167e-5,393664,5741.414468050003,1657716080
10,192,"[1, 3, 1, 5]",-107,NaN,0,NaN,0,4.1584e-5,393664,4.1584e-5,393664,5741.414511919022,1658116576
10,193,"[1, 3, 0, 6]",-106,NaN,0,NaN,0,4.8625e-5,393664,4.8625e-5,393664,5741.4145629405975,1658517072
10,194,"[1, 2, 7, 0]",-156,NaN,0,NaN,0,4.3583e-5,393664,4.3583e-5,393664,5741.414609909058,1658917568
10,195,"[1, 2, 6, 1]",-155,NaN,0,NaN,0,4.1625e-5,393664,4.1625e-5,393664,5741.414654016495,1659318064
10,196,"[1, 2, 5, 2]",-154,NaN,0,NaN,0,4.2041e-5,393664,4.2041e-5,393664,5741.414699077606,1659718560
10,197,"[1, 2, 4, 3]",-153,NaN,0,NaN,0,4.1125e-5,393664,4.1125e-5,393664,5741.41474199295,1660119056
10,198,"[1, 2, 3, 4]",-152,NaN,0,NaN,0,4.5541e-5,393664,4.5541e-5,393664,5741.414791107178,1660519552
10,199,"[1, 2, 2, 5]",-151,NaN,0,NaN,0,4.0584e-5,393664,4.0584e-5,393664,5741.414834022522,1660920048
10,200,"[1, 2, 1, 6]",-150,NaN,0,NaN,0,4.4791e-5,393664,4.4791e-5,393664,5741.414880990982,1661320544
10,201,"[1, 2, 0, 7]",-149,NaN,0,NaN,0,4.1333e-5,393664,4.1333e-5,393664,5741.414925098419,1661721040
10,202,"[1, 1, 8, 0]",210,4.675e-5,986160,0.082370208,272588848,NaN,0,0.082416958,273575008,5741.497344970703,1935302880
10,203,"[1, 1, 7, 1]",209,9.3042e-5,1973056,0.085959041,283779024,NaN,0,0.086052083,285752080,5741.583410978317,1549447408
10,204,"[1, 1, 6, 2]",208,9.1208e-5,1973088,0.0806065,265740112,NaN,0,0.08069770799999999,267713200,5741.664122104645,1433285744
10,205,"[1, 1, 5, 3]",207,9.05e-5,1973120,0.089363583,265740112,NaN,0,0.08945408299999999,267713232,5741.753590106964,1433285968
10,206,"[1, 1, 4, 4]",206,9.1541e-5,1973152,0.052449708,202081520,NaN,0,0.052541249,204054672,5741.806147098541,1311866064
10,207,"[1, 1, 3, 5]",-205,NaN,0,NaN,0,3.8416e-5,393664,3.8416e-5,393664,5741.806198120117,1312266608
10,208,"[1, 1, 2, 6]",-204,NaN,0,NaN,0,3.6834e-5,393664,3.6834e-5,393664,5741.80623793602,1312667104
10,209,"[1, 1, 1, 7]",-203,NaN,0,NaN,0,3.4667e-5,393664,3.4667e-5,393664,5741.806275129318,1313067600
10,210,"[1, 1, 0, 8]",-202,NaN,0,NaN,0,4.5167e-5,393664,4.5167e-5,393664,5741.806323051453,1313468096
10,211,"[1, 0, 9, 0]",275,4.7167e-5,986288,0.126489459,395363200,NaN,0,0.12653662599999999,396349488,5741.932862997055,1413181968
10,212,"[1, 0, 8, 1]",274,9.4833e-5,1973312,0.196737792,398410848,NaN,0,0.19683262499999998,400384160,5742.12970995903,1594694160
10,213,"[1, 0, 7, 2]",273,9.1917e-5,1973344,0.116030958,448496544,NaN,0,0.116122875,450469888,5742.245849132538,1508935904
10,214,"[1, 0, 6, 3]",272,9.0292e-5,1973376,0.111628458,395428736,NaN,0,0.11171875,397402112,5742.357581138611,1379985680
10,215,"[1, 0, 5, 4]",271,9.575e-5,1973408,0.115893042,395428688,NaN,0,0.11598879200000001,397402096,5742.473582029343,1479856416
10,216,"[1, 0, 4, 5]",270,9.1042e-5,1973440,0.152526125,209913072,NaN,0,0.15261716700000003,211886512,5742.626214027405,1303640208
10,217,"[1, 0, 3, 6]",269,9.1125e-5,1973472,0.116002875,401523472,NaN,0,0.116094,403496944,5742.742319107056,1707144048
10,218,"[1, 0, 2, 7]",268,9.2792e-5,1973504,0.108804958,424674512,NaN,0,0.10889774999999999,426648016,5742.8512370586395,1588843616
10,219,"[1, 0, 1, 8]",267,9.2084e-5,1973536,0.11530325,395428720,NaN,0,0.115395334,397402256,5742.966646909714,1574696320
10,220,"[1, 0, 0, 9]",266,4.8292e-5,987136,0.118294959,392381344,NaN,0,0.11834325100000001,393368480,5743.085005044937,1416630032
10,221,"[0, 10, 0, 0]",-1,NaN,0,NaN,0,4.35e-5,393664,4.35e-5,393664,5743.085067033768,1417030592
10,222,"[0, 9, 1, 0]",-4,NaN,0,NaN,0,4.8709e-5,393664,4.8709e-5,393664,5743.085119009018,1417431088
10,223,"[0, 9, 0, 1]",-3,NaN,0,NaN,0,4.4834e-5,393664,4.4834e-5,393664,5743.085166931152,1417831584
10,224,"[0, 8, 2, 0]",-10,NaN,0,NaN,0,4.2417e-5,393664,4.2417e-5,393664,5743.085211992264,1418232080
10,225,"[0, 8, 1, 1]",-9,NaN,0,NaN,0,4.3458e-5,393664,4.3458e-5,393664,5743.085258960724,1418632576
10,226,"[0, 8, 0, 2]",-8,NaN,0,NaN,0,4.275e-5,393664,4.275e-5,393664,5743.085304021835,1419033072
10,227,"[0, 7, 3, 0]",-20,NaN,0,NaN,0,4.5291e-5,393664,4.5291e-5,393664,5743.08535194397,1419433568
10,228,"[0, 7, 2, 1]",-19,NaN,0,NaN,0,4.2667e-5,393664,4.2667e-5,393664,5743.085397005081,1419834064
10,229,"[0, 7, 1, 2]",-18,NaN,0,NaN,0,4.3958e-5,393664,4.3958e-5,393664,5743.085443973541,1420234560
10,230,"[0, 7, 0, 3]",-17,NaN,0,NaN,0,4.3667e-5,393664,4.3667e-5,393664,5743.085490942001,1420635056
10,231,"[0, 6, 4, 0]",-35,NaN,0,NaN,0,4.1834e-5,393664,4.1834e-5,393664,5743.0855350494385,1421035552
10,232,"[0, 6, 3, 1]",-34,NaN,0,NaN,0,4.4042e-5,393664,4.4042e-5,393664,5743.085582017899,1421436048
10,233,"[0, 6, 2, 2]",-33,NaN,0,NaN,0,4.0e-5,393664,4.0e-5,393664,5743.0856239795685,1421836544
10,234,"[0, 6, 1, 3]",-32,NaN,0,NaN,0,4.1458e-5,393664,4.1458e-5,393664,5743.08566904068,1422237040
10,235,"[0, 6, 0, 4]",-31,NaN,0,NaN,0,4.1958e-5,393664,4.1958e-5,393664,5743.0857129096985,1422637536
10,236,"[0, 5, 5, 0]",-56,NaN,0,NaN,0,4.4625e-5,393664,4.4625e-5,393664,5743.085760116577,1423038032
10,237,"[0, 5, 4, 1]",-55,NaN,0,NaN,0,4.025e-5,393664,4.025e-5,393664,5743.085803985596,1423438528
10,238,"[0, 5, 3, 2]",-54,NaN,0,NaN,0,4.2667e-5,393664,4.2667e-5,393664,5743.085849046707,1423839024
10,239,"[0, 5, 2, 3]",-53,NaN,0,NaN,0,3.9417e-5,393664,3.9417e-5,393664,5743.085891008377,1424239520
10,240,"[0, 5, 1, 4]",-52,NaN,0,NaN,0,4.425e-5,393664,4.425e-5,393664,5743.085937976837,1424640016
10,241,"[0, 5, 0, 5]",-51,NaN,0,NaN,0,3.9417e-5,393664,3.9417e-5,393664,5743.085979938507,1425040512
10,242,"[0, 4, 6, 0]",-84,NaN,0,NaN,0,4.2916e-5,393664,4.2916e-5,393664,5743.086025953293,1425441008
10,243,"[0, 4, 5, 1]",-83,NaN,0,NaN,0,4.3125e-5,393664,4.3125e-5,393664,5743.086071968079,1425841504
10,244,"[0, 4, 4, 2]",-82,NaN,0,NaN,0,4.275e-5,393664,4.275e-5,393664,5743.08611702919,1426242000
10,245,"[0, 4, 3, 3]",-81,NaN,0,NaN,0,4.5583e-5,393664,4.5583e-5,393664,5743.0861649513245,1426642496
10,246,"[0, 4, 2, 4]",-80,NaN,0,NaN,0,3.2416e-5,393664,3.2416e-5,393664,5743.086199998856,1427042992
10,247,"[0, 4, 1, 5]",-79,NaN,0,NaN,0,3.3458e-5,393664,3.3458e-5,393664,5743.086236000061,1427443488
10,248,"[0, 4, 0, 6]",-78,NaN,0,NaN,0,4.2209e-5,393664,4.2209e-5,393664,5743.0862810611725,1427843984
10,249,"[0, 3, 7, 0]",-120,NaN,0,NaN,0,3.4333e-5,393664,3.4333e-5,393664,5743.086318969727,1428244480
10,250,"[0, 3, 6, 1]",-119,NaN,0,NaN,0,3.375e-5,393664,3.375e-5,393664,5743.086355924606,1428644976
10,251,"[0, 3, 5, 2]",-118,NaN,0,NaN,0,3.525e-5,393664,3.525e-5,393664,5743.086394071579,1429045472
10,252,"[0, 3, 4, 3]",-117,NaN,0,NaN,0,3.5334e-5,393664,3.5334e-5,393664,5743.086431980133,1429445968
10,253,"[0, 3, 3, 4]",-116,NaN,0,NaN,0,3.3709e-5,393664,3.3709e-5,393664,5743.0864679813385,1429846464
10,254,"[0, 3, 2, 5]",-115,NaN,0,NaN,0,3.4666e-5,393664,3.4666e-5,393664,5743.086504936218,1430246960
10,255,"[0, 3, 1, 6]",-114,NaN,0,NaN,0,3.35e-5,393664,3.35e-5,393664,5743.086540937424,1430647456
10,256,"[0, 3, 0, 7]",-113,NaN,0,NaN,0,3.4625e-5,393664,3.4625e-5,393664,5743.086579084396,1431047952
10,257,"[0, 2, 8, 0]",-165,NaN,0,NaN,0,3.7416e-5,393664,3.7416e-5,393664,5743.086619138718,1431448448
10,258,"[0, 2, 7, 1]",-164,NaN,0,NaN,0,3.4083e-5,393664,3.4083e-5,393664,5743.086656093597,1431848944
10,259,"[0, 2, 6, 2]",-163,NaN,0,NaN,0,3.4e-5,393664,3.4e-5,393664,5743.086693048477,1432249440
10,260,"[0, 2, 5, 3]",-162,NaN,0,NaN,0,3.35e-5,393664,3.35e-5,393664,5743.086729049683,1432649936
10,261,"[0, 2, 4, 4]",-161,NaN,0,NaN,0,3.4125e-5,393664,3.4125e-5,393664,5743.086766004562,1433050432
10,262,"[0, 2, 3, 5]",-160,NaN,0,NaN,0,3.5208e-5,393664,3.5208e-5,393664,5743.0868039131165,1433450928
10,263,"[0, 2, 2, 6]",-159,NaN,0,NaN,0,3.4416e-5,393664,3.4416e-5,393664,5743.086841106415,1433851424
10,264,"[0, 2, 1, 7]",-158,NaN,0,NaN,0,3.4625e-5,393664,3.4625e-5,393664,5743.086878061295,1434251920
10,265,"[0, 2, 0, 8]",-157,NaN,0,NaN,0,3.3083e-5,393664,3.3083e-5,393664,5743.0869140625,1434652416
10,266,"[0, 1, 9, 0]",-220,NaN,0,NaN,0,3.9167e-5,393664,3.9167e-5,393664,5743.08695602417,1435052912
10,267,"[0, 1, 8, 1]",-219,NaN,0,NaN,0,3.9125e-5,393664,3.9125e-5,393664,5743.08699798584,1435453408
10,268,"[0, 1, 7, 2]",-218,NaN,0,NaN,0,4.225e-5,393664,4.225e-5,393664,5743.087042093277,1435853904
10,269,"[0, 1, 6, 3]",-217,NaN,0,NaN,0,3.6042e-5,393664,3.6042e-5,393664,5743.087080955505,1436254400
10,270,"[0, 1, 5, 4]",-216,NaN,0,NaN,0,3.6208e-5,393664,3.6208e-5,393664,5743.087120056152,1436654896
10,271,"[0, 1, 4, 5]",-215,NaN,0,NaN,0,3.575e-5,393664,3.575e-5,393664,5743.087157964706,1437055392
10,272,"[0, 1, 3, 6]",-214,NaN,0,NaN,0,3.4708e-5,393664,3.4708e-5,393664,5743.087194919586,1437455888
10,273,"[0, 1, 2, 7]",-213,NaN,0,NaN,0,3.9291e-5,393664,3.9291e-5,393664,5743.087238073349,1437856384
10,274,"[0, 1, 1, 8]",-212,NaN,0,NaN,0,3.4542e-5,393664,3.4542e-5,393664,5743.087275028229,1438256880
10,275,"[0, 1, 0, 9]",-211,NaN,0,NaN,0,3.525e-5,393664,3.525e-5,393664,5743.087312936783,1438657376
10,276,"[0, 0, 10, 0]",286,4.9166e-5,987152,0.079722916,265740112,NaN,0,0.07977208200000001,266727264,5743.167088031769,1373106544
10,277,"[0, 0, 9, 1]",285,9.5083e-5,1975200,0.184464375,265740096,NaN,0,0.184559458,267715296,5743.3516619205475,1380569904
10,278,"[0, 0, 8, 2]",284,9.45e-5,1975232,0.079563625,265740048,NaN,0,0.079658125,267715280,5743.431337118149,1648292064
10,279,"[0, 0, 7, 3]",283,9.4042e-5,1975264,0.085646625,273915952,NaN,0,0.085740667,275891216,5743.517091989517,1924190160
10,280,"[0, 0, 6, 4]",282,0.000105292,1975296,0.08740975,282763216,NaN,0,0.087515042,284738512,5743.604622125626,1549250704
10,281,"[0, 0, 5, 5]",281,9.3375e-5,1975328,0.051896834,195675376,NaN,0,0.051990209,197650704,5743.6566281318665,1337350352
10,282,"[0, 0, 4, 6]",-280,NaN,0,NaN,0,3.9667e-5,393664,3.9667e-5,393664,5743.656681060791,1337750896
10,283,"[0, 0, 3, 7]",-279,NaN,0,NaN,0,3.4042e-5,393664,3.4042e-5,393664,5743.656719923019,1338151392
10,284,"[0, 0, 2, 8]",-278,NaN,0,NaN,0,3.4167e-5,393664,3.4167e-5,393664,5743.656757116318,1338551888
10,285,"[0, 0, 1, 9]",-277,NaN,0,NaN,0,3.3875e-5,393664,3.3875e-5,393664,5743.6567940711975,1338952384
10,286,"[0, 0, 0, 10]",-276,NaN,0,NaN,0,3.6e-5,393664,3.6e-5,393664,5743.656831979752,1339352880
11,1,"[11, 0, 0, 0]",287,1.125e-6,0,0.101637708,293314336,NaN,0,0.101638833,293314336,12117.80194401741,1358844528
11,2,"[10, 1, 0, 0]",221,5.83e-7,0,0.191232,276766544,NaN,0,0.191232583,276766544,12117.993206977844,1372997664
11,3,"[10, 0, 1, 0]",289,4.9834e-5,983792,0.086233083,285040400,NaN,0,0.086282917,286024192,12118.079507112503,1659028704
11,4,"[10, 0, 0, 1]",288,4.4208e-5,983808,0.093459458,295002160,NaN,0,0.093503666,295985968,12118.173028945923,1955021552
11,5,"[9, 2, 0, 0]",166,3.75e-7,0,0.106427833,264822672,NaN,0,0.106428208,264822672,12118.27947807312,1501835360
11,6,"[9, 1, 1, 0]",223,4.5583e-5,983808,0.084958833,265740048,NaN,0,0.085004416,266723856,12118.36450099945,1768566064
11,7,"[9, 1, 0, 1]",222,4.7084e-5,983856,0.092012417,262152080,NaN,0,0.092059501,263135936,12118.456578016281,1561606528
11,8,"[9, 0, 2, 0]",292,4.5e-5,983824,0.084827167,261398352,NaN,0,0.084872167,262382176,12118.541470050812,1538416016
11,9,"[9, 0, 1, 1]",291,8.55e-5,1967712,0.09426775,261398352,NaN,0,0.09435325,263366064,12118.635844945908,1456962112
11,10,"[9, 0, 0, 2]",290,4.6292e-5,983888,0.102131459,261398656,NaN,0,0.102177751,262382544,12118.738044023514,1419219744
11,11,"[8, 3, 0, 0]",121,5.41e-7,0,0.174670292,265740144,NaN,0,0.174670833,265740144,12118.912737131119,1484460512
11,12,"[8, 2, 1, 0]",168,4.7709e-5,983856,0.085646542,261775120,NaN,0,0.08569425100000001,262758976,12118.998448133469,1747226336
11,13,"[8, 2, 0, 1]",167,0.000109208,983952,0.106265,276209424,NaN,0,0.106374208,277193376,12119.104838132858,2024426608
11,14,"[8, 1, 2, 0]",226,4.6625e-5,983872,0.092571459,272555984,NaN,0,0.09261808399999999,273539856,12119.19748210907,1502555936
11,15,"[8, 1, 1, 1]",225,8.5542e-5,1967856,0.082098875,266116944,NaN,0,0.082184417,268084800,12119.279683113098,1462400784
11,16,"[8, 1, 0, 2]",224,4.5625e-5,983984,0.079780417,261398640,NaN,0,0.079826042,262382624,12119.359524965286,1457682192
11,17,"[8, 0, 3, 0]",296,4.4333e-5,983904,0.087013583,261398368,NaN,0,0.087057916,262382272,12119.446598052979,1339364208
11,18,"[8, 0, 2, 1]",295,8.6958e-5,1967920,0.097017625,261398352,NaN,0,0.097104583,263366272,12119.543723106384,1338486288
11,19,"[8, 0, 1, 2]",294,9.1083e-5,1967952,0.168339,261398336,NaN,0,0.16843008299999998,263366288,12119.712170124054,1457681936
11,20,"[8, 0, 0, 3]",293,4.6208e-5,984032,0.078169167,266116880,NaN,0,0.078215375,267100912,12119.790405035019,1724789744
11,21,"[7, 4, 0, 0]",85,1.25e-7,0,0.085585625,288972560,NaN,0,0.08558575,288972560,12119.876008033752,2013769184
11,22,"[7, 3, 1, 0]",123,4.475e-5,983952,0.087704208,261398768,NaN,0,0.087748958,262382720,12119.963773965836,1535423152
11,23,"[7, 3, 0, 1]",122,4.4458e-5,984112,0.0772985,262152016,NaN,0,0.077342958,263136128,12120.041131973267,1458435936
11,24,"[7, 2, 2, 0]",171,4.4583e-5,983968,0.087440666,261398368,NaN,0,0.087485249,262382336,12120.128633022308,1338486064
11,25,"[7, 2, 1, 1]",170,8.5084e-5,1968112,0.080375333,265740096,NaN,0,0.08046041699999999,267708208,12120.209110021591,1403007392
11,26,"[7, 2, 0, 2]",169,4.5542e-5,984144,0.098708291,261398368,NaN,0,0.098753833,262382512,12120.307879924774,1338486288
11,27,"[7, 1, 3, 0]",230,4.4583e-5,984000,0.172843375,261398336,NaN,0,0.17288795799999998,262382336,12120.480782985687,1457681936
11,28,"[7, 1, 2, 1]",229,8.6625e-5,1968176,0.078347833,266117168,NaN,0,0.07843445800000001,268085344,12120.559235095978,1725774176
11,29,"[7, 1, 1, 2]",228,9.6375e-5,1968208,0.08307925,288972560,NaN,0,0.08317562499999999,290940768,12120.642425060272,2016721840
11,30,"[7, 1, 0, 3]",227,9.8458e-5,984192,0.088526375,261398480,NaN,0,0.088624833,262382672,12120.73106598854,1535423152
11,31,"[7, 0, 4, 0]",301,4.5625e-5,984048,0.079495209,262152016,NaN,0,0.07954083399999999,263136064,12120.810621023178,1458436032
11,32,"[7, 0, 3, 1]",300,8.6584e-5,1968272,0.084882542,261398368,NaN,0,0.084969126,263366640,12120.89560508728,1338486160
11,33,"[7, 0, 2, 2]",299,8.5917e-5,1968304,0.089375708,265740096,NaN,0,0.089461625,267708400,12120.985080957413,1403007488
11,34,"[7, 0, 1, 3]",298,8.6e-5,1968336,0.190347292,261398656,NaN,0,0.190433292,263366992,12121.175534009933,1338485840
11,35,"[7, 0, 0, 4]",297,4.5875e-5,984256,0.08482575,265740048,NaN,0,0.084871625,266724304,12121.260421037674,1605217024
11,36,"[6, 5, 0, 0]",57,3.33e-7,0,0.112418875,321825952,NaN,0,0.112419208,321825952,12121.37285399437,1927049856
11,37,"[6, 4, 1, 0]",87,4.5334e-5,984112,0.090699208,297082768,NaN,0,0.090744542,298066880,12121.463613986969,1525249376
11,38,"[6, 4, 0, 1]",86,4.5333e-5,984352,0.086701208,307244256,NaN,0,0.086746541,308228608,12121.550375938416,1441977808
11,39,"[6, 3, 2, 0]",126,4.4209e-5,984128,0.084040833,265740112,NaN,0,0.084085042,266724240,12121.63447713852,1474450816
11,40,"[6, 3, 1, 1]",125,8.775e-5,1968512,0.085767083,265740416,NaN,0,0.08585483299999999,267708928,12121.720346927643,1411486384
11,41,"[6, 3, 0, 2]",124,4.9875e-5,984384,0.195454167,307244304,NaN,0,0.19550404200000002,308228688,12121.915867090225,1335576688
11,42,"[6, 2, 3, 0]",175,4.4334e-5,984160,0.080695125,261398288,NaN,0,0.080739459,262382448,12121.99661898613,1597966032
11,43,"[6, 2, 2, 1]",174,8.5541e-5,1968576,0.078964583,266493712,NaN,0,0.079050124,268462288,12122.075684070587,1866435200
11,44,"[6, 2, 1, 2]",173,8.6625e-5,1968608,0.090975875,294903712,NaN,0,0.0910625,296872320,12122.166763067245,1442557712
11,45,"[6, 2, 0, 3]",172,5.9542e-5,984432,0.092481,302902496,NaN,0,0.09254054199999999,303886928,12122.259319067001,1381281712
11,46,"[6, 1, 4, 0]",235,4.4916e-5,984208,0.07883075,261398640,NaN,0,0.07887566600000001,262382848,12122.33821606636,1409412960
11,47,"[6, 1, 3, 1]",234,8.8917e-5,1968672,0.08221225,265740112,NaN,0,0.082301167,267708784,12122.420536994934,1411847584
11,48,"[6, 1, 2, 2]",233,8.7209e-5,1968704,0.093938333,261398352,NaN,0,0.094025542,263367056,12122.51457810402,1385068272
11,49,"[6, 1, 1, 3]",232,8.6417e-5,1968736,0.172426708,261398384,NaN,0,0.17251312500000002,263367120,12122.687110900879,1515771488
11,50,"[6, 1, 0, 4]",231,4.6625e-5,984496,0.086670083,311045280,NaN,0,0.08671670799999999,312029776,12122.773847103119,1827808160
11,51,"[6, 0, 5, 0]",307,4.5042e-5,984272,0.096737166,294903696,NaN,0,0.096782208,295887968,12122.870645999908,1436502864
11,52,"[6, 0, 4, 1]",306,8.6959e-5,1968800,0.083678042,261398656,NaN,0,0.08376500099999999,263367456,12122.954431056976,1360922752
11,53,"[6, 0, 3, 2]",305,8.9084e-5,1968832,0.136606417,265740112,NaN,0,0.136695501,267708944,12123.091143131256,1365264480
11,54,"[6, 0, 2, 3]",304,8.7333e-5,1968864,0.081404916,261398352,NaN,0,0.08149224899999999,263367216,12123.172653913498,1361800864
11,55,"[6, 0, 1, 4]",303,8.7459e-5,1968896,0.186123667,261398352,NaN,0,0.186211126,263367248,12123.358886003494,1339363984
11,56,"[6, 0, 0, 5]",302,4.6834e-5,984576,0.085397542,307244192,NaN,0,0.085444376,308228768,12123.44435095787,1647599632
11,57,"[5, 6, 0, 0]",-36,NaN,0,NaN,0,4.4041e-5,393664,4.4041e-5,393664,12123.444416999817,1648000176
11,58,"[5, 5, 1, 0]",59,4.5292e-5,984352,0.084986042,325414048,NaN,0,0.085031334,326398400,12123.52945303917,1974405408
11,59,"[5, 5, 0, 1]",-58,NaN,0,NaN,0,5.3209e-5,393664,5.3209e-5,393664,12123.529531955719,1974805952
11,60,"[5, 4, 2, 0]",90,4.5541e-5,984368,0.08750275,261398752,NaN,0,0.087548291,262383120,12123.617084980011,1540994096
11,61,"[5, 4, 1, 1]",89,8.8125e-5,1969088,0.097151416,303656160,NaN,0,0.097239541,305625248,12123.714343070984,1499940592
11,62,"[5, 4, 0, 2]",88,4.6875e-5,984720,0.089130167,302902496,NaN,0,0.089177042,303887216,12123.803542137146,1350882912
11,63,"[5, 3, 3, 0]",130,4.6333e-5,984400,0.079204125,261398368,NaN,0,0.079250458,262382768,12123.882813930511,1338487024
11,64,"[5, 3, 2, 1]",129,8.6541e-5,1969152,0.18627,265740112,NaN,0,0.186356541,267709264,12124.069195985794,1342827600
11,65,"[5, 3, 1, 2]",128,8.85e-5,1969184,0.094881959,302902432,NaN,0,0.09497045900000001,304871616,12124.164180994034,1647706096
11,66,"[5, 3, 0, 3]",127,4.675e-5,984768,0.096272458,325414336,NaN,0,0.096319208,326399104,12124.260519981384,1974112096
11,67,"[5, 2, 4, 0]",180,6.25e-5,984448,0.090880959,287350672,NaN,0,0.09094345899999999,288335120,12124.351485013962,1575991104
11,68,"[5, 2, 3, 1]",179,8.7833e-5,1969248,0.101450708,265740112,NaN,0,0.101538541,267709360,12124.45304107666,1476007584
11,69,"[5, 2, 2, 2]",178,9.5708e-5,1969280,0.082168292,261398352,NaN,0,0.082264,263367632,12124.535325050354,1471665824
11,70,"[5, 2, 1, 3]",177,8.8417e-5,1969312,0.0882685,307244272,NaN,0,0.088356917,309213584,12124.623703956604,1386140704
11,71,"[5, 2, 0, 4]",176,4.6083e-5,984832,0.1915515,302902544,NaN,0,0.19159758300000002,303887376,12124.815320968628,1335576688
11,72,"[5, 1, 5, 0]",241,4.4291e-5,984512,0.088830791,261398576,NaN,0,0.08887508200000001,262383088,12124.904210090637,1597966672
11,73,"[5, 1, 4, 1]",240,8.775e-5,1969376,0.079610125,266493712,NaN,0,0.079697875,268463088,12124.983927965164,1866436656
11,74,"[5, 1, 3, 2]",239,8.6708e-5,1969408,0.091858333,294903696,NaN,0,0.091945041,296873104,12125.075887918472,1484648368
11,75,"[5, 1, 2, 3]",238,8.7875e-5,1969440,0.082177292,261398368,NaN,0,0.082265167,263367808,12125.158170938492,1406627776
11,76,"[5, 1, 1, 4]",237,8.7542e-5,1969472,0.093379792,307244256,NaN,0,0.093467334,309213728,12125.251653909683,1381281776
11,77,"[5, 1, 0, 5]",236,4.6667e-5,984912,0.088137292,302902480,NaN,0,0.088183959,303887392,12125.339853048325,1421809424
11,78,"[5, 0, 6, 0]",314,4.5125e-5,984592,0.0865365,261398656,NaN,0,0.086581625,262383248,12125.426450014114,1384190928
11,79,"[5, 0, 5, 1]",313,8.6958e-5,1969536,0.187095042,265740160,NaN,0,0.187182,267709696,12125.613649129868,1368927872
11,80,"[5, 0, 4, 2]",312,8.675e-5,1969568,0.078634625,261398288,NaN,0,0.078721375,263367856,12125.692389011383,1632302608
11,81,"[5, 0, 3, 3]",311,8.7458e-5,1969600,0.083580583,266493712,NaN,0,0.083668041,268463312,12125.776072978973,1900772800
11,82,"[5, 0, 2, 4]",310,8.7667e-5,1969632,0.087785541,286629824,NaN,0,0.087873208,288599456,12125.863960981369,1506520768
11,83,"[5, 0, 1, 5]",309,9.0292e-5,1969664,0.089040209,302902496,NaN,0,0.089130501,304872160,12125.95310807228,1403597824
11,84,"[5, 0, 0, 6]",308,4.6959e-5,985008,0.090073334,302902784,NaN,0,0.090120293,303887792,12126.043242931366,1447247952
11,85,"[4, 7, 0, 0]",-21,NaN,0,NaN,0,4.3167e-5,393664,4.3167e-5,393664,12126.043303966522,1447648496
11,86,"[4, 6, 1, 0]",-38,NaN,0,NaN,0,4.5541e-5,393664,4.5541e-5,393664,12126.04335308075,1448048992
11,87,"[4, 6, 0, 1]",-37,NaN,0,NaN,0,4.9625e-5,393664,4.9625e-5,393664,12126.043406009674,1448449488
11,88,"[4, 5, 2, 0]",-62,NaN,0,NaN,0,4.5583e-5,393664,4.5583e-5,393664,12126.043453931808,1448849984
11,89,"[4, 5, 1, 1]",-61,NaN,0,NaN,0,4.9042e-5,393664,4.9042e-5,393664,12126.043505907059,1449250480
11,90,"[4, 5, 0, 2]",-60,NaN,0,NaN,0,4.3542e-5,393664,4.3542e-5,393664,12126.043551921844,1449650976
11,91,"[4, 4, 3, 0]",94,4.475e-5,984736,0.08331975,261398352,NaN,0,0.0833645,262383088,12126.126919984818,1406506944
11,92,"[4, 4, 2, 1]",93,8.8458e-5,1969936,0.088771375,302902512,NaN,0,0.088859833,304872448,12126.215795993805,1343419056
11,93,"[4, 4, 1, 2]",-92,NaN,0,NaN,0,4.6166e-5,393664,4.6166e-5,393664,12126.215857982635,1343819600
11,94,"[4, 4, 0, 3]",-91,NaN,0,NaN,0,3.9334e-5,393664,3.9334e-5,393664,12126.215901136398,1344220096
11,95,"[4, 3, 4, 0]",135,4.6208e-5,984784,0.186333625,261398352,NaN,0,0.186379833,262383136,12126.40228509903,1363707936
11,96,"[4, 3, 3, 1]",134,9.1584e-5,1970032,0.081708792,265740048,NaN,0,0.08180037600000001,267710080,12126.484097003937,1631424896
11,97,"[4, 3, 2, 2]",133,8.7375e-5,1970064,0.089766959,314092704,NaN,0,0.089854334,316062768,12126.573967933655,1947494560
11,98,"[4, 3, 1, 3]",132,8.8e-5,1970096,0.102440417,340553280,NaN,0,0.10252841700000001,342523376,12126.67651295662,1508064576
11,99,"[4, 3, 0, 4]",131,4.5209e-5,985280,0.080941917,265740112,NaN,0,0.080987126,266725392,12126.757514953613,1474451024
11,100,"[4, 2, 5, 0]",186,4.7625e-5,984848,0.088694833,265740112,NaN,0,0.088742458,266724960,12126.846274137497,1471665968
11,101,"[4, 2, 4, 1]",185,8.7958e-5,1970160,0.085597417,265740128,NaN,0,0.085685375,267710288,12126.931973934174,1411486528
11,102,"[4, 2, 3, 2]",184,8.8375e-5,1970192,0.088439208,265740112,NaN,0,0.088527583,267710304,12127.020514965057,1411486976
11,103,"[4, 2, 2, 3]",183,9.2458e-5,1970224,0.20264,307244304,NaN,0,0.20273245799999998,309214528,12127.223259925842,1335576720
11,104,"[4, 2, 1, 4]",182,8.7291e-5,1970256,0.088448416,302902720,NaN,0,0.088535707,304872976,12127.311808109283,1640456592
11,105,"[4, 2, 0, 5]",181,5.5791e-5,985360,0.080550625,274554640,NaN,0,0.080606416,275540000,12127.392431020737,1916003472
11,106,"[4, 1, 6, 0]",248,6.1292e-5,984928,0.096017792,307322816,NaN,0,0.09607908400000001,308307744,12127.48852610588,1461725744
11,107,"[4, 1, 5, 1]",247,8.7333e-5,1970320,0.08121575,261398368,NaN,0,0.081303083,263368688,12127.569844007492,1360923760
11,108,"[4, 1, 4, 2]",246,8.8042e-5,1970352,0.080464417,265740112,NaN,0,0.08055245899999999,267710464,12127.650409936905,1365265488
11,109,"[4, 1, 3, 3]",245,8.6834e-5,1970384,0.080680709,261398352,NaN,0,0.080767543,263368736,12127.731190919876,1361801872
11,110,"[4, 1, 2, 4]",244,8.7709e-5,1970416,0.194456583,302902768,NaN,0,0.19454429199999998,304873184,12127.925750017166,1350882240
11,111,"[4, 1, 1, 5]",243,8.8917e-5,1970448,0.087319667,302902432,NaN,0,0.087408584,304872880,12128.013174057007,1655762016
11,112,"[4, 1, 0, 6]",242,5.5791e-5,985456,0.09507425,280453024,NaN,0,0.095130041,281438480,12128.108321905136,1400251888
11,113,"[4, 0, 7, 0]",322,4.7e-5,985024,0.078736833,261398288,NaN,0,0.07878383300000001,262383312,12128.187124967575,1662642080
11,114,"[4, 0, 6, 1]",321,9.0166e-5,1970512,0.081490708,266493824,NaN,0,0.081580874,268464336,12128.268728017807,1485214656
11,115,"[4, 0, 5, 2]",320,8.7333e-5,1970544,0.094801708,261398368,NaN,0,0.094889041,263368912,12128.36363196373,1338486288
11,116,"[4, 0, 4, 3]",319,8.7042e-5,1970576,0.082315875,265740384,NaN,0,0.08240291699999999,267710960,12128.44604897499,1428943744
11,117,"[4, 0, 3, 4]",318,9.0125e-5,1970608,0.186999291,265740112,NaN,0,0.187089416,267710720,12128.633152961731,1400658016
11,118,"[4, 0, 2, 5]",317,9.1792e-5,1970640,0.094719042,302902432,NaN,0,0.094810834,304873072,12128.72797703743,1705537968
11,119,"[4, 0, 1, 6]",316,9.0208e-5,1970672,0.0977525,342846768,NaN,0,0.097842708,344817440,12128.825834035873,1371039296
11,120,"[4, 0, 0, 7]",315,4.5541e-5,985568,0.08249525,261398288,NaN,0,0.082540791,262383856,12128.90839099884,1633430032
11,121,"[3, 8, 0, 0]",-11,NaN,0,NaN,0,4.4375e-5,393664,4.4375e-5,393664,12128.90844798088,1633830576
11,122,"[3, 7, 1, 0]",-23,NaN,0,NaN,0,4.2916e-5,393664,4.2916e-5,393664,12128.90849494934,1634231072
11,123,"[3, 7, 0, 1]",-22,NaN,0,NaN,0,4.2459e-5,393664,4.2459e-5,393664,12128.908540010452,1634631568
11,124,"[3, 6, 2, 0]",-41,NaN,0,NaN,0,4.0417e-5,393664,4.0417e-5,393664,12128.90858411789,1635032064
11,125,"[3, 6, 1, 1]",-40,NaN,0,NaN,0,4.6041e-5,393664,4.6041e-5,393664,12128.908632040024,1635432560
11,126,"[3, 6, 0, 2]",-39,NaN,0,NaN,0,4.3375e-5,393664,4.3375e-5,393664,12128.908679008484,1635833056
11,127,"[3, 5, 3, 0]",-66,NaN,0,NaN,0,4.0042e-5,393664,4.0042e-5,393664,12128.908720970154,1636233552
11,128,"[3, 5, 2, 1]",-65,NaN,0,NaN,0,4.7166e-5,393664,4.7166e-5,393664,12128.90877199173,1636634048
11,129,"[3, 5, 1, 2]",-64,NaN,0,NaN,0,4.0459e-5,393664,4.0459e-5,393664,12128.908814907074,1637034544
11,130,"[3, 5, 0, 3]",-63,NaN,0,NaN,0,4.5083e-5,393664,4.5083e-5,393664,12128.908863067627,1637435040
11,131,"[3, 4, 4, 0]",-99,NaN,0,NaN,0,4.0625e-5,393664,4.0625e-5,393664,12128.908905982971,1637835536
11,132,"[3, 4, 3, 1]",-98,NaN,0,NaN,0,4.1167e-5,393664,4.1167e-5,393664,12128.908950090408,1638236032
11,133,"[3, 4, 2, 2]",-97,NaN,0,NaN,0,4.4792e-5,393664,4.4792e-5,393664,12128.908997058868,1638636528
11,134,"[3, 4, 1, 3]",-96,NaN,0,NaN,0,4.0917e-5,393664,4.0917e-5,393664,12128.909040927887,1639037024
11,135,"[3, 4, 0, 4]",-95,NaN,0,NaN,0,4.1542e-5,393664,4.1542e-5,393664,12128.909085035324,1639437520
11,136,"[3, 3, 5, 0]",141,4.3666e-5,985296,0.0874065,262152064,NaN,0,0.087450166,263137360,12128.996537923813,1483658256
11,137,"[3, 3, 4, 1]",140,8.8708e-5,1971184,0.082558125,261398656,NaN,0,0.082646833,263369840,12129.079199075699,1338486864
11,138,"[3, 3, 3, 2]",139,8.9875e-5,1971216,0.086678125,307244256,NaN,0,0.086768,309215472,12129.165982961655,1313141344
11,139,"[3, 3, 2, 3]",-138,NaN,0,NaN,0,4.6834e-5,393664,4.6834e-5,393664,12129.166041135788,1313541888
11,140,"[3, 3, 1, 4]",-137,NaN,0,NaN,0,4.1083e-5,393664,4.1083e-5,393664,12129.16608595848,1313942384
11,141,"[3, 3, 0, 5]",-136,NaN,0,NaN,0,4.6791e-5,393664,4.6791e-5,393664,12129.166135072708,1314342880
11,142,"[3, 2, 6, 0]",193,4.6292e-5,985376,0.18753,261398352,NaN,0,0.187576292,262383728,12129.353714942932,1338485840
11,143,"[3, 2, 5, 1]",192,9.0459e-5,1971344,0.080626584,265740048,NaN,0,0.080717043,267711392,12129.434448957443,1606204112
11,144,"[3, 2, 4, 2]",191,8.9834e-5,1971376,0.082188292,266493712,NaN,0,0.082278126,268465088,12129.516741991043,1874676080
11,145,"[3, 2, 3, 3]",190,8.9667e-5,1971408,0.097836125,345271584,NaN,0,0.097925792,347242992,12129.61468410492,1493120816
11,146,"[3, 2, 2, 4]",189,9.0083e-5,1971440,0.087557875,307244544,NaN,0,0.087647958,309215984,12129.70234799385,1444763248
11,147,"[3, 2, 1, 5]",188,8.9959e-5,1971472,0.08383325,265740112,NaN,0,0.083923209,267711584,12129.786288022995,1474451200
11,148,"[3, 2, 0, 6]",187,4.6125e-5,986032,0.083403375,265740128,NaN,0,0.0834495,266726160,12129.869754076004,1411486480
11,149,"[3, 1, 7, 0]",256,4.7167e-5,985472,0.082924625,265740112,NaN,0,0.082971792,266725584,12129.952739953995,1411486928
11,150,"[3, 1, 6, 1]",255,9.0e-5,1971536,0.189238875,265740160,NaN,0,0.189328875,267711696,12130.142081975937,1365264448
11,151,"[3, 1, 5, 2]",254,8.9333e-5,1971568,0.087805333,261398288,NaN,0,0.087894666,263369856,12130.229988098145,1628641184
11,152,"[3, 1, 4, 3]",253,9.0042e-5,1971600,0.081129208,266494000,NaN,0,0.08121924999999999,268465600,12130.311222076416,1897113664
11,153,"[3, 1, 3, 4]",252,9.0333e-5,1971632,0.0970985,353545504,NaN,0,0.097188833,355517136,12130.408423900604,1477030368
11,154,"[3, 1, 2, 5]",251,9.7e-5,1971664,0.087454291,302902496,NaN,0,0.087551291,304874160,12130.495990991592,1449104976
11,155,"[3, 1, 1, 6]",250,8.9875e-5,1971696,0.081466667,261398352,NaN,0,0.08155654200000001,263370048,12130.577563047409,1474450944
11,156,"[3, 1, 0, 7]",249,4.6958e-5,986144,0.082317542,265740112,NaN,0,0.0823645,266726256,12130.659940958023,1496095536
11,157,"[3, 0, 8, 0]",331,4.625e-5,985584,0.084136208,261398368,NaN,0,0.084182458,262383952,12130.744137048721,1411486512
11,158,"[3, 0, 7, 1]",330,9.2083e-5,1971760,0.0956085,265740400,NaN,0,0.095700583,267712160,12130.839849948883,1442642624
11,159,"[3, 0, 6, 2]",329,0.094012125,1971888,0.084810208,261398288,NaN,0,0.178822333,263370176,12131.018686056137,1515252688
11,160,"[3, 0, 5, 3]",328,9.0125e-5,1971824,0.079083459,266493712,NaN,0,0.07917358399999999,268465536,12131.097872972488,1783725104
11,161,"[3, 0, 4, 4]",327,9.1291e-5,1971856,0.084491959,297672592,NaN,0,0.08458325,299644448,12131.182471990585,1438944384
11,162,"[3, 0, 3, 5]",326,9.05e-5,1971888,0.093969167,302902512,NaN,0,0.094059667,304874400,12131.276546001434,1335577824
11,163,"[3, 0, 2, 6]",325,9.0042e-5,1971920,0.090379125,302902496,NaN,0,0.090469167,304874416,12131.367028951645,1338363072
11,164,"[3, 0, 1, 7]",324,9.0125e-5,1971952,0.08096875,261398640,NaN,0,0.081058875,263370592,12131.448101043701,1364587184
11,165,"[3, 0, 0, 8]",323,4.6583e-5,986272,0.089603125,261398336,NaN,0,0.08964970800000001,262384608,12131.537764072418,1376229248
11,166,"[2, 9, 0, 0]",-5,NaN,0,NaN,0,4.4875e-5,393664,4.4875e-5,393664,12131.537822008133,1376629808
11,167,"[2, 8, 1, 0]",-13,NaN,0,NaN,0,4.3458e-5,393664,4.3458e-5,393664,12131.537869930267,1377030304
11,168,"[2, 8, 0, 1]",-12,NaN,0,NaN,0,6.1583e-5,393664,6.1583e-5,393664,12131.538800001144,1377430800
11,169,"[2, 7, 2, 0]",-26,NaN,0,NaN,0,4.2833e-5,393664,4.2833e-5,393664,12131.53885102272,1377831296
11,170,"[2, 7, 1, 1]",-25,NaN,0,NaN,0,4.95e-5,393664,4.95e-5,393664,12131.538903951645,1378231792
11,171,"[2, 7, 0, 2]",-24,NaN,0,NaN,0,4.0584e-5,393664,4.0584e-5,393664,12131.538948059082,1378632288
11,172,"[2, 6, 3, 0]",-45,NaN,0,NaN,0,4.7208e-5,393664,4.7208e-5,393664,12131.538998126984,1379032784
11,173,"[2, 6, 2, 1]",-44,NaN,0,NaN,0,4.2167e-5,393664,4.2167e-5,393664,12131.539042949677,1379433280
11,174,"[2, 6, 1, 2]",-43,NaN,0,NaN,0,4.1042e-5,393664,4.1042e-5,393664,12131.53908610344,1379833776
11,175,"[2, 6, 0, 3]",-42,NaN,0,NaN,0,4.25e-5,393664,4.25e-5,393664,12131.539130926132,1380234272
11,176,"[2, 5, 4, 0]",-71,NaN,0,NaN,0,4.3583e-5,393664,4.3583e-5,393664,12131.53917813301,1380634768
11,177,"[2, 5, 3, 1]",-70,NaN,0,NaN,0,4.7959e-5,393664,4.7959e-5,393664,12131.539227962494,1381035264
11,178,"[2, 5, 2, 2]",-69,NaN,0,NaN,0,4.1084e-5,393664,4.1084e-5,393664,12131.539272069931,1381435760
11,179,"[2, 5, 1, 3]",-68,NaN,0,NaN,0,4.3375e-5,393664,4.3375e-5,393664,12131.539318084717,1381836256
11,180,"[2, 5, 0, 4]",-67,NaN,0,NaN,0,4.2458e-5,393664,4.2458e-5,393664,12131.53936290741,1382236752
11,181,"[2, 4, 5, 0]",-105,NaN,0,NaN,0,4.6416e-5,393664,4.6416e-5,393664,12131.539412021637,1382637248
11,182,"[2, 4, 4, 1]",-104,NaN,0,NaN,0,4.4792e-5,393664,4.4792e-5,393664,12131.539459943771,1383037744
11,183,"[2, 4, 3, 2]",-103,NaN,0,NaN,0,4.1209e-5,393664,4.1209e-5,393664,12131.539504051208,1383438240
11,184,"[2, 4, 2, 3]",-102,NaN,0,NaN,0,4.5583e-5,393664,4.5583e-5,393664,12131.539551973343,1383838736
11,185,"[2, 4, 1, 4]",-101,NaN,0,NaN,0,4.0792e-5,393664,4.0792e-5,393664,12131.53959608078,1384239232
11,186,"[2, 4, 0, 5]",-100,NaN,0,NaN,0,4.4666e-5,393664,4.4666e-5,393664,12131.53964304924,1384639728
11,187,"[2, 3, 6, 0]",-148,NaN,0,NaN,0,4.4458e-5,393664,4.4458e-5,393664,12131.5396900177,1385040224
11,188,"[2, 3, 5, 1]",-147,NaN,0,NaN,0,4.1667e-5,393664,4.1667e-5,393664,12131.539734125137,1385440720
11,189,"[2, 3, 4, 2]",-146,NaN,0,NaN,0,4.2417e-5,393664,4.2417e-5,393664,12131.53977894783,1385841216
11,190,"[2, 3, 3, 3]",-145,NaN,0,NaN,0,4.0833e-5,393664,4.0833e-5,393664,12131.539823055267,1386241712
11,191,"[2, 3, 2, 4]",-144,NaN,0,NaN,0,4.2458e-5,393664,4.2458e-5,393664,12131.539868116379,1386642208
11,192,"[2, 3, 1, 5]",-143,NaN,0,NaN,0,0.015297292,393728,0.015297292,393728,12131.55516910553,1229841776
11,193,"[2, 3, 0, 6]",-142,NaN,0,NaN,0,4.2291e-5,393664,4.2291e-5,393664,12131.555223941803,1230242272
11,194,"[2, 2, 7, 0]",201,4.8875e-5,986048,0.17127225,261398288,NaN,0,0.171321125,262384336,12131.726547956467,1435245200
11,195,"[2, 2, 6, 1]",200,9.0584e-5,1972832,0.083660917,266116880,NaN,0,0.083751501,268089712,12131.810312986374,1703341792
11,196,"[2, 2, 5, 2]",199,9.1e-5,1972864,0.082631167,292085664,NaN,0,0.082722167,294058528,12131.893049001694,1395975216
11,197,"[2, 2, 4, 3]",198,8.9958e-5,1972896,0.090135834,302902432,NaN,0,0.090225792,304875328,12131.98328590393,1700857424
11,198,"[2, 2, 3, 4]",-197,NaN,0,NaN,0,4.7625e-5,393664,4.7625e-5,393664,12131.98334813118,1701257968
11,199,"[2, 2, 2, 5]",-196,NaN,0,NaN,0,4.1209e-5,393664,4.1209e-5,393664,12131.983392000198,1701658464
11,200,"[2, 2, 1, 6]",-195,NaN,0,NaN,0,4.9e-5,393664,4.9e-5,393664,12131.983443975449,1702058960
11,201,"[2, 2, 0, 7]",-194,NaN,0,NaN,0,4.4916e-5,393664,4.4916e-5,393664,12131.983492136002,1702459456
11,202,"[2, 1, 8, 0]",265,4.6125e-5,986160,0.086664709,262152352,NaN,0,0.086710834,263138512,12132.070207118988,1483657808
11,203,"[2, 1, 7, 1]",264,9.1459e-5,1973056,0.08702725,261398368,NaN,0,0.087118709,263371424,12132.157341003418,1338486320
11,204,"[2, 1, 6, 2]",263,9.9791e-5,1973088,0.084244,265740096,NaN,0,0.084343791,267713184,12132.241701126099,1403007648
11,205,"[2, 1, 5, 3]",262,9.2375e-5,1973120,0.191358708,261398352,NaN,0,0.191451083,263371472,12132.433166980743,1396316256
11,206,"[2, 1, 4, 4]",261,9.1666e-5,1973152,0.092355416,307244192,NaN,0,0.092447082,309217344,12132.525628089905,1705540480
11,207,"[2, 1, 3, 5]",260,9.0875e-5,1973184,0.099161292,349367600,NaN,0,0.099252167,351340784,12132.624893903732,1369073216
11,208,"[2, 1, 2, 6]",259,9.7167e-5,1973216,0.082611708,261398576,NaN,0,0.082708875,263371792,12132.7076151371,1632451888
11,209,"[2, 1, 1, 7]",258,9.1709e-5,1973248,0.08746675,262152064,NaN,0,0.08755845899999999,264125312,12132.795188903809,1483658864
11,210,"[2, 1, 0, 8]",257,4.8459e-5,986992,0.079895833,261398368,NaN,0,0.079944292,262385360,12132.875152111053,1338486896
11,211,"[2, 0, 9, 0]",341,4.8084e-5,986288,0.083945458,265740096,NaN,0,0.083993542,266726384,12132.959157943726,1403008224
11,212,"[2, 0, 8, 1]",340,9.0459e-5,1973312,0.189894375,261398368,NaN,0,0.189984834,263371680,12133.149157047272,1339363984
11,213,"[2, 0, 7, 2]",339,8.9917e-5,1973344,0.08033425,265740048,NaN,0,0.08042416699999999,267713392,12133.229593992233,1607084256
11,214,"[2, 0, 6, 3]",338,9.1541e-5,1973376,0.085439417,266494000,NaN,0,0.085530958,268467376,12133.315139055252,1875558528
11,215,"[2, 0, 5, 4]",337,9.2375e-5,1973408,0.086416708,289398720,NaN,0,0.086509083,291372128,12133.401663064957,1550528784
11,216,"[2, 0, 4, 5]",336,9.2208e-5,1973440,0.090170875,307244256,NaN,0,0.090263083,309217696,12133.49194097519,1399256336
11,217,"[2, 0, 3, 6]",335,9.1708e-5,1973472,0.096536583,307244256,NaN,0,0.09662829099999999,309217728,12133.588583946228,1442906528
11,218,"[2, 0, 2, 7]",334,9.1208e-5,1973504,0.088097792,265740112,NaN,0,0.08818899999999999,267713616,12133.676789999008,1406507216
11,219,"[2, 0, 1, 8]",333,9.1666e-5,1973536,0.084740417,265740128,NaN,0,0.084832083,267713664,12133.761636018753,1368765360
11,220,"[2, 0, 0, 9]",332,4.7209e-5,987136,0.184202542,265740400,NaN,0,0.184249751,266727536,12133.945902109146,1342827632
11,221,"[1, 10, 0, 0]",-2,NaN,0,NaN,0,4.9458e-5,393664,4.9458e-5,393664,12133.945967912674,1343228176
11,222,"[1, 9, 1, 0]",-7,NaN,0,NaN,0,5.4875e-5,393664,5.4875e-5,393664,12133.946027040482,1343628672
11,223,"[1, 9, 0, 1]",-6,NaN,0,NaN,0,4.4917e-5,393664,4.4917e-5,393664,12133.946078062057,1344029168
11,224,"[1, 8, 2, 0]",-16,NaN,0,NaN,0,4.6375e-5,393664,4.6375e-5,393664,12133.94612812996,1344429664
11,225,"[1, 8, 1, 1]",-15,NaN,0,NaN,0,4.4416e-5,393664,4.4416e-5,393664,12133.94617509842,1344830160
11,226,"[1, 8, 0, 2]",-14,NaN,0,NaN,0,4.9458e-5,393664,4.9458e-5,393664,12133.946228027344,1345230656
11,227,"[1, 7, 3, 0]",-30,NaN,0,NaN,0,4.5167e-5,393664,4.5167e-5,393664,12133.946275949478,1345631152
11,228,"[1, 7, 2, 1]",-29,NaN,0,NaN,0,4.5875e-5,393664,4.5875e-5,393664,12133.946324110031,1346031648
11,229,"[1, 7, 1, 2]",-28,NaN,0,NaN,0,4.625e-5,393664,4.625e-5,393664,12133.946373939514,1346432144
11,230,"[1, 7, 0, 3]",-27,NaN,0,NaN,0,4.8083e-5,393664,4.8083e-5,393664,12133.94642496109,1346832640
11,231,"[1, 6, 4, 0]",-50,NaN,0,NaN,0,4.9e-5,393664,4.9e-5,393664,12133.946475982666,1347233136
11,232,"[1, 6, 3, 1]",-49,NaN,0,NaN,0,4.725e-5,393664,4.725e-5,393664,12133.946526050568,1347633632
11,233,"[1, 6, 2, 2]",-48,NaN,0,NaN,0,4.45e-5,393664,4.45e-5,393664,12133.946577072144,1348034128
11,234,"[1, 6, 1, 3]",-47,NaN,0,NaN,0,4.3959e-5,393664,4.3959e-5,393664,12133.946624040604,1348434624
11,235,"[1, 6, 0, 4]",-46,NaN,0,NaN,0,4.5042e-5,393664,4.5042e-5,393664,12133.946671962738,1348835120
11,236,"[1, 5, 5, 0]",-77,NaN,0,NaN,0,4.5667e-5,393664,4.5667e-5,393664,12133.946720123291,1349235616
11,237,"[1, 5, 4, 1]",-76,NaN,0,NaN,0,4.7167e-5,393664,4.7167e-5,393664,12133.946769952774,1349636112
11,238,"[1, 5, 3, 2]",-75,NaN,0,NaN,0,4.6084e-5,393664,4.6084e-5,393664,12133.946823120117,1350036608
11,239,"[1, 5, 2, 3]",-74,NaN,0,NaN,0,4.3083e-5,393664,4.3083e-5,393664,12133.946869134903,1350437104
11,240,"[1, 5, 1, 4]",-73,NaN,0,NaN,0,4.4167e-5,393664,4.4167e-5,393664,12133.946916103363,1350837600
11,241,"[1, 5, 0, 5]",-72,NaN,0,NaN,0,4.5333e-5,393664,4.5333e-5,393664,12133.946964025497,1351238096
11,242,"[1, 4, 6, 0]",-112,NaN,0,NaN,0,5.1917e-5,393664,5.1917e-5,393664,12133.94701910019,1351638592
11,243,"[1, 4, 5, 1]",-111,NaN,0,NaN,0,4.6667e-5,393664,4.6667e-5,393664,12133.947068929672,1352039088
11,244,"[1, 4, 4, 2]",-110,NaN,0,NaN,0,5.1459e-5,393664,5.1459e-5,393664,12133.947125911713,1352439584
11,245,"[1, 4, 3, 3]",-109,NaN,0,NaN,0,4.8833e-5,393664,4.8833e-5,393664,12133.947178125381,1352840080
11,246,"[1, 4, 2, 4]",-108,NaN,0,NaN,0,4.7625e-5,393664,4.7625e-5,393664,12133.947228908539,1353240576
11,247,"[1, 4, 1, 5]",-107,NaN,0,NaN,0,4.7167e-5,393664,4.7167e-5,393664,12133.94727897644,1353641072
11,248,"[1, 4, 0, 6]",-106,NaN,0,NaN,0,4.7417e-5,393664,4.7417e-5,393664,12133.947331905365,1354041568
11,249,"[1, 3, 7, 0]",-156,NaN,0,NaN,0,4.8333e-5,393664,4.8333e-5,393664,12133.947384119034,1354442064
11,250,"[1, 3, 6, 1]",-155,NaN,0,NaN,0,4.1042e-5,393664,4.1042e-5,393664,12133.947431087494,1354842560
11,251,"[1, 3, 5, 2]",-154,NaN,0,NaN,0,3.5459e-5,393664,3.5459e-5,393664,12133.947468996048,1355243056
11,252,"[1, 3, 4, 3]",-153,NaN,0,NaN,0,3.75e-5,393664,3.75e-5,393664,12133.94750905037,1355643552
11,253,"[1, 3, 3, 4]",-152,NaN,0,NaN,0,3.5917e-5,393664,3.5917e-5,393664,12133.947547912598,1356044048
11,254,"[1, 3, 2, 5]",-151,NaN,0,NaN,0,3.9958e-5,393664,3.9958e-5,393664,12133.94759106636,1356444544
11,255,"[1, 3, 1, 6]",-150,NaN,0,NaN,0,3.9417e-5,393664,3.9417e-5,393664,12133.947637081146,1356845040
11,256,"[1, 3, 0, 7]",-149,NaN,0,NaN,0,3.6334e-5,393664,3.6334e-5,393664,12133.947679042816,1357245536
11,257,"[1, 2, 8, 0]",-210,NaN,0,NaN,0,3.6708e-5,393664,3.6708e-5,393664,12133.947719097137,1357646032
11,258,"[1, 2, 7, 1]",-209,NaN,0,NaN,0,6.9042e-5,393664,6.9042e-5,393664,12133.947791099548,1358046528
11,259,"[1, 2, 6, 2]",-208,NaN,0,NaN,0,7.2791e-5,393664,7.2791e-5,393664,12133.947865962982,1358447024
11,260,"[1, 2, 5, 3]",-207,NaN,0,NaN,0,6.6791e-5,393664,6.6791e-5,393664,12133.947936058044,1358847520
11,261,"[1, 2, 4, 4]",-206,NaN,0,NaN,0,6.5041e-5,393664,6.5041e-5,393664,12133.948005914688,1359248016
11,262,"[1, 2, 3, 5]",-205,NaN,0,NaN,0,6.3e-5,393664,6.3e-5,393664,12133.948072910309,1359648512
11,263,"[1, 2, 2, 6]",-204,NaN,0,NaN,0,5.9666e-5,393664,5.9666e-5,393664,12133.948137998581,1360049008
11,264,"[1, 2, 1, 7]",-203,NaN,0,NaN,0,3.4375e-5,393664,3.4375e-5,393664,12133.948175907135,1360449504
11,265,"[1, 2, 0, 8]",-202,NaN,0,NaN,0,3.7375e-5,393664,3.7375e-5,393664,12133.948215961456,1360850000
11,266,"[1, 1, 9, 0]",275,0.000106416,987008,0.083814833,261398288,NaN,0,0.083921249,262385296,12134.032140016556,1623242128
11,267,"[1, 1, 8, 1]",274,0.000168667,1974912,0.084321041,266493712,NaN,0,0.084489708,268468624,12134.116642951965,1891717632
11,268,"[1, 1, 7, 2]",273,9.3625e-5,1974944,0.087648666,305946512,NaN,0,0.087742291,307921456,12134.204405069351,1506717792
11,269,"[1, 1, 6, 3]",272,0.000102417,1974976,0.092552167,261398368,NaN,0,0.092654584,263373344,12134.29707312584,1433923952
11,270,"[1, 1, 5, 4]",271,9.4125e-5,1975008,0.089864125,307244256,NaN,0,0.08995825,309219264,12134.387044906616,1408577984
11,271,"[1, 1, 4, 5]",-270,NaN,0,NaN,0,3.5542e-5,393664,3.5542e-5,393664,12134.38709306717,1408978528
11,272,"[1, 1, 3, 6]",-269,NaN,0,NaN,0,3.3125e-5,393664,3.3125e-5,393664,12134.387130022049,1409379024
11,273,"[1, 1, 2, 7]",-268,NaN,0,NaN,0,3.4625e-5,393664,3.4625e-5,393664,12134.387166976929,1409779520
11,274,"[1, 1, 1, 8]",-267,NaN,0,NaN,0,3.6625e-5,393664,3.6625e-5,393664,12134.387206077576,1410180016
11,275,"[1, 1, 0, 9]",-266,NaN,0,NaN,0,3.8542e-5,393664,3.8542e-5,393664,12134.387247085571,1410580512
11,276,"[1, 0, 10, 0]",352,4.7292e-5,987152,0.107716459,391021712,NaN,0,0.107763751,392008864,12134.495018959045,1485289120
11,277,"[1, 0, 9, 1]",351,9.4e-5,1975200,0.21177025,395363216,NaN,0,0.21186425,397338416,12134.706897974014,1476808992
11,278,"[1, 0, 8, 2]",350,9.2208e-5,1975232,0.109296208,407569168,NaN,0,0.109388416,409544400,12134.816301107407,1886360272
11,279,"[1, 0, 7, 3]",349,9.9334e-5,1975264,0.11995175,412664752,NaN,0,0.120051084,414640016,12134.936367034912,1695389888
11,280,"[1, 0, 6, 4]",348,9.4833e-5,1975296,0.111667292,391021456,NaN,0,0.111762125,392996752,12135.048144102097,1480308560
11,281,"[1, 0, 5, 5]",347,9.4583e-5,1975328,0.092026459,307244272,NaN,0,0.092121042,309219600,12135.140280008316,1343418752
11,282,"[1, 0, 4, 6]",346,9.4667e-5,1975360,0.1974005,302902784,NaN,0,0.197495167,304878144,12135.337788105011,1313139872
11,283,"[1, 0, 3, 7]",345,9.35e-5,1975392,0.110683458,391021328,NaN,0,0.110776958,392996720,12135.448576927185,1706143472
11,284,"[1, 0, 2, 8]",344,9.4458e-5,1975424,0.115980875,469025680,NaN,0,0.116075333,471001104,12135.564671993256,1599575328
11,285,"[1, 0, 1, 9]",343,9.4417e-5,1975456,0.111478917,388039536,NaN,0,0.111573334,390014992,12135.676261901855,1518171328
11,286,"[1, 0, 0, 10]",342,4.8083e-5,988176,0.111506541,392381312,NaN,0,0.111554624,393369488,12135.787831068039,1462333904
11,287,"[0, 11, 0, 0]",-1,NaN,0,NaN,0,4.625e-5,393664,4.625e-5,393664,12135.787889957428,1462734448
11,288,"[0, 10, 1, 0]",-4,NaN,0,NaN,0,4.1125e-5,393664,4.1125e-5,393664,12135.787934064865,1463134944
11,289,"[0, 10, 0, 1]",-3,NaN,0,NaN,0,4.5333e-5,393664,4.5333e-5,393664,12135.787982940674,1463535440
11,290,"[0, 9, 2, 0]",-10,NaN,0,NaN,0,3.9333e-5,393664,3.9333e-5,393664,12135.78802394867,1463935936
11,291,"[0, 9, 1, 1]",-9,NaN,0,NaN,0,4.6042e-5,393664,4.6042e-5,393664,12135.788073062897,1464336432
11,292,"[0, 9, 0, 2]",-8,NaN,0,NaN,0,4.5208e-5,393664,4.5208e-5,393664,12135.788120985031,1464736928
11,293,"[0, 8, 3, 0]",-20,NaN,0,NaN,0,3.9708e-5,393664,3.9708e-5,393664,12135.788162946701,1465137424
11,294,"[0, 8, 2, 1]",-19,NaN,0,NaN,0,4.1292e-5,393664,4.1292e-5,393664,12135.788207054138,1465537920
11,295,"[0, 8, 1, 2]",-18,NaN,0,NaN,0,4.025e-5,393664,4.025e-5,393664,12135.788249969482,1465938416
11,296,"[0, 8, 0, 3]",-17,NaN,0,NaN,0,4.6041e-5,393664,4.6041e-5,393664,12135.78829908371,1466338912
11,297,"[0, 7, 4, 0]",-35,NaN,0,NaN,0,4.2834e-5,393664,4.2834e-5,393664,12135.788345098495,1466739408
11,298,"[0, 7, 3, 1]",-34,NaN,0,NaN,0,4.6959e-5,393664,4.6959e-5,393664,12135.788393974304,1467139904
11,299,"[0, 7, 2, 2]",-33,NaN,0,NaN,0,4.1125e-5,393664,4.1125e-5,393664,12135.788438081741,1467540400
11,300,"[0, 7, 1, 3]",-32,NaN,0,NaN,0,4.0e-5,393664,4.0e-5,393664,12135.788480043411,1467940896
11,301,"[0, 7, 0, 4]",-31,NaN,0,NaN,0,4.1625e-5,393664,4.1625e-5,393664,12135.788525104523,1468341392
11,302,"[0, 6, 5, 0]",-56,NaN,0,NaN,0,4.3708e-5,393664,4.3708e-5,393664,12135.788571119308,1468741888
11,303,"[0, 6, 4, 1]",-55,NaN,0,NaN,0,4.5625e-5,393664,4.5625e-5,393664,12135.788619041443,1469142384
11,304,"[0, 6, 3, 2]",-54,NaN,0,NaN,0,4.2833e-5,393664,4.2833e-5,393664,12135.788665056229,1469542880
11,305,"[0, 6, 2, 3]",-53,NaN,0,NaN,0,4.1459e-5,393664,4.1459e-5,393664,12135.788708925247,1469943376
11,306,"[0, 6, 1, 4]",-52,NaN,0,NaN,0,4.5917e-5,393664,4.5917e-5,393664,12135.788758039474,1470343872
11,307,"[0, 6, 0, 5]",-51,NaN,0,NaN,0,3.8459e-5,393664,3.8459e-5,393664,12135.78879904747,1470744368
11,308,"[0, 5, 6, 0]",-84,NaN,0,NaN,0,4.5792e-5,393664,4.5792e-5,393664,12135.788846969604,1471144864
11,309,"[0, 5, 5, 1]",-83,NaN,0,NaN,0,4.1792e-5,393664,4.1792e-5,393664,12135.788891077042,1471545360
11,310,"[0, 5, 4, 2]",-82,NaN,0,NaN,0,4.8042e-5,393664,4.8042e-5,393664,12135.788942098618,1471945856
11,311,"[0, 5, 3, 3]",-81,NaN,0,NaN,0,4.15e-5,393664,4.15e-5,393664,12135.788985967636,1472346352
11,312,"[0, 5, 2, 4]",-80,NaN,0,NaN,0,4.5917e-5,393664,4.5917e-5,393664,12135.789035081863,1472746848
11,313,"[0, 5, 1, 5]",-79,NaN,0,NaN,0,4.2208e-5,393664,4.2208e-5,393664,12135.789079904556,1473147344
11,314,"[0, 5, 0, 6]",-78,NaN,0,NaN,0,4.3167e-5,393664,4.3167e-5,393664,12135.789125919342,1473547840
11,315,"[0, 4, 7, 0]",-120,NaN,0,NaN,0,4.5917e-5,393664,4.5917e-5,393664,12135.789174079895,1473948336
11,316,"[0, 4, 6, 1]",-119,NaN,0,NaN,0,3.7208e-5,393664,3.7208e-5,393664,12135.789214134216,1474348832
11,317,"[0, 4, 5, 2]",-118,NaN,0,NaN,0,3.4292e-5,393664,3.4292e-5,393664,12135.789251089096,1474749328
11,318,"[0, 4, 4, 3]",-117,NaN,0,NaN,0,3.1375e-5,393664,3.1375e-5,393664,12135.789284944534,1475149824
11,319,"[0, 4, 3, 4]",-116,NaN,0,NaN,0,3.4833e-5,393664,3.4833e-5,393664,12135.789322137833,1475550320
11,320,"[0, 4, 2, 5]",-115,NaN,0,NaN,0,3.4125e-5,393664,3.4125e-5,393664,12135.789359092712,1475950816
11,321,"[0, 4, 1, 6]",-114,NaN,0,NaN,0,3.3292e-5,393664,3.3292e-5,393664,12135.789395093918,1476351312
11,322,"[0, 4, 0, 7]",-113,NaN,0,NaN,0,3.2167e-5,393664,3.2167e-5,393664,12135.78942990303,1476751808
11,323,"[0, 3, 8, 0]",-165,NaN,0,NaN,0,3.1792e-5,393664,3.1792e-5,393664,12135.789463996887,1477152304
11,324,"[0, 3, 7, 1]",-164,NaN,0,NaN,0,3.3833e-5,393664,3.3833e-5,393664,12135.789500951767,1477552800
11,325,"[0, 3, 6, 2]",-163,NaN,0,NaN,0,3.4875e-5,393664,3.4875e-5,393664,12135.78953909874,1477953296
11,326,"[0, 3, 5, 3]",-162,NaN,0,NaN,0,3.4542e-5,393664,3.4542e-5,393664,12135.78957605362,1478353792
11,327,"[0, 3, 4, 4]",-161,NaN,0,NaN,0,3.4e-5,393664,3.4e-5,393664,12135.789612054825,1478754288
11,328,"[0, 3, 3, 5]",-160,NaN,0,NaN,0,3.3792e-5,393664,3.3792e-5,393664,12135.789649009705,1479154784
11,329,"[0, 3, 2, 6]",-159,NaN,0,NaN,0,3.3458e-5,393664,3.3458e-5,393664,12135.78968501091,1479555280
11,330,"[0, 3, 1, 7]",-158,NaN,0,NaN,0,3.5208e-5,393664,3.5208e-5,393664,12135.789722919464,1479955776
11,331,"[0, 3, 0, 8]",-157,NaN,0,NaN,0,4.1084e-5,393664,4.1084e-5,393664,12135.789767026901,1480356272
11,332,"[0, 2, 9, 0]",-220,NaN,0,NaN,0,3.5458e-5,393664,3.5458e-5,393664,12135.789803981781,1480756768
11,333,"[0, 2, 8, 1]",-219,NaN,0,NaN,0,3.6583e-5,393664,3.6583e-5,393664,12135.789844036102,1481157264
11,334,"[0, 2, 7, 2]",-218,NaN,0,NaN,0,3.4125e-5,393664,3.4125e-5,393664,12135.789880990982,1481557760
11,335,"[0, 2, 6, 3]",-217,NaN,0,NaN,0,3.2333e-5,393664,3.2333e-5,393664,12135.789916038513,1481958256
11,336,"[0, 2, 5, 4]",-216,NaN,0,NaN,0,3.7541e-5,393664,3.7541e-5,393664,12135.789956092834,1482358752
11,337,"[0, 2, 4, 5]",-215,NaN,0,NaN,0,3.7916e-5,393664,3.7916e-5,393664,12135.789995908737,1482759248
11,338,"[0, 2, 3, 6]",-214,NaN,0,NaN,0,3.8125e-5,393664,3.8125e-5,393664,12135.790036916733,1483159744
11,339,"[0, 2, 2, 7]",-213,NaN,0,NaN,0,3.25e-5,393664,3.25e-5,393664,12135.790071964264,1483560240
11,340,"[0, 2, 1, 8]",-212,NaN,0,NaN,0,3.5542e-5,393664,3.5542e-5,393664,12135.790110111237,1483960736
11,341,"[0, 2, 0, 9]",-211,NaN,0,NaN,0,6.425e-5,393664,6.425e-5,393664,12135.790177106857,1484361232
11,342,"[0, 1, 10, 0]",-286,NaN,0,NaN,0,5.9083e-5,393664,5.9083e-5,393664,12135.790239095688,1484761728
11,343,"[0, 1, 9, 1]",-285,NaN,0,NaN,0,6.1666e-5,393664,6.1666e-5,393664,12135.790303945541,1485162224
11,344,"[0, 1, 8, 2]",-284,NaN,0,NaN,0,5.5583e-5,393664,5.5583e-5,393664,12135.790362119675,1485562720
11,345,"[0, 1, 7, 3]",-283,NaN,0,NaN,0,5.6083e-5,393664,5.6083e-5,393664,12135.79042005539,1485963216
11,346,"[0, 1, 6, 4]",-282,NaN,0,NaN,0,5.0791e-5,393664,5.0791e-5,393664,12135.790473937988,1486363712
11,347,"[0, 1, 5, 5]",-281,NaN,0,NaN,0,3.5208e-5,393664,3.5208e-5,393664,12135.790511131287,1486764208
11,348,"[0, 1, 4, 6]",-280,NaN,0,NaN,0,3.6041e-5,393664,3.6041e-5,393664,12135.790549993515,1487164704
11,349,"[0, 1, 3, 7]",-279,NaN,0,NaN,0,5.4709e-5,393664,5.4709e-5,393664,12135.790606975555,1487565200
11,350,"[0, 1, 2, 8]",-278,NaN,0,NaN,0,5.8166e-5,393664,5.8166e-5,393664,12135.790668010712,1487965696
11,351,"[0, 1, 1, 9]",-277,NaN,0,NaN,0,5.85e-5,393664,5.85e-5,393664,12135.790729045868,1488366192
11,352,"[0, 1, 0, 10]",-276,NaN,0,NaN,0,6.4542e-5,393664,6.4542e-5,393664,12135.790796041489,1488766688
11,353,"[0, 0, 11, 0]",364,0.000101542,988192,0.19147025,261398400,NaN,0,0.19157179200000002,262386592,12135.982371091843,1363707936
11,354,"[0, 0, 10, 1]",363,9.65e-5,1977456,0.082920083,265740336,NaN,0,0.083016583,267717792,12136.065397977829,1631432624
11,355,"[0, 0, 9, 2]",362,9.7291e-5,1977488,0.083390042,266493712,NaN,0,0.083487333,268471200,12136.148900985718,1899910704
11,356,"[0, 0, 8, 3]",361,9.6042e-5,1977520,0.0861975,304537520,NaN,0,0.086293542,306515040,12136.23520898819,1488808640
11,357,"[0, 0, 7, 4]",360,9.5833e-5,1977552,0.087991209,265740128,NaN,0,0.088087042,267717680,12136.323308944702,1397919488
11,358,"[0, 0, 6, 5]",359,9.6208e-5,1977584,0.097115584,307244256,NaN,0,0.097211792,309221840,12136.420535087585,1368231760
11,359,"[0, 0, 5, 6]",-358,NaN,0,NaN,0,3.8958e-5,393664,3.8958e-5,393664,12136.420586109161,1368632304
11,360,"[0, 0, 4, 7]",-357,NaN,0,NaN,0,3.6583e-5,393664,3.6583e-5,393664,12136.420625925064,1369032800
11,361,"[0, 0, 3, 8]",-356,NaN,0,NaN,0,3.4833e-5,393664,3.4833e-5,393664,12136.420664072037,1369433296
11,362,"[0, 0, 2, 9]",-355,NaN,0,NaN,0,3.8583e-5,393664,3.8583e-5,393664,12136.420706033707,1369833792
11,363,"[0, 0, 1, 10]",-354,NaN,0,NaN,0,3.5458e-5,393664,3.5458e-5,393664,12136.42074394226,1370234288
11,364,"[0, 0, 0, 11]",-353,NaN,0,NaN,0,3.575e-5,393664,3.575e-5,393664,12136.420782089233,1370634784
