order,monomial_idx,alpha_vector,corresp,fillWfnonaut_time_s,fillWfnonaut_alloc_bytes,homological_time_s,homological_alloc_bytes,conj_copy_time_s,conj_copy_alloc_bytes,monomial_total_time_s,monomial_total_alloc_bytes,cumul_time_s,mem_live_bytes
2,1,"[2, 0, 0, 0]",5,8.958e-6,0,0.20189525,568574032,NaN,0,0.201904208,568574032,0.6993160247802734,2779777360
2,2,"[1, 1, 0, 0]",2,3.75e-7,0,0.120347042,452839488,NaN,0,0.120347417,452839488,0.8352608680725098,2752032080
2,3,"[1, 0, 1, 0]",7,0.003895959,2048192,0.274886708,945433104,NaN,0,0.278782667,947481296,1.1140739917755127,3013114480
2,4,"[1, 0, 0, 1]",6,8.825e-5,1966848,0.223702083,553838672,NaN,0,0.223790333,555805520,1.3378911018371582,2723829136
2,5,"[0, 2, 0, 0]",-1,NaN,0,NaN,0,5.7167e-5,786880,5.7167e-5,786880,1.337967872619629,2724622896
2,6,"[0, 1, 1, 0]",-4,NaN,0,NaN,0,3.5708e-5,786880,3.5708e-5,786880,1.338007926940918,2725416608
2,7,"[0, 1, 0, 1]",-3,NaN,0,NaN,0,3.6625e-5,786880,3.6625e-5,786880,1.338047981262207,2726210320
2,8,"[0, 0, 2, 0]",10,8.2916e-5,1966864,0.176635125,543834240,NaN,0,0.176718041,545801104,1.5147740840911865,2911095088
2,9,"[0, 0, 1, 1]",9,0.000181125,3933792,0.0972545,417147200,NaN,0,0.097435625,421080992,1.6122338771820068,2633363776
2,10,"[0, 0, 0, 2]",-8,NaN,0,NaN,0,9.9333e-5,786880,9.9333e-5,786880,1.6123509407043457,2634157536
3,1,"[3, 0, 0, 0]",11,5.42e-7,0,0.187296209,542113872,NaN,0,0.18729675099999998,542113872,4.750456094741821,2782233456
3,2,"[2, 1, 0, 0]",5,4.17e-7,0,0.29361575,670766192,NaN,0,0.293616167,670766192,5.044100999832153,2671411392
3,3,"[2, 0, 1, 0]",13,8.4875e-5,1966832,0.174698542,594608208,NaN,0,0.17478341700000002,596575040,5.218905925750732,2783475072
3,4,"[2, 0, 0, 1]",12,8.2583e-5,1966848,0.194612542,649270384,NaN,0,0.194695125,651237232,5.413630962371826,2710276496
3,5,"[1, 2, 0, 0]",-2,NaN,0,NaN,0,3.5208e-5,786880,3.5208e-5,786880,5.413686037063599,2711070256
3,6,"[1, 1, 1, 0]",7,8.2583e-5,1966848,0.193139417,660427840,NaN,0,0.193222,662394688,5.606918096542358,2816427504
3,7,"[1, 1, 0, 1]",-6,NaN,0,NaN,0,5.975e-5,786880,5.975e-5,786880,5.607001066207886,2817221264
3,8,"[1, 0, 2, 0]",16,0.000150625,1966864,0.36138475,877560848,NaN,0,0.361535375,879527712,5.96855092048645,3104888080
3,9,"[1, 0, 1, 1]",15,0.000220708,3933792,0.187686584,658773120,NaN,0,0.18790729199999998,662706912,6.156491994857788,2673184944
3,10,"[1, 0, 0, 2]",14,0.000113375,1966928,0.18517175,635999296,NaN,0,0.185285125,637966224,6.341823101043701,2784868688
3,11,"[0, 3, 0, 0]",-1,NaN,0,NaN,0,8.5417e-5,786880,8.5417e-5,786880,6.341929912567139,2785662448
3,12,"[0, 2, 1, 0]",-4,NaN,0,NaN,0,6.3208e-5,786880,6.3208e-5,786880,6.341996908187866,2786456160
3,13,"[0, 2, 0, 1]",-3,NaN,0,NaN,0,6.4209e-5,786880,6.4209e-5,786880,6.342065095901489,2787249872
3,14,"[0, 1, 2, 0]",-10,NaN,0,NaN,0,6.3792e-5,786880,6.3792e-5,786880,6.342130899429321,2788043584
3,15,"[0, 1, 1, 1]",-9,NaN,0,NaN,0,0.001093208,786912,0.001093208,786912,6.343228101730347,2604123520
3,16,"[0, 1, 0, 2]",-8,NaN,0,NaN,0,5.4792e-5,786880,5.4792e-5,786880,6.343288898468018,2604917232
3,17,"[0, 0, 3, 0]",20,0.000108917,1966944,0.175069459,564805712,NaN,0,0.175178376,566772656,6.51847505569458,2839891840
3,18,"[0, 0, 2, 1]",19,0.000199375,3934000,0.288662209,655856800,NaN,0,0.288861584,659790800,6.807365894317627,2849336176
3,19,"[0, 0, 1, 2]",-18,NaN,0,NaN,0,6.9042e-5,786880,6.9042e-5,786880,6.80745792388916,2850129936
3,20,"[0, 0, 0, 3]",-17,NaN,0,NaN,0,6.4875e-5,786880,6.4875e-5,786880,6.8075270652771,2850923648
4,1,"[4, 0, 0, 0]",21,3.33e-7,0,0.174245333,551502192,NaN,0,0.174245666,551502192,22.830506086349487,2666287648
4,2,"[3, 1, 0, 0]",11,3.75e-7,0,0.178448458,589447248,NaN,0,0.178448833,589447248,23.008980989456177,2829930288
4,3,"[3, 0, 1, 0]",23,8.0958e-5,1966832,0.285670416,626327728,NaN,0,0.285751374,628294560,23.294759035110474,2813354112
4,4,"[3, 0, 0, 1]",22,8.1125e-5,1966848,0.192893084,574636144,NaN,0,0.19297420899999998,576602992,23.487760066986084,2779118848
4,5,"[2, 2, 0, 0]",5,4.16e-7,0,0.098449166,444377104,NaN,0,0.09844958200000001,444377104,23.586234092712402,2741561376
4,6,"[2, 1, 1, 0]",13,8.3167e-5,1966848,0.203639375,600752272,NaN,0,0.203722542,602719120,23.789979934692383,2889389552
4,7,"[2, 1, 0, 1]",12,8.0709e-5,1966896,0.276702042,560873904,NaN,0,0.276782751,562840800,24.066812992095947,2679213264
4,8,"[2, 0, 2, 0]",26,8.275e-5,1966864,0.183865917,564396160,NaN,0,0.18394866699999998,566363024,24.25078797340393,2741604176
4,9,"[2, 0, 1, 1]",25,0.000160541,3933792,0.201794834,577618032,NaN,0,0.201955375,581551824,24.452769994735718,2826261200
4,10,"[2, 0, 0, 2]",24,8.9208e-5,1966928,0.256231666,564248704,NaN,0,0.25632087400000003,566215632,24.709117889404297,2939910144
4,11,"[1, 3, 0, 0]",-2,NaN,0,NaN,0,3.4292e-5,786880,3.4292e-5,786880,24.709172010421753,2940703920
4,12,"[1, 2, 1, 0]",-7,NaN,0,NaN,0,6.3084e-5,786880,6.3084e-5,786880,24.70923900604248,2941497632
4,13,"[1, 2, 0, 1]",-6,NaN,0,NaN,0,6.775e-5,786880,6.775e-5,786880,24.709310054779053,2942291344
4,14,"[1, 1, 2, 0]",16,8.2167e-5,1966912,0.167850208,543948928,NaN,0,0.167932375,545915840,24.87724995613098,2752494064
4,15,"[1, 1, 1, 1]",15,0.000246458,3933936,0.099489042,430434336,NaN,0,0.0997355,434368272,24.97700595855713,2586960592
4,16,"[1, 1, 0, 2]",-14,NaN,0,NaN,0,6.9041e-5,786880,6.9041e-5,786880,24.97709608078003,2587754352
4,17,"[1, 0, 3, 0]",30,8.9667e-5,1966944,0.343692916,861438912,NaN,0,0.34378258300000003,863405856,25.320892095565796,2945563040
4,18,"[1, 0, 2, 1]",29,0.000160458,3934000,0.26625325,878854832,NaN,0,0.26641370799999997,882788832,25.587333917617798,2907306768
4,19,"[1, 0, 1, 2]",28,0.000160291,3934032,0.097130042,428369936,NaN,0,0.097290333,432303968,25.68464708328247,2730780656
4,20,"[1, 0, 0, 3]",27,8.4625e-5,1967072,0.358493792,834192048,NaN,0,0.358578417,836159120,26.04325294494629,2767174240
4,21,"[0, 4, 0, 0]",-1,NaN,0,NaN,0,3.5417e-5,786880,3.5417e-5,786880,26.043308973312378,2767968000
4,22,"[0, 3, 1, 0]",-4,NaN,0,NaN,0,3.5167e-5,786880,3.5167e-5,786880,26.04334807395935,2768761712
4,23,"[0, 3, 0, 1]",-3,NaN,0,NaN,0,8.1333e-5,786880,8.1333e-5,786880,26.04343295097351,2769555424
4,24,"[0, 2, 2, 0]",-10,NaN,0,NaN,0,7.0917e-5,786880,7.0917e-5,786880,26.043508052825928,2770349136
4,25,"[0, 2, 1, 1]",-9,NaN,0,NaN,0,7.6834e-5,786880,7.6834e-5,786880,26.043587923049927,2771142848
4,26,"[0, 2, 0, 2]",-8,NaN,0,NaN,0,7.6542e-5,786880,7.6542e-5,786880,26.04366707801819,2771936560
4,27,"[0, 1, 3, 0]",-20,NaN,0,NaN,0,7.35e-5,786880,7.35e-5,786880,26.04374408721924,2772730272
4,28,"[0, 1, 2, 1]",-19,NaN,0,NaN,0,7.6541e-5,786880,7.6541e-5,786880,26.043823957443237,2773523968
4,29,"[0, 1, 1, 2]",-18,NaN,0,NaN,0,7.2959e-5,786880,7.2959e-5,786880,26.04390001296997,2774317680
4,30,"[0, 1, 0, 3]",-17,NaN,0,NaN,0,6.7959e-5,786880,6.7959e-5,786880,26.043971061706543,2775111392
4,31,"[0, 0, 4, 0]",35,8.25e-5,1967088,0.180941917,616890480,NaN,0,0.18102441700000002,618857568,26.225003957748413,2885027152
4,32,"[0, 0, 3, 1]",34,0.000160916,3934352,0.176189166,591233136,NaN,0,0.17635008200000002,595167488,26.40137791633606,2992403952
4,33,"[0, 0, 2, 2]",33,0.000162125,3934384,0.102778958,407005504,NaN,0,0.102941083,410939888,26.504348039627075,2751179328
4,34,"[0, 0, 1, 3]",-32,NaN,0,NaN,0,8.3959e-5,786880,8.3959e-5,786880,26.50444793701172,2751973088
4,35,"[0, 0, 0, 4]",-31,NaN,0,NaN,0,6.925e-5,786880,6.925e-5,786880,26.504520893096924,2752766800
5,1,"[5, 0, 0, 0]",36,5.41e-7,0,0.387987708,552075344,NaN,0,0.387988249,552075344,82.07211709022522,2764618144
5,2,"[4, 1, 0, 0]",21,2.92e-7,0,0.175773667,544096400,NaN,0,0.175773959,544096400,82.2479190826416,2731544528
5,3,"[4, 0, 1, 0]",38,0.000137625,1966832,0.164907417,533266544,NaN,0,0.165045042,535233376,82.4129889011383,2794951488
5,4,"[4, 0, 0, 1]",37,9.9833e-5,1966848,0.271690542,549519504,NaN,0,0.271790375,551486352,82.6848030090332,2732474512
5,5,"[3, 2, 0, 0]",11,4.16e-7,0,0.179875333,617813056,NaN,0,0.179875749,617813056,82.86470103263855,2780957264
5,6,"[3, 1, 1, 0]",23,8.1959e-5,1966848,0.167659333,522944880,NaN,0,0.167741292,524911728,83.03246808052063,2921678432
5,7,"[3, 1, 0, 1]",22,8.1833e-5,1966896,0.175717375,640996416,NaN,0,0.175799208,642963312,83.2082929611206,3017027584
5,8,"[3, 0, 2, 0]",41,0.000142625,1966864,0.188605625,538198144,NaN,0,0.18874825,540165008,83.3970639705658,3074065680
5,9,"[3, 0, 1, 1]",40,0.000255625,3933792,0.259170125,532087040,NaN,0,0.25942574999999995,536020832,83.65651488304138,3054637824
5,10,"[3, 0, 0, 2]",39,7.975e-5,1966928,0.179935875,606704768,NaN,0,0.18001562499999998,608671696,83.83655190467834,2607287696
5,11,"[2, 3, 0, 0]",-5,NaN,0,NaN,0,8.675e-5,786880,8.675e-5,786880,83.83665800094604,2608081456
5,12,"[2, 2, 1, 0]",13,8.1542e-5,1966896,0.172755667,607278192,NaN,0,0.172837209,609245088,84.00950407981873,2607861632
5,13,"[2, 2, 0, 1]",-12,NaN,0,NaN,0,0.000100792,786880,0.000100792,786880,84.00962495803833,2608655392
5,14,"[2, 1, 2, 0]",26,0.000100125,1966912,0.182090959,522584464,NaN,0,0.182191084,524551376,84.1918261051178,2672742800
5,15,"[2, 1, 1, 1]",25,0.000159083,3933936,0.266817541,611275888,NaN,0,0.266976624,615209824,84.45882987976074,2991311856
5,16,"[2, 1, 0, 2]",24,8.2667e-5,1967024,0.176792916,613831792,NaN,0,0.176875583,615798816,84.6357319355011,2684254720
5,17,"[2, 0, 3, 0]",45,8.2792e-5,1966944,0.167590042,522207376,NaN,0,0.167672834,524174320,84.80343103408813,2658733712
5,18,"[2, 0, 2, 1]",44,0.000160375,3934000,0.172385792,532889712,NaN,0,0.172546167,536823712,84.975998878479,2735657536
5,19,"[2, 0, 1, 2]",43,0.000158791,3934032,0.279402459,617010288,NaN,0,0.27956125,620944320,85.25558400154114,2766523648
5,20,"[2, 0, 0, 3]",42,0.000112625,1967072,0.175585041,617076112,NaN,0,0.175697666,619043184,85.43130588531494,2824454800
5,21,"[1, 4, 0, 0]",-2,NaN,0,NaN,0,9.05e-5,786880,9.05e-5,786880,85.43141198158264,2825248560
5,22,"[1, 3, 1, 0]",-7,NaN,0,NaN,0,8.425e-5,786880,8.425e-5,786880,85.43149995803833,2826042256
5,23,"[1, 3, 0, 1]",-6,NaN,0,NaN,0,8.0542e-5,786880,8.0542e-5,786880,85.43158507347107,2826835968
5,24,"[1, 2, 2, 0]",-16,NaN,0,NaN,0,0.000108208,786880,0.000108208,786880,85.43169593811035,2827629680
5,25,"[1, 2, 1, 1]",-15,NaN,0,NaN,0,0.000143125,786880,0.000143125,786880,85.43184208869934,2828423392
5,26,"[1, 2, 0, 2]",-14,NaN,0,NaN,0,0.0001315,786880,0.0001315,786880,85.43197703361511,2829217104
5,27,"[1, 1, 3, 0]",30,0.000208666,1967040,0.170016,522207376,NaN,0,0.170224666,524174416,85.60220909118652,2658733696
5,28,"[1, 1, 2, 1]",29,0.000161625,3934256,0.170610875,623760448,NaN,0,0.1707725,627694704,85.77300190925598,2754595808
5,29,"[1, 1, 1, 2]",-28,NaN,0,NaN,0,8.5125e-5,786880,8.5125e-5,786880,85.77310395240784,2755389568
5,30,"[1, 1, 0, 3]",-27,NaN,0,NaN,0,7.8709e-5,786880,7.8709e-5,786880,85.77318596839905,2756183280
5,31,"[1, 0, 4, 0]",50,8.3459e-5,1967088,0.341007834,800588496,NaN,0,0.341091293,802555584,86.11428999900818,2802631184
5,32,"[1, 0, 3, 1]",49,0.00016175,3934352,0.260200917,904266304,NaN,0,0.260362667,908200656,86.37467193603516,3710838720
5,33,"[1, 0, 2, 2]",48,0.000458625,3934384,0.189712,644650128,NaN,0,0.19017062499999998,648584512,86.564866065979,2923870448
5,34,"[1, 0, 1, 3]",47,0.000162625,3934416,0.192115583,619042208,NaN,0,0.192278208,622976624,86.75717186927795,2847116688
5,35,"[1, 0, 0, 4]",46,8.3833e-5,1967296,0.270529292,822690416,NaN,0,0.27061312499999995,824657712,87.02781295776367,3081816784
5,36,"[0, 5, 0, 0]",-1,NaN,0,NaN,0,0.000114917,786880,0.000114917,786880,87.02794289588928,3082610560
5,37,"[0, 4, 1, 0]",-4,NaN,0,NaN,0,0.000142458,786880,0.000142458,786880,87.02809405326843,3083404272
5,38,"[0, 4, 0, 1]",-3,NaN,0,NaN,0,0.000134833,786880,0.000134833,786880,87.02823209762573,3084197984
5,39,"[0, 3, 2, 0]",-10,NaN,0,NaN,0,0.000101334,786880,0.000101334,786880,87.02833604812622,3084991696
5,40,"[0, 3, 1, 1]",-9,NaN,0,NaN,0,7.4875e-5,786880,7.4875e-5,786880,87.02841401100159,3085785408
5,41,"[0, 3, 0, 2]",-8,NaN,0,NaN,0,0.000131375,786880,0.000131375,786880,87.02854800224304,3086579120
5,42,"[0, 2, 3, 0]",-20,NaN,0,NaN,0,0.000135917,786880,0.000135917,786880,87.02868700027466,3087372832
5,43,"[0, 2, 2, 1]",-19,NaN,0,NaN,0,0.00013275,786880,0.00013275,786880,87.02882194519043,3088166544
5,44,"[0, 2, 1, 2]",-18,NaN,0,NaN,0,0.000131125,786880,0.000131125,786880,87.0289568901062,3088960256
5,45,"[0, 2, 0, 3]",-17,NaN,0,NaN,0,0.00015125,786880,0.00015125,786880,87.0291109085083,3089753968
5,46,"[0, 1, 4, 0]",-35,NaN,0,NaN,0,0.000148209,786880,0.000148209,786880,87.02926206588745,3090547680
5,47,"[0, 1, 3, 1]",-34,NaN,0,NaN,0,0.000138875,786880,0.000138875,786880,87.02940392494202,3091341392
5,48,"[0, 1, 2, 2]",-33,NaN,0,NaN,0,0.002235084,786880,0.002235084,786880,87.03164196014404,3092135104
5,49,"[0, 1, 1, 3]",-32,NaN,0,NaN,0,0.001174709,786880,0.001174709,786880,87.03283309936523,3092928816
5,50,"[0, 1, 0, 4]",-31,NaN,0,NaN,0,7.7708e-5,786880,7.7708e-5,786880,87.03291606903076,3093722528
5,51,"[0, 0, 5, 0]",56,7.9833e-5,1967312,0.262517042,522207440,NaN,0,0.26259687499999995,524174752,87.29552292823792,2997378864
5,52,"[0, 0, 4, 1]",55,0.000160625,3934880,0.16525925,547700864,NaN,0,0.165419875,551635744,87.46096301078796,2799366608
5,53,"[0, 0, 3, 2]",54,0.000162792,3934912,0.177397209,606901424,NaN,0,0.177560001,610836336,87.63854503631592,2448459536
5,54,"[0, 0, 2, 3]",-53,NaN,0,NaN,0,6.8041e-5,786880,6.8041e-5,786880,87.63862609863281,2449253296
5,55,"[0, 0, 1, 4]",-52,NaN,0,NaN,0,6.575e-5,786880,6.575e-5,786880,87.63869500160217,2450047008
5,56,"[0, 0, 0, 5]",-51,NaN,0,NaN,0,6.0625e-5,786880,6.0625e-5,786880,87.63875794410706,2450840720
6,1,"[6, 0, 0, 0]",57,3.75e-7,0,0.3519225,598688112,NaN,0,0.351922875,598688112,277.33207392692566,2684226720
6,2,"[5, 1, 0, 0]",36,3.34e-7,0,0.185621792,545931328,NaN,0,0.185622126,545931328,277.51771903038025,3230164880
6,3,"[5, 0, 1, 0]",59,0.000196709,1966832,0.184008333,545177664,NaN,0,0.18420504199999999,547144496,277.7019488811493,3777316224
6,4,"[5, 0, 0, 1]",58,0.000213458,1966848,0.185426625,545177792,NaN,0,0.185640083,547144640,277.88761591911316,3011749600
6,5,"[4, 2, 0, 0]",21,2.08e-7,0,0.181936291,522207376,NaN,0,0.181936499,522207376,278.06957602500916,2799864256
6,6,"[4, 1, 1, 0]",38,8.55e-5,1966848,0.167280666,522207344,NaN,0,0.16736616599999998,524174192,278.236967086792,2866105712
6,7,"[4, 1, 0, 1]",37,0.000109958,1966896,0.277759875,530956768,NaN,0,0.277869833,532923664,278.51486802101135,2762241120
6,8,"[4, 0, 2, 0]",62,8.45e-5,1966864,0.170553959,522207296,NaN,0,0.170638459,524174160,278.6855249404907,3286422160
6,9,"[4, 0, 1, 1]",61,0.000182917,3933792,0.166878208,522207360,NaN,0,0.167061125,526141152,278.8526060581207,2973119328
6,10,"[4, 0, 0, 2]",60,8.2583e-5,1966928,0.16636175,522207360,NaN,0,0.166444333,524174288,279.0190770626068,2885007120
6,11,"[3, 3, 0, 0]",11,3.33e-7,0,0.098967167,428861472,NaN,0,0.0989675,428861472,279.1180639266968,2720046944
6,12,"[3, 2, 1, 0]",23,8.1209e-5,1966896,0.167501791,522207376,NaN,0,0.167583,524174272,279.28566694259644,2861240080
6,13,"[3, 2, 0, 1]",22,8.275e-5,1966992,0.271394458,522207696,NaN,0,0.271477208,524174688,279.55716490745544,2706112656
6,14,"[3, 1, 2, 0]",41,8.3625e-5,1966912,0.1706195,522207296,NaN,0,0.170703125,524174208,279.7278869152069,3230293744
6,15,"[3, 1, 1, 1]",40,0.000162375,3933936,0.171094542,530956416,NaN,0,0.17125691699999998,534890352,279.8991639614105,2932386800
6,16,"[3, 1, 0, 2]",39,8.1125e-5,1967024,0.172584208,522207376,NaN,0,0.17266533299999998,524174400,280.07184886932373,2801530368
6,17,"[3, 0, 3, 0]",66,8.1875e-5,1966944,0.168983583,522207360,NaN,0,0.169065458,524174304,280.2409369945526,2799864768
6,18,"[3, 0, 2, 1]",65,0.000161167,3934000,0.184578917,522207344,NaN,0,0.184740084,526141344,280.4256970882416,2866106144
6,19,"[3, 0, 1, 2]",64,0.000158042,3934032,0.264813,530956752,NaN,0,0.26497104200000005,534890784,280.6906929016113,2958371712
6,20,"[3, 0, 0, 3]",63,8.2625e-5,1967072,0.171645334,522207376,NaN,0,0.171727959,524174448,280.86244106292725,2707778864
6,21,"[2, 4, 0, 0]",-5,NaN,0,NaN,0,8.5e-5,786880,8.5e-5,786880,280.8625400066376,2708572624
6,22,"[2, 3, 1, 0]",-13,NaN,0,NaN,0,8.3708e-5,786880,8.3708e-5,786880,280.86262798309326,2709366320
6,23,"[2, 3, 0, 1]",-12,NaN,0,NaN,0,8.35e-5,786880,8.35e-5,786880,280.86271500587463,2710160032
6,24,"[2, 2, 2, 0]",26,8.7917e-5,1967008,0.169740208,522207344,NaN,0,0.169828125,524174352,281.03255009651184,2823239184
6,25,"[2, 2, 1, 1]",25,0.003979167,3934256,0.098734209,428861408,NaN,0,0.10271337600000001,432795664,281.1352860927582,2570166672
6,26,"[2, 2, 0, 2]",-24,NaN,0,NaN,0,6.9084e-5,786880,6.9084e-5,786880,281.135370016098,2570960448
6,27,"[2, 1, 3, 0]",45,8.2792e-5,1967040,0.1666845,522207376,NaN,0,0.166767292,524174416,281.30214500427246,2711359808
6,28,"[2, 1, 2, 1]",44,0.000160125,3934256,0.272624125,522207344,NaN,0,0.27278425,526141600,281.5749509334564,2735127008
6,29,"[2, 1, 1, 2]",43,0.00016425,3934288,0.165566667,522207584,NaN,0,0.165730917,526141872,281.74070596694946,3261275760
6,30,"[2, 1, 0, 3]",42,8.0542e-5,1967232,0.170779334,522207440,NaN,0,0.170859876,524174672,281.9115860462189,2658733680
6,31,"[2, 0, 4, 0]",71,8.1084e-5,1967088,0.16817775,522207344,NaN,0,0.168258834,524174432,282.07986307144165,2782507232
6,32,"[2, 0, 3, 1]",70,0.000164375,3934352,0.18473125,522207376,NaN,0,0.184895625,526141728,282.26477789878845,2658734112
6,33,"[2, 0, 2, 2]",69,0.000158042,3934384,0.254367625,522207344,NaN,0,0.254525667,526141728,282.5193290710449,2902243296
6,34,"[2, 0, 1, 3]",68,0.000162875,3934416,0.168207833,526205072,NaN,0,0.168370708,530139488,282.68772196769714,2710110384
6,35,"[2, 0, 0, 4]",67,8.0292e-5,1967296,0.172187583,522207648,NaN,0,0.17226787500000001,524174944,282.86000990867615,2706112656
6,36,"[1, 5, 0, 0]",-2,NaN,0,NaN,0,9.6416e-5,786880,9.6416e-5,786880,282.8601219654083,2706906432
6,37,"[1, 4, 1, 0]",-7,NaN,0,NaN,0,8.3709e-5,786880,8.3709e-5,786880,282.860209941864,2707700144
6,38,"[1, 4, 0, 1]",-6,NaN,0,NaN,0,9.5583e-5,786880,9.5583e-5,786880,282.86031198501587,2708493856
6,39,"[1, 3, 2, 0]",-16,NaN,0,NaN,0,9.0917e-5,786880,9.0917e-5,786880,282.86040687561035,2709287568
6,40,"[1, 3, 1, 1]",-15,NaN,0,NaN,0,8.4625e-5,786880,8.4625e-5,786880,282.8604950904846,2710081280
6,41,"[1, 3, 0, 2]",-14,NaN,0,NaN,0,9.375e-5,786880,9.375e-5,786880,282.86059403419495,2710874992
6,42,"[1, 2, 3, 0]",-30,NaN,0,NaN,0,9.2584e-5,786880,9.2584e-5,786880,282.8606929779053,2711668704
6,43,"[1, 2, 2, 1]",-29,NaN,0,NaN,0,8.475e-5,786880,8.475e-5,786880,282.86078095436096,2712462416
6,44,"[1, 2, 1, 2]",-28,NaN,0,NaN,0,8.8958e-5,786880,8.8958e-5,786880,282.8608739376068,2713256128
6,45,"[1, 2, 0, 3]",-27,NaN,0,NaN,0,9.8375e-5,786880,9.8375e-5,786880,282.86097502708435,2714049840
6,46,"[1, 1, 4, 0]",50,8.2083e-5,1967248,0.173629875,522207360,NaN,0,0.173711958,524174608,283.03469491004944,2658733280
6,47,"[1, 1, 3, 1]",49,0.000168541,3934752,0.271274958,522207360,NaN,0,0.27144349900000003,526142112,283.30615997314453,2658733248
6,48,"[1, 1, 2, 2]",48,0.000162167,3934784,0.099710333,415737824,NaN,0,0.0998725,419672608,283.4060468673706,3078412752
6,49,"[1, 1, 1, 3]",-47,NaN,0,NaN,0,9.4875e-5,786880,9.4875e-5,786880,283.4061629772186,3079206512
6,50,"[1, 1, 0, 4]",-46,NaN,0,NaN,0,9.1667e-5,786880,9.1667e-5,786880,283.406259059906,3080000224
6,51,"[1, 0, 5, 0]",77,8.2834e-5,1967312,0.222821417,860291744,NaN,0,0.222904251,862259056,283.6291720867157,3146282256
6,52,"[1, 0, 4, 1]",76,0.000159875,3934880,0.252428083,793248416,NaN,0,0.252587958,797183296,283.88178300857544,3040474544
6,53,"[1, 0, 3, 2]",75,0.000160958,3934912,0.259039917,791430096,NaN,0,0.259200875,795365008,284.1410050392151,2940292688
6,54,"[1, 0, 2, 3]",74,0.00016225,3934944,0.194067,431564864,NaN,0,0.19422925,435499808,284.3352539539337,2858980096
6,55,"[1, 0, 1, 4]",73,0.000162083,3934976,0.244588875,799294112,NaN,0,0.24475095800000002,803229088,284.5800259113312,2967795760
6,56,"[1, 0, 0, 5]",72,8.3125e-5,1967616,0.27764675,785253024,NaN,0,0.277729875,787220640,284.85778403282166,2891348176
6,57,"[0, 6, 0, 0]",-1,NaN,0,NaN,0,9.225e-5,786880,9.225e-5,786880,284.85789799690247,2892141936
6,58,"[0, 5, 1, 0]",-4,NaN,0,NaN,0,8.9e-5,786880,8.9e-5,786880,284.85799193382263,2892935648
6,59,"[0, 5, 0, 1]",-3,NaN,0,NaN,0,9.0583e-5,786880,9.0583e-5,786880,284.8580858707428,2893729344
6,60,"[0, 4, 2, 0]",-10,NaN,0,NaN,0,9.0916e-5,786880,9.0916e-5,786880,284.85818004608154,2894523056
6,61,"[0, 4, 1, 1]",-9,NaN,0,NaN,0,9.0958e-5,786880,9.0958e-5,786880,284.85827708244324,2895316768
6,62,"[0, 4, 0, 2]",-8,NaN,0,NaN,0,8.8958e-5,786880,8.8958e-5,786880,284.8583700656891,2896110480
6,63,"[0, 3, 3, 0]",-20,NaN,0,NaN,0,9.225e-5,786880,9.225e-5,786880,284.85846495628357,2896904192
6,64,"[0, 3, 2, 1]",-19,NaN,0,NaN,0,8.95e-5,786880,8.95e-5,786880,284.8585569858551,2897697904
6,65,"[0, 3, 1, 2]",-18,NaN,0,NaN,0,9.125e-5,786880,9.125e-5,786880,284.8586518764496,2898491600
6,66,"[0, 3, 0, 3]",-17,NaN,0,NaN,0,8.9208e-5,786880,8.9208e-5,786880,284.8587439060211,2899285312
6,67,"[0, 2, 4, 0]",-35,NaN,0,NaN,0,8.8584e-5,786880,8.8584e-5,786880,284.85883498191833,2900079024
6,68,"[0, 2, 3, 1]",-34,NaN,0,NaN,0,9.1916e-5,786880,9.1916e-5,786880,284.858934879303,2900872736
6,69,"[0, 2, 2, 2]",-33,NaN,0,NaN,0,9.1708e-5,786880,9.1708e-5,786880,284.85903000831604,2901666448
6,70,"[0, 2, 1, 3]",-32,NaN,0,NaN,0,9.3916e-5,786880,9.3916e-5,786880,284.85912704467773,2902460160
6,71,"[0, 2, 0, 4]",-31,NaN,0,NaN,0,8.8666e-5,786880,8.8666e-5,786880,284.8592178821564,2903253872
6,72,"[0, 1, 5, 0]",-56,NaN,0,NaN,0,8.8417e-5,786880,8.8417e-5,786880,284.8593120574951,2904047584
6,73,"[0, 1, 4, 1]",-55,NaN,0,NaN,0,0.000154,786880,0.000154,786880,284.859472990036,2904841296
6,74,"[0, 1, 3, 2]",-54,NaN,0,NaN,0,0.000154,786880,0.000154,786880,284.85963106155396,2905635008
6,75,"[0, 1, 2, 3]",-53,NaN,0,NaN,0,0.000144917,786880,0.000144917,786880,284.859778881073,2906428720
6,76,"[0, 1, 1, 4]",-52,NaN,0,NaN,0,0.000151583,786880,0.000151583,786880,284.8599328994751,2907222432
6,77,"[0, 1, 0, 5]",-51,NaN,0,NaN,0,0.0001515,786880,0.0001515,786880,284.86009097099304,2908016144
6,78,"[0, 0, 6, 0]",84,0.000191625,1967632,0.270240583,522207376,NaN,0,0.27043220799999995,524175008,285.1305339336395,2658733216
6,79,"[0, 0, 5, 1]",83,0.000163083,3935616,0.16783425,522207296,NaN,0,0.167997333,526142912,285.2985489368439,3184883024
6,80,"[0, 0, 4, 2]",82,0.00016225,3935648,0.178865709,531825072,NaN,0,0.17902795900000001,535760720,285.4775960445404,2856123824
6,81,"[0, 0, 3, 3]",81,0.000189791,3935680,0.096908416,416098320,NaN,0,0.09709820699999999,420034000,285.574716091156,2745913600
6,82,"[0, 0, 2, 4]",-80,NaN,0,NaN,0,6.35e-5,786880,6.35e-5,786880,285.5747950077057,2746707376
6,83,"[0, 0, 1, 5]",-79,NaN,0,NaN,0,6.7541e-5,786880,6.7541e-5,786880,285.57486605644226,2747501072
6,84,"[0, 0, 0, 6]",-78,NaN,0,NaN,0,6.4958e-5,786880,6.4958e-5,786880,285.5749340057373,2748294784
7,1,"[7, 0, 0, 0]",85,8.33e-7,0,0.243785708,560824400,NaN,0,0.243786541,560824400,780.1717939376831,2812613936
7,2,"[6, 1, 0, 0]",57,4.17e-7,0,0.300589417,569573536,NaN,0,0.300589834,569573536,780.4724140167236,2988239792
7,3,"[6, 0, 1, 0]",87,8.1041e-5,1966832,0.224269708,569819200,NaN,0,0.22435074900000002,571786032,780.6967918872833,3560032656
7,4,"[6, 0, 0, 1]",86,8.1583e-5,1966848,0.191405625,545177792,NaN,0,0.191487208,547144640,780.8883049488068,2949622768
7,5,"[5, 2, 0, 0]",36,2.92e-7,0,0.193967083,522207664,NaN,0,0.19396737500000003,522207664,781.0822999477386,2658733296
7,6,"[5, 1, 1, 0]",59,0.000236125,1966848,0.192687667,522207360,NaN,0,0.192923792,524174208,781.2752449512482,2658733744
7,7,"[5, 1, 0, 1]",58,0.000156125,1966896,0.293936666,522207360,NaN,0,0.294092791,524174256,781.569365978241,2658733248
7,8,"[5, 0, 2, 0]",90,8.6041e-5,1966864,0.198704541,522207296,NaN,0,0.19879058200000002,524174160,781.768177986145,3182914288
7,9,"[5, 0, 1, 1]",89,0.000182,3933792,0.199119917,553173136,NaN,0,0.199301917,557106928,781.9675099849701,2869460416
7,10,"[5, 0, 0, 2]",88,8.3416e-5,1966928,0.188162125,522207360,NaN,0,0.18824554100000002,524174288,782.1557829380035,2847243680
7,11,"[4, 3, 0, 0]",21,3.33e-7,0,0.184341375,606328208,NaN,0,0.184341708,606328208,782.3401479721069,2748418592
7,12,"[4, 2, 1, 0]",38,8.2042e-5,1966896,0.183601084,522207360,NaN,0,0.183683126,524174256,782.5238540172577,2799864736
7,13,"[4, 2, 0, 1]",37,8.0666e-5,1966992,0.273762584,606327952,NaN,0,0.27384325,608294944,782.7977230548859,3033743184
7,14,"[4, 1, 2, 0]",62,8.1792e-5,1966912,0.186103167,534921344,NaN,0,0.186184959,536888256,782.983934879303,2789420480
7,15,"[4, 1, 1, 1]",61,0.000160833,3933936,0.180178417,522207360,NaN,0,0.18033925,526141296,783.1643018722534,2782506720
7,16,"[4, 1, 0, 2]",60,8.2333e-5,1967024,0.181888541,606327936,NaN,0,0.18197087399999998,608294960,783.3462948799133,2607287616
7,17,"[4, 0, 3, 0]",94,8.1375e-5,1966944,0.275599083,522207648,NaN,0,0.275680458,524174592,783.6219999790192,2706489456
7,18,"[4, 0, 2, 1]",93,0.000161042,3934000,0.170995125,522207296,NaN,0,0.171156167,526141296,783.7931730747223,3232637632
7,19,"[4, 0, 1, 2]",92,0.000160625,3934032,0.18057725,553173056,NaN,0,0.180737875,557107088,783.9739360809326,3789751600
7,20,"[4, 0, 0, 3]",91,0.000103916,1967072,0.175012833,621253808,NaN,0,0.17511674900000002,623220880,784.149080991745,2830989312
7,21,"[3, 4, 0, 0]",-11,NaN,0,NaN,0,8.8292e-5,786880,8.8292e-5,786880,784.1491870880127,2831783088
7,22,"[3, 3, 1, 0]",23,8.3459e-5,1966992,0.176073459,606327936,NaN,0,0.176156918,608294928,784.3253529071808,2748419296
7,23,"[3, 3, 0, 1]",-22,NaN,0,NaN,0,9.0542e-5,786880,9.0542e-5,786880,784.3254690170288,2749213056
7,24,"[3, 2, 2, 0]",41,8.3042e-5,1967008,0.18904925,522207360,NaN,0,0.189132292,524174368,784.5146110057831,2799865472
7,25,"[3, 2, 1, 1]",40,0.000159959,3934192,0.301310708,612505024,NaN,0,0.30147066699999997,616439216,784.8161098957062,2702046352
7,26,"[3, 2, 0, 2]",39,8.3042e-5,1967184,0.168869375,612504624,NaN,0,0.168952417,614471808,784.9850859642029,3316525056
7,27,"[3, 1, 3, 0]",66,8.1583e-5,1967040,0.169292583,529137840,NaN,0,0.169374166,531104880,785.1544799804688,2957307328
7,28,"[3, 1, 2, 1]",65,0.000161333,3934256,0.169959792,522207360,NaN,0,0.170121125,526141616,785.3246219158173,2735127488
7,29,"[3, 1, 1, 2]",64,0.00016075,3934288,0.279537792,606327936,NaN,0,0.279698542,610262224,785.6043469905853,2607287536
7,30,"[3, 1, 0, 3]",63,8.3333e-5,1967232,0.173574,612504624,NaN,0,0.173657333,614471856,785.7780270576477,3221766272
7,31,"[3, 0, 4, 0]",99,8.1667e-5,1967088,0.179648083,545489328,NaN,0,0.17972975,547456416,785.9577789306641,2803760384
7,32,"[3, 0, 3, 1]",98,0.000164042,3934352,0.1721715,522207360,NaN,0,0.172335542,526141712,786.1301400661469,2795388128
7,33,"[3, 0, 2, 2]",97,0.000161417,3934384,0.174669208,522207360,NaN,0,0.174830625,526141744,786.3049900531769,2748008720
7,34,"[3, 0, 1, 3]",96,0.000160125,3934416,0.290547708,612504736,NaN,0,0.290707833,616439152,786.5957200527191,2661220576
7,35,"[3, 0, 0, 4]",95,8.2667e-5,1967296,0.173723042,606327856,NaN,0,0.173805709,608295152,786.7695450782776,3269522608
7,36,"[2, 5, 0, 0]",-5,NaN,0,NaN,0,8.8958e-5,786880,8.8958e-5,786880,786.7696490287781,3270316368
7,37,"[2, 4, 1, 0]",-13,NaN,0,NaN,0,7.975e-5,786880,7.975e-5,786880,786.7697319984436,3271110080
7,38,"[2, 4, 0, 1]",-12,NaN,0,NaN,0,7.4958e-5,786880,7.4958e-5,786880,786.7698109149933,3271903792
7,39,"[2, 3, 2, 0]",-26,NaN,0,NaN,0,7.3083e-5,786880,7.3083e-5,786880,786.7698860168457,3272697504
7,40,"[2, 3, 1, 1]",-25,NaN,0,NaN,0,7.6958e-5,786880,7.6958e-5,786880,786.7699670791626,3273491216
7,41,"[2, 3, 0, 2]",-24,NaN,0,NaN,0,6.4667e-5,786880,6.4667e-5,786880,786.7700340747833,3274284928
7,42,"[2, 2, 3, 0]",45,8.2958e-5,1967200,0.169490875,535675040,NaN,0,0.169573833,537642240,786.9396159648895,2891918528
7,43,"[2, 2, 2, 1]",44,0.000165334,3934656,0.181157584,606328208,NaN,0,0.181322918,610262864,787.1209619045258,2697690960
7,44,"[2, 2, 1, 2]",-43,NaN,0,NaN,0,8.7875e-5,786880,8.7875e-5,786880,787.1210699081421,2698484720
7,45,"[2, 2, 0, 3]",-42,NaN,0,NaN,0,8.7875e-5,786880,8.7875e-5,786880,787.1211619377136,2699278432
7,46,"[2, 1, 4, 0]",71,8.3209e-5,1967248,0.174144375,522207376,NaN,0,0.174227584,524174624,787.2953989505768,2672743328
7,47,"[2, 1, 3, 1]",70,0.000161,3934752,0.279231416,522207376,NaN,0,0.27939241600000003,526142128,787.5748128890991,2706112656
7,48,"[2, 1, 2, 2]",69,0.00016275,3934784,0.173918292,612504624,NaN,0,0.174081042,616439408,787.7489130496979,3322558944
7,49,"[2, 1, 1, 3]",68,0.000162166,3934816,0.181582417,674649200,NaN,0,0.181744583,678584016,787.9306790828705,2872568896
7,50,"[2, 1, 0, 4]",67,8.2583e-5,1967536,0.170800583,522207376,NaN,0,0.170883166,524174912,788.1015861034393,2799864320
7,51,"[2, 0, 5, 0]",105,8.1917e-5,1967312,0.166465792,522207648,NaN,0,0.166547709,524174960,788.2681589126587,2799864768
7,52,"[2, 0, 4, 1]",104,0.000160084,3934880,0.170714583,522207344,NaN,0,0.170874667,526142224,788.4390530586243,2852589360
7,53,"[2, 0, 3, 2]",103,0.000160666,3934912,0.292435042,530956480,NaN,0,0.29259570799999995,534891392,788.7316720485687,2762241120
7,54,"[2, 0, 2, 3]",102,0.0001645,3934944,0.173892,612504624,NaN,0,0.1740565,616439568,788.9057528972626,3378687584
7,55,"[2, 0, 1, 4]",101,0.00016325,3934976,0.175091417,628544624,NaN,0,0.175254667,632479600,789.0810329914093,3065612096
7,56,"[2, 0, 0, 5]",100,8.2875e-5,1967616,0.1747785,522207360,NaN,0,0.174861375,524174976,789.2559149265289,2885007104
7,57,"[1, 6, 0, 0]",-2,NaN,0,NaN,0,8.5916e-5,786880,8.5916e-5,786880,789.2560150623322,2885800864
7,58,"[1, 5, 1, 0]",-7,NaN,0,NaN,0,8.0667e-5,786880,8.0667e-5,786880,789.2560999393463,2886594576
7,59,"[1, 5, 0, 1]",-6,NaN,0,NaN,0,8.8125e-5,786880,8.8125e-5,786880,789.2561910152435,2887388288
7,60,"[1, 4, 2, 0]",-16,NaN,0,NaN,0,8.8833e-5,786880,8.8833e-5,786880,789.2562830448151,2888182000
7,61,"[1, 4, 1, 1]",-15,NaN,0,NaN,0,8.6e-5,786880,8.6e-5,786880,789.2563719749451,2888975712
7,62,"[1, 4, 0, 2]",-14,NaN,0,NaN,0,9.0e-5,786880,9.0e-5,786880,789.2564649581909,2889769408
7,63,"[1, 3, 3, 0]",-30,NaN,0,NaN,0,8.4e-5,786880,8.4e-5,786880,789.2565519809723,2890563104
7,64,"[1, 3, 2, 1]",-29,NaN,0,NaN,0,8.375e-5,786880,8.375e-5,786880,789.2566380500793,2891356800
7,65,"[1, 3, 1, 2]",-28,NaN,0,NaN,0,8.0334e-5,786880,8.0334e-5,786880,789.2567219734192,2892150512
7,66,"[1, 3, 0, 3]",-27,NaN,0,NaN,0,9.0667e-5,786880,9.0667e-5,786880,789.2568159103394,2892944224
7,67,"[1, 2, 4, 0]",-50,NaN,0,NaN,0,7.9875e-5,786880,7.9875e-5,786880,789.2568979263306,2893737936
7,68,"[1, 2, 3, 1]",-49,NaN,0,NaN,0,7.9708e-5,786880,7.9708e-5,786880,789.2569808959961,2894531648
7,69,"[1, 2, 2, 2]",-48,NaN,0,NaN,0,9.0625e-5,786880,9.0625e-5,786880,789.257073879242,2895325360
7,70,"[1, 2, 1, 3]",-47,NaN,0,NaN,0,8.1334e-5,786880,8.1334e-5,786880,789.2571580410004,2896119072
7,71,"[1, 2, 0, 4]",-46,NaN,0,NaN,0,7.975e-5,786880,7.975e-5,786880,789.2572410106659,2896912784
7,72,"[1, 1, 5, 0]",77,8.1833e-5,1967552,0.170507917,522207664,NaN,0,0.17058975,524175216,789.4278390407562,2808614368
7,73,"[1, 1, 4, 1]",76,0.000161917,3935456,0.274113667,522207408,NaN,0,0.274275584,526142864,789.7021360397339,2706112656
7,74,"[1, 1, 3, 2]",75,0.000160917,3935488,0.176985084,612504624,NaN,0,0.177146001,616440112,789.8792998790741,3322559648
7,75,"[1, 1, 2, 3]",-74,NaN,0,NaN,0,8.4833e-5,786880,8.4833e-5,786880,789.8794000148773,3323353408
7,76,"[1, 1, 1, 4]",-73,NaN,0,NaN,0,8.875e-5,786880,8.875e-5,786880,789.8794929981232,3324147120
7,77,"[1, 1, 0, 5]",-72,NaN,0,NaN,0,8.5375e-5,786880,8.5375e-5,786880,789.8795809745789,3324940832
7,78,"[1, 0, 6, 0]",112,8.3e-5,1967632,0.22896975,840581792,NaN,0,0.22905275,842549424,790.1086430549622,3066836432
7,79,"[1, 0, 5, 1]",111,0.000162834,3935616,0.243634542,790938272,NaN,0,0.243797376,794873888,790.3524670600891,3026189168
7,80,"[1, 0, 4, 2]",110,0.015196041,3935712,0.338445209,797475440,NaN,0,0.35364125,801411152,790.7061369419098,3177511392
7,81,"[1, 0, 3, 3]",109,0.000163208,3935680,0.177009167,606328256,NaN,0,0.177172375,610263936,790.8833320140839,2607287632
7,82,"[1, 0, 2, 4]",108,0.000161917,3935712,0.177625083,606327920,NaN,0,0.177787,610263632,791.0611438751221,2607288080
7,83,"[1, 0, 1, 5]",107,0.000162208,3935744,0.256899084,790938272,NaN,0,0.257061292,794874016,791.3182330131531,2739999248
7,84,"[1, 0, 0, 6]",106,8.1625e-5,1968048,0.3276415,797475440,NaN,0,0.32772312499999995,799443488,791.6459820270538,3177511392
7,85,"[0, 7, 0, 0]",-1,NaN,0,NaN,0,8.4083e-5,786880,8.4083e-5,786880,791.6460800170898,3178305152
7,86,"[0, 6, 1, 0]",-4,NaN,0,NaN,0,8.1458e-5,786880,8.1458e-5,786880,791.6461660861969,3179098864
7,87,"[0, 6, 0, 1]",-3,NaN,0,NaN,0,8.3916e-5,786880,8.3916e-5,786880,791.6462528705597,3179892576
7,88,"[0, 5, 2, 0]",-10,NaN,0,NaN,0,8.0834e-5,786880,8.0834e-5,786880,791.6463370323181,3180686288
7,89,"[0, 5, 1, 1]",-9,NaN,0,NaN,0,0.000104209,786880,0.000104209,786880,791.6473059654236,3181480000
7,90,"[0, 5, 0, 2]",-8,NaN,0,NaN,0,9.3041e-5,786880,9.3041e-5,786880,791.6474080085754,3182273712
7,91,"[0, 4, 3, 0]",-20,NaN,0,NaN,0,8.6542e-5,786880,8.6542e-5,786880,791.6474978923798,3183067424
7,92,"[0, 4, 2, 1]",-19,NaN,0,NaN,0,9.0292e-5,786880,9.0292e-5,786880,791.6475908756256,3183861136
7,93,"[0, 4, 1, 2]",-18,NaN,0,NaN,0,8.5834e-5,786880,8.5834e-5,786880,791.6476809978485,3184654848
7,94,"[0, 4, 0, 3]",-17,NaN,0,NaN,0,8.3e-5,786880,8.3e-5,786880,791.6477658748627,3185448560
7,95,"[0, 3, 4, 0]",-35,NaN,0,NaN,0,8.6542e-5,786880,8.6542e-5,786880,791.6478559970856,3186242256
7,96,"[0, 3, 3, 1]",-34,NaN,0,NaN,0,8.7125e-5,786880,8.7125e-5,786880,791.6479458808899,3187035968
7,97,"[0, 3, 2, 2]",-33,NaN,0,NaN,0,9.175e-5,786880,9.175e-5,786880,791.648041009903,3187829680
7,98,"[0, 3, 1, 3]",-32,NaN,0,NaN,0,8.3583e-5,786880,8.3583e-5,786880,791.6481280326843,3188623392
7,99,"[0, 3, 0, 4]",-31,NaN,0,NaN,0,8.7167e-5,786880,8.7167e-5,786880,791.6482179164886,3189417104
7,100,"[0, 2, 5, 0]",-56,NaN,0,NaN,0,9.2667e-5,786880,9.2667e-5,786880,791.6483130455017,3190210816
7,101,"[0, 2, 4, 1]",-55,NaN,0,NaN,0,8.7417e-5,786880,8.7417e-5,786880,791.6484038829803,3191004528
7,102,"[0, 2, 3, 2]",-54,NaN,0,NaN,0,8.9e-5,786880,8.9e-5,786880,791.6484949588776,3191798240
7,103,"[0, 2, 2, 3]",-53,NaN,0,NaN,0,8.7e-5,786880,8.7e-5,786880,791.6485850811005,3192591936
7,104,"[0, 2, 1, 4]",-52,NaN,0,NaN,0,8.4959e-5,786880,8.4959e-5,786880,791.6486730575562,3193385632
7,105,"[0, 2, 0, 5]",-51,NaN,0,NaN,0,8.4625e-5,786880,8.4625e-5,786880,791.6487610340118,3194179344
7,106,"[0, 1, 6, 0]",-84,NaN,0,NaN,0,8.6666e-5,786880,8.6666e-5,786880,791.6488499641418,3194973056
7,107,"[0, 1, 5, 1]",-83,NaN,0,NaN,0,8.6167e-5,786880,8.6167e-5,786880,791.6489388942719,3195766768
7,108,"[0, 1, 4, 2]",-82,NaN,0,NaN,0,8.7208e-5,786880,8.7208e-5,786880,791.6490290164948,3196560480
7,109,"[0, 1, 3, 3]",-81,NaN,0,NaN,0,8.3583e-5,786880,8.3583e-5,786880,791.6491160392761,3197354192
7,110,"[0, 1, 2, 4]",-80,NaN,0,NaN,0,9.0291e-5,786880,9.0291e-5,786880,791.649209022522,3198147904
7,111,"[0, 1, 1, 5]",-79,NaN,0,NaN,0,8.7167e-5,786880,8.7167e-5,786880,791.6492989063263,3198941616
7,112,"[0, 1, 0, 6]",-78,NaN,0,NaN,0,8.525e-5,786880,8.525e-5,786880,791.6493880748749,3199735328
7,113,"[0, 0, 7, 0]",120,8.3375e-5,1968064,0.16825625,522207392,NaN,0,0.168339625,524175456,791.8177349567413,2976838992
7,114,"[0, 0, 6, 1]",119,0.000163,3936592,0.171179084,522207376,NaN,0,0.171342084,526143968,791.9890990257263,2660400160
7,115,"[0, 0, 5, 2]",118,0.000163958,3936624,0.169327625,522207648,NaN,0,0.169491583,526144272,792.1586148738861,2658734496
7,116,"[0, 0, 4, 3]",117,0.000166125,3936656,0.280701916,606327904,NaN,0,0.280868041,610264560,792.4395070075989,2731060640
7,117,"[0, 0, 3, 4]",-116,NaN,0,NaN,0,8.6375e-5,786880,8.6375e-5,786880,792.4396069049835,2731854400
7,118,"[0, 0, 2, 5]",-115,NaN,0,NaN,0,8.5375e-5,786880,8.5375e-5,786880,792.4396960735321,2732648112
7,119,"[0, 0, 1, 6]",-114,NaN,0,NaN,0,8.6833e-5,786880,8.6833e-5,786880,792.4397859573364,2733441824
7,120,"[0, 0, 0, 7]",-113,NaN,0,NaN,0,8.5417e-5,786880,8.5417e-5,786880,792.4398739337921,2734235536
8,1,"[8, 0, 0, 0]",121,8.75e-7,0,0.288113208,538951744,NaN,0,0.288114083,538951744,2097.7925770282745,2871608928
8,2,"[7, 1, 0, 0]",85,4.59e-7,0,0.2015925,557170816,NaN,0,0.20159295900000002,557170816,2097.994199037552,2914237712
8,3,"[7, 0, 1, 0]",123,8.225e-5,1966832,0.178721542,526205072,NaN,0,0.17880379200000002,528171904,2098.1730279922485,2662732288
8,4,"[7, 0, 0, 1]",122,8.2e-5,1966848,0.197597666,549486960,NaN,0,0.197679666,551453808,2098.37073302269,2818788112
8,5,"[6, 2, 0, 0]",57,3.75e-7,0,0.278242917,542949536,NaN,0,0.278243292,542949536,2098.6490049362183,2970364768
8,6,"[6, 1, 1, 0]",87,8.1834e-5,1966848,0.246105875,595034256,NaN,0,0.246187709,597001104,2098.895220041275,2740830432
8,7,"[6, 1, 0, 1]",86,0.000191708,1966896,0.202243,522207360,NaN,0,0.20243470800000002,524174256,2099.0977029800415,2706112704
8,8,"[6, 0, 2, 0]",126,0.000141042,1966864,0.197202542,528744560,NaN,0,0.19734358400000002,530711424,2099.295079946518,2789043680
8,9,"[6, 0, 1, 1]",125,0.000394083,3933792,0.297207459,522207360,NaN,0,0.297601542,526141152,2099.592710018158,2854863808
8,10,"[6, 0, 0, 2]",124,0.000157167,1966928,0.20219325,547422640,NaN,0,0.202350417,549389568,2099.7950859069824,2712650320
8,11,"[5, 3, 0, 0]",36,4.17e-7,0,0.190747083,522207360,NaN,0,0.19074750000000001,522207360,2099.9858589172363,2706113072
8,12,"[5, 2, 1, 0]",59,8.3209e-5,1966896,0.177918042,528744560,NaN,0,0.178001251,530711456,2100.1638820171356,2789044048
8,13,"[5, 2, 0, 1]",58,8.5625e-5,1966992,0.284883292,522207360,NaN,0,0.284968917,524174352,2100.448879003525,2854863808
8,14,"[5, 1, 2, 0]",90,8.4708e-5,1966912,0.182946917,547422352,NaN,0,0.18303162499999998,549389264,2100.631936073303,2712650320
8,15,"[5, 1, 1, 1]",89,0.000159333,3933936,0.1761305,522207360,NaN,0,0.176289833,526141296,2100.808249950409,2706113072
8,16,"[5, 1, 0, 2]",88,0.00010325,1967024,0.19690325,528744864,NaN,0,0.1970065,530711888,2101.0052790641785,2712289840
8,17,"[5, 0, 3, 0]",130,8.125e-5,1966944,0.276552875,522207344,NaN,0,0.27663412499999995,524174288,2101.2819409370422,2902243216
8,18,"[5, 0, 2, 1]",129,0.000461542,3934000,0.185665541,547422352,NaN,0,0.186127083,551356352,2101.468095064163,2712649904
8,19,"[5, 0, 1, 2]",128,0.000162208,3934032,0.183581583,522207360,NaN,0,0.183743791,526141392,2101.6518630981445,2706112656
8,20,"[5, 0, 0, 3]",127,8.5416e-5,1967072,0.170985833,528744576,NaN,0,0.171071249,530711648,2101.822958946228,2664910016
8,21,"[4, 4, 0, 0]",21,2.5e-7,0,0.205732083,428861456,NaN,0,0.20573233300000002,428861456,2102.0287148952484,2592940288
8,22,"[4, 3, 1, 0]",38,8.3e-5,1966992,0.182507584,541245792,NaN,0,0.182590584,543212784,2102.2113308906555,3136159920
8,23,"[4, 3, 0, 1]",37,0.000204042,1967152,0.186549,555516096,NaN,0,0.18675304199999998,557483248,2102.398111104965,3050043600
8,24,"[4, 2, 2, 0]",62,0.000127125,1967008,0.171935209,522207360,NaN,0,0.172062334,524174368,2102.5701990127563,2787752976
8,25,"[4, 2, 1, 1]",61,0.000419041,3934192,0.174949292,522207376,NaN,0,0.17536833300000002,526141568,2102.745589017868,2711359728
8,26,"[4, 2, 0, 2]",60,0.000111875,1967184,0.193039042,532889712,NaN,0,0.193150917,534856896,2102.9387691020966,2774766672
8,27,"[4, 1, 3, 0]",94,0.000113083,1967040,0.260154792,530956416,NaN,0,0.26026787500000004,532923456,2103.199061870575,2902243328
8,28,"[4, 1, 2, 1]",93,0.00019375,3934256,0.172836,547422640,NaN,0,0.17302974999999998,551356896,2103.372116088867,2714316032
8,29,"[4, 1, 1, 2]",92,0.000192875,3934288,0.172600042,522207344,NaN,0,0.17279291700000002,526141632,2103.5449318885803,2782506656
8,30,"[4, 1, 0, 3]",91,0.000115792,1967232,0.168307208,522207376,NaN,0,0.16842300000000002,524174608,2103.71337890625,2658733264
8,31,"[4, 0, 4, 0]",135,0.000113625,1967088,0.183144208,522207344,NaN,0,0.183257833,524174432,2103.8966569900513,2724974672
8,32,"[4, 0, 3, 1]",134,0.000192167,3934352,0.338327916,522207360,NaN,0,0.338520083,526141712,2104.235202074051,2902243328
8,33,"[4, 0, 2, 2]",133,0.000285917,3934384,0.195000709,547422272,NaN,0,0.195286626,551356656,2104.4305140972137,3453606864
8,34,"[4, 0, 1, 3]",132,0.000283542,3934416,0.179743167,561070560,NaN,0,0.180026709,565004976,2104.6105659008026,2969054368
8,35,"[4, 0, 0, 4]",131,0.000195333,1967296,0.168255542,522207376,NaN,0,0.168450875,524174672,2104.7790439128876,2658733264
8,36,"[3, 5, 0, 0]",-11,NaN,0,NaN,0,9.2208e-5,786880,9.2208e-5,786880,2104.779154062271,2659527024
8,37,"[3, 4, 1, 0]",-23,NaN,0,NaN,0,0.000114375,786880,0.000114375,786880,2104.779273033142,2660320736
8,38,"[3, 4, 0, 1]",-22,NaN,0,NaN,0,7.75e-5,786880,7.75e-5,786880,2104.779352903366,2661114448
8,39,"[3, 3, 2, 0]",41,0.000256542,1967168,0.171933125,528744576,NaN,0,0.172189667,530711744,2104.9515509605408,2664910480
8,40,"[3, 3, 1, 1]",40,0.000292334,3934592,0.112041666,428861440,NaN,0,0.112334,432796032,2105.063901901245,2659182160
8,41,"[3, 3, 0, 2]",-39,NaN,0,NaN,0,7.4791e-5,786880,7.4791e-5,786880,2105.063994884491,2659975920
8,42,"[3, 2, 3, 0]",66,0.000194083,1967200,0.2585185,522207376,NaN,0,0.258712583,524174576,2105.3227190971375,2996520560
8,43,"[3, 2, 2, 1]",65,0.000265833,3934656,0.168525583,617857152,NaN,0,0.168791416,621791808,2105.491534948349,2824367504
8,44,"[3, 2, 1, 2]",64,0.000258625,3934688,0.168129916,522207648,NaN,0,0.168388541,526142336,2105.6599459648132,2782506672
8,45,"[3, 2, 0, 3]",63,0.000199292,1967472,0.166596459,522207376,NaN,0,0.166795751,524174848,2105.826766014099,2658733248
8,46,"[3, 1, 4, 0]",99,0.000182333,1967248,0.323936292,522207360,NaN,0,0.324118625,524174608,2106.150911092758,2658733216
8,47,"[3, 1, 3, 1]",98,0.000268708,3934752,0.165663417,540885056,NaN,0,0.165932125,544819808,2106.3168609142303,3203559904
8,48,"[3, 1, 2, 2]",97,0.000423125,3934784,0.183141375,641417344,NaN,0,0.1835645,645352128,2106.500447034836,2965498512
8,49,"[3, 1, 1, 3]",96,0.000286417,3934816,0.171408709,540885136,NaN,0,0.171695126,544819952,2106.672161102295,2806041024
8,50,"[3, 1, 0, 4]",95,0.00020075,1967536,0.171639,551567776,NaN,0,0.17183975,553535312,2106.844018936157,2869349600
8,51,"[3, 0, 5, 0]",141,0.000167125,1967312,0.296874959,551567536,NaN,0,0.297042084,553534848,2107.141082048416,2722971760
8,52,"[3, 0, 4, 1]",140,0.000395167,3934880,0.164104959,562511936,NaN,0,0.164500126,566446816,2107.3055980205536,3289425456
8,53,"[3, 0, 3, 2]",139,0.000287417,3934912,0.168083959,610123904,NaN,0,0.16837137600000002,614058816,2107.473989009857,3119592704
8,54,"[3, 0, 2, 3]",138,0.000349167,3934944,0.171115333,542703744,NaN,0,0.17146450000000002,546638688,2107.6454780101776,2913613520
8,55,"[3, 0, 1, 4]",137,0.000300166,3934976,0.171006042,524026000,NaN,0,0.171306208,527960976,2107.816807985306,2816723888
8,56,"[3, 0, 0, 5]",136,0.000196792,1967616,0.203820417,562135440,NaN,0,0.204017209,564103056,2108.020845890045,2898808544
8,57,"[2, 6, 0, 0]",-5,NaN,0,NaN,0,6.9208e-5,786880,6.9208e-5,786880,2108.0209290981293,2899602304
8,58,"[2, 5, 1, 0]",-13,NaN,0,NaN,0,6.475e-5,786880,6.475e-5,786880,2108.0209980010986,2900396016
8,59,"[2, 5, 0, 1]",-12,NaN,0,NaN,0,6.5459e-5,786880,6.5459e-5,786880,2108.0210659503937,2901189728
8,60,"[2, 4, 2, 0]",-26,NaN,0,NaN,0,6.4792e-5,786880,6.4792e-5,786880,2108.0211338996887,2901983440
8,61,"[2, 4, 1, 1]",-25,NaN,0,NaN,0,6.75e-5,786880,6.75e-5,786880,2108.021203994751,2902777152
8,62,"[2, 4, 0, 2]",-24,NaN,0,NaN,0,6.5834e-5,786880,6.5834e-5,786880,2108.0212728977203,2903570848
8,63,"[2, 3, 3, 0]",-45,NaN,0,NaN,0,6.8833e-5,786880,6.8833e-5,786880,2108.021343946457,2904364560
8,64,"[2, 3, 2, 1]",-44,NaN,0,NaN,0,6.5875e-5,786880,6.5875e-5,786880,2108.021413087845,2905158272
8,65,"[2, 3, 1, 2]",-43,NaN,0,NaN,0,9.7375e-5,786880,9.7375e-5,786880,2108.0215129852295,2905951984
8,66,"[2, 3, 0, 3]",-42,NaN,0,NaN,0,0.000114875,786880,0.000114875,786880,2108.021631002426,2906745696
8,67,"[2, 2, 4, 0]",71,0.000273334,1967488,0.257885667,560316592,NaN,0,0.258159001,562284080,2108.279799938202,2987731920
8,68,"[2, 2, 3, 1]",70,0.000286292,3935328,0.173513875,591184000,NaN,0,0.173800167,595119328,2108.45361995697,2793189680
8,69,"[2, 2, 2, 2]",69,0.000273542,3935360,0.100259625,460171296,NaN,0,0.100533167,464106656,2108.5541698932648,2607522480
8,70,"[2, 2, 1, 3]",-68,NaN,0,NaN,0,9.8708e-5,786880,9.8708e-5,786880,2108.554286956787,2608316240
8,71,"[2, 2, 0, 4]",-67,NaN,0,NaN,0,9.4875e-5,786880,9.4875e-5,786880,2108.554384946823,2609109952
8,72,"[2, 1, 5, 0]",105,0.000224458,1967552,0.165668833,560316608,NaN,0,0.165893291,562284160,2108.7202858924866,2511391104
8,73,"[2, 1, 4, 1]",104,0.000295625,3935456,0.278908292,547815504,NaN,0,0.279203917,551750960,2108.9995090961456,2677410976
8,74,"[2, 1, 3, 2]",103,0.000443541,3935488,0.171395708,602636640,NaN,0,0.171839249,606572128,2109.1713659763336,3283989984
8,75,"[2, 1, 2, 3]",102,0.000527542,3935520,0.182541,609861808,NaN,0,0.183068542,613797328,2109.354453086853,2832081984
8,76,"[2, 1, 1, 4]",101,0.000292416,3935552,0.169501208,546750640,NaN,0,0.16979362399999998,550686192,2109.524265050888,2514126768
8,77,"[2, 1, 0, 5]",100,0.000199917,1967952,0.170641625,559251536,NaN,0,0.17084154199999999,561219488,2109.695123910904,2741834288
8,78,"[2, 0, 6, 0]",148,0.000164833,1967632,0.275078708,559251600,NaN,0,0.275243541,561219232,2109.970386981964,2735472784
8,79,"[2, 0, 5, 1]",147,0.000369,3935616,0.176481375,548569152,NaN,0,0.176850375,552504768,2110.147259950638,3287984432
8,80,"[2, 0, 4, 2]",146,0.000555833,3935648,0.168648917,640745920,NaN,0,0.16920475000000001,644681568,2110.3164899349213,2942871088
8,81,"[2, 0, 3, 3]",145,0.000278459,3935680,0.171660709,548569232,NaN,0,0.171939168,552504912,2110.4884490966797,2741833872
8,82,"[2, 0, 2, 4]",144,0.00028025,3935712,0.170457875,540573824,NaN,0,0.17073812500000002,544509536,2110.6592049598694,2746339920
8,83,"[2, 0, 1, 5]",143,0.00028325,3935744,0.276574708,536068240,NaN,0,0.276857958,540003984,2110.9360830783844,2664910016
8,84,"[2, 0, 0, 6]",142,0.000221792,1968048,0.179671625,571752512,NaN,0,0.179893417,573720560,2111.115993976593,3238637456
8,85,"[1, 7, 0, 0]",-2,NaN,0,NaN,0,7.2167e-5,786880,7.2167e-5,786880,2111.1160819530487,3239431216
8,86,"[1, 6, 1, 0]",-7,NaN,0,NaN,0,7.0625e-5,786880,7.0625e-5,786880,2111.116156101227,3240224928
8,87,"[1, 6, 0, 1]",-6,NaN,0,NaN,0,6.2417e-5,786880,6.2417e-5,786880,2111.1162219047546,3241018640
8,88,"[1, 5, 2, 0]",-16,NaN,0,NaN,0,7.0709e-5,786880,7.0709e-5,786880,2111.1162950992584,3241812352
8,89,"[1, 5, 1, 1]",-15,NaN,0,NaN,0,6.5375e-5,786880,6.5375e-5,786880,2111.1163630485535,3242606064
8,90,"[1, 5, 0, 2]",-14,NaN,0,NaN,0,6.55e-5,786880,6.55e-5,786880,2111.1164309978485,3243399776
8,91,"[1, 4, 3, 0]",-30,NaN,0,NaN,0,9.0916e-5,786880,9.0916e-5,786880,2111.116525888443,3244193488
8,92,"[1, 4, 2, 1]",-29,NaN,0,NaN,0,6.4041e-5,786880,6.4041e-5,786880,2111.1165928840637,3244987200
8,93,"[1, 4, 1, 2]",-28,NaN,0,NaN,0,6.4e-5,786880,6.4e-5,786880,2111.1166598796844,3245780912
8,94,"[1, 4, 0, 3]",-27,NaN,0,NaN,0,6.4625e-5,786880,6.4625e-5,786880,2111.116728067398,3246574608
8,95,"[1, 3, 4, 0]",-50,NaN,0,NaN,0,6.4166e-5,786880,6.4166e-5,786880,2111.116795063019,3247368320
8,96,"[1, 3, 3, 1]",-49,NaN,0,NaN,0,6.2958e-5,786880,6.2958e-5,786880,2111.116861104965,3248162032
8,97,"[1, 3, 2, 2]",-48,NaN,0,NaN,0,9.425e-5,786880,9.425e-5,786880,2111.1169579029083,3248955744
8,98,"[1, 3, 1, 3]",-47,NaN,0,NaN,0,0.000125583,786880,0.000125583,786880,2111.1170859336853,3249749456
8,99,"[1, 3, 0, 4]",-46,NaN,0,NaN,0,0.000112166,786880,0.000112166,786880,2111.117201089859,3250543168
8,100,"[1, 2, 5, 0]",-77,NaN,0,NaN,0,0.000112792,786880,0.000112792,786880,2111.1173169612885,3251336880
8,101,"[1, 2, 4, 1]",-76,NaN,0,NaN,0,0.000105709,786880,0.000105709,786880,2111.117425918579,3252130592
8,102,"[1, 2, 3, 2]",-75,NaN,0,NaN,0,0.000116375,786880,0.000116375,786880,2111.11754488945,3252924304
8,103,"[1, 2, 2, 3]",-74,NaN,0,NaN,0,0.000114542,786880,0.000114542,786880,2111.1176619529724,3253718016
8,104,"[1, 2, 1, 4]",-73,NaN,0,NaN,0,0.000110084,786880,0.000110084,786880,2111.117774963379,3254511728
8,105,"[1, 2, 0, 5]",-72,NaN,0,NaN,0,0.000110958,786880,0.000110958,786880,2111.1178889274597,3255305440
8,106,"[1, 1, 6, 0]",112,0.000261292,1967968,0.171980667,618070144,NaN,0,0.172241959,620038112,2111.2901380062103,3002610432
8,107,"[1, 1, 5, 1]",111,0.000280917,3936400,0.166506709,552321456,NaN,0,0.166787626,556257856,2111.456950902939,2824566800
8,108,"[1, 1, 4, 2]",110,0.000275042,3936432,0.166825875,552321152,NaN,0,0.16710091700000002,556257584,2111.6240730285645,2822901136
8,109,"[1, 1, 3, 3]",109,0.000281,3936464,0.099695541,436054016,NaN,0,0.099976541,439990480,2111.7240660190582,2845206080
8,110,"[1, 1, 2, 4]",-108,NaN,0,NaN,0,9.1458e-5,786880,9.1458e-5,786880,2111.724174976349,2845999840
8,111,"[1, 1, 1, 5]",-107,NaN,0,NaN,0,8.0709e-5,786880,8.0709e-5,786880,2111.7242600917816,2846793552
8,112,"[1, 1, 0, 6]",-106,NaN,0,NaN,0,8.1e-5,786880,8.1e-5,786880,2111.7243440151215,2847587264
8,113,"[1, 0, 7, 0]",156,0.000163417,1968064,0.337351541,867287744,NaN,0,0.337514958,869255808,2112.0618710517883,3246569904
8,114,"[1, 0, 6, 1]",155,0.000347958,3936592,0.219301125,906773184,NaN,0,0.21964908300000002,910709776,2112.2815458774567,2934520736
8,115,"[1, 0, 5, 2]",154,0.00047075,3936624,0.255294666,818053808,NaN,0,0.255765416,821990432,2112.537343978882,2746175904
8,116,"[1, 0, 4, 3]",153,0.000288625,3936656,0.335487708,899089296,NaN,0,0.335776333,903025952,2112.8731429576874,3274750432
8,117,"[1, 0, 3, 4]",152,0.000368375,3936688,0.095905125,461924416,NaN,0,0.0962735,465861104,2112.9694349765778,2924682688
8,118,"[1, 0, 2, 5]",151,0.000296875,3936720,0.247622875,856031904,NaN,0,0.24791975,859968624,2113.2173750400543,2928343264
8,119,"[1, 0, 1, 6]",150,0.000470791,3936752,0.259733625,879166128,NaN,0,0.26020441600000005,883102880,2113.4776000976562,2911506112
8,120,"[1, 0, 0, 7]",149,0.000186958,1968608,0.329154375,915620464,NaN,0,0.329341333,917589072,2113.8069648742676,3268671968
8,121,"[0, 8, 0, 0]",-1,NaN,0,NaN,0,0.000232792,786880,0.000232792,786880,2113.8072180747986,3269465728
8,122,"[0, 7, 1, 0]",-4,NaN,0,NaN,0,0.000131667,786880,0.000131667,786880,2113.8073539733887,3270259440
8,123,"[0, 7, 0, 1]",-3,NaN,0,NaN,0,0.000133625,786880,0.000133625,786880,2113.8074910640717,3271053152
8,124,"[0, 6, 2, 0]",-10,NaN,0,NaN,0,0.000134334,786880,0.000134334,786880,2113.807627916336,3271846864
8,125,"[0, 6, 1, 1]",-9,NaN,0,NaN,0,0.000130708,786880,0.000130708,786880,2113.8077619075775,3272640576
8,126,"[0, 6, 0, 2]",-8,NaN,0,NaN,0,0.000128709,786880,0.000128709,786880,2113.8078939914703,3273434288
8,127,"[0, 5, 3, 0]",-20,NaN,0,NaN,0,0.000133542,786880,0.000133542,786880,2113.8080298900604,3274228000
8,128,"[0, 5, 2, 1]",-19,NaN,0,NaN,0,0.000652958,786976,0.000652958,786976,2113.80868601799,2522677664
8,129,"[0, 5, 1, 2]",-18,NaN,0,NaN,0,7.4584e-5,786880,7.4584e-5,786880,2113.80876493454,2523471376
8,130,"[0, 5, 0, 3]",-17,NaN,0,NaN,0,7.9042e-5,786880,7.9042e-5,786880,2113.808846950531,2524265088
8,131,"[0, 4, 4, 0]",-35,NaN,0,NaN,0,8.0458e-5,786880,8.0458e-5,786880,2113.8089299201965,2525058800
8,132,"[0, 4, 3, 1]",-34,NaN,0,NaN,0,8.3958e-5,786880,8.3958e-5,786880,2113.8090159893036,2525852512
8,133,"[0, 4, 2, 2]",-33,NaN,0,NaN,0,9.0583e-5,786880,9.0583e-5,786880,2113.8091099262238,2526646224
8,134,"[0, 4, 1, 3]",-32,NaN,0,NaN,0,0.000126625,786880,0.000126625,786880,2113.809238910675,2527439936
8,135,"[0, 4, 0, 4]",-31,NaN,0,NaN,0,0.000134666,786880,0.000134666,786880,2113.809376001358,2528233648
8,136,"[0, 3, 5, 0]",-56,NaN,0,NaN,0,0.000129625,786880,0.000129625,786880,2113.809508085251,2529027360
8,137,"[0, 3, 4, 1]",-55,NaN,0,NaN,0,7.9542e-5,786880,7.9542e-5,786880,2113.8095910549164,2529821072
8,138,"[0, 3, 3, 2]",-54,NaN,0,NaN,0,8.6041e-5,786880,8.6041e-5,786880,2113.8096799850464,2530614784
8,139,"[0, 3, 2, 3]",-53,NaN,0,NaN,0,8.0958e-5,786880,8.0958e-5,786880,2113.8097639083862,2531408496
8,140,"[0, 3, 1, 4]",-52,NaN,0,NaN,0,0.000101625,786880,0.000101625,786880,2113.8098680973053,2532202208
8,141,"[0, 3, 0, 5]",-51,NaN,0,NaN,0,9.0792e-5,786880,9.0792e-5,786880,2113.809961080551,2532995920
8,142,"[0, 2, 6, 0]",-84,NaN,0,NaN,0,8.0083e-5,786880,8.0083e-5,786880,2113.8100440502167,2533789632
8,143,"[0, 2, 5, 1]",-83,NaN,0,NaN,0,7.6125e-5,786880,7.6125e-5,786880,2113.8101229667664,2534583344
8,144,"[0, 2, 4, 2]",-82,NaN,0,NaN,0,0.00012125,786880,0.00012125,786880,2113.8102469444275,2535377056
8,145,"[0, 2, 3, 3]",-81,NaN,0,NaN,0,0.000125083,786880,0.000125083,786880,2113.8103749752045,2536170768
8,146,"[0, 2, 2, 4]",-80,NaN,0,NaN,0,0.000127083,786880,0.000127083,786880,2113.81050491333,2536964480
8,147,"[0, 2, 1, 5]",-79,NaN,0,NaN,0,0.000121667,786880,0.000121667,786880,2113.810628890991,2537758192
8,148,"[0, 2, 0, 6]",-78,NaN,0,NaN,0,0.000113125,786880,0.000113125,786880,2113.8107450008392,2538551904
8,149,"[0, 1, 7, 0]",-120,NaN,0,NaN,0,0.0001645,786880,0.0001645,786880,2113.8109130859375,2539345616
8,150,"[0, 1, 6, 1]",-119,NaN,0,NaN,0,0.000128166,786880,0.000128166,786880,2113.8110439777374,2540139328
8,151,"[0, 1, 5, 2]",-118,NaN,0,NaN,0,0.000122791,786880,0.000122791,786880,2113.8111701011658,2540933040
8,152,"[0, 1, 4, 3]",-117,NaN,0,NaN,0,0.000117917,786880,0.000117917,786880,2113.811290025711,2541726752
8,153,"[0, 1, 3, 4]",-116,NaN,0,NaN,0,0.000112333,786880,0.000112333,786880,2113.811404943466,2542520464
8,154,"[0, 1, 2, 5]",-115,NaN,0,NaN,0,0.000139125,786880,0.000139125,786880,2113.8115470409393,2543314176
8,155,"[0, 1, 1, 6]",-114,NaN,0,NaN,0,0.0001345,786880,0.0001345,786880,2113.8116838932037,2544107888
8,156,"[0, 1, 0, 7]",-113,NaN,0,NaN,0,0.000133625,786880,0.000133625,786880,2113.8118209838867,2544901600
8,157,"[0, 0, 8, 0]",165,0.000227458,1968624,0.16448725,581500992,NaN,0,0.16471470800000002,583469616,2113.9765429496765,2781985472
8,158,"[0, 0, 7, 1]",164,0.00030175,3937840,0.182152125,581501360,NaN,0,0.182453875,585439200,2114.159019947052,2694757952
8,159,"[0, 0, 6, 2]",163,0.000524708,3937872,0.270635791,604684416,NaN,0,0.271160499,608622288,2114.4302089214325,2703772832
8,160,"[0, 0, 5, 3]",162,0.000305541,3937904,0.170446541,594001984,NaN,0,0.170752082,597939888,2114.600979089737,3301719600
8,161,"[0, 0, 4, 4]",161,0.000365083,3937936,0.114505375,446031840,NaN,0,0.11487045800000001,449969776,2114.7158710956573,3751696256
8,162,"[0, 0, 3, 5]",-160,NaN,0,NaN,0,0.000142,786880,0.000142,786880,2114.7160289287567,3752490032
8,163,"[0, 0, 2, 6]",-159,NaN,0,NaN,0,0.000143875,786880,0.000143875,786880,2114.716182947159,3753283744
8,164,"[0, 0, 1, 7]",-158,NaN,0,NaN,0,0.000151625,786880,0.000151625,786880,2114.7163379192352,3754077456
8,165,"[0, 0, 0, 8]",-157,NaN,0,NaN,0,0.00013375,786880,0.00013375,786880,2114.716475009918,3754871168
9,1,"[9, 0, 0, 0]",166,6.67e-7,0,0.330708833,578322512,NaN,0,0.3307095,578322512,4994.435673952103,2685668512
9,2,"[8, 1, 0, 0]",121,2.91e-7,0,0.177742125,573505600,NaN,0,0.17774241600000001,573505600,4994.613439083099,3259180944
9,3,"[8, 0, 1, 0]",168,0.000146834,1966832,0.190137458,545177952,NaN,0,0.19028429200000002,547144784,4994.803749084473,3806332576
9,4,"[8, 0, 0, 1]",167,8.075e-5,1966848,0.185056125,545177792,NaN,0,0.18513687499999998,547144640,4994.988909959793,2997952192
9,5,"[7, 2, 0, 0]",85,4.17e-7,0,0.19494525,522207360,NaN,0,0.194945667,522207360,4995.183882951736,2991305936
9,6,"[7, 1, 1, 0]",123,8.6417e-5,1966848,0.177977791,522207376,NaN,0,0.178064208,524174224,4995.361975908279,2826800032
9,7,"[7, 1, 0, 1]",122,8.1959e-5,1966896,0.205897958,522207344,NaN,0,0.20597991699999998,524174240,4995.567979097366,2893040992
9,8,"[7, 0, 2, 0]",171,8.1042e-5,1966864,0.274349375,530956464,NaN,0,0.274430417,532923328,4995.842437028885,2958371712
9,9,"[7, 0, 1, 1]",170,0.000158542,3933792,0.191197625,522961328,NaN,0,0.19135616700000002,526895120,4996.033816099167,2706112736
9,10,"[7, 0, 0, 2]",169,0.000132583,1966928,0.18283825,522207360,NaN,0,0.182970833,524174288,4996.21680688858,2706112704
9,11,"[6, 3, 0, 0]",57,4.59e-7,0,0.177789209,522207360,NaN,0,0.177789668,522207360,4996.394623041153,2706112704
9,12,"[6, 2, 1, 0]",87,8.2042e-5,1966896,0.294451625,522207344,NaN,0,0.294533667,524174240,4996.689186096191,2782506320
9,13,"[6, 2, 0, 1]",86,0.000326667,1966992,0.210128291,522207296,NaN,0,0.210454958,524174288,4996.899738073349,3306687488
9,14,"[6, 1, 2, 0]",126,0.0002225,1966912,0.203187833,552648896,NaN,0,0.203410333,554615808,4997.103194952011,3023941200
9,15,"[6, 1, 1, 1]",125,0.000163542,3933936,0.177220125,522207648,NaN,0,0.177383667,526141584,4997.280612945557,2787753008
9,16,"[6, 1, 0, 2]",124,0.000168375,1967024,0.180975542,522207376,NaN,0,0.181143917,524174400,4997.4617829322815,2711359760
9,17,"[6, 0, 3, 0]",175,8.1875e-5,1966944,0.305019416,532889712,NaN,0,0.305101291,534856656,4997.7669088840485,2745809600
9,18,"[6, 0, 2, 1]",174,0.000162125,3934000,0.192596167,522207296,NaN,0,0.19275829200000003,526141296,4997.959692001343,3271957776
9,19,"[6, 0, 1, 2]",173,0.000164666,3934032,0.175382792,530956496,NaN,0,0.17554745800000002,534890528,4998.1352870464325,2658733680
9,20,"[6, 0, 0, 3]",172,8.3083e-5,1967072,0.169469083,522207344,NaN,0,0.169552166,524174416,4998.3048620224,2782507296
9,21,"[5, 4, 0, 0]",36,3.33e-7,0,0.292284166,606328224,NaN,0,0.29228449900000003,606328224,4998.597176074982,2607287536
9,22,"[5, 3, 1, 0]",59,0.000168792,1966992,0.165364,522207296,NaN,0,0.165532792,524174288,4998.762729883194,3131468672
9,23,"[5, 3, 0, 1]",58,0.000217792,1967152,0.18870825,660477072,NaN,0,0.188926042,662444224,4998.951683044434,2824004736
9,24,"[5, 2, 2, 0]",90,0.000103459,1967008,0.168177334,522207376,NaN,0,0.168280793,524174384,4999.119988918304,2672742320
9,25,"[5, 2, 1, 1]",89,0.000204167,3934192,0.173748459,522207360,NaN,0,0.173952626,526141552,4999.2939620018005,2725368528
9,26,"[5, 2, 0, 2]",88,8.2167e-5,1967184,0.281345208,617010288,NaN,0,0.28142737500000004,618977472,4999.575412988663,2683681264
9,27,"[5, 1, 3, 0]",130,8.2e-5,1967040,0.1659705,522207584,NaN,0,0.1660525,524174624,4999.741487026215,3207862784
9,28,"[5, 1, 2, 1]",129,0.000160667,3934256,0.166413083,532463808,NaN,0,0.16657375,536398064,4999.9080810546875,2960256368
9,29,"[5, 1, 1, 2]",128,0.000161708,3934288,0.172070709,522207376,NaN,0,0.172232417,526141664,5000.080338001251,2660399792
9,30,"[5, 1, 0, 3]",127,8.2709e-5,1967232,0.182737417,606327920,NaN,0,0.182820126,608295152,5000.263179063797,2607288448
9,31,"[5, 0, 4, 0]",180,8.3625e-5,1967088,0.278760833,522207360,NaN,0,0.27884445799999996,524174448,5000.542044878006,2706489456
9,32,"[5, 0, 3, 1]",179,0.000161042,3934352,0.167405291,522207296,NaN,0,0.167566333,526141648,5000.709632873535,3232638000
9,33,"[5, 0, 2, 2]",178,0.000164792,3934384,0.18089875,577864032,NaN,0,0.181063542,581798416,5000.890722036362,3814443296
9,34,"[5, 0, 1, 3]",177,0.000162916,3934416,0.180419292,542015696,NaN,0,0.18058220800000002,545950112,5001.071326971054,2799864528
9,35,"[5, 0, 0, 4]",176,8.5375e-5,1967296,0.177813833,625759344,NaN,0,0.177899208,627726640,5001.2492508888245,2748419296
9,36,"[4, 5, 0, 0]",-21,NaN,0,NaN,0,9.5917e-5,786880,9.5917e-5,786880,5001.249362945557,2749213056
9,37,"[4, 4, 1, 0]",38,9.5709e-5,1967152,0.179922042,606327920,NaN,0,0.180017751,608295072,5001.429393053055,2748419744
9,38,"[4, 4, 0, 1]",-37,NaN,0,NaN,0,8.4917e-5,786880,8.4917e-5,786880,5001.42949795723,2749213504
9,39,"[4, 3, 2, 0]",62,8.4834e-5,1967168,0.291978833,522207408,NaN,0,0.29206366699999997,524174576,5001.7215740680695,2706112656
9,40,"[4, 3, 1, 1]",61,0.000163666,3934592,0.174065625,606327856,NaN,0,0.174229291,610262448,5001.89582490921,3316382000
9,41,"[4, 3, 0, 2]",60,8.3083e-5,1967424,0.1767355,686839184,NaN,0,0.176818583,688806608,5002.07266497612,2974088720
9,42,"[4, 2, 3, 0]",94,8.2667e-5,1967200,0.167456833,522207360,NaN,0,0.1675395,524174560,5002.240226984024,2876258016
9,43,"[4, 2, 2, 1]",93,0.000163333,3934656,0.175246708,522207376,NaN,0,0.175410041,526142032,5002.415656089783,2799864768
9,44,"[4, 2, 1, 2]",92,0.000163167,3934688,0.19068925,617010272,NaN,0,0.190852417,620944960,5002.606528043747,2801143600
9,45,"[4, 2, 0, 3]",91,8.1708e-5,1967472,0.270675792,615077024,NaN,0,0.27075750000000004,617044496,5002.877312898636,3042869104
9,46,"[4, 1, 4, 0]",135,8.2875e-5,1967248,0.184697083,529498256,NaN,0,0.18477995800000002,531465504,5003.062114953995,2714332448
9,47,"[4, 1, 3, 1]",134,0.000162709,3934752,0.171178584,522207632,NaN,0,0.171341293,526142384,5003.233480930328,2782506688
9,48,"[4, 1, 2, 2]",133,0.000163209,3934784,0.170115042,522207376,NaN,0,0.170278251,526142160,5003.403780937195,2658733296
9,49,"[4, 1, 1, 3]",132,0.000161708,3934816,0.291343541,606327920,NaN,0,0.29150524899999997,610262736,5003.695312976837,2608953648
9,50,"[4, 1, 0, 4]",131,8.4041e-5,1967536,0.172536417,606327856,NaN,0,0.172620458,608295392,5003.867959976196,3217255936
9,51,"[4, 0, 5, 0]",186,8.425e-5,1967312,0.169323958,522961072,NaN,0,0.169408208,524928384,5004.037395000458,2951130560
9,52,"[4, 0, 4, 1]",185,0.00016125,3934880,0.170591833,522207360,NaN,0,0.170753083,526142240,5004.208168029785,2735127408
9,53,"[4, 0, 3, 2]",184,0.000165,3934912,0.1730395,522207664,NaN,0,0.1732045,526142576,5004.381393909454,2658734160
9,54,"[4, 0, 2, 3]",183,0.000160625,3934944,0.272028917,522207360,NaN,0,0.272189542,526142304,5004.653608083725,2706112624
9,55,"[4, 0, 1, 4]",182,0.000164375,3934976,0.179138416,606327856,NaN,0,0.179302791,610262832,5004.83292889595,3316382336
9,56,"[4, 0, 0, 5]",181,8.3333e-5,1967616,0.180711959,705516656,NaN,0,0.180795292,707484272,5005.013746976852,2932667632
9,57,"[3, 6, 0, 0]",-11,NaN,0,NaN,0,7.4041e-5,786880,7.4041e-5,786880,5005.013839960098,2933461392
9,58,"[3, 5, 1, 0]",-23,NaN,0,NaN,0,7.825e-5,786880,7.825e-5,786880,5005.013922929764,2934255104
9,59,"[3, 5, 0, 1]",-22,NaN,0,NaN,0,0.000108333,786880,0.000108333,786880,5005.014034986496,2935048816
9,60,"[3, 4, 2, 0]",-41,NaN,0,NaN,0,0.000134167,786880,0.000134167,786880,5005.014172077179,2935842528
9,61,"[3, 4, 1, 1]",-40,NaN,0,NaN,0,0.000176666,786880,0.000176666,786880,5005.014352083206,2936636240
9,62,"[3, 4, 0, 2]",-39,NaN,0,NaN,0,0.000132875,786880,0.000132875,786880,5005.014487981796,2937429952
9,63,"[3, 3, 3, 0]",66,9.9417e-5,1967440,0.176857292,522207376,NaN,0,0.176956709,524174816,5005.1914529800415,2799864304
9,64,"[3, 3, 2, 1]",65,0.000161833,3935232,0.194806375,625759344,NaN,0,0.194968208,629694576,5005.386447906494,2748419072
9,65,"[3, 3, 1, 2]",-64,NaN,0,NaN,0,6.9375e-5,786880,6.9375e-5,786880,5005.386537075043,2749212832
9,66,"[3, 3, 0, 3]",-63,NaN,0,NaN,0,6.7167e-5,786880,6.7167e-5,786880,5005.386609077454,2750006544
9,67,"[3, 2, 4, 0]",99,8.5125e-5,1967488,0.181656541,522207600,NaN,0,0.181741666,524175088,5005.5683579444885,2889140176
9,68,"[3, 2, 3, 1]",98,0.000222833,3935328,0.263197458,530956496,NaN,0,0.263420291,534891824,5005.831800937653,3006127920
9,69,"[3, 2, 2, 2]",97,0.000163458,3935360,0.182281375,613618800,NaN,0,0.182444833,617554160,5006.014266967773,2737598016
9,70,"[3, 2, 1, 3]",96,0.00017425,3935392,0.18398625,606327936,NaN,0,0.18416049999999998,610263328,5006.198446989059,2607287664
9,71,"[3, 2, 0, 4]",95,8.3458e-5,1967872,0.167754208,522207360,NaN,0,0.167837666,524175232,5006.366307973862,2658733792
9,72,"[3, 1, 5, 0]",141,8.225e-5,1967552,0.275533333,522207360,NaN,0,0.275615583,524174912,5006.641944885254,2658733216
9,73,"[3, 1, 4, 1]",140,0.000163625,3935456,0.168084042,522207584,NaN,0,0.168247667,526143040,5006.810209989548,3184883136
9,74,"[3, 1, 3, 2]",139,0.000163041,3935488,0.17784975,577863824,NaN,0,0.178012791,581799312,5006.988243103027,2873966000
9,75,"[3, 1, 2, 3]",138,0.000162,3935520,0.176868625,606327904,NaN,0,0.177030625,610263424,5007.165292024612,2872191680
9,76,"[3, 1, 1, 4]",137,0.000162667,3935552,0.178436708,606327936,NaN,0,0.178599375,610263488,5007.343913078308,2750084688
9,77,"[3, 1, 0, 5]",136,8.4042e-5,1967952,0.181996375,522207360,NaN,0,0.182080417,524175312,5007.526014089584,2799864736
9,78,"[3, 0, 6, 0]",193,8.0084e-5,1967632,0.26096225,530956448,NaN,0,0.261042334,532924080,5007.78707909584,2958371680
9,79,"[3, 0, 5, 1]",192,0.000162209,3935616,0.173039625,522961328,NaN,0,0.173201834,526896944,5007.960301876068,2706112736
9,80,"[3, 0, 4, 2]",191,0.000162792,3935648,0.169218375,522207360,NaN,0,0.169381167,526143008,5008.129703044891,2706112704
9,81,"[3, 0, 3, 3]",190,0.000160917,3935680,0.179522459,522207360,NaN,0,0.179683376,526143040,5008.309405088425,2658733296
9,82,"[3, 0, 2, 4]",189,0.000163166,3935712,0.280445916,606327904,NaN,0,0.280609082,610263616,5008.590039014816,2683681552
9,83,"[3, 0, 1, 5]",188,0.00016225,3935744,0.172709625,606327936,NaN,0,0.172871875,610263680,5008.762932062149,2656710384
9,84,"[3, 0, 0, 6]",187,8.425e-5,1968048,0.177799791,522207344,NaN,0,0.17788404100000002,524175392,5008.940835952759,2782883904
9,85,"[2, 7, 0, 0]",-5,NaN,0,NaN,0,8.2625e-5,786880,8.2625e-5,786880,5008.940933942795,2783677680
9,86,"[2, 6, 1, 0]",-13,NaN,0,NaN,0,8.7042e-5,786880,8.7042e-5,786880,5008.941025018692,2784471392
9,87,"[2, 6, 0, 1]",-12,NaN,0,NaN,0,8.5416e-5,786880,8.5416e-5,786880,5008.941113948822,2785265104
9,88,"[2, 5, 2, 0]",-26,NaN,0,NaN,0,8.85e-5,786880,8.85e-5,786880,5008.941205024719,2786058816
9,89,"[2, 5, 1, 1]",-25,NaN,0,NaN,0,9.2041e-5,786880,9.2041e-5,786880,5008.941299915314,2786852512
9,90,"[2, 5, 0, 2]",-24,NaN,0,NaN,0,9.0e-5,786880,9.0e-5,786880,5008.94139289856,2787646224
9,91,"[2, 4, 3, 0]",-45,NaN,0,NaN,0,8.95e-5,786880,8.95e-5,786880,5008.941488981247,2788439920
9,92,"[2, 4, 2, 1]",-44,NaN,0,NaN,0,0.000104041,786880,0.000104041,786880,5008.942492008209,2789233616
9,93,"[2, 4, 1, 2]",-43,NaN,0,NaN,0,0.000101666,786880,0.000101666,786880,5008.9426028728485,2790027328
9,94,"[2, 4, 0, 3]",-42,NaN,0,NaN,0,9.1916e-5,786880,9.1916e-5,786880,5008.942698001862,2790821040
9,95,"[2, 3, 4, 0]",-71,NaN,0,NaN,0,9.2792e-5,786880,9.2792e-5,786880,5008.942794084549,2791614752
9,96,"[2, 3, 3, 1]",-70,NaN,0,NaN,0,9.2041e-5,786880,9.2041e-5,786880,5008.942889928818,2792408464
9,97,"[2, 3, 2, 2]",-69,NaN,0,NaN,0,9.4042e-5,786880,9.4042e-5,786880,5008.942986011505,2793202176
9,98,"[2, 3, 1, 3]",-68,NaN,0,NaN,0,9.2667e-5,786880,9.2667e-5,786880,5008.943084955215,2793995888
9,99,"[2, 3, 0, 4]",-67,NaN,0,NaN,0,0.000100209,786880,0.000100209,786880,5008.943187952042,2794789600
9,100,"[2, 2, 5, 0]",105,8.3958e-5,1967888,0.170078708,522207664,NaN,0,0.170162666,524175552,5009.113358974457,2658734192
9,101,"[2, 2, 4, 1]",104,0.000162708,3936240,0.181185,522207312,NaN,0,0.18134770800000002,526143552,5009.294725894928,2799864688
9,102,"[2, 2, 3, 2]",103,0.000161167,3936272,0.26617625,606327952,NaN,0,0.266337417,610264224,5009.561084985733,3033743264
9,103,"[2, 2, 2, 3]",-102,NaN,0,NaN,0,7.4666e-5,786880,7.4666e-5,786880,5009.561177015305,3034537024
9,104,"[2, 2, 1, 4]",-101,NaN,0,NaN,0,7.3958e-5,786880,7.3958e-5,786880,5009.56125497818,3035330736
9,105,"[2, 2, 0, 5]",-100,NaN,0,NaN,0,7.2375e-5,786880,7.2375e-5,786880,5009.561331033707,3036124448
9,106,"[2, 1, 6, 0]",148,8.4583e-5,1967968,0.164963791,522207360,NaN,0,0.165048374,524175328,5009.726387023926,2782883264
9,107,"[2, 1, 5, 1]",147,0.000165333,3936400,0.168835917,522207360,NaN,0,0.16900125,526143760,5009.895411014557,2823239200
9,108,"[2, 1, 4, 2]",146,0.007966625,3936496,0.169214958,522207312,NaN,0,0.177181583,526143808,5010.072612047195,2658733584
9,109,"[2, 1, 3, 3]",145,0.000163708,3936464,0.278587208,606328208,NaN,0,0.27875091599999996,610264672,5010.3513879776,2608953648
9,110,"[2, 1, 2, 4]",144,0.000164958,3936496,0.174098,606327856,NaN,0,0.174262958,610264352,5010.525677919388,3219224896
9,111,"[2, 1, 1, 5]",143,0.000170583,3936528,0.172377792,528089264,NaN,0,0.172548375,532025792,5010.698246002197,2951884224
9,112,"[2, 1, 0, 6]",142,8.3583e-5,1968496,0.173177,522207360,NaN,0,0.173260583,524175856,5010.871526956558,2735127408
9,113,"[2, 0, 7, 0]",201,8.3042e-5,1968064,0.174884417,522207376,NaN,0,0.174967459,524175440,5011.046514987946,2658734160
9,114,"[2, 0, 6, 1]",200,0.000163542,3936592,0.271658666,522207360,NaN,0,0.271822208,526143952,5011.318365097046,2706112624
9,115,"[2, 0, 5, 2]",199,0.0001655,3936624,0.169634375,522207584,NaN,0,0.16979987500000002,526144208,5011.488182067871,3232263712
9,116,"[2, 0, 4, 3]",198,0.000163917,3936656,0.188455542,582992016,NaN,0,0.18861945900000002,586928672,5011.676824092865,2873966048
9,117,"[2, 0, 3, 4]",197,0.00016325,3936688,0.174560166,606327904,NaN,0,0.174723416,610264592,5011.851572036743,2872191728
9,118,"[2, 0, 2, 5]",196,0.000164458,3936720,0.186335458,606327936,NaN,0,0.18649991600000002,610264656,5012.038093090057,2750084736
9,119,"[2, 0, 1, 6]",195,0.000165666,3936752,0.184299667,522207360,NaN,0,0.184465333,526144112,5012.222584962845,2799864736
9,120,"[2, 0, 0, 7]",194,8.2542e-5,1968608,0.261615584,530956448,NaN,0,0.26169812600000003,532925056,5012.484309911728,2958371680
9,121,"[1, 8, 0, 0]",-2,NaN,0,NaN,0,8.0083e-5,786880,8.0083e-5,786880,5012.484411001205,2959165456
9,122,"[1, 7, 1, 0]",-7,NaN,0,NaN,0,8.0084e-5,786880,8.0084e-5,786880,5012.484494924545,2959959168
9,123,"[1, 7, 0, 1]",-6,NaN,0,NaN,0,6.6291e-5,786880,6.6291e-5,786880,5012.4845650196075,2960752880
9,124,"[1, 6, 2, 0]",-16,NaN,0,NaN,0,7.0709e-5,786880,7.0709e-5,786880,5012.484637975693,2961546592
9,125,"[1, 6, 1, 1]",-15,NaN,0,NaN,0,6.5459e-5,786880,6.5459e-5,786880,5012.484706878662,2962340304
9,126,"[1, 6, 0, 2]",-14,NaN,0,NaN,0,6.55e-5,786880,6.55e-5,786880,5012.484775066376,2963134016
9,127,"[1, 5, 3, 0]",-30,NaN,0,NaN,0,6.9542e-5,786880,6.9542e-5,786880,5012.484848022461,2963927728
9,128,"[1, 5, 2, 1]",-29,NaN,0,NaN,0,6.7875e-5,786880,6.7875e-5,786880,5012.4849190711975,2964721440
9,129,"[1, 5, 1, 2]",-28,NaN,0,NaN,0,6.4667e-5,786880,6.4667e-5,786880,5012.484987020493,2965515152
9,130,"[1, 5, 0, 3]",-27,NaN,0,NaN,0,6.8e-5,786880,6.8e-5,786880,5012.485058069229,2966308864
9,131,"[1, 4, 4, 0]",-50,NaN,0,NaN,0,6.6917e-5,786880,6.6917e-5,786880,5012.485127925873,2967102560
9,132,"[1, 4, 3, 1]",-49,NaN,0,NaN,0,6.8542e-5,786880,6.8542e-5,786880,5012.485198974609,2967896272
9,133,"[1, 4, 2, 2]",-48,NaN,0,NaN,0,6.9625e-5,786880,6.9625e-5,786880,5012.485271930695,2968689984
9,134,"[1, 4, 1, 3]",-47,NaN,0,NaN,0,6.8167e-5,786880,6.8167e-5,786880,5012.485342979431,2969483696
9,135,"[1, 4, 0, 4]",-46,NaN,0,NaN,0,7.275e-5,786880,7.275e-5,786880,5012.485418081284,2970277408
9,136,"[1, 3, 5, 0]",-77,NaN,0,NaN,0,7.4834e-5,786880,7.4834e-5,786880,5012.485496044159,2971071120
9,137,"[1, 3, 4, 1]",-76,NaN,0,NaN,0,7.575e-5,786880,7.575e-5,786880,5012.485574960709,2971864832
9,138,"[1, 3, 3, 2]",-75,NaN,0,NaN,0,7.775e-5,786880,7.775e-5,786880,5012.4856560230255,2972658544
9,139,"[1, 3, 2, 3]",-74,NaN,0,NaN,0,7.0e-5,786880,7.0e-5,786880,5012.485728979111,2973452256
9,140,"[1, 3, 1, 4]",-73,NaN,0,NaN,0,6.4459e-5,786880,6.4459e-5,786880,5012.485795974731,2974245952
9,141,"[1, 3, 0, 5]",-72,NaN,0,NaN,0,6.975e-5,786880,6.975e-5,786880,5012.485868930817,2975039664
9,142,"[1, 2, 6, 0]",-112,NaN,0,NaN,0,7.1583e-5,786880,7.1583e-5,786880,5012.485943078995,2975833376
9,143,"[1, 2, 5, 1]",-111,NaN,0,NaN,0,7.6041e-5,786880,7.6041e-5,786880,5012.486021995544,2976627088
9,144,"[1, 2, 4, 2]",-110,NaN,0,NaN,0,7.6e-5,786880,7.6e-5,786880,5012.486100912094,2977420800
9,145,"[1, 2, 3, 3]",-109,NaN,0,NaN,0,6.5334e-5,786880,6.5334e-5,786880,5012.486169099808,2978214496
9,146,"[1, 2, 2, 4]",-108,NaN,0,NaN,0,7.1583e-5,786880,7.1583e-5,786880,5012.486243963242,2979008208
9,147,"[1, 2, 1, 5]",-107,NaN,0,NaN,0,7.0292e-5,786880,7.0292e-5,786880,5012.486316919327,2979801920
9,148,"[1, 2, 0, 6]",-106,NaN,0,NaN,0,6.9791e-5,786880,6.9791e-5,786880,5012.486388921738,2980595632
9,149,"[1, 1, 7, 0]",156,8.5917e-5,1968512,0.17161925,522961328,NaN,0,0.171705167,524929840,5012.6581020355225,2706112736
9,150,"[1, 1, 6, 1]",155,0.000164,3937616,0.171736125,522207360,NaN,0,0.171900125,526144976,5012.830022096634,2706113760
9,151,"[1, 1, 5, 2]",154,0.000165833,3937648,0.169833,522207360,NaN,0,0.16999883300000002,526145008,5013.00004196167,2658734352
9,152,"[1, 1, 4, 3]",153,0.000165208,3937680,0.282595667,606327904,NaN,0,0.28276087499999997,610265584,5013.2828249931335,2683681552
9,153,"[1, 1, 3, 4]",-152,NaN,0,NaN,0,7.9375e-5,786880,7.9375e-5,786880,5013.282922029495,2684475328
9,154,"[1, 1, 2, 5]",-151,NaN,0,NaN,0,7.9166e-5,786880,7.9166e-5,786880,5013.283004999161,2685269040
9,155,"[1, 1, 1, 6]",-150,NaN,0,NaN,0,8.3167e-5,786880,8.3167e-5,786880,5013.283092021942,2686062752
9,156,"[1, 1, 0, 7]",-149,NaN,0,NaN,0,7.8916e-5,786880,7.8916e-5,786880,5013.283173084259,2686856464
9,157,"[1, 0, 8, 0]",210,8.6208e-5,1968624,0.223880125,799687328,NaN,0,0.22396633300000002,801655952,5013.507148981094,2938744672
9,158,"[1, 0, 7, 1]",209,0.000166375,3937840,0.224442333,791298736,NaN,0,0.224608708,795236576,5013.731784105301,2814594416
9,159,"[1, 0, 6, 2]",208,0.000164667,3937872,0.242966709,790938560,NaN,0,0.243131376,794876432,5013.974936008453,2794290960
9,160,"[1, 0, 5, 3]",207,0.000165834,3937904,0.35079,800047728,NaN,0,0.35095583399999997,803985632,5014.325918912888,3132704192
9,161,"[1, 0, 4, 4]",206,0.000164542,3937936,0.177236167,613618832,NaN,0,0.177400709,617556768,5014.503341913223,2988493056
9,162,"[1, 0, 3, 5]",205,0.000165417,3937968,0.1787255,606327936,NaN,0,0.178890917,610265904,5014.682252883911,2607287984
9,163,"[1, 0, 2, 6]",204,0.000166958,3938000,0.261377875,790938256,NaN,0,0.261544833,794876256,5014.943819999695,2742157024
9,164,"[1, 0, 1, 7]",203,0.098274583,3938096,0.244457375,800047680,NaN,0,0.342731958,803985776,5015.286577939987,3249309536
9,165,"[1, 0, 0, 8]",202,8.4125e-5,1969312,0.276544708,799687664,NaN,0,0.27662883299999996,801656976,5015.563229084015,2739998576
9,166,"[0, 9, 0, 0]",-1,NaN,0,NaN,0,8.1875e-5,786880,8.1875e-5,786880,5015.563332080841,2740792352
9,167,"[0, 8, 1, 0]",-4,NaN,0,NaN,0,7.925e-5,786880,7.925e-5,786880,5015.563415050507,2741586064
9,168,"[0, 8, 0, 1]",-3,NaN,0,NaN,0,8.1334e-5,786880,8.1334e-5,786880,5015.563498973846,2742379776
9,169,"[0, 7, 2, 0]",-10,NaN,0,NaN,0,8.175e-5,786880,8.175e-5,786880,5015.563584089279,2743173488
9,170,"[0, 7, 1, 1]",-9,NaN,0,NaN,0,8.3584e-5,786880,8.3584e-5,786880,5015.563670873642,2743967200
9,171,"[0, 7, 0, 2]",-8,NaN,0,NaN,0,7.9083e-5,786880,7.9083e-5,786880,5015.563751935959,2744760912
9,172,"[0, 6, 3, 0]",-20,NaN,0,NaN,0,8.325e-5,786880,8.325e-5,786880,5015.56383895874,2745554624
9,173,"[0, 6, 2, 1]",-19,NaN,0,NaN,0,8.5459e-5,786880,8.5459e-5,786880,5015.563926935196,2746348336
9,174,"[0, 6, 1, 2]",-18,NaN,0,NaN,0,7.9375e-5,786880,7.9375e-5,786880,5015.564008951187,2747142048
9,175,"[0, 6, 0, 3]",-17,NaN,0,NaN,0,8.1583e-5,786880,8.1583e-5,786880,5015.56409406662,2747935760
9,176,"[0, 5, 4, 0]",-35,NaN,0,NaN,0,8.5167e-5,786880,8.5167e-5,786880,5015.564182043076,2748729472
9,177,"[0, 5, 3, 1]",-34,NaN,0,NaN,0,7.9875e-5,786880,7.9875e-5,786880,5015.564264059067,2749523184
9,178,"[0, 5, 2, 2]",-33,NaN,0,NaN,0,8.2666e-5,786880,8.2666e-5,786880,5015.564349889755,2750316896
9,179,"[0, 5, 1, 3]",-32,NaN,0,NaN,0,8.6542e-5,786880,8.6542e-5,786880,5015.564439058304,2751110608
9,180,"[0, 5, 0, 4]",-31,NaN,0,NaN,0,8.2125e-5,786880,8.2125e-5,786880,5015.564523935318,2751904320
9,181,"[0, 4, 5, 0]",-56,NaN,0,NaN,0,8.3667e-5,786880,8.3667e-5,786880,5015.564610958099,2752698032
9,182,"[0, 4, 4, 1]",-55,NaN,0,NaN,0,8.1458e-5,786880,8.1458e-5,786880,5015.564694881439,2753491744
9,183,"[0, 4, 3, 2]",-54,NaN,0,NaN,0,8.35e-5,786880,8.35e-5,786880,5015.564780950546,2754285456
9,184,"[0, 4, 2, 3]",-53,NaN,0,NaN,0,8.6208e-5,786880,8.6208e-5,786880,5015.564871072769,2755079168
9,185,"[0, 4, 1, 4]",-52,NaN,0,NaN,0,8.1875e-5,786880,8.1875e-5,786880,5015.564954996109,2755872880
9,186,"[0, 4, 0, 5]",-51,NaN,0,NaN,0,9.2917e-5,786880,9.2917e-5,786880,5015.565051078796,2756666592
9,187,"[0, 3, 6, 0]",-84,NaN,0,NaN,0,8.9459e-5,786880,8.9459e-5,786880,5015.565145015717,2757460304
9,188,"[0, 3, 5, 1]",-83,NaN,0,NaN,0,8.3125e-5,786880,8.3125e-5,786880,5015.565231084824,2758254016
9,189,"[0, 3, 4, 2]",-82,NaN,0,NaN,0,8.9334e-5,786880,8.9334e-5,786880,5015.565322875977,2759047728
9,190,"[0, 3, 3, 3]",-81,NaN,0,NaN,0,8.2459e-5,786880,8.2459e-5,786880,5015.565407991409,2759841440
9,191,"[0, 3, 2, 4]",-80,NaN,0,NaN,0,8.2583e-5,786880,8.2583e-5,786880,5015.565494060516,2760635152
9,192,"[0, 3, 1, 5]",-79,NaN,0,NaN,0,8.55e-5,786880,8.55e-5,786880,5015.565582990646,2761428864
9,193,"[0, 3, 0, 6]",-78,NaN,0,NaN,0,8.5584e-5,786880,8.5584e-5,786880,5015.565670967102,2762222576
9,194,"[0, 2, 7, 0]",-120,NaN,0,NaN,0,8.6292e-5,786880,8.6292e-5,786880,5015.565759897232,2763016288
9,195,"[0, 2, 6, 1]",-119,NaN,0,NaN,0,7.6542e-5,786880,7.6542e-5,786880,5015.565840005875,2763810000
9,196,"[0, 2, 5, 2]",-118,NaN,0,NaN,0,6.65e-5,786880,6.65e-5,786880,5015.565908908844,2764603712
9,197,"[0, 2, 4, 3]",-117,NaN,0,NaN,0,6.5291e-5,786880,6.5291e-5,786880,5015.565977096558,2765397424
9,198,"[0, 2, 3, 4]",-116,NaN,0,NaN,0,8.2917e-5,786880,8.2917e-5,786880,5015.566062927246,2766191136
9,199,"[0, 2, 2, 5]",-115,NaN,0,NaN,0,6.5542e-5,786880,6.5542e-5,786880,5015.566130876541,2766984848
9,200,"[0, 2, 1, 6]",-114,NaN,0,NaN,0,7.2083e-5,786880,7.2083e-5,786880,5015.566205978394,2767778560
9,201,"[0, 2, 0, 7]",-113,NaN,0,NaN,0,6.6291e-5,786880,6.6291e-5,786880,5015.566274881363,2768572272
9,202,"[0, 1, 8, 0]",-165,NaN,0,NaN,0,6.65e-5,786880,6.65e-5,786880,5015.566344022751,2769365984
9,203,"[0, 1, 7, 1]",-164,NaN,0,NaN,0,7.4708e-5,786880,7.4708e-5,786880,5015.566428899765,2770159696
9,204,"[0, 1, 6, 2]",-163,NaN,0,NaN,0,6.9083e-5,786880,6.9083e-5,786880,5015.566500902176,2770953408
9,205,"[0, 1, 5, 3]",-162,NaN,0,NaN,0,6.625e-5,786880,6.625e-5,786880,5015.566570043564,2771747120
9,206,"[0, 1, 4, 4]",-161,NaN,0,NaN,0,6.9667e-5,786880,6.9667e-5,786880,5015.566642999649,2772540832
9,207,"[0, 1, 3, 5]",-160,NaN,0,NaN,0,6.775e-5,786880,6.775e-5,786880,5015.566713094711,2773334544
9,208,"[0, 1, 2, 6]",-159,NaN,0,NaN,0,6.9208e-5,786880,6.9208e-5,786880,5015.566785097122,2774128256
9,209,"[0, 1, 1, 7]",-158,NaN,0,NaN,0,7.2917e-5,786880,7.2917e-5,786880,5015.56686091423,2774921968
9,210,"[0, 1, 0, 8]",-157,NaN,0,NaN,0,6.9375e-5,786880,6.9375e-5,786880,5015.566932916641,2775715680
9,211,"[0, 0, 9, 0]",220,8.7459e-5,1969328,0.194232917,522207360,NaN,0,0.19432037600000002,524176688,5015.761261940002,2724975056
9,212,"[0, 0, 8, 1]",219,0.000166292,3939392,0.204931334,532889728,NaN,0,0.205097626,536829120,5015.966382026672,2788283520
9,213,"[0, 0, 7, 2]",218,0.0001625,3939424,0.273868666,530956400,NaN,0,0.274031166,534895824,5016.240438938141,2902243296
9,214,"[0, 0, 6, 3]",217,0.000170416,3939456,0.166311416,522207376,NaN,0,0.166481832,526146832,5016.406946897507,2707778800
9,215,"[0, 0, 5, 4]",216,0.00017,3939488,0.185322875,606327920,NaN,0,0.185492875,610267408,5016.592464923859,2607287568
9,216,"[0, 0, 4, 5]",-215,NaN,0,NaN,0,6.8959e-5,786880,6.8959e-5,786880,5016.592554092407,2608081328
9,217,"[0, 0, 3, 6]",-214,NaN,0,NaN,0,6.8083e-5,786880,6.8083e-5,786880,5016.592632055283,2608875040
9,218,"[0, 0, 2, 7]",-213,NaN,0,NaN,0,6.3958e-5,786880,6.3958e-5,786880,5016.592699050903,2609668752
9,219,"[0, 0, 1, 8]",-212,NaN,0,NaN,0,6.4209e-5,786880,6.4209e-5,786880,5016.592766046524,2610462464
9,220,"[0, 0, 0, 9]",-211,NaN,0,NaN,0,6.7917e-5,786880,6.7917e-5,786880,5016.592837095261,2611256176
10,1,"[10, 0, 0, 0]",221,5.0e-7,0,0.2505575,609255504,NaN,0,0.250558,609255504,11473.157113075256,2678027648
10,2,"[9, 1, 0, 0]",166,4.59e-7,0,0.241883959,593674320,NaN,0,0.24188441800000002,593674320,11473.399025917053,2841406096
10,3,"[9, 0, 1, 0]",223,8.1125e-5,1966832,0.284469,596164768,NaN,0,0.28455012500000004,598131600,11473.68360710144,3007900592
10,4,"[9, 0, 0, 1]",222,0.00021475,1966848,0.235719625,584040592,NaN,0,0.235934375,586007440,11473.919609069824,2716795104
10,5,"[8, 2, 0, 0]",121,4.58e-7,0,0.189555333,530956416,NaN,0,0.189555791,530956416,11474.109210968018,2714861760
10,6,"[8, 1, 1, 0]",168,0.000161541,1966848,0.191326958,522207632,NaN,0,0.19148849899999998,524174480,11474.30072593689,2782506464
10,7,"[8, 1, 0, 1]",167,8.9125e-5,1966896,0.375555667,522207376,NaN,0,0.375644792,524174272,11474.676405906677,2658733216
10,8,"[8, 0, 2, 0]",226,0.000153125,1966864,0.18480325,530956352,NaN,0,0.184956375,532923216,11474.861388921738,3191663312
10,9,"[8, 0, 1, 1]",225,0.000757542,3933792,0.221437208,621674560,NaN,0,0.22219475,625608352,11475.08361005783,3817278544
10,10,"[8, 0, 0, 2]",224,0.000393959,1966928,0.177602,541638864,NaN,0,0.177995959,543605792,11475.261631011963,2799864480
10,11,"[7, 3, 0, 0]",85,2.92e-7,0,0.180127791,541638768,NaN,0,0.18012808300000002,541638768,11475.441782951355,2943069520
10,12,"[7, 2, 1, 0]",123,9.6375e-5,1966896,0.184130583,522207664,NaN,0,0.184226958,524174560,11475.626035928726,2801530976
10,13,"[7, 2, 0, 1]",122,8.325e-5,1966992,0.286440958,530956448,NaN,0,0.286524208,532923440,11475.912590026855,2910992272
10,14,"[7, 1, 2, 0]",171,8.3792e-5,1966912,0.20048225,536428688,NaN,0,0.200566042,538395600,11476.113182067871,2712289920
10,15,"[7, 1, 1, 1]",170,0.000189833,3933936,0.181079375,522207360,NaN,0,0.181269208,526141296,11476.294475078583,2706113120
10,16,"[7, 1, 0, 2]",169,0.00013575,1967024,0.196459792,522207360,NaN,0,0.19659554199999998,524174384,11476.491092920303,2706113120
10,17,"[7, 0, 3, 0]",230,0.000114958,1966944,0.3014935,522207344,NaN,0,0.301608458,524174288,11476.792727947235,2782506320
10,18,"[7, 0, 2, 1]",229,0.000318,3934000,0.187225042,522207584,NaN,0,0.18754304200000002,526141584,11476.980297088623,3308654784
10,19,"[7, 0, 1, 2]",228,0.000539375,3934032,0.166764458,545931456,NaN,0,0.167303833,549865488,11477.147624969482,3016470176
10,20,"[7, 0, 0, 3]",227,0.000196209,1967072,0.182401792,522207376,NaN,0,0.182598001,524174448,11477.330247879028,2711359312
10,21,"[6, 4, 0, 0]",57,3.33e-7,0,0.185874583,541638768,NaN,0,0.185874916,541638768,11477.516148090363,2824147792
10,22,"[6, 3, 1, 0]",87,0.000186833,1966992,0.256724584,531710080,NaN,0,0.256911417,533677072,11477.773089885712,2911745968
10,23,"[6, 3, 0, 1]",86,0.000183958,1967152,0.167556708,544030864,NaN,0,0.167740666,545998016,11477.94085597992,2718313728
10,24,"[6, 2, 2, 0]",126,0.000200791,1967008,0.17054025,530956688,NaN,0,0.170741041,532923696,11478.11161994934,2831988192
10,25,"[6, 2, 1, 1]",125,0.000287,3934192,0.168584041,522207376,NaN,0,0.168871041,526141568,11478.280513048172,2658733264
10,26,"[6, 2, 0, 2]",124,0.000209166,1967184,0.271206708,522207360,NaN,0,0.271415874,524174544,11478.551954984665,2658733216
10,27,"[6, 1, 3, 0]",175,0.00019,1967040,0.184233625,522207296,NaN,0,0.184423625,524174336,11478.736401081085,3182914432
10,28,"[6, 1, 2, 1]",174,0.000291125,3934256,0.20298125,622887056,NaN,0,0.203272375,626821312,11478.939698934555,2894309872
10,29,"[6, 1, 1, 2]",173,0.000270625,3934288,0.171428792,522207344,NaN,0,0.171699417,526141632,11479.111424922943,2964370128
10,30,"[6, 1, 0, 3]",172,0.000184416,1967232,0.213929542,522207664,NaN,0,0.214113958,524174896,11479.325562000275,2799864256
10,31,"[6, 0, 4, 0]",235,0.0001495,1967088,0.177435708,549683328,NaN,0,0.177585208,551650416,11479.503166913986,2878852304
10,32,"[6, 0, 3, 1]",234,0.000263042,3934352,0.253639708,532463776,NaN,0,0.25390275,536398128,11479.75709605217,2959879008
10,33,"[6, 0, 2, 2]",233,0.000285958,3934384,0.165810042,574521472,NaN,0,0.166096,578455856,11479.923216104507,2813685168
10,34,"[6, 0, 1, 3]",232,0.000262084,3934416,0.174560416,522961040,NaN,0,0.1748225,526895456,11480.098062038422,2658733280
10,35,"[6, 0, 0, 4]",231,0.000182667,1967296,0.1750725,522961024,NaN,0,0.175255167,524928320,11480.273339986801,2711359488
10,36,"[5, 5, 0, 0]",36,5.0e-7,0,0.203492792,440297776,NaN,0,0.203493292,440297776,11480.476856946945,2652463680
10,37,"[5, 4, 1, 0]",59,0.000174583,1967152,0.165455917,523321408,NaN,0,0.1656305,525288560,11480.642512083054,3177759088
10,38,"[5, 4, 0, 1]",58,0.000193292,1967392,0.177613041,554664144,NaN,0,0.177806333,556631536,11480.820343971252,2658733664
10,39,"[5, 3, 2, 0]",90,0.000189292,1967168,0.167615833,522961008,NaN,0,0.167805125,524928176,11480.988171100616,2782507216
10,40,"[5, 3, 1, 1]",89,0.000283417,3934592,0.183665709,522961040,NaN,0,0.18394912600000002,526895632,11481.172139883041,2658734112
10,41,"[5, 3, 0, 2]",88,0.000185,1967424,0.267084708,522961008,NaN,0,0.267269708,524928432,11481.43943309784,2902996960
10,42,"[5, 2, 3, 0]",130,0.000191416,1967200,0.1715725,606470576,NaN,0,0.171763916,608437776,11481.611222028732,2751512752
10,43,"[5, 2, 2, 1]",129,0.000290125,3934656,0.171666666,522961024,NaN,0,0.171956791,526895680,11481.783199071884,2706112656
10,44,"[5, 2, 1, 2]",128,0.000304,3934688,0.173511292,549683328,NaN,0,0.173815292,553618016,11481.957036018372,2685095104
10,45,"[5, 2, 0, 3]",127,0.00020425,1967472,0.275288,522961024,NaN,0,0.27549225,524928496,11482.232552051544,2658733248
10,46,"[5, 1, 4, 0]",180,0.000210459,1967248,0.175467584,549683264,NaN,0,0.175678043,551650512,11482.408247947693,3210390640
10,47,"[5, 1, 3, 1]",179,0.000425333,3934752,0.171569375,621527168,NaN,0,0.171994708,625461920,11482.580267906189,2952997824
10,48,"[5, 1, 2, 2]",178,0.000342083,3934784,0.173359,533643696,NaN,0,0.173701083,537578480,11482.753988981247,2810546640
10,49,"[5, 1, 1, 3]",177,0.000428291,3934816,0.169115583,533643392,NaN,0,0.169543874,537578208,11482.923553943634,2873855056
10,50,"[5, 1, 0, 4]",176,0.000197,1967536,0.279130875,549683376,NaN,0,0.279327875,551650912,11483.202903032303,2732474480
10,51,"[5, 0, 5, 0]",241,0.000158917,1967312,0.172755334,523321408,NaN,0,0.17291425100000002,525288720,11483.375837087631,3257770080
10,52,"[5, 0, 4, 1]",240,0.000440167,3934880,0.168979,603586688,NaN,0,0.16941916699999998,607521568,11483.545281887054,3020452640
10,53,"[5, 0, 3, 2]",239,0.000516084,3934912,0.163433959,522567824,NaN,0,0.163950043,526502736,11483.709254026413,2826226160
10,54,"[5, 0, 2, 3]",238,0.00030325,3934944,0.167950417,534004128,NaN,0,0.168253667,537939072,11483.877527952194,2836908976
10,55,"[5, 0, 1, 4]",237,0.000300959,3934976,0.27660425,523321520,NaN,0,0.276905209,527256496,11484.154454946518,2706112624
10,56,"[5, 0, 0, 5]",236,0.000217125,1967616,0.171214875,533643328,NaN,0,0.171432,535610944,11484.325908899307,3241730448
10,57,"[4, 6, 0, 0]",-21,NaN,0,NaN,0,0.000139875,786880,0.000139875,786880,11484.32606601715,3242524208
10,58,"[4, 5, 1, 0]",-38,NaN,0,NaN,0,0.000117333,786880,0.000117333,786880,11484.32618689537,3243317920
10,59,"[4, 5, 0, 1]",-37,NaN,0,NaN,0,0.000116833,786880,0.000116833,786880,11484.326307058334,3244111632
10,60,"[4, 4, 2, 0]",62,0.000245708,1967408,0.1670335,618905728,NaN,0,0.167279208,620873136,11484.493593931198,2993730336
10,61,"[4, 4, 1, 1]",61,0.000257875,3935168,0.097294417,440297504,NaN,0,0.097552292,444232672,11484.591163873672,2721979744
10,62,"[4, 4, 0, 2]",-60,NaN,0,NaN,0,7.4875e-5,786880,7.4875e-5,786880,11484.591253995895,2722773504
10,63,"[4, 3, 3, 0]",94,0.000204542,1967440,0.166235542,533643408,NaN,0,0.166440084,535610848,11484.757703065872,2810547120
10,64,"[4, 3, 2, 1]",93,0.000283375,3935232,0.182378916,533643680,NaN,0,0.182662291,537578912,11484.940382957458,2873855472
10,65,"[4, 3, 1, 2]",92,0.000310875,3935264,0.263042959,532463776,NaN,0,0.263353834,536399040,11485.203758955002,2959879008
10,66,"[4, 3, 0, 3]",91,0.000211625,1967808,0.177923917,597344384,NaN,0,0.17813554199999998,599312192,11485.381915092468,2824367536
10,67,"[4, 2, 4, 0]",135,0.00024875,1967488,0.16908075,534397056,NaN,0,0.1693295,536364544,11485.551263093948,2833921552
10,68,"[4, 2, 3, 1]",134,0.000793167,3935392,0.168712959,553074768,NaN,0,0.169506126,557010160,11485.720788955688,2677258816
10,69,"[4, 2, 2, 2]",133,0.000271875,3935360,0.268254209,553074800,NaN,0,0.268526084,557010160,11485.989336967468,2885731264
10,70,"[4, 2, 1, 3]",132,0.00026,3935392,0.168623459,625983920,NaN,0,0.168883459,629919312,11486.158241987228,2739470928
10,71,"[4, 2, 0, 4]",131,0.000269708,1967872,0.179297125,553074816,NaN,0,0.179566833,555042688,11486.337827920914,2722972208
10,72,"[4, 1, 5, 0]",186,0.000188125,1967552,0.166170917,553074816,NaN,0,0.166359042,555042368,11486.50420498848,2688093792
10,73,"[4, 1, 4, 1]",185,0.000266209,3935456,0.279932291,553074800,NaN,0,0.2801985,557010256,11486.784425020218,2764487072
10,74,"[4, 1, 3, 2]",184,0.00028575,3935488,0.172935083,565575744,NaN,0,0.173220833,569511232,11486.9576690197,3334005184
10,75,"[4, 1, 2, 3]",183,0.000494834,3935520,0.172898417,561823952,NaN,0,0.173393251,565759472,11487.131083011627,2732724016
10,76,"[4, 1, 1, 4]",182,0.000301166,3935552,0.177817792,559251872,NaN,0,0.178118958,563187424,11487.309220075607,2751402224
10,77,"[4, 1, 0, 5]",181,0.000179916,1967952,0.279591042,553828480,NaN,0,0.279770958,555796432,11487.58901309967,2675592384
10,78,"[4, 0, 6, 0]",248,0.000161709,1967632,0.169193458,585007168,NaN,0,0.169355167,586974800,11487.758385896683,3262574064
10,79,"[4, 0, 5, 1]",247,0.00029875,3935616,0.175588333,612434048,NaN,0,0.175887083,616369664,11487.934290885925,3004412672
10,80,"[4, 0, 4, 2]",246,0.000295167,3935648,0.16954675,566329472,NaN,0,0.169841917,570265120,11488.104151964188,2934978224
10,81,"[4, 0, 3, 3]",245,0.000282166,3935680,0.167936709,566329488,NaN,0,0.168218875,570265168,11488.272391080856,2846083984
10,82,"[4, 0, 2, 4]",244,0.000280291,3935712,0.183218833,585007504,NaN,0,0.18349912399999999,588943216,11488.455908060074,2923007776
10,83,"[4, 0, 1, 5]",243,0.000259458,3935744,0.257241916,572506288,NaN,0,0.257501374,576442032,11488.7134308815,2999167952
10,84,"[4, 0, 0, 6]",242,0.000205416,1968048,0.172024583,614613120,NaN,0,0.17222999900000002,616581168,11488.885679006577,2852599344
10,85,"[3, 7, 0, 0]",-11,NaN,0,NaN,0,9.3292e-5,786880,9.3292e-5,786880,11488.885785102844,2853393120
10,86,"[3, 6, 1, 0]",-23,NaN,0,NaN,0,8.0583e-5,786880,8.0583e-5,786880,11488.885869979858,2854186832
10,87,"[3, 6, 0, 1]",-22,NaN,0,NaN,0,7.7458e-5,786880,7.7458e-5,786880,11488.885950088501,2854980544
10,88,"[3, 5, 2, 0]",-41,NaN,0,NaN,0,8.7792e-5,786880,8.7792e-5,786880,11488.88604092598,2855774256
10,89,"[3, 5, 1, 1]",-40,NaN,0,NaN,0,8.8083e-5,786880,8.8083e-5,786880,11488.886132001877,2856567968
10,90,"[3, 5, 0, 2]",-39,NaN,0,NaN,0,8.6917e-5,786880,8.6917e-5,786880,11488.886221885681,2857361680
10,91,"[3, 4, 3, 0]",-66,NaN,0,NaN,0,8.1292e-5,786880,8.1292e-5,786880,11488.88630604744,2858155392
10,92,"[3, 4, 2, 1]",-65,NaN,0,NaN,0,8.7125e-5,786880,8.7125e-5,786880,11488.886395931244,2858949104
10,93,"[3, 4, 1, 2]",-64,NaN,0,NaN,0,8.1417e-5,786880,8.1417e-5,786880,11488.886481046677,2859742816
10,94,"[3, 4, 0, 3]",-63,NaN,0,NaN,0,8.2125e-5,786880,8.2125e-5,786880,11488.88656592369,2860536528
10,95,"[3, 3, 4, 0]",99,0.000266208,1967824,0.17035825,572506240,NaN,0,0.17062445799999998,574474064,11489.057198047638,2776988368
10,96,"[3, 3, 3, 1]",98,0.000282208,3936112,0.171094583,560005264,NaN,0,0.171376791,563941376,11489.22859287262,2688094128
10,97,"[3, 3, 2, 2]",97,0.0002825,3936144,0.211212167,467413008,NaN,0,0.211494667,471349152,11489.440106868744,2599526448
10,98,"[3, 3, 1, 3]",-96,NaN,0,NaN,0,6.6875e-5,786880,6.6875e-5,786880,11489.440186023712,2600320208
10,99,"[3, 3, 0, 4]",-95,NaN,0,NaN,0,7.9208e-5,786880,7.9208e-5,786880,11489.440268993378,2601113920
10,100,"[3, 2, 5, 0]",141,0.0002225,1967888,0.165511791,607682912,NaN,0,0.16573429099999998,609650800,11489.606010913849,3210771552
10,101,"[3, 2, 4, 1]",140,0.000474583,3936240,0.178678208,641040576,NaN,0,0.179152791,644976816,11489.78518295288,2981343008
10,102,"[3, 2, 3, 2]",139,0.00042675,3936272,0.163629334,572506256,NaN,0,0.164056084,576442528,11489.94925904274,2751401936
10,103,"[3, 2, 2, 3]",138,0.000302166,3936304,0.167510667,560005248,NaN,0,0.167812833,563941552,11490.117089033127,2796032592
10,104,"[3, 2, 1, 4]",137,0.000293833,3936336,0.278971375,560005248,NaN,0,0.27926520800000004,563941584,11490.396374940872,2669415584
10,105,"[3, 2, 0, 5]",136,0.000191667,1968400,0.168163875,613859392,NaN,0,0.168355542,615827792,11490.564745903015,3285250272
10,106,"[3, 1, 6, 0]",193,0.000180584,1967968,0.1756885,614236576,NaN,0,0.175869084,616204544,11490.740634918213,3122279632
10,107,"[3, 1, 5, 1]",192,0.000281166,3936400,0.168905958,597360768,NaN,0,0.169187124,601297168,11490.909839868546,2916300512
10,108,"[3, 1, 4, 2]",191,0.000293292,3936432,0.183826,591184016,NaN,0,0.184119292,595120448,11491.093980073929,2839907184
10,109,"[3, 1, 3, 3]",190,0.000283959,3936464,0.265237834,572506272,NaN,0,0.265521793,576442736,11491.35952091217,2999167920
10,110,"[3, 1, 2, 4]",189,0.000265125,3936496,0.169323125,636534912,NaN,0,0.16958825,640471408,11491.529128074646,2815864320
10,111,"[3, 1, 1, 5]",188,0.000264333,3936528,0.168593917,572506256,NaN,0,0.16885825000000002,576442784,11491.698004961014,2688093424
10,112,"[3, 1, 0, 6]",187,0.000203542,1968496,0.170637917,560005536,NaN,0,0.170841459,561974032,11491.868862867355,2732724080
10,113,"[3, 0, 7, 0]",256,0.000176,1968064,0.320449917,560005232,NaN,0,0.320625917,561973296,11492.189509868622,2745809344
10,114,"[3, 0, 6, 1]",255,0.00055375,3936592,0.177400584,617857168,NaN,0,0.177954334,621793760,11492.367491006851,2735473232
10,115,"[3, 0, 5, 2]",254,0.000319458,3936624,0.164679792,591184000,NaN,0,0.16499925,595120624,11492.53251504898,2737139312
10,116,"[3, 0, 4, 3]",253,0.000265459,3936656,0.171311042,572506224,NaN,0,0.171576501,576442880,11492.704113006592,2776988480
10,117,"[3, 0, 3, 4]",252,0.000295833,3936688,0.269959792,572506240,NaN,0,0.270255625,576442928,11492.974391937256,2904409024
10,118,"[3, 0, 2, 5]",251,0.000295375,3936720,0.176761125,649789872,NaN,0,0.17705649999999998,653726592,11493.151468992233,2739470928
10,119,"[3, 0, 1, 6]",250,0.000270459,3936752,0.172586042,591183984,NaN,0,0.172856501,595120736,11493.324344873428,2824367888
10,120,"[3, 0, 0, 7]",249,0.000302125,1968608,0.166762625,572883072,NaN,0,0.16706474999999998,574851680,11493.491430997849,2776988480
10,121,"[2, 8, 0, 0]",-5,NaN,0,NaN,0,6.5375e-5,786880,6.5375e-5,786880,11493.491512060165,2777782256
10,122,"[2, 7, 1, 0]",-13,NaN,0,NaN,0,6.2917e-5,786880,6.2917e-5,786880,11493.491579055786,2778575968
10,123,"[2, 7, 0, 1]",-12,NaN,0,NaN,0,7.1792e-5,786880,7.1792e-5,786880,11493.49165391922,2779369680
10,124,"[2, 6, 2, 0]",-26,NaN,0,NaN,0,9.7583e-5,786880,9.7583e-5,786880,11493.491754055023,2780163392
10,125,"[2, 6, 1, 1]",-25,NaN,0,NaN,0,6.1542e-5,786880,6.1542e-5,786880,11493.491818904877,2780957104
10,126,"[2, 6, 0, 2]",-24,NaN,0,NaN,0,6.5083e-5,786880,6.5083e-5,786880,11493.49188709259,2781750816
10,127,"[2, 5, 3, 0]",-45,NaN,0,NaN,0,6.6584e-5,786880,6.6584e-5,786880,11493.49195599556,2782544528
10,128,"[2, 5, 2, 1]",-44,NaN,0,NaN,0,6.5541e-5,786880,6.5541e-5,786880,11493.492024898529,2783338240
10,129,"[2, 5, 1, 2]",-43,NaN,0,NaN,0,6.3125e-5,786880,6.3125e-5,786880,11493.492090940475,2784131952
10,130,"[2, 5, 0, 3]",-42,NaN,0,NaN,0,6.2292e-5,786880,6.2292e-5,786880,11493.492156028748,2784925664
10,131,"[2, 4, 4, 0]",-71,NaN,0,NaN,0,6.5417e-5,786880,6.5417e-5,786880,11493.492224931717,2785719376
10,132,"[2, 4, 3, 1]",-70,NaN,0,NaN,0,0.000117875,786880,0.000117875,786880,11493.49234509468,2786513088
10,133,"[2, 4, 2, 2]",-69,NaN,0,NaN,0,0.000118667,786880,0.000118667,786880,11493.492466926575,2787306800
10,134,"[2, 4, 1, 3]",-68,NaN,0,NaN,0,0.000115792,786880,0.000115792,786880,11493.492585897446,2788100512
10,135,"[2, 4, 0, 4]",-67,NaN,0,NaN,0,0.000115167,786880,0.000115167,786880,11493.492703914642,2788894224
10,136,"[2, 3, 5, 0]",-105,NaN,0,NaN,0,0.00011375,786880,0.00011375,786880,11493.49282002449,2789687936
10,137,"[2, 3, 4, 1]",-104,NaN,0,NaN,0,0.000121791,786880,0.000121791,786880,11493.492944955826,2790481648
10,138,"[2, 3, 3, 2]",-103,NaN,0,NaN,0,0.000113625,786880,0.000113625,786880,11493.493062019348,2791275360
10,139,"[2, 3, 2, 3]",-102,NaN,0,NaN,0,0.000111083,786880,0.000111083,786880,11493.493175029755,2792069072
10,140,"[2, 3, 1, 4]",-101,NaN,0,NaN,0,0.000119416,786880,0.000119416,786880,11493.493298053741,2792862784
10,141,"[2, 3, 0, 5]",-100,NaN,0,NaN,0,0.000111959,786880,0.000111959,786880,11493.493412017822,2793656496
10,142,"[2, 2, 6, 0]",148,0.000277875,1968416,0.269624042,572883072,NaN,0,0.269901917,574851488,11493.763324022293,2904785936
10,143,"[2, 2, 5, 1]",147,0.000292041,3937424,0.175505417,645791872,NaN,0,0.175797458,649729296,11493.93914103508,2828365616
10,144,"[2, 2, 4, 2]",146,0.000298125,3937456,0.17718375,560382080,NaN,0,0.177481875,564319536,11494.11664390564,2852599696
10,145,"[2, 2, 3, 3]",145,0.000273625,3937488,0.099597375,473966912,NaN,0,0.099871,477904400,11494.2165350914,2599526864
10,146,"[2, 2, 2, 4]",-144,NaN,0,NaN,0,9.3917e-5,786880,9.3917e-5,786880,11494.216652870178,2600320624
10,147,"[2, 2, 1, 5]",-143,NaN,0,NaN,0,9.8541e-5,786880,9.8541e-5,786880,11494.21675491333,2601114336
10,148,"[2, 2, 0, 6]",-142,NaN,0,NaN,0,0.000102791,786880,0.000102791,786880,11494.216861009598,2601908048
10,149,"[2, 1, 7, 0]",201,0.00022575,1968512,0.18120025,541327504,NaN,0,0.181426,543296016,11494.39829492569,2734390720
10,150,"[2, 1, 6, 1]",200,0.014692083,3937664,0.251975792,597753920,NaN,0,0.266667875,601691584,11494.664990901947,2929656848
10,151,"[2, 1, 5, 2]",199,0.000265167,3937648,0.180701625,641040528,NaN,0,0.18096679200000002,644978176,11494.845980882645,2737138960
10,152,"[2, 1, 4, 3]",198,0.000278083,3937680,0.165025958,585007216,NaN,0,0.165304041,588944896,11495.011305093765,2865100272
10,153,"[2, 1, 3, 4]",197,0.000291125,3937712,0.168776667,585007248,NaN,0,0.169067792,588944960,11495.18039393425,2688093408
10,154,"[2, 1, 2, 5]",196,0.000281791,3937744,0.28819425,585007520,NaN,0,0.28847604099999996,588945264,11495.46889591217,2735472752
10,155,"[2, 1, 1, 6]",195,0.000441209,3937776,0.16656075,622739520,NaN,0,0.167001959,626677296,11495.635914087296,3362156944
10,156,"[2, 1, 0, 7]",194,0.000228209,1969184,0.170605333,641040544,NaN,0,0.170833542,643009728,11495.806766033173,2948671024
10,157,"[2, 0, 8, 0]",265,0.000204709,1968624,0.171983333,603684992,NaN,0,0.17218804199999999,605653616,11495.978976011276,2853911920
10,158,"[2, 0, 7, 1]",264,0.00039375,3937840,0.168403375,585007248,NaN,0,0.168797125,588945088,11496.147792100906,2748006032
10,159,"[2, 0, 6, 2]",263,0.00093325,3937920,0.279887125,585007200,NaN,0,0.280820375,588945120,11496.428633928299,2671081728
10,160,"[2, 0, 5, 3]",262,0.000414292,3937904,0.163312958,641040736,NaN,0,0.16372725000000002,644978640,11496.593252897263,3316067248
10,161,"[2, 0, 4, 4]",261,0.000515125,3937936,0.169804083,627114176,NaN,0,0.170319208,631052112,11496.763597011566,2751401936
10,162,"[2, 0, 3, 5]",260,0.000283083,3937968,0.167458875,622362752,NaN,0,0.167741958,626300720,11496.931358098984,2751402384
10,163,"[2, 0, 2, 6]",259,0.000308333,3938000,0.187877583,603684976,NaN,0,0.18818591599999998,607622976,11497.11956691742,2828326192
10,164,"[2, 0, 1, 7]",258,0.000302792,3938032,0.267662083,603684992,NaN,0,0.267964875,607623024,11497.387554883957,2982967296
10,165,"[2, 0, 0, 8]",257,0.000219,1969312,0.167551583,631488640,NaN,0,0.167770583,633457952,11497.555346012115,2805690048
10,166,"[1, 9, 0, 0]",-2,NaN,0,NaN,0,0.000129084,786880,0.000129084,786880,11497.555494070053,2806483808
10,167,"[1, 8, 1, 0]",-7,NaN,0,NaN,0,0.000114917,786880,0.000114917,786880,11497.555613040924,2807277520
10,168,"[1, 8, 0, 1]",-6,NaN,0,NaN,0,0.00011825,786880,0.00011825,786880,11497.555733919144,2808071232
10,169,"[1, 7, 2, 0]",-16,NaN,0,NaN,0,0.000135333,786880,0.000135333,786880,11497.555871963501,2808864944
10,170,"[1, 7, 1, 1]",-15,NaN,0,NaN,0,6.3292e-5,786880,6.3292e-5,786880,11497.555938959122,2809658656
10,171,"[1, 7, 0, 2]",-14,NaN,0,NaN,0,6.2042e-5,786880,6.2042e-5,786880,11497.55600309372,2810452368
10,172,"[1, 6, 3, 0]",-30,NaN,0,NaN,0,6.2458e-5,786880,6.2458e-5,786880,11497.556068897247,2811246080
10,173,"[1, 6, 2, 1]",-29,NaN,0,NaN,0,6.6084e-5,786880,6.6084e-5,786880,11497.556138038635,2812039792
10,174,"[1, 6, 1, 2]",-28,NaN,0,NaN,0,8.4834e-5,786880,8.4834e-5,786880,11497.556226015091,2812833504
10,175,"[1, 6, 0, 3]",-27,NaN,0,NaN,0,0.000131042,786880,0.000131042,786880,11497.556360006332,2813627216
10,176,"[1, 5, 4, 0]",-50,NaN,0,NaN,0,0.000116375,786880,0.000116375,786880,11497.556478977203,2814420928
10,177,"[1, 5, 3, 1]",-49,NaN,0,NaN,0,0.000124666,786880,0.000124666,786880,11497.55660700798,2815214640
10,178,"[1, 5, 2, 2]",-48,NaN,0,NaN,0,0.00011725,786880,0.00011725,786880,11497.556726932526,2816008352
10,179,"[1, 5, 1, 3]",-47,NaN,0,NaN,0,0.000130458,786880,0.000130458,786880,11497.556859970093,2816802064
10,180,"[1, 5, 0, 4]",-46,NaN,0,NaN,0,0.000119416,786880,0.000119416,786880,11497.556982040405,2817595776
10,181,"[1, 4, 5, 0]",-77,NaN,0,NaN,0,0.0001185,786880,0.0001185,786880,11497.5571038723,2818389488
10,182,"[1, 4, 4, 1]",-76,NaN,0,NaN,0,0.000111542,786880,0.000111542,786880,11497.557218074799,2819183200
10,183,"[1, 4, 3, 2]",-75,NaN,0,NaN,0,0.000118333,786880,0.000118333,786880,11497.557338953018,2819976912
10,184,"[1, 4, 2, 3]",-74,NaN,0,NaN,0,0.000115833,786880,0.000115833,786880,11497.55745792389,2820770624
10,185,"[1, 4, 1, 4]",-73,NaN,0,NaN,0,0.000114917,786880,0.000114917,786880,11497.557574987411,2821564336
10,186,"[1, 4, 0, 5]",-72,NaN,0,NaN,0,0.000114375,786880,0.000114375,786880,11497.557693004608,2822358048
10,187,"[1, 3, 6, 0]",-112,NaN,0,NaN,0,0.000115,786880,0.000115,786880,11497.55781006813,2823151760
10,188,"[1, 3, 5, 1]",-111,NaN,0,NaN,0,0.000115,786880,0.000115,786880,11497.557928085327,2823945472
10,189,"[1, 3, 4, 2]",-110,NaN,0,NaN,0,0.000113667,786880,0.000113667,786880,11497.55804491043,2824739184
10,190,"[1, 3, 3, 3]",-109,NaN,0,NaN,0,0.000109709,786880,0.000109709,786880,11497.558156967163,2825532896
10,191,"[1, 3, 2, 4]",-108,NaN,0,NaN,0,0.0001135,786880,0.0001135,786880,11497.558274030685,2826326608
10,192,"[1, 3, 1, 5]",-107,NaN,0,NaN,0,0.000111125,786880,0.000111125,786880,11497.558387041092,2827120320
10,193,"[1, 3, 0, 6]",-106,NaN,0,NaN,0,0.000120125,786880,0.000120125,786880,11497.558511018753,2827914032
10,194,"[1, 2, 7, 0]",-156,NaN,0,NaN,0,0.000107875,786880,0.000107875,786880,11497.558621883392,2828707744
10,195,"[1, 2, 6, 1]",-155,NaN,0,NaN,0,0.000116833,786880,0.000116833,786880,11497.558742046356,2829501456
10,196,"[1, 2, 5, 2]",-154,NaN,0,NaN,0,0.000108042,786880,0.000108042,786880,11497.558851957321,2830295168
10,197,"[1, 2, 4, 3]",-153,NaN,0,NaN,0,0.000110166,786880,0.000110166,786880,11497.558964967728,2831088880
10,198,"[1, 2, 3, 4]",-152,NaN,0,NaN,0,0.000114083,786880,0.000114083,786880,11497.55908203125,2831882592
10,199,"[1, 2, 2, 5]",-151,NaN,0,NaN,0,0.0001105,786880,0.0001105,786880,11497.55919599533,2832676304
10,200,"[1, 2, 1, 6]",-150,NaN,0,NaN,0,0.000110333,786880,0.000110333,786880,11497.559309005737,2833470016
10,201,"[1, 2, 0, 7]",-149,NaN,0,NaN,0,0.000110208,786880,0.000110208,786880,11497.559422016144,2834263728
10,202,"[1, 1, 8, 0]",210,0.000292666,1969200,0.158890291,626737568,NaN,0,0.15918295699999999,628706768,11497.718611955643,2776988656
10,203,"[1, 1, 7, 1]",209,0.000272375,3939136,0.180897625,608059536,NaN,0,0.18117,611998672,11497.899802923203,2688093792
10,204,"[1, 1, 6, 2]",208,0.000295334,3939168,0.262005167,608059504,NaN,0,0.26230050099999996,611998672,11498.1621260643,2982967264
10,205,"[1, 1, 5, 3]",207,0.000286125,3939200,0.182271,650166400,NaN,0,0.182557125,654105600,11498.344702005386,2828365264
10,206,"[1, 1, 4, 4]",206,0.000268,3939232,0.098880041,532097056,NaN,0,0.099148041,536036288,11498.443868875504,2608029744
10,207,"[1, 1, 3, 5]",-205,NaN,0,NaN,0,7.2208e-5,786880,7.2208e-5,786880,11498.443955898285,2608823504
10,208,"[1, 1, 2, 6]",-204,NaN,0,NaN,0,6.9375e-5,786880,6.9375e-5,786880,11498.444035053253,2609617216
10,209,"[1, 1, 1, 7]",-203,NaN,0,NaN,0,9.6167e-5,786880,9.6167e-5,786880,11498.444133996964,2610410928
10,210,"[1, 1, 0, 8]",-202,NaN,0,NaN,0,6.7708e-5,786880,6.7708e-5,786880,11498.444204092026,2611204640
10,211,"[1, 0, 9, 0]",275,0.000153209,1969328,0.325506417,1004061360,NaN,0,0.325659626,1006030688,11498.769875049591,2806713888
10,212,"[1, 0, 8, 1]",274,0.000294583,3939392,0.227815292,991036256,NaN,0,0.228109875,994975648,11498.998003005981,3801696464
10,213,"[1, 0, 7, 2]",273,0.000466917,3939424,0.232639458,833602256,NaN,0,0.233106375,837541680,11499.231131076813,3110242880
10,214,"[1, 0, 6, 3]",272,0.000292125,3939456,0.249880125,821183136,NaN,0,0.25017225,825122592,11499.481323957443,3092418528
10,215,"[1, 0, 5, 4]",271,0.000290417,3939488,0.341979291,827720384,NaN,0,0.342269708,831659872,11499.823621034622,2974264720
10,216,"[1, 0, 4, 5]",270,0.000284583,3939520,0.096667334,476211232,NaN,0,0.096951917,480150752,11499.920595884323,2718570352
10,217,"[1, 0, 3, 6]",269,0.000398958,3939552,0.24302525,830292656,NaN,0,0.243424208,834232208,11500.164042949677,2907262736
10,218,"[1, 0, 2, 7]",268,0.000299167,3939584,0.269335125,810861504,NaN,0,0.269634292,814801088,11500.433698892593,2866615392
10,219,"[1, 0, 1, 8]",267,0.00033975,3939616,0.308612042,888062576,NaN,0,0.308951792,892002192,11500.742672920227,3260807648
10,220,"[1, 0, 0, 9]",266,0.000202166,1970176,0.22103275,871334608,NaN,0,0.221234916,873304784,11500.963929891586,2758676032
10,221,"[0, 10, 0, 0]",-1,NaN,0,NaN,0,0.000184584,786880,0.000184584,786880,11500.964129924774,2759469792
10,222,"[0, 9, 1, 0]",-4,NaN,0,NaN,0,7.025e-5,786880,7.025e-5,786880,11500.964204072952,2760263504
10,223,"[0, 9, 0, 1]",-3,NaN,0,NaN,0,6.2583e-5,786880,6.2583e-5,786880,11500.964271068573,2761057216
10,224,"[0, 8, 2, 0]",-10,NaN,0,NaN,0,6.9792e-5,786880,6.9792e-5,786880,11500.964343070984,2761850928
10,225,"[0, 8, 1, 1]",-9,NaN,0,NaN,0,6.5208e-5,786880,6.5208e-5,786880,11500.964411020279,2762644640
10,226,"[0, 8, 0, 2]",-8,NaN,0,NaN,0,6.4291e-5,786880,6.4291e-5,786880,11500.9644780159,2763438352
10,227,"[0, 7, 3, 0]",-20,NaN,0,NaN,0,7.1292e-5,786880,7.1292e-5,786880,11500.96455192566,2764232064
10,228,"[0, 7, 2, 1]",-19,NaN,0,NaN,0,6.3709e-5,786880,6.3709e-5,786880,11500.96461892128,2765025776
10,229,"[0, 7, 1, 2]",-18,NaN,0,NaN,0,6.475e-5,786880,6.475e-5,786880,11500.964686870575,2765819488
10,230,"[0, 7, 0, 3]",-17,NaN,0,NaN,0,7.3875e-5,786880,7.3875e-5,786880,11500.964762926102,2766613200
10,231,"[0, 6, 4, 0]",-35,NaN,0,NaN,0,7.0125e-5,786880,7.0125e-5,786880,11500.964835882187,2767406912
10,232,"[0, 6, 3, 1]",-34,NaN,0,NaN,0,0.000119708,786880,0.000119708,786880,11500.9649579525,2768200624
10,233,"[0, 6, 2, 2]",-33,NaN,0,NaN,0,0.000121167,786880,0.000121167,786880,11500.965082883835,2768994336
10,234,"[0, 6, 1, 3]",-32,NaN,0,NaN,0,0.000118584,786880,0.000118584,786880,11500.965204000473,2769788048
10,235,"[0, 6, 0, 4]",-31,NaN,0,NaN,0,0.000135583,786880,0.000135583,786880,11500.96534204483,2770581760
10,236,"[0, 5, 5, 0]",-56,NaN,0,NaN,0,0.00011375,786880,0.00011375,786880,11500.965458869934,2771375472
10,237,"[0, 5, 4, 1]",-55,NaN,0,NaN,0,0.000122833,786880,0.000122833,786880,11500.965584993362,2772169184
10,238,"[0, 5, 3, 2]",-54,NaN,0,NaN,0,0.000116917,786880,0.000116917,786880,11500.965704917908,2772962896
10,239,"[0, 5, 2, 3]",-53,NaN,0,NaN,0,0.000113167,786880,0.000113167,786880,11500.965820074081,2773756608
10,240,"[0, 5, 1, 4]",-52,NaN,0,NaN,0,0.000113708,786880,0.000113708,786880,11500.965936899185,2774550320
10,241,"[0, 5, 0, 5]",-51,NaN,0,NaN,0,0.000113584,786880,0.000113584,786880,11500.966053009033,2775344032
10,242,"[0, 4, 6, 0]",-84,NaN,0,NaN,0,0.000120792,786880,0.000120792,786880,11500.966176986694,2776137744
10,243,"[0, 4, 5, 1]",-83,NaN,0,NaN,0,0.000137792,786880,0.000137792,786880,11500.9663169384,2776931456
10,244,"[0, 4, 4, 2]",-82,NaN,0,NaN,0,0.000111208,786880,0.000111208,786880,11500.966430902481,2777725168
10,245,"[0, 4, 3, 3]",-81,NaN,0,NaN,0,0.000113834,786880,0.000113834,786880,11500.966547966003,2778518880
10,246,"[0, 4, 2, 4]",-80,NaN,0,NaN,0,0.000143708,786880,0.000143708,786880,11500.966693878174,2779312592
10,247,"[0, 4, 1, 5]",-79,NaN,0,NaN,0,0.000124708,786880,0.000124708,786880,11500.96682190895,2780106304
10,248,"[0, 4, 0, 6]",-78,NaN,0,NaN,0,0.000121583,786880,0.000121583,786880,11500.966945886612,2780900016
10,249,"[0, 3, 7, 0]",-120,NaN,0,NaN,0,0.000114291,786880,0.000114291,786880,11500.967063903809,2781693728
10,250,"[0, 3, 6, 1]",-119,NaN,0,NaN,0,0.0001115,786880,0.0001115,786880,11500.96717786789,2782487440
10,251,"[0, 3, 5, 2]",-118,NaN,0,NaN,0,0.00011,786880,0.00011,786880,11500.967290878296,2783281152
10,252,"[0, 3, 4, 3]",-117,NaN,0,NaN,0,0.000141,786880,0.000141,786880,11500.967434883118,2784074864
10,253,"[0, 3, 3, 4]",-116,NaN,0,NaN,0,0.000112833,786880,0.000112833,786880,11500.967550992966,2784868576
10,254,"[0, 3, 2, 5]",-115,NaN,0,NaN,0,0.000107958,786880,0.000107958,786880,11500.96766090393,2785662288
10,255,"[0, 3, 1, 6]",-114,NaN,0,NaN,0,0.0001085,786880,0.0001085,786880,11500.967772960663,2786456000
10,256,"[0, 3, 0, 7]",-113,NaN,0,NaN,0,0.000107542,786880,0.000107542,786880,11500.967882871628,2787249712
10,257,"[0, 2, 8, 0]",-165,NaN,0,NaN,0,0.000150375,786880,0.000150375,786880,11500.968035936356,2788043424
10,258,"[0, 2, 7, 1]",-164,NaN,0,NaN,0,0.000112042,786880,0.000112042,786880,11500.968154907227,2788837136
10,259,"[0, 2, 6, 2]",-163,NaN,0,NaN,0,0.000114375,786880,0.000114375,786880,11500.968271970749,2789630848
10,260,"[0, 2, 5, 3]",-162,NaN,0,NaN,0,0.00011525,786880,0.00011525,786880,11500.968389987946,2790424560
10,261,"[0, 2, 4, 4]",-161,NaN,0,NaN,0,0.000111542,786880,0.000111542,786880,11500.968503952026,2791218272
10,262,"[0, 2, 3, 5]",-160,NaN,0,NaN,0,0.000146375,786880,0.000146375,786880,11500.968652963638,2792011984
10,263,"[0, 2, 2, 6]",-159,NaN,0,NaN,0,0.000115709,786880,0.000115709,786880,11500.968770980835,2792805696
10,264,"[0, 2, 1, 7]",-158,NaN,0,NaN,0,0.000115666,786880,0.000115666,786880,11500.968889951706,2793599408
10,265,"[0, 2, 0, 8]",-157,NaN,0,NaN,0,0.000117083,786880,0.000117083,786880,11500.969009876251,2794393120
10,266,"[0, 1, 9, 0]",-220,NaN,0,NaN,0,0.00011725,786880,0.00011725,786880,11500.969130039215,2795186832
10,267,"[0, 1, 8, 1]",-219,NaN,0,NaN,0,0.000139291,786880,0.000139291,786880,11500.96927189827,2795980544
10,268,"[0, 1, 7, 2]",-218,NaN,0,NaN,0,0.000114042,786880,0.000114042,786880,11500.969388008118,2796774256
10,269,"[0, 1, 6, 3]",-217,NaN,0,NaN,0,0.000110291,786880,0.000110291,786880,11500.969501018524,2797567968
10,270,"[0, 1, 5, 4]",-216,NaN,0,NaN,0,0.000111292,786880,0.000111292,786880,11500.969614982605,2798361680
10,271,"[0, 1, 4, 5]",-215,NaN,0,NaN,0,0.000111292,786880,0.000111292,786880,11500.969728946686,2799155392
10,272,"[0, 1, 3, 6]",-214,NaN,0,NaN,0,0.000114709,786880,0.000114709,786880,11500.969846963882,2799949104
10,273,"[0, 1, 2, 7]",-213,NaN,0,NaN,0,0.000137,786880,0.000137,786880,11500.969985961914,2800742816
10,274,"[0, 1, 1, 8]",-212,NaN,0,NaN,0,0.000111792,786880,0.000111792,786880,11500.97010087967,2801536528
10,275,"[0, 1, 0, 9]",-211,NaN,0,NaN,0,0.000110459,786880,0.000110459,786880,11500.970213890076,2802330240
10,276,"[0, 0, 10, 0]",286,0.000236834,1970192,0.1699525,572866688,NaN,0,0.170189334,574836880,11501.140410900116,2737323648
10,277,"[0, 0, 9, 1]",285,0.0146555,3941328,0.266082958,543506496,NaN,0,0.28073845799999997,547447824,11501.421178102493,2875409424
10,278,"[0, 0, 8, 2]",284,0.000262625,3941312,0.171462166,639615120,NaN,0,0.171724791,643556432,11501.592923879623,2737138960
10,279,"[0, 0, 7, 3]",283,0.000289791,3941344,0.170467292,537182608,NaN,0,0.170757083,541123952,11501.763701915741,2789043888
10,280,"[0, 0, 6, 4]",282,0.000347542,3941376,0.167976583,537182352,NaN,0,0.16832412500000002,541123728,11501.932046890259,2665270496
10,281,"[0, 0, 5, 5]",281,0.0002745,3941408,0.11724125,446064608,NaN,0,0.11751575,450006016,11502.049581050873,2765970992
10,282,"[0, 0, 4, 6]",-280,NaN,0,NaN,0,9.625e-5,786880,9.625e-5,786880,11502.049700975418,2766764752
10,283,"[0, 0, 3, 7]",-279,NaN,0,NaN,0,9.0791e-5,786880,9.0791e-5,786880,11502.049805879593,2767558464
10,284,"[0, 0, 2, 8]",-278,NaN,0,NaN,0,8.3458e-5,786880,8.3458e-5,786880,11502.049892902374,2768352176
10,285,"[0, 0, 1, 9]",-277,NaN,0,NaN,0,8.5542e-5,786880,8.5542e-5,786880,11502.04998087883,2769145888
10,286,"[0, 0, 0, 10]",-276,NaN,0,NaN,0,8.5833e-5,786880,8.5833e-5,786880,11502.050070047379,2769939600
11,1,"[11, 0, 0, 0]",287,1.7125e-5,0,0.323148083,547700816,NaN,0,0.323165208,547700816,24272.665864944458,2671482592
11,2,"[10, 1, 0, 0]",221,3.75e-7,0,0.221998667,568557648,NaN,0,0.221999042,568557648,24272.887918949127,2834863088
11,3,"[10, 0, 1, 0]",289,0.000113959,1966832,0.317708083,606011568,NaN,0,0.31782204199999997,607978400,24273.205774068832,2795025472
11,4,"[10, 0, 0, 1]",288,8.3792e-5,1966848,0.216844917,547373408,NaN,0,0.216928709,549340256,24273.422728061676,3344372624
11,5,"[9, 2, 0, 0]",166,3.75e-7,0,0.230681333,569819312,NaN,0,0.23068170799999999,569819312,24273.653433084488,2829236320
11,6,"[9, 1, 1, 0]",223,8.2667e-5,1966848,0.187583125,522207360,NaN,0,0.187665792,524174208,24273.841121912003,2783523024
11,7,"[9, 1, 0, 1]",222,8.2709e-5,1966896,0.1804735,522207360,NaN,0,0.180556209,524174256,24274.02170395851,2736143616
11,8,"[9, 0, 2, 0]",292,8.3833e-5,1966864,0.296214417,522207360,NaN,0,0.29629825,524174224,24274.318029880524,2854863840
11,9,"[9, 0, 1, 1]",291,0.0001915,3933792,0.186173375,522960960,NaN,0,0.186364875,526894752,24274.504420995712,3381765472
11,10,"[9, 0, 0, 2]",290,0.000696375,1967056,0.185250125,522207600,NaN,0,0.1859465,524174656,24274.69039297104,2660399792
11,11,"[8, 3, 0, 0]",121,4.17e-7,0,0.183092042,522207360,NaN,0,0.183092459,522207360,24274.873512029648,2658733744
11,12,"[8, 2, 1, 0]",168,0.000226375,1966896,0.404617833,522207360,NaN,0,0.404844208,524174256,24275.278398036957,2658733216
11,13,"[8, 2, 0, 1]",167,0.000274542,1966992,0.1877225,522207296,NaN,0,0.18799704199999998,524174288,24275.46643304825,3182914384
11,14,"[8, 1, 2, 0]",226,0.000459875,1966912,0.204636208,588316736,NaN,0,0.205096083,590283648,24275.6715528965,3773204928
11,15,"[8, 1, 1, 1]",225,0.000689125,3933936,0.206706542,561070272,NaN,0,0.207395667,565004208,24275.878973960876,3110185360
11,16,"[8, 1, 0, 2]",224,0.00022725,1967024,0.190366042,522207664,NaN,0,0.19059329200000003,524174688,24276.069593906403,2801530560
11,17,"[8, 0, 3, 0]",296,0.000187792,1966944,0.204227209,522207344,NaN,0,0.20441500099999999,524174288,24276.274030923843,2876258592
11,18,"[8, 0, 2, 1]",295,0.00026675,3934000,0.200887334,522207376,NaN,0,0.201154084,526141376,24276.475213050842,2799865136
11,19,"[8, 0, 1, 2]",294,0.000248458,3934032,0.267092125,522207392,NaN,0,0.267340583,526141424,24276.742578983307,2949622704
11,20,"[8, 0, 0, 3]",293,0.000205542,1967072,0.184012041,529891472,NaN,0,0.184217583,531858544,24276.926817893982,2712289504
11,21,"[7, 4, 0, 0]",85,4.17e-7,0,0.164854208,522207360,NaN,0,0.164854625,522207360,24277.091701984406,2706112704
11,22,"[7, 3, 1, 0]",123,0.000211542,1966992,0.17366775,522207648,NaN,0,0.17387929200000002,524174640,24277.265601873398,2658733296
11,23,"[7, 3, 0, 1]",122,0.000203125,1967152,0.278799417,522207360,NaN,0,0.279002542,524174512,24277.544631004333,2658733248
11,24,"[7, 2, 2, 0]",171,0.000208208,1967008,0.171056041,522207296,NaN,0,0.17126424899999998,524174304,24277.71591591835,3182914432
11,25,"[7, 2, 1, 1]",170,0.000380958,3934192,0.176850625,559759488,NaN,0,0.177231583,563693680,24277.89317202568,2946214560
11,26,"[7, 2, 0, 2]",169,0.000301,1967184,0.172321125,522207360,NaN,0,0.172622125,524174544,24278.065813064575,2923637696
11,27,"[7, 1, 3, 0]",230,0.000218292,1967040,0.177742416,522207376,NaN,0,0.177960708,524174416,24278.243795871735,2799864272
11,28,"[7, 1, 2, 1]",229,0.000339916,3934256,0.187285542,522207648,NaN,0,0.187625458,526141904,24278.43144106865,2852490448
11,29,"[7, 1, 1, 2]",228,0.000403459,3934288,0.271787042,531710112,NaN,0,0.272190501,535644400,24278.703655958176,2959125344
11,30,"[7, 1, 0, 3]",227,0.000207625,1967232,0.173354042,536428688,NaN,0,0.173561667,538395920,24278.877238035202,2713955600
11,31,"[7, 0, 4, 0]",301,0.000164292,1967088,0.17090225,522207344,NaN,0,0.17106654200000002,524174432,24279.048325061798,2823239152
11,32,"[7, 0, 3, 1]",300,0.005317208,3934416,0.170219583,522207312,NaN,0,0.175536791,526141728,24279.22388291359,2658733568
11,33,"[7, 0, 2, 2]",299,0.000275167,3934384,0.276183666,522207360,NaN,0,0.276458833,526141744,24279.50036406517,2658733216
11,34,"[7, 0, 1, 3]",298,0.00031075,3934416,0.167631292,522207584,NaN,0,0.16794204199999999,526142000,24279.66832304001,3184882096
11,35,"[7, 0, 0, 4]",297,0.000202125,1967296,0.16994625,559759504,NaN,0,0.170148375,561726800,24279.838490962982,2869460400
11,36,"[6, 5, 0, 0]",57,2.08e-7,0,0.180578708,606327904,NaN,0,0.180578916,606327904,24280.019088983536,2872191680
11,37,"[6, 4, 1, 0]",87,0.000225583,1967152,0.166465042,522207376,NaN,0,0.166690625,524174528,24280.185798883438,2799864256
11,38,"[6, 4, 0, 1]",86,0.000193792,1967392,0.174811333,606327872,NaN,0,0.175005125,608295264,24280.36082291603,2889549600
11,39,"[6, 3, 2, 0]",126,0.000207708,1967168,0.276187667,522207440,NaN,0,0.276395375,524174608,24280.63724207878,2829885728
11,40,"[6, 3, 1, 1]",125,0.0002685,3934592,0.165434792,522207584,NaN,0,0.165703292,526142176,24280.80296587944,3356034784
11,41,"[6, 3, 0, 2]",124,0.000203625,1967424,0.186991958,607081648,NaN,0,0.18719558300000003,609049072,24280.99018406868,2736307376
11,42,"[6, 2, 3, 0]",175,0.000232959,1967200,0.193008625,522207376,NaN,0,0.193241584,524174576,24281.183444976807,2713025920
11,43,"[6, 2, 2, 1]",174,0.000298917,3934656,0.288946458,522207360,NaN,0,0.289245375,526142016,24281.472713947296,2658733216
11,44,"[6, 2, 1, 2]",173,0.000309625,3934688,0.165753292,522207296,NaN,0,0.166062917,526141984,24281.638798952103,3184882080
11,45,"[6, 2, 0, 3]",172,0.000500208,1967472,0.177330125,681235584,NaN,0,0.177830333,683203056,24281.816654920578,2816141888
11,46,"[6, 1, 4, 0]",235,0.000193625,1967248,0.166351084,522207632,NaN,0,0.166544709,524174880,24281.98321890831,2964746960
11,47,"[6, 1, 3, 1]",234,0.000279625,3934752,0.17440875,522207376,NaN,0,0.174688375,526142128,24282.1579310894,2799864256
11,48,"[6, 1, 2, 2]",233,0.000286375,3934784,0.1984955,522207360,NaN,0,0.198781875,526142144,24282.356736898422,2852490448
11,49,"[6, 1, 1, 3]",232,0.00038125,3934816,0.25523525,539361440,NaN,0,0.2556165,543296256,24282.612382888794,2966023088
11,50,"[6, 1, 0, 4]",231,0.000286792,1967536,0.178860792,692409456,NaN,0,0.179147584,694376992,24282.79155397415,2791520224
11,51,"[6, 0, 5, 0]",307,0.000168,1967312,0.171745083,531366032,NaN,0,0.171913083,533333344,24282.963490009308,2666936608
11,52,"[6, 0, 4, 1]",306,0.000294292,3934880,0.171541875,531366304,NaN,0,0.171836167,535301184,24283.135344982147,2665270944
11,53,"[6, 0, 3, 2]",305,0.000286541,3934912,0.199346625,531366000,NaN,0,0.199633166,535300912,24283.334999084473,2731512336
11,54,"[6, 0, 2, 3]",304,0.000285542,3934944,0.262512833,547733632,NaN,0,0.26279837500000003,551668576,24283.597820043564,2927015936
11,55,"[6, 0, 1, 4]",303,0.000285833,3934976,0.175367458,631111808,NaN,0,0.17565329100000002,635046784,24283.773497104645,2824367520
11,56,"[6, 0, 0, 5]",302,0.000222875,1967616,0.174274667,644928640,NaN,0,0.174497542,646896256,24283.94801402092,2613824800
11,57,"[5, 6, 0, 0]",-36,NaN,0,NaN,0,0.000122334,786880,0.000122334,786880,24283.948153972626,2614618560
11,58,"[5, 5, 1, 0]",59,0.000215667,1967392,0.170912917,644928624,NaN,0,0.171128584,646896016,24284.119291067123,2615283424
11,59,"[5, 5, 0, 1]",-58,NaN,0,NaN,0,9.7291e-5,786880,9.7291e-5,786880,24284.11940407753,2616077184
11,60,"[5, 4, 2, 0]",90,0.000213625,1967408,0.279810667,546275728,NaN,0,0.280024292,548243136,24284.39943909645,2743483072
11,61,"[5, 4, 1, 1]",89,0.000357875,3935168,0.180931416,711005312,NaN,0,0.18128929100000002,714940480,24284.580751895905,2654667440
11,62,"[5, 4, 0, 2]",88,0.000337292,1967760,0.178839,655496288,NaN,0,0.179176292,657464048,24284.75994706154,2739433616
11,63,"[5, 3, 3, 0]",130,0.000198791,1967440,0.164164625,542310544,NaN,0,0.164363416,544277984,24284.92432999611,2658733680
11,64,"[5, 3, 2, 1]",129,0.0002835,3935232,0.186017208,542310512,NaN,0,0.18630070799999998,546245744,24285.110648870468,2711458256
11,65,"[5, 3, 1, 2]",128,0.000292208,3935264,0.271288125,657003632,NaN,0,0.271580333,660938896,24285.38225197792,3016231920
11,66,"[5, 3, 0, 3]",127,0.000304167,1967808,0.182438791,712840592,NaN,0,0.18274295799999998,714808400,24285.56501889229,2944010736
11,67,"[5, 2, 4, 0]",180,0.000227666,1967488,0.176776875,548847744,NaN,0,0.177004541,550815232,24285.74204802513,2741664240
11,68,"[5, 2, 3, 1]",179,0.000284208,3935328,0.170269833,535773328,NaN,0,0.17055404100000002,539708656,24285.91262102127,2658733712
11,69,"[5, 2, 2, 2]",178,0.00028775,3935360,0.2718475,548847744,NaN,0,0.27213525,552783104,24286.184777975082,2712649840
11,70,"[5, 2, 1, 3]",177,0.000310125,3935392,0.18137475,700322864,NaN,0,0.181684875,704258256,24286.366478919983,3416914976
11,71,"[5, 2, 0, 4]",176,0.000338459,1967872,0.18358775,694735984,NaN,0,0.183926209,696703856,24286.550425052643,2961948160
11,72,"[5, 1, 5, 0]",241,0.000194584,1967552,0.170197375,537543072,NaN,0,0.170391959,539510624,24286.720836877823,2889692880
11,73,"[5, 1, 4, 1]",240,0.000283584,3935456,0.168230791,524468368,NaN,0,0.168514375,528403824,24286.88937187195,2806401968
11,74,"[5, 1, 3, 2]",239,0.000269458,3935488,0.17912925,530645104,NaN,0,0.179398708,534580592,24287.06878900528,2859126496
11,75,"[5, 1, 2, 3]",238,0.000531125,3935520,0.286749292,531005616,NaN,0,0.287280417,534941136,24287.35609602928,2957667280
11,76,"[5, 1, 1, 4]",237,0.000306042,3935552,0.178054958,700978288,NaN,0,0.17836100000000002,704913840,24287.534481048584,2753736224
11,77,"[5, 1, 0, 5]",236,0.000255209,1967952,0.173941792,619500672,NaN,0,0.17419700100000002,621468624,24287.70870089531,2607287632
11,78,"[5, 0, 6, 0]",314,0.000166458,1967632,0.170872208,541557152,NaN,0,0.171038666,543524784,24287.87976002693,2658733760
11,79,"[5, 0, 5, 1]",313,0.000278584,3935616,0.272335458,535019648,NaN,0,0.272614042,538955264,24288.15239596367,2658733216
11,80,"[5, 0, 4, 2]",312,0.000316916,3935648,0.1859065,548454464,NaN,0,0.186223416,552390112,24288.33863902092,3211130208
11,81,"[5, 0, 3, 3]",311,0.000578708,3935680,0.178640625,640155776,NaN,0,0.179219333,644091456,24288.517879009247,2953374352
11,82,"[5, 0, 2, 4]",310,0.000433791,3935712,0.165528125,541196416,NaN,0,0.165961916,545132128,24288.68386387825,2970546928
11,83,"[5, 0, 1, 5]",309,0.000290083,3935744,0.172849334,631854208,NaN,0,0.173139417,635789952,24288.857022047043,2754595344
11,84,"[5, 0, 0, 6]",308,0.000190625,1968048,0.189748792,625677664,NaN,0,0.189939417,627645712,24289.04698395729,2843870816
11,85,"[4, 7, 0, 0]",-21,NaN,0,NaN,0,9.6042e-5,786880,9.6042e-5,786880,24289.047096014023,2844664576
11,86,"[4, 6, 1, 0]",-38,NaN,0,NaN,0,0.000109833,786880,0.000109833,786880,24289.04720902443,2845458288
11,87,"[4, 6, 0, 1]",-37,NaN,0,NaN,0,9.3166e-5,786880,9.3166e-5,786880,24289.047304868698,2846252000
11,88,"[4, 5, 2, 0]",-62,NaN,0,NaN,0,8.7417e-5,786880,8.7417e-5,786880,24289.04739499092,2847045712
11,89,"[4, 5, 1, 1]",-61,NaN,0,NaN,0,9.7208e-5,786880,9.7208e-5,786880,24289.047494888306,2847839424
11,90,"[4, 5, 0, 2]",-60,NaN,0,NaN,0,9.525e-5,786880,9.525e-5,786880,24289.04759287834,2848633136
11,91,"[4, 4, 3, 0]",94,0.00032,1967776,0.2646285,541556944,NaN,0,0.2649485,543524720,24289.312551021576,3011977088
11,92,"[4, 4, 2, 1]",93,0.000277792,3936016,0.18051125,702960752,NaN,0,0.180789042,706896768,24289.493359088898,2750115440
11,93,"[4, 4, 1, 2]",-92,NaN,0,NaN,0,0.000133416,786880,0.000133416,786880,24289.493506908417,2750909200
11,94,"[4, 4, 0, 3]",-91,NaN,0,NaN,0,8.3166e-5,786880,8.3166e-5,786880,24289.493592977524,2751702912
11,95,"[4, 3, 4, 0]",135,0.000205042,1967824,0.172091208,535380112,NaN,0,0.17229624999999998,537347936,24289.665896892548,2664910096
11,96,"[4, 3, 3, 1]",134,0.000296584,3936112,0.171698042,535380096,NaN,0,0.17199462599999998,539316208,24289.837913036346,2711359376
11,97,"[4, 3, 2, 2]",133,0.000284625,3936144,0.274121125,619140192,NaN,0,0.27440575,623076336,24290.11233997345,2725102512
11,98,"[4, 3, 1, 3]",132,0.000286792,3936176,0.183141209,666883472,NaN,0,0.183428001,670819648,24290.295789957047,2750116000
11,99,"[4, 3, 0, 4]",131,0.00019025,1968320,0.16547475,541917328,NaN,0,0.165665,543885648,24290.461474895477,2665270880
11,100,"[4, 2, 5, 0]",186,0.000220917,1967888,0.16589625,541556864,NaN,0,0.16611716699999998,543524752,24290.627609968185,2711359712
11,101,"[4, 2, 4, 1]",185,0.000280667,3936240,0.176841375,552239232,NaN,0,0.177122042,556175472,24290.804749965668,2774668288
11,102,"[4, 2, 3, 2]",184,0.000302625,3936272,0.256617541,541917296,NaN,0,0.256920166,545853568,24291.061693906784,2916825056
11,103,"[4, 2, 2, 3]",183,0.000524416,3936304,0.174702959,713643120,NaN,0,0.175227375,717579424,24291.236949920654,2791159744
11,104,"[4, 2, 1, 4]",182,0.000304333,3936336,0.18304925,644208016,NaN,0,0.183353583,648144352,24291.42033290863,2695674416
11,105,"[4, 2, 0, 5]",181,0.000191291,1968400,0.168689459,535396496,NaN,0,0.16888075000000002,537364896,24291.589233875275,2658733696
11,106,"[4, 1, 6, 0]",248,0.000208583,1967968,0.182620166,552468560,NaN,0,0.182828749,554436528,24291.772085905075,2810399600
11,107,"[4, 1, 5, 1]",247,0.000304667,3936400,0.264707833,569966752,NaN,0,0.2650125,573903152,24292.03712105751,2976574384
11,108,"[4, 1, 4, 2]",246,0.000289125,3936432,0.1707725,638271616,NaN,0,0.171061625,642208048,24292.20820403099,2811866848
11,109,"[4, 1, 3, 3]",245,0.000301,3936464,0.183654541,541917328,NaN,0,0.183955541,545853792,24292.3921790123,2665270512
11,110,"[4, 1, 2, 4]",244,0.000620959,3936496,0.191898875,632214928,NaN,0,0.192519834,636151424,24292.584719896317,2666090352
11,111,"[4, 1, 1, 5]",243,0.00040675,3936528,0.267502916,656708704,NaN,0,0.267909666,660645232,24292.852650880814,3031993296
11,112,"[4, 1, 0, 6]",242,0.000213875,1968496,0.176493792,637288576,NaN,0,0.176707667,639257072,24293.02938103676,2812243632
11,113,"[4, 0, 7, 0]",322,0.000234375,1968064,0.166736542,541917328,NaN,0,0.166970917,543885392,24293.19637107849,2665270464
11,114,"[4, 0, 6, 1]",321,0.000284833,3936592,0.174073458,541556864,NaN,0,0.174358291,545493456,24293.370745897293,2711359296
11,115,"[4, 0, 5, 2]",320,0.000463583,3936624,0.271316209,553336944,NaN,0,0.27177979199999996,557273568,24293.642546892166,2746170016
11,116,"[4, 0, 4, 3]",319,0.000269541,3936656,0.170913375,585466288,NaN,0,0.17118291600000002,589402944,24293.813749074936,2724790864
11,117,"[4, 0, 3, 4]",318,0.0003955,3936688,0.173192167,573472896,NaN,0,0.173587667,577409584,24293.987354040146,2724790832
11,118,"[4, 0, 2, 5]",317,0.000293542,3936720,0.174539625,645452912,NaN,0,0.174833167,649389632,24294.16220498085,2607287984
11,119,"[4, 0, 1, 6]",316,0.000290458,3936752,0.28369675,626775136,NaN,0,0.283987208,630711888,24294.446215867996,2684041680
11,120,"[4, 0, 0, 7]",315,0.000199958,1968608,0.167878625,589463616,NaN,0,0.168078583,591432224,24294.61431503296,3275480784
11,121,"[3, 8, 0, 0]",-11,NaN,0,NaN,0,8.7458e-5,786880,8.7458e-5,786880,24294.61441898346,3276274544
11,122,"[3, 7, 1, 0]",-23,NaN,0,NaN,0,8.5042e-5,786880,8.5042e-5,786880,24294.61450791359,3277068256
11,123,"[3, 7, 0, 1]",-22,NaN,0,NaN,0,7.8625e-5,786880,7.8625e-5,786880,24294.61458992958,3277861968
11,124,"[3, 6, 2, 0]",-41,NaN,0,NaN,0,0.000135083,786880,0.000135083,786880,24294.614727973938,3278655680
11,125,"[3, 6, 1, 1]",-40,NaN,0,NaN,0,0.000127834,786880,0.000127834,786880,24294.614857912064,3279449392
11,126,"[3, 6, 0, 2]",-39,NaN,0,NaN,0,0.000131292,786880,0.000131292,786880,24294.614993095398,3280243104
11,127,"[3, 5, 3, 0]",-66,NaN,0,NaN,0,0.00013075,786880,0.00013075,786880,24294.61512708664,3281036816
11,128,"[3, 5, 2, 1]",-65,NaN,0,NaN,0,0.0001275,786880,0.0001275,786880,24294.615257024765,3281830528
11,129,"[3, 5, 1, 2]",-64,NaN,0,NaN,0,0.000135875,786880,0.000135875,786880,24294.615396022797,3282624240
11,130,"[3, 5, 0, 3]",-63,NaN,0,NaN,0,0.000130417,786880,0.000130417,786880,24294.615529060364,3283417952
11,131,"[3, 4, 4, 0]",-99,NaN,0,NaN,0,0.000138917,786880,0.000138917,786880,24294.61567091942,3284211664
11,132,"[3, 4, 3, 1]",-98,NaN,0,NaN,0,0.000129541,786880,0.000129541,786880,24294.61580300331,3285005376
11,133,"[3, 4, 2, 2]",-97,NaN,0,NaN,0,0.000140209,786880,0.000140209,786880,24294.61594605446,3285799088
11,134,"[3, 4, 1, 3]",-96,NaN,0,NaN,0,0.000137792,786880,0.000137792,786880,24294.61608695984,3286592800
11,135,"[3, 4, 0, 4]",-95,NaN,0,NaN,0,0.000127083,786880,0.000127083,786880,24294.616216897964,3287386512
11,136,"[3, 3, 5, 0]",141,0.000344416,1968336,0.17089375,592298176,NaN,0,0.171238166,594266512,24294.787462949753,3000659344
11,137,"[3, 3, 4, 1]",140,0.000506292,3937264,0.167627167,545898928,NaN,0,0.16813345899999999,549836192,24294.955621004105,2666937776
11,138,"[3, 3, 3, 2]",139,0.000285208,3937296,0.182604083,622023792,NaN,0,0.182889291,625961088,24295.13853096962,2607289216
11,139,"[3, 3, 2, 3]",-138,NaN,0,NaN,0,8.5e-5,786880,8.5e-5,786880,24295.138632059097,2608082976
11,140,"[3, 3, 1, 4]",-137,NaN,0,NaN,0,8.5125e-5,786880,8.5125e-5,786880,24295.1387219429,2608876688
11,141,"[3, 3, 0, 5]",-136,NaN,0,NaN,0,8.7208e-5,786880,8.7208e-5,786880,24295.138812065125,2609670400
11,142,"[3, 2, 6, 0]",193,0.00021525,1968416,0.2841445,545898624,NaN,0,0.28435975,547867040,24295.42318201065,2714484848
11,143,"[3, 2, 5, 1]",192,0.000378417,3937424,0.166564917,583401536,NaN,0,0.166943334,587338960,24295.590141057968,3301830688
11,144,"[3, 2, 4, 2]",191,0.000297625,3937456,0.1859985,634044592,NaN,0,0.186296125,637982048,24295.77645802498,2849847344
11,145,"[3, 2, 3, 3]",190,0.000312084,3937488,0.177739625,653055072,NaN,0,0.178051709,656992560,24295.954534053802,2815980208
11,146,"[3, 2, 2, 4]",189,0.000280042,3937520,0.17016725,627840416,NaN,0,0.170447292,631777936,24296.12500500679,2679705824
11,147,"[3, 2, 1, 5]",188,0.000286875,3937552,0.195710458,537903184,NaN,0,0.195997333,541840736,24296.32102203369,2826964144
11,148,"[3, 2, 0, 6]",187,0.000187416,1969072,0.255246667,537542832,NaN,0,0.255434083,539511904,24296.576474905014,2964581328
11,149,"[3, 1, 7, 0]",256,0.000183208,1968512,0.176898375,618217600,NaN,0,0.177081583,620186112,24296.753576993942,2824367568
11,150,"[3, 1, 6, 1]",255,0.000295292,3937616,0.169046625,537182336,NaN,0,0.169341917,541119952,24296.922937870026,2782506736
11,151,"[3, 1, 5, 2]",254,0.000292042,3937648,0.166160375,537182352,NaN,0,0.166452417,541120000,24297.089406967163,2658733312
11,152,"[3, 1, 4, 3]",253,0.000287125,3937680,0.188737834,537182624,NaN,0,0.189024959,541120304,24297.27845788002,2711359424
11,153,"[3, 1, 3, 4]",252,0.000308917,3937712,0.276077208,648336480,NaN,0,0.27638612500000004,652274192,24297.554864883423,3027618768
11,154,"[3, 1, 2, 5]",251,0.000286916,3937744,0.178875292,712660080,NaN,0,0.179162208,716597824,24297.734046936035,2832957648
11,155,"[3, 1, 1, 6]",250,0.000289875,3937776,0.169554625,545538176,NaN,0,0.16984449999999998,549475952,24297.903909921646,2743482784
11,156,"[3, 1, 0, 7]",249,0.000245708,1969184,0.166752042,530645136,NaN,0,0.16699775,532614320,24298.07177400589,2658733696
11,157,"[3, 0, 8, 0]",331,0.000291166,1968624,0.181583,537182320,NaN,0,0.181874166,539150944,24298.253671884537,2711458256
11,158,"[3, 0, 7, 1]",330,0.000302791,3937840,0.272471584,537543072,NaN,0,0.272774375,541480912,24298.526468992233,2916825088
11,159,"[3, 0, 6, 2]",329,0.000468417,3937872,0.176915375,629276816,NaN,0,0.177383792,633214688,24298.703873872757,2737138944
11,160,"[3, 0, 5, 3]",328,0.00028875,3937904,0.171294208,537182320,NaN,0,0.171582958,541120224,24298.875473976135,2782506656
11,161,"[3, 0, 4, 4]",327,0.000360125,3937936,0.165283792,537182352,NaN,0,0.165643917,541120288,24299.041136980057,2658733264
11,162,"[3, 0, 3, 5]",326,0.000297666,3937968,0.191423709,638522480,NaN,0,0.191721375,642460448,24299.232877016068,2666090512
11,163,"[3, 0, 2, 6]",325,0.00030925,3938000,0.283154042,659018848,NaN,0,0.283463292,662956848,24299.516361951828,3038677968
11,164,"[3, 0, 1, 7]",324,0.000270667,3938032,0.174041125,629293472,NaN,0,0.174311792,633231504,24299.69069290161,2812243408
11,165,"[3, 0, 0, 8]",323,0.000199417,1969312,0.168505208,537542800,NaN,0,0.168704625,539512112,24299.85941696167,2665270464
11,166,"[2, 9, 0, 0]",-5,NaN,0,NaN,0,0.000145625,786880,0.000145625,786880,24299.859580993652,2666064224
11,167,"[2, 8, 1, 0]",-13,NaN,0,NaN,0,0.000121875,786880,0.000121875,786880,24299.859706878662,2666857936
11,168,"[2, 8, 0, 1]",-12,NaN,0,NaN,0,0.000124,786880,0.000124,786880,24299.859833955765,2667651648
11,169,"[2, 7, 2, 0]",-26,NaN,0,NaN,0,0.000118333,786880,0.000118333,786880,24299.859956026077,2668445360
11,170,"[2, 7, 1, 1]",-25,NaN,0,NaN,0,0.000125292,786880,0.000125292,786880,24299.860084056854,2669239072
11,171,"[2, 7, 0, 2]",-24,NaN,0,NaN,0,0.000115833,786880,0.000115833,786880,24299.86020207405,2670032784
11,172,"[2, 6, 3, 0]",-45,NaN,0,NaN,0,0.000120459,786880,0.000120459,786880,24299.860326051712,2670826496
11,173,"[2, 6, 2, 1]",-44,NaN,0,NaN,0,0.000116458,786880,0.000116458,786880,24299.860445022583,2671620208
11,174,"[2, 6, 1, 2]",-43,NaN,0,NaN,0,0.000114833,786880,0.000114833,786880,24299.860562086105,2672413920
11,175,"[2, 6, 0, 3]",-42,NaN,0,NaN,0,0.000114375,786880,0.000114375,786880,24299.860680103302,2673207632
11,176,"[2, 5, 4, 0]",-71,NaN,0,NaN,0,0.000118458,786880,0.000118458,786880,24299.86080098152,2674001344
11,177,"[2, 5, 3, 1]",-70,NaN,0,NaN,0,0.000116166,786880,0.000116166,786880,24299.860919952393,2674795056
11,178,"[2, 5, 2, 2]",-69,NaN,0,NaN,0,0.000116375,786880,0.000116375,786880,24299.861038923264,2675588768
11,179,"[2, 5, 1, 3]",-68,NaN,0,NaN,0,0.000111542,786880,0.000111542,786880,24299.861152887344,2676382480
11,180,"[2, 5, 0, 4]",-67,NaN,0,NaN,0,0.000130542,786880,0.000130542,786880,24299.86128592491,2677176192
11,181,"[2, 4, 5, 0]",-105,NaN,0,NaN,0,0.000124625,786880,0.000124625,786880,24299.86141395569,2677969904
11,182,"[2, 4, 4, 1]",-104,NaN,0,NaN,0,0.000114542,786880,0.000114542,786880,24299.86153101921,2678763616
11,183,"[2, 4, 3, 2]",-103,NaN,0,NaN,0,0.000134208,786880,0.000134208,786880,24299.861667871475,2679557328
11,184,"[2, 4, 2, 3]",-102,NaN,0,NaN,0,0.000115833,786880,0.000115833,786880,24299.861787080765,2680351040
11,185,"[2, 4, 1, 4]",-101,NaN,0,NaN,0,0.0001445,786880,0.0001445,786880,24299.861934900284,2681144752
11,186,"[2, 4, 0, 5]",-100,NaN,0,NaN,0,0.000131584,786880,0.000131584,786880,24299.862070083618,2681938464
11,187,"[2, 3, 6, 0]",-148,NaN,0,NaN,0,0.000116958,786880,0.000116958,786880,24299.862191915512,2682732176
11,188,"[2, 3, 5, 1]",-147,NaN,0,NaN,0,0.000122417,786880,0.000122417,786880,24299.86231803894,2683525888
11,189,"[2, 3, 4, 2]",-146,NaN,0,NaN,0,0.000108375,786880,0.000108375,786880,24299.86242890358,2684319600
11,190,"[2, 3, 3, 3]",-145,NaN,0,NaN,0,0.00013725,786880,0.00013725,786880,24299.862569093704,2685113312
11,191,"[2, 3, 2, 4]",-144,NaN,0,NaN,0,0.000109083,786880,0.000109083,786880,24299.862680912018,2685907024
11,192,"[2, 3, 1, 5]",-143,NaN,0,NaN,0,0.000108708,786880,0.000108708,786880,24299.86279296875,2686700736
11,193,"[2, 3, 0, 6]",-142,NaN,0,NaN,0,0.000126167,786880,0.000126167,786880,24299.8629219532,2687494448
11,194,"[2, 2, 7, 0]",201,0.000293417,1969088,0.16444225,541327488,NaN,0,0.164735667,543296576,24300.027664899826,2722041696
11,195,"[2, 2, 6, 1]",200,0.000277833,3938912,0.271868375,547864688,NaN,0,0.272146208,551803600,24300.299830913544,2745809568
11,196,"[2, 2, 5, 2]",199,0.000292541,3938944,0.181106666,574898320,NaN,0,0.181399207,578837264,24300.48124909401,2724790864
11,197,"[2, 2, 4, 3]",198,0.000264292,3938976,0.177230041,675877984,NaN,0,0.177494333,679816960,24300.658762931824,2749738912
11,198,"[2, 2, 3, 4]",-197,NaN,0,NaN,0,7.9833e-5,786880,7.9833e-5,786880,24300.658856868744,2750532672
11,199,"[2, 2, 2, 5]",-196,NaN,0,NaN,0,8.1042e-5,786880,8.1042e-5,786880,24300.65895009041,2751326384
11,200,"[2, 2, 1, 6]",-195,NaN,0,NaN,0,8.2e-5,786880,8.2e-5,786880,24300.659034967422,2752120096
11,201,"[2, 2, 0, 7]",-194,NaN,0,NaN,0,7.6833e-5,786880,7.6833e-5,786880,24300.659113883972,2752913808
11,202,"[2, 1, 8, 0]",265,0.000213417,1969200,0.170298,543719856,NaN,0,0.170511417,545689056,24300.82963705063,2665270880
11,203,"[2, 1, 7, 1]",264,0.000299875,3939136,0.27101225,547864704,NaN,0,0.271312125,551803840,24301.100972890854,2675952832
11,204,"[2, 1, 6, 2]",263,0.000311167,3939168,0.173674917,568361024,NaN,0,0.173986084,572300192,24301.274975061417,3248259904
11,205,"[2, 1, 5, 3]",262,0.000454167,3939200,0.191033375,634421376,NaN,0,0.191487542,638360576,24301.46648001671,2970217120
11,206,"[2, 1, 4, 4]",261,0.000309959,3939232,0.178194292,681841792,NaN,0,0.178504251,685781024,24301.645001888275,2785982048
11,207,"[2, 1, 3, 5]",260,0.0003085,3939264,0.188320041,638522480,NaN,0,0.18862854099999998,642461744,24301.8336520195,2771815360
11,208,"[2, 1, 2, 6]",259,0.0002885,3939296,0.258891666,548225472,NaN,0,0.25918016600000005,552164768,24302.092853069305,2975263664
11,209,"[2, 1, 1, 7]",258,0.00029125,3939328,0.166086958,629653632,NaN,0,0.166378208,633592960,24302.259255886078,2824367552
11,210,"[2, 1, 0, 8]",257,0.000219916,1970032,0.180597416,547864704,NaN,0,0.180817332,549834736,24302.440089941025,2840458784
11,211,"[2, 0, 9, 0]",341,0.00014575,1969328,0.17122,567656592,NaN,0,0.17136575,569625920,24302.61147594452,2677618992
11,212,"[2, 0, 8, 1]",340,0.0002685,3939392,0.268193709,567656560,NaN,0,0.268462209,571595952,24302.87996006012,2899559440
11,213,"[2, 0, 7, 2]",339,0.00029675,3939424,0.175548042,645791888,NaN,0,0.175844792,649731312,24303.055824041367,2735473232
11,214,"[2, 0, 6, 3]",338,0.000303375,3939456,0.166053416,586334608,NaN,0,0.166356791,590274064,24303.22219800949,2824367888
11,215,"[2, 0, 5, 4]",337,0.000273875,3939488,0.177607667,567656576,NaN,0,0.177881542,571596064,24303.40009689331,2764847936
11,216,"[2, 0, 4, 5]",336,0.000285834,3939520,0.290954541,714364016,NaN,0,0.291240375,718303536,24303.691359996796,3039713200
11,217,"[2, 0, 3, 6]",335,0.000562333,3939552,0.178261208,708187248,NaN,0,0.178823541,712126800,24303.870210886,2827354736
11,218,"[2, 0, 2, 7]",334,0.000305667,3939584,0.164064583,574210176,NaN,0,0.16437025000000002,578149760,24304.03460597992,2764487552
11,219,"[2, 0, 1, 8]",333,0.000294417,3939616,0.184729291,568033424,NaN,0,0.18502370799999998,571973040,24304.21964788437,2675953696
11,220,"[2, 0, 0, 9]",332,0.000235291,1970176,0.269283791,568033680,NaN,0,0.269519082,570003856,24304.489191055298,2946938848
11,221,"[1, 10, 0, 0]",-2,NaN,0,NaN,0,0.000103,786880,0.000103,786880,24304.48931002617,2947732608
11,222,"[1, 9, 1, 0]",-7,NaN,0,NaN,0,6.5291e-5,786880,6.5291e-5,786880,24304.48937892914,2948526320
11,223,"[1, 9, 0, 1]",-6,NaN,0,NaN,0,9.2166e-5,786880,9.2166e-5,786880,24304.489475011826,2949320032
11,224,"[1, 8, 2, 0]",-16,NaN,0,NaN,0,6.525e-5,786880,6.525e-5,786880,24304.48954296112,2950113744
11,225,"[1, 8, 1, 1]",-15,NaN,0,NaN,0,6.1041e-5,786880,6.1041e-5,786880,24304.48960709572,2950907456
11,226,"[1, 8, 0, 2]",-14,NaN,0,NaN,0,6.6458e-5,786880,6.6458e-5,786880,24304.489676952362,2951701168
11,227,"[1, 7, 3, 0]",-30,NaN,0,NaN,0,0.000118959,786880,0.000118959,786880,24304.489798069,2952494880
11,228,"[1, 7, 2, 1]",-29,NaN,0,NaN,0,0.000110166,786880,0.000110166,786880,24304.48991203308,2953288592
11,229,"[1, 7, 1, 2]",-28,NaN,0,NaN,0,0.000122625,786880,0.000122625,786880,24304.49003791809,2954082304
11,230,"[1, 7, 0, 3]",-27,NaN,0,NaN,0,0.000117875,786880,0.000117875,786880,24304.490158081055,2954876016
11,231,"[1, 6, 4, 0]",-50,NaN,0,NaN,0,0.000114583,786880,0.000114583,786880,24304.49027490616,2955669728
11,232,"[1, 6, 3, 1]",-49,NaN,0,NaN,0,0.000119625,786880,0.000119625,786880,24304.490397930145,2956463440
11,233,"[1, 6, 2, 2]",-48,NaN,0,NaN,0,0.00011625,786880,0.00011625,786880,24304.490516901016,2957257152
11,234,"[1, 6, 1, 3]",-47,NaN,0,NaN,0,0.000122208,786880,0.000122208,786880,24304.49064207077,2958050864
11,235,"[1, 6, 0, 4]",-46,NaN,0,NaN,0,0.000120291,786880,0.000120291,786880,24304.490765094757,2958844576
11,236,"[1, 5, 5, 0]",-77,NaN,0,NaN,0,0.000121583,786880,0.000121583,786880,24304.490890026093,2959638288
11,237,"[1, 5, 4, 1]",-76,NaN,0,NaN,0,0.000123125,786880,0.000123125,786880,24304.491015911102,2960432000
11,238,"[1, 5, 3, 2]",-75,NaN,0,NaN,0,0.000115834,786880,0.000115834,786880,24304.4911339283,2961225712
11,239,"[1, 5, 2, 3]",-74,NaN,0,NaN,0,0.000113916,786880,0.000113916,786880,24304.49125099182,2962019424
11,240,"[1, 5, 1, 4]",-73,NaN,0,NaN,0,0.000119459,786880,0.000119459,786880,24304.491373062134,2962813136
11,241,"[1, 5, 0, 5]",-72,NaN,0,NaN,0,0.000119625,786880,0.000119625,786880,24304.49149608612,2963606848
11,242,"[1, 4, 6, 0]",-112,NaN,0,NaN,0,0.000110917,786880,0.000110917,786880,24304.4916100502,2964400560
11,243,"[1, 4, 5, 1]",-111,NaN,0,NaN,0,0.000115792,786880,0.000115792,786880,24304.491729021072,2965194272
11,244,"[1, 4, 4, 2]",-110,NaN,0,NaN,0,0.00011775,786880,0.00011775,786880,24304.491848945618,2965987984
11,245,"[1, 4, 3, 3]",-109,NaN,0,NaN,0,0.000117375,786880,0.000117375,786880,24304.491970062256,2966781696
11,246,"[1, 4, 2, 4]",-108,NaN,0,NaN,0,0.000113583,786880,0.000113583,786880,24304.492085933685,2967575408
11,247,"[1, 4, 1, 5]",-107,NaN,0,NaN,0,0.000122459,786880,0.000122459,786880,24304.492212057114,2968369120
11,248,"[1, 4, 0, 6]",-106,NaN,0,NaN,0,0.000112958,786880,0.000112958,786880,24304.49232697487,2969162832
11,249,"[1, 3, 7, 0]",-156,NaN,0,NaN,0,0.000113125,786880,0.000113125,786880,24304.49244403839,2969956544
11,250,"[1, 3, 6, 1]",-155,NaN,0,NaN,0,0.0001405,786880,0.0001405,786880,24304.49258708954,2970750256
11,251,"[1, 3, 5, 2]",-154,NaN,0,NaN,0,0.000112667,786880,0.000112667,786880,24304.492702960968,2971543968
11,252,"[1, 3, 4, 3]",-153,NaN,0,NaN,0,0.000118167,786880,0.000118167,786880,24304.492822885513,2972337680
11,253,"[1, 3, 3, 4]",-152,NaN,0,NaN,0,0.000108541,786880,0.000108541,786880,24304.492934942245,2973131392
11,254,"[1, 3, 2, 5]",-151,NaN,0,NaN,0,0.00010825,786880,0.00010825,786880,24304.493046045303,2973925104
11,255,"[1, 3, 1, 6]",-150,NaN,0,NaN,0,0.000142416,786880,0.000142416,786880,24304.4931910038,2974718816
11,256,"[1, 3, 0, 7]",-149,NaN,0,NaN,0,0.000114,786880,0.000114,786880,24304.49330806732,2975512528
11,257,"[1, 2, 8, 0]",-210,NaN,0,NaN,0,0.000120083,786880,0.000120083,786880,24304.49343109131,2976306240
11,258,"[1, 2, 7, 1]",-209,NaN,0,NaN,0,0.00011225,786880,0.00011225,786880,24304.493546009064,2977099952
11,259,"[1, 2, 6, 2]",-208,NaN,0,NaN,0,0.000112708,786880,0.000112708,786880,24304.493661880493,2977893664
11,260,"[1, 2, 5, 3]",-207,NaN,0,NaN,0,0.000138708,786880,0.000138708,786880,24304.493803024292,2978687376
11,261,"[1, 2, 4, 4]",-206,NaN,0,NaN,0,0.000109625,786880,0.000109625,786880,24304.493915081024,2979481088
11,262,"[1, 2, 3, 5]",-205,NaN,0,NaN,0,0.000121834,786880,0.000121834,786880,24304.49404001236,2980274800
11,263,"[1, 2, 2, 6]",-204,NaN,0,NaN,0,0.000116792,786880,0.000116792,786880,24304.49415898323,2981068512
11,264,"[1, 2, 1, 7]",-203,NaN,0,NaN,0,0.000114541,786880,0.000114541,786880,24304.494276046753,2981862224
11,265,"[1, 2, 0, 8]",-202,NaN,0,NaN,0,0.000144416,786880,0.000144416,786880,24304.494422912598,2982655936
11,266,"[1, 1, 9, 0]",275,0.000283833,1970048,0.166380542,642547840,NaN,0,0.166664375,644517888,24304.661094903946,2824744336
11,267,"[1, 1, 8, 1]",274,0.000376875,3940992,0.16559125,555532416,NaN,0,0.165968125,559473408,24304.827080011368,2840459792
11,268,"[1, 1, 7, 2]",273,0.000283125,3941024,0.170287459,555532432,NaN,0,0.170570584,559473456,24304.997668981552,2675593440
11,269,"[1, 1, 6, 3]",272,0.00029225,3941056,0.182299875,555892864,NaN,0,0.182592125,559833920,24305.180276870728,2738900928
11,270,"[1, 1, 5, 4]",271,0.000281708,3941088,0.282040916,689509472,NaN,0,0.28232262399999997,693450560,24305.462620973587,3068414928
11,271,"[1, 1, 4, 5]",-270,NaN,0,NaN,0,7.1791e-5,786880,7.1791e-5,786880,24305.462714910507,3069208704
11,272,"[1, 1, 3, 6]",-269,NaN,0,NaN,0,7.7875e-5,786880,7.7875e-5,786880,24305.46280193329,3070002416
11,273,"[1, 1, 2, 7]",-268,NaN,0,NaN,0,7.3042e-5,786880,7.3042e-5,786880,24305.462877988815,3070796128
11,274,"[1, 1, 1, 8]",-267,NaN,0,NaN,0,9.8875e-5,786880,9.8875e-5,786880,24305.462980031967,3071589840
11,275,"[1, 1, 0, 9]",-266,NaN,0,NaN,0,0.000125917,786880,0.000125917,786880,24305.46310901642,3072383552
11,276,"[1, 0, 10, 0]",352,0.000282041,1970192,0.223586542,937083840,NaN,0,0.223868583,939054032,24305.686990976334,2945923296
11,277,"[1, 0, 9, 1]",351,0.000297583,3941280,0.219773667,888308384,NaN,0,0.22007125,892249664,24305.907084941864,3009231872
11,278,"[1, 0, 8, 2]",350,0.000288292,3941312,0.365135667,917930624,NaN,0,0.365423959,921871936,24306.272536993027,3249456656
11,279,"[1, 0, 7, 3]",349,0.000290417,3941344,0.252122209,893289152,NaN,0,0.252412626,897230496,24306.524975061417,2945923936
11,280,"[1, 0, 6, 4]",348,0.000261667,3941376,0.242160042,905904816,NaN,0,0.24242170899999999,909846192,24306.767421007156,2869169952
11,281,"[1, 0, 5, 5]",347,0.000290167,3941408,0.184845125,683332672,NaN,0,0.185135292,687274080,24306.952581882477,2890436352
11,282,"[1, 0, 4, 6]",346,0.000403666,3941440,0.255385167,705648048,NaN,0,0.25578883300000005,709589488,24307.208398103714,3132309408
11,283,"[1, 0, 3, 7]",345,0.000554667,3941472,0.259495458,936313504,NaN,0,0.260050125,940254976,24307.46847295761,2964240880
11,284,"[1, 0, 2, 8]",344,0.000285834,3941504,0.242267333,854442672,NaN,0,0.24255316700000001,858384176,24307.711047887802,2826703248
11,285,"[1, 0, 1, 9]",343,0.000282625,3941536,0.32744675,910475888,NaN,0,0.327729375,914417424,24308.038800001144,3005495920
11,286,"[1, 0, 0, 10]",342,0.000223,1971216,0.227123708,942441168,NaN,0,0.227346708,944412384,24308.266170978546,2936475328
11,287,"[0, 11, 0, 0]",-1,NaN,0,NaN,0,0.000176875,786880,0.000176875,786880,24308.266360998154,2937269088
11,288,"[0, 10, 1, 0]",-4,NaN,0,NaN,0,0.00011425,786880,0.00011425,786880,24308.266479969025,2938062800
11,289,"[0, 10, 0, 1]",-3,NaN,0,NaN,0,0.000104375,786880,0.000104375,786880,24308.266587018967,2938856512
11,290,"[0, 9, 2, 0]",-10,NaN,0,NaN,0,9.0541e-5,786880,9.0541e-5,786880,24308.266680955887,2939650224
11,291,"[0, 9, 1, 1]",-9,NaN,0,NaN,0,7.9125e-5,786880,7.9125e-5,786880,24308.266763925552,2940443936
11,292,"[0, 9, 0, 2]",-8,NaN,0,NaN,0,8.1084e-5,786880,8.1084e-5,786880,24308.26684808731,2941237648
11,293,"[0, 8, 3, 0]",-20,NaN,0,NaN,0,8.7917e-5,786880,8.7917e-5,786880,24308.26693892479,2942031360
11,294,"[0, 8, 2, 1]",-19,NaN,0,NaN,0,7.8458e-5,786880,7.8458e-5,786880,24308.267019987106,2942825072
11,295,"[0, 8, 1, 2]",-18,NaN,0,NaN,0,0.000134416,786880,0.000134416,786880,24308.267158031464,2943618784
11,296,"[0, 8, 0, 3]",-17,NaN,0,NaN,0,0.000136708,786880,0.000136708,786880,24308.267297029495,2944412496
11,297,"[0, 7, 4, 0]",-35,NaN,0,NaN,0,0.000137667,786880,0.000137667,786880,24308.267437934875,2945206208
11,298,"[0, 7, 3, 1]",-34,NaN,0,NaN,0,0.00013975,786880,0.00013975,786880,24308.26758003235,2945999920
11,299,"[0, 7, 2, 2]",-33,NaN,0,NaN,0,0.000140375,786880,0.000140375,786880,24308.26772403717,2946793632
11,300,"[0, 7, 1, 3]",-32,NaN,0,NaN,0,0.000137417,786880,0.000137417,786880,24308.267863988876,2947587344
11,301,"[0, 7, 0, 4]",-31,NaN,0,NaN,0,0.000136334,786880,0.000136334,786880,24308.268002986908,2948381056
11,302,"[0, 6, 5, 0]",-56,NaN,0,NaN,0,0.000135166,786880,0.000135166,786880,24308.268141031265,2949174768
11,303,"[0, 6, 4, 1]",-55,NaN,0,NaN,0,0.000133375,786880,0.000133375,786880,24308.268276929855,2949968480
11,304,"[0, 6, 3, 2]",-54,NaN,0,NaN,0,0.000136208,786880,0.000136208,786880,24308.268415927887,2950762192
11,305,"[0, 6, 2, 3]",-53,NaN,0,NaN,0,0.00013225,786880,0.00013225,786880,24308.268550872803,2951555904
11,306,"[0, 6, 1, 4]",-52,NaN,0,NaN,0,0.000131542,786880,0.000131542,786880,24308.268685102463,2952349616
11,307,"[0, 6, 0, 5]",-51,NaN,0,NaN,0,0.000135167,786880,0.000135167,786880,24308.2688229084,2953143328
11,308,"[0, 5, 6, 0]",-84,NaN,0,NaN,0,0.000139083,786880,0.000139083,786880,24308.268965005875,2953937040
11,309,"[0, 5, 5, 1]",-83,NaN,0,NaN,0,0.000136458,786880,0.000136458,786880,24308.269104003906,2954730752
11,310,"[0, 5, 4, 2]",-82,NaN,0,NaN,0,0.000133084,786880,0.000133084,786880,24308.269239902496,2955524464
11,311,"[0, 5, 3, 3]",-81,NaN,0,NaN,0,0.000135792,786880,0.000135792,786880,24308.269378900528,2956318176
11,312,"[0, 5, 2, 4]",-80,NaN,0,NaN,0,0.000138083,786880,0.000138083,786880,24308.269520044327,2957111888
11,313,"[0, 5, 1, 5]",-79,NaN,0,NaN,0,0.000132583,786880,0.000132583,786880,24308.269654989243,2957905600
11,314,"[0, 5, 0, 6]",-78,NaN,0,NaN,0,0.000137083,786880,0.000137083,786880,24308.26979494095,2958699312
11,315,"[0, 4, 7, 0]",-120,NaN,0,NaN,0,0.000133625,786880,0.000133625,786880,24308.269931077957,2959493024
11,316,"[0, 4, 6, 1]",-119,NaN,0,NaN,0,0.000134542,786880,0.000134542,786880,24308.270068883896,2960286736
11,317,"[0, 4, 5, 2]",-118,NaN,0,NaN,0,0.000136041,786880,0.000136041,786880,24308.270207881927,2961080448
11,318,"[0, 4, 4, 3]",-117,NaN,0,NaN,0,0.000134125,786880,0.000134125,786880,24308.27034497261,2961874160
11,319,"[0, 4, 3, 4]",-116,NaN,0,NaN,0,0.000132458,786880,0.000132458,786880,24308.270479917526,2962667872
11,320,"[0, 4, 2, 5]",-115,NaN,0,NaN,0,0.000138292,786880,0.000138292,786880,24308.270621061325,2963461584
11,321,"[0, 4, 1, 6]",-114,NaN,0,NaN,0,0.000134125,786880,0.000134125,786880,24308.270756959915,2964255296
11,322,"[0, 4, 0, 7]",-113,NaN,0,NaN,0,0.000129333,786880,0.000129333,786880,24308.270889043808,2965049008
11,323,"[0, 3, 8, 0]",-165,NaN,0,NaN,0,0.000135416,786880,0.000135416,786880,24308.27102804184,2965842720
11,324,"[0, 3, 7, 1]",-164,NaN,0,NaN,0,0.00013,786880,0.00013,786880,24308.271166086197,2966636432
11,325,"[0, 3, 6, 2]",-163,NaN,0,NaN,0,0.000132209,786880,0.000132209,786880,24308.271301031113,2967430144
11,326,"[0, 3, 5, 3]",-162,NaN,0,NaN,0,0.000133125,786880,0.000133125,786880,24308.271436929703,2968223856
11,327,"[0, 3, 4, 4]",-161,NaN,0,NaN,0,0.000130083,786880,0.000130083,786880,24308.27156996727,2969017568
11,328,"[0, 3, 3, 5]",-160,NaN,0,NaN,0,0.000129459,786880,0.000129459,786880,24308.271702051163,2969811280
11,329,"[0, 3, 2, 6]",-159,NaN,0,NaN,0,0.000132291,786880,0.000132291,786880,24308.27183699608,2970604992
11,330,"[0, 3, 1, 7]",-158,NaN,0,NaN,0,0.000131709,786880,0.000131709,786880,24308.27197098732,2971398704
11,331,"[0, 3, 0, 8]",-157,NaN,0,NaN,0,0.00013075,786880,0.00013075,786880,24308.27210497856,2972192416
11,332,"[0, 2, 9, 0]",-220,NaN,0,NaN,0,0.000132041,786880,0.000132041,786880,24308.272238969803,2972986128
11,333,"[0, 2, 8, 1]",-219,NaN,0,NaN,0,0.000132792,786880,0.000132792,786880,24308.272374868393,2973779840
11,334,"[0, 2, 7, 2]",-218,NaN,0,NaN,0,0.000131458,786880,0.000131458,786880,24308.272509098053,2974573552
11,335,"[0, 2, 6, 3]",-217,NaN,0,NaN,0,0.000129,786880,0.000129,786880,24308.272640943527,2975367264
11,336,"[0, 2, 5, 4]",-216,NaN,0,NaN,0,0.000135042,786880,0.000135042,786880,24308.272778987885,2976160976
11,337,"[0, 2, 4, 5]",-215,NaN,0,NaN,0,0.000138958,786880,0.000138958,786880,24308.272921085358,2976954688
11,338,"[0, 2, 3, 6]",-214,NaN,0,NaN,0,0.000133291,786880,0.000133291,786880,24308.273056983948,2977748400
11,339,"[0, 2, 2, 7]",-213,NaN,0,NaN,0,0.000126291,786880,0.000126291,786880,24308.2731859684,2978542112
11,340,"[0, 2, 1, 8]",-212,NaN,0,NaN,0,0.00012475,786880,0.00012475,786880,24308.2733130455,2979335824
11,341,"[0, 2, 0, 9]",-211,NaN,0,NaN,0,0.000145584,786880,0.000145584,786880,24308.273462057114,2980129536
11,342,"[0, 1, 10, 0]",-286,NaN,0,NaN,0,0.000133375,786880,0.000133375,786880,24308.273597955704,2980923248
11,343,"[0, 1, 9, 1]",-285,NaN,0,NaN,0,0.000127375,786880,0.000127375,786880,24308.27372789383,2981716960
11,344,"[0, 1, 8, 2]",-284,NaN,0,NaN,0,0.000134583,786880,0.000134583,786880,24308.273864984512,2982510672
11,345,"[0, 1, 7, 3]",-283,NaN,0,NaN,0,0.000123333,786880,0.000123333,786880,24308.273990869522,2983304384
11,346,"[0, 1, 6, 4]",-282,NaN,0,NaN,0,0.000126833,786880,0.000126833,786880,24308.274121046066,2984098096
11,347,"[0, 1, 5, 5]",-281,NaN,0,NaN,0,0.000148041,786880,0.000148041,786880,24308.274271011353,2984891808
11,348,"[0, 1, 4, 6]",-280,NaN,0,NaN,0,0.000122875,786880,0.000122875,786880,24308.274398088455,2985685520
11,349,"[0, 1, 3, 7]",-279,NaN,0,NaN,0,0.000125291,786880,0.000125291,786880,24308.274525880814,2986479232
11,350,"[0, 1, 2, 8]",-278,NaN,0,NaN,0,0.000127625,786880,0.000127625,786880,24308.274656057358,2987272944
11,351,"[0, 1, 1, 9]",-277,NaN,0,NaN,0,0.00012525,786880,0.00012525,786880,24308.274784088135,2988066656
11,352,"[0, 1, 0, 10]",-276,NaN,0,NaN,0,0.000146375,786880,0.000146375,786880,24308.274933099747,2988860368
11,353,"[0, 0, 11, 0]",364,0.000269125,1971232,0.181785292,597360768,NaN,0,0.182054417,599332000,24308.456995010376,2796032768
11,354,"[0, 0, 10, 1]",363,0.000276709,3943536,0.184577709,598458768,NaN,0,0.18485441800000002,602402304,24308.64187002182,2865976912
11,355,"[0, 0, 9, 2]",362,0.000288791,3943568,0.259471666,594624640,NaN,0,0.259760457,598568208,24308.901653051376,2971203584
11,356,"[0, 0, 8, 3]",361,0.000282167,3943600,0.173642,621674624,NaN,0,0.173924167,625618224,24309.075597047806,2793549504
11,357,"[0, 0, 7, 4]",360,0.000299334,3943632,0.171461083,598458512,NaN,0,0.171760417,602402144,24309.247375011444,2689759504
11,358,"[0, 0, 6, 5]",359,0.000303458,3943664,0.192336541,682202224,NaN,0,0.192639999,686145888,24309.44003391266,2613825248
11,359,"[0, 0, 5, 6]",-358,NaN,0,NaN,0,0.000117166,786880,0.000117166,786880,24309.44017100334,2614619008
11,360,"[0, 0, 4, 7]",-357,NaN,0,NaN,0,0.000113625,786880,0.000113625,786880,24309.44028902054,2615412720
11,361,"[0, 0, 3, 8]",-356,NaN,0,NaN,0,0.000118334,786880,0.000118334,786880,24309.440409898758,2616206432
11,362,"[0, 0, 2, 9]",-355,NaN,0,NaN,0,0.000110708,786880,0.000110708,786880,24309.440524101257,2617000144
11,363,"[0, 0, 1, 10]",-354,NaN,0,NaN,0,0.000131084,786880,0.000131084,786880,24309.4406580925,2617793856
11,364,"[0, 0, 0, 11]",-353,NaN,0,NaN,0,0.000118333,786880,0.000118333,786880,24309.440779924393,2618587568
