order,monomial_idx,alpha_vector,corresp,fillWfnonaut_time_s,fillWfnonaut_alloc_bytes,homological_time_s,homological_alloc_bytes,conj_copy_time_s,conj_copy_alloc_bytes,monomial_total_time_s,monomial_total_alloc_bytes,cumul_time_s,mem_live_bytes
2,1,"[2, 0, 0, 0]",5,7.375e-6,0,0.120706208,334546192,NaN,0,0.120713583,334546192,0.4780118465423584,1368949456
2,2,"[1, 1, 0, 0]",2,4.17e-7,0,0.144893417,309295312,NaN,0,0.144893834,309295312,0.6381380558013916,1344486304
2,3,"[1, 0, 1, 0]",7,1.084e-6,0,0.119300459,329155792,NaN,0,0.119301543,329155792,0.7574608325958252,1413969936
2,4,"[1, 0, 0, 1]",6,8.33e-7,0,0.230627834,332825904,NaN,0,0.230628667,332825904,0.9881069660186768,1376214256
2,5,"[0, 2, 0, 0]",-1,NaN,0,NaN,0,3.225e-5,393664,3.225e-5,393664,0.9881570339202881,1376614752
2,6,"[0, 1, 1, 0]",-4,NaN,0,NaN,0,1.8208e-5,393664,1.8208e-5,393664,0.9881799221038818,1377015248
2,7,"[0, 1, 0, 1]",-3,NaN,0,NaN,0,1.875e-5,393664,1.875e-5,393664,0.9882009029388428,1377415744
2,8,"[0, 0, 2, 0]",10,7.92e-7,0,0.126022166,366085360,NaN,0,0.126022958,366085360,1.114224910736084,1403953056
2,9,"[0, 0, 1, 1]",9,1.0e-6,0,0.123751542,314014192,NaN,0,0.12375254200000001,314014192,1.2379958629608154,1348676448
2,10,"[0, 0, 0, 2]",-8,NaN,0,NaN,0,1.8666e-5,393664,1.8666e-5,393664,1.2380359172821045,1349076960
3,1,"[3, 0, 0, 0]",11,3.75e-7,0,0.129762417,329155792,NaN,0,0.129762792,329155792,3.0349838733673096,1379569424
3,2,"[2, 1, 0, 0]",5,4.17e-7,0,0.406222167,599151840,NaN,0,0.406222584,599151840,3.4412238597869873,1650625504
3,3,"[2, 0, 1, 0]",13,1.0e-6,0,0.161330833,402916464,NaN,0,0.161331833,402916464,3.6025748252868652,1765535568
3,4,"[2, 0, 0, 1]",12,1.083e-6,0,0.218484083,392758544,NaN,0,0.218485166,392758544,3.821079969406128,1809228032
3,5,"[1, 2, 0, 0]",-2,NaN,0,NaN,0,1.9625e-5,393664,1.9625e-5,393664,3.821122884750366,1809628544
3,6,"[1, 1, 1, 0]",7,9.16e-7,0,0.132123042,380519600,NaN,0,0.13212395799999999,380519600,3.9532480239868164,1376671632
3,7,"[1, 1, 0, 1]",-6,NaN,0,NaN,0,1.8666e-5,393664,1.8666e-5,393664,3.953289031982422,1377072144
3,8,"[1, 0, 2, 0]",16,7.09e-7,0,0.138178458,380896656,NaN,0,0.138179167,380896656,4.091469049453735,1446744992
3,9,"[1, 0, 1, 1]",15,1.0e-6,0,0.393987125,622662880,NaN,0,0.39398812499999997,622662880,4.485467910766602,1711057968
3,10,"[1, 0, 0, 2]",14,8.33e-7,0,0.130988375,381437040,NaN,0,0.130989208,381437040,4.616477966308594,1834470592
3,11,"[0, 3, 0, 0]",-1,NaN,0,NaN,0,1.8542e-5,393664,1.8542e-5,393664,4.616516828536987,1834871104
3,12,"[0, 2, 1, 0]",-4,NaN,0,NaN,0,1.7875e-5,393664,1.7875e-5,393664,4.616539001464844,1835271600
3,13,"[0, 2, 0, 1]",-3,NaN,0,NaN,0,3.2666e-5,393664,3.2666e-5,393664,4.616576910018921,1835672096
3,14,"[0, 1, 2, 0]",-10,NaN,0,NaN,0,4.3417e-5,393664,4.3417e-5,393664,4.6166229248046875,1836072592
3,15,"[0, 1, 1, 1]",-9,NaN,0,NaN,0,4.2833e-5,393664,4.2833e-5,393664,4.616668939590454,1836473088
3,16,"[0, 1, 0, 2]",-8,NaN,0,NaN,0,4.2542e-5,393664,4.2542e-5,393664,4.616714954376221,1836873584
3,17,"[0, 0, 3, 0]",20,7.09e-7,0,0.495868625,600921504,NaN,0,0.495869334,600921504,5.112575054168701,1846808256
3,18,"[0, 0, 2, 1]",19,1.042e-6,0,0.132003958,426034272,NaN,0,0.132005,426034272,5.244600057601929,2272849376
3,19,"[0, 0, 1, 2]",-18,NaN,0,NaN,0,1.8708e-5,393664,1.8708e-5,393664,5.244640827178955,2273249872
3,20,"[0, 0, 0, 3]",-17,NaN,0,NaN,0,1.8042e-5,393664,1.8042e-5,393664,5.2446630001068115,2273650368
4,1,"[4, 0, 0, 0]",21,4.16e-7,0,0.158895875,368821648,NaN,0,0.158896291,368821648,13.736314058303833,1662086576
4,2,"[3, 1, 0, 0]",11,4.17e-7,0,0.138857167,389071984,NaN,0,0.138857584,389071984,13.87519097328186,1751968224
4,3,"[3, 0, 1, 0]",23,1.0e-6,0,0.146603542,398591120,NaN,0,0.146604542,398591120,14.021816968917847,1773989008
4,4,"[3, 0, 0, 1]",22,8.75e-7,0,0.150229959,402228368,NaN,0,0.150230834,402228368,14.17206597328186,1796009792
4,5,"[2, 2, 0, 0]",5,2.92e-7,0,0.143643417,401196176,NaN,0,0.143643709,401196176,14.315722942352295,1814573552
4,6,"[2, 1, 1, 0]",13,8.75e-7,0,0.153327042,397657232,NaN,0,0.153327917,397657232,14.469068050384521,1836692640
4,7,"[2, 1, 0, 1]",12,2.0e-6,0,0.25386775,383469136,NaN,0,0.25386975,383469136,14.722972869873047,1697275184
4,8,"[2, 0, 2, 0]",26,9.58e-7,0,0.125606917,392283296,NaN,0,0.125607875,392283296,14.8486008644104,1488169584
4,9,"[2, 0, 1, 1]",25,1.125e-6,0,0.128299083,369820848,NaN,0,0.128300208,369820848,14.976922035217285,1384199648
4,10,"[2, 0, 0, 2]",24,6.25e-7,0,0.143302708,360154272,NaN,0,0.143303333,360154272,15.120242834091187,1380539200
4,11,"[1, 3, 0, 0]",-2,NaN,0,NaN,0,4.6667e-5,393664,4.6667e-5,393664,15.12031102180481,1380939712
4,12,"[1, 2, 1, 0]",-7,NaN,0,NaN,0,3.0875e-5,393664,3.0875e-5,393664,15.120345830917358,1381340208
4,13,"[1, 2, 0, 1]",-6,NaN,0,NaN,0,3.1916e-5,393664,3.1916e-5,393664,15.120380878448486,1381740704
4,14,"[1, 1, 2, 0]",16,7.08e-7,0,0.152975791,362185840,NaN,0,0.152976499,362185840,15.273356914520264,1460918080
4,15,"[1, 1, 1, 1]",15,7.91e-7,0,0.267220917,1194881232,NaN,0,0.267221708,1194881232,15.540591955184937,2191599424
4,16,"[1, 1, 0, 2]",-14,NaN,0,NaN,0,5.2292e-5,393664,5.2292e-5,393664,15.540678977966309,2191999968
4,17,"[1, 0, 3, 0]",30,1.209e-6,0,0.139862875,409306496,NaN,0,0.139864084,409306496,15.680551052093506,2601313296
4,18,"[1, 0, 2, 1]",29,9.59e-7,0,0.134295959,402736352,NaN,0,0.134296918,402736352,15.81486701965332,1370560672
4,19,"[1, 0, 1, 2]",28,6.25e-7,0,0.132357125,359482528,NaN,0,0.13235775,359482528,15.947239875793457,1377917632
4,20,"[1, 0, 0, 3]",27,9.59e-7,0,0.13894225,359449760,NaN,0,0.13894320899999998,359449760,16.086201906204224,1385274592
4,21,"[0, 4, 0, 0]",-1,NaN,0,NaN,0,4.5792e-5,393664,4.5792e-5,393664,16.08626890182495,1385675104
4,22,"[0, 3, 1, 0]",-4,NaN,0,NaN,0,4.3e-5,393664,4.3e-5,393664,16.086315870285034,1386075600
4,23,"[0, 3, 0, 1]",-3,NaN,0,NaN,0,4.6583e-5,393664,4.6583e-5,393664,16.086365938186646,1386476080
4,24,"[0, 2, 2, 0]",-10,NaN,0,NaN,0,3.6834e-5,393664,3.6834e-5,393664,16.086405038833618,1386876576
4,25,"[0, 2, 1, 1]",-9,NaN,0,NaN,0,3.1292e-5,393664,3.1292e-5,393664,16.086439847946167,1387277072
4,26,"[0, 2, 0, 2]",-8,NaN,0,NaN,0,3.1292e-5,393664,3.1292e-5,393664,16.08647394180298,1387677568
4,27,"[0, 1, 3, 0]",-20,NaN,0,NaN,0,3.125e-5,393664,3.125e-5,393664,16.08650803565979,1388078064
4,28,"[0, 1, 2, 1]",-19,NaN,0,NaN,0,3.1834e-5,393664,3.1834e-5,393664,16.086541891098022,1388478560
4,29,"[0, 1, 1, 2]",-18,NaN,0,NaN,0,3.1708e-5,393664,3.1708e-5,393664,16.08657693862915,1388879056
4,30,"[0, 1, 0, 3]",-17,NaN,0,NaN,0,3.0541e-5,393664,3.0541e-5,393664,16.086611032485962,1389279552
4,31,"[0, 0, 4, 0]",35,7.08e-7,0,0.236259958,358433952,NaN,0,0.23626066599999998,358433952,16.322868824005127,1367847760
4,32,"[0, 0, 3, 1]",34,5.41e-7,0,0.16305875,391316576,NaN,0,0.163059291,391316576,16.48594093322754,1759171184
4,33,"[0, 0, 2, 2]",33,8.75e-7,0,0.201892791,1250963968,NaN,0,0.201893666,1250963968,16.68785285949707,2200365344
4,34,"[0, 0, 1, 3]",-32,NaN,0,NaN,0,3.2458e-5,393664,3.2458e-5,393664,16.68790602684021,2200765888
4,35,"[0, 0, 0, 4]",-31,NaN,0,NaN,0,3.0125e-5,393664,3.0125e-5,393664,16.687939882278442,2201166384
5,1,"[5, 0, 0, 0]",36,4.59e-7,0,0.150814333,343016560,NaN,0,0.150814792,343016560,45.80526685714722,1362670688
5,2,"[4, 1, 0, 0]",21,4.17e-7,0,0.128071875,351798384,NaN,0,0.128072292,351798384,45.9333598613739,1425191088
5,3,"[4, 0, 1, 0]",38,9.58e-7,0,0.229146125,356828368,NaN,0,0.229147083,356828368,46.16252589225769,1428094608
5,4,"[4, 0, 0, 1]",37,9.59e-7,0,0.126439584,368297056,NaN,0,0.126440543,368297056,46.28898286819458,1796398496
5,5,"[3, 2, 0, 0]",11,2.5e-7,0,0.343012667,591877408,NaN,0,0.343012917,591877408,46.632009983062744,1645241280
5,6,"[3, 1, 1, 0]",23,1.0e-6,0,0.124889792,339379648,NaN,0,0.124890792,339379648,46.75692105293274,1434981264
5,7,"[3, 1, 0, 1]",22,9.58e-7,0,0.122443792,339379360,NaN,0,0.12244474999999999,339379360,46.879384994506836,1434981616
5,8,"[3, 0, 2, 0]",41,7.92e-7,0,0.126031209,339379360,NaN,0,0.126032001,339379360,47.00543785095215,1442338576
5,9,"[3, 0, 1, 1]",40,8.34e-7,0,0.121600792,339379344,NaN,0,0.121601626,339379344,47.12705683708191,1457265088
5,10,"[3, 0, 0, 2]",39,9.58e-7,0,0.227893542,339379408,NaN,0,0.2278945,339379408,47.35496687889099,1437542656
5,11,"[2, 3, 0, 0]",-5,NaN,0,NaN,0,3.1167e-5,393664,3.1167e-5,393664,47.35502004623413,1437943152
5,12,"[2, 2, 1, 0]",13,9.17e-7,0,0.121346709,339379296,NaN,0,0.121347626,339379296,47.476369857788086,1777329280
5,13,"[2, 2, 0, 1]",-12,NaN,0,NaN,0,3.1333e-5,393664,3.1333e-5,393664,47.476423025131226,1777729792
5,14,"[2, 1, 2, 0]",26,1.125e-6,0,0.121895292,339379712,NaN,0,0.121896417,339379712,47.59832000732422,1542942496
5,15,"[2, 1, 1, 1]",25,1.0e-6,0,0.326512042,562713888,NaN,0,0.326513042,562713888,47.92484903335571,1549333888
5,16,"[2, 1, 0, 2]",24,1.042e-6,0,0.123638083,339379312,NaN,0,0.123639125,339379312,48.04850697517395,1638651280
5,17,"[2, 0, 3, 0]",45,9.59e-7,0,0.124001959,339379344,NaN,0,0.12400291799999999,339379344,48.17252993583679,1653577792
5,18,"[2, 0, 2, 1]",44,9.17e-7,0,0.122331333,339379312,NaN,0,0.12233225,339379312,48.29487991333008,1714689104
5,19,"[2, 0, 1, 2]",43,1.0e-6,0,0.230749041,344229136,NaN,0,0.230750041,344229136,48.52564787864685,1663464064
5,20,"[2, 0, 0, 3]",42,9.58e-7,0,0.353432708,639931888,NaN,0,0.353433666,639931888,48.87909197807312,2303402784
5,21,"[1, 4, 0, 0]",-2,NaN,0,NaN,0,4.9083e-5,393664,4.9083e-5,393664,48.87916588783264,2303803296
5,22,"[1, 3, 1, 0]",-7,NaN,0,NaN,0,4.5166e-5,393664,4.5166e-5,393664,48.87921500205994,2304203792
5,23,"[1, 3, 0, 1]",-6,NaN,0,NaN,0,3.1666e-5,393664,3.1666e-5,393664,48.87924885749817,2304604288
5,24,"[1, 2, 2, 0]",-16,NaN,0,NaN,0,5.8792e-5,393664,5.8792e-5,393664,48.879310846328735,2305004784
5,25,"[1, 2, 1, 1]",-15,NaN,0,NaN,0,5.2625e-5,393664,5.2625e-5,393664,48.879366874694824,2305405280
5,26,"[1, 2, 0, 2]",-14,NaN,0,NaN,0,6.0042e-5,393664,6.0042e-5,393664,48.87942886352539,2305805776
5,27,"[1, 1, 3, 0]",30,8.75e-7,0,0.409183291,599184672,NaN,0,0.409184166,599184672,49.28860688209534,1606201648
5,28,"[1, 1, 2, 1]",29,1.0e-6,0,0.140300208,339379360,NaN,0,0.140301208,339379360,49.42892789840698,1432311568
5,29,"[1, 1, 1, 2]",-28,NaN,0,NaN,0,3.1292e-5,393664,3.1292e-5,393664,49.42897891998291,1432712064
5,30,"[1, 1, 0, 3]",-27,NaN,0,NaN,0,3.0375e-5,393664,3.0375e-5,393664,49.42901301383972,1433112560
5,31,"[1, 0, 4, 0]",50,6.66e-7,0,0.131336833,392905840,NaN,0,0.131337499,392905840,49.56035089492798,1546933024
5,32,"[1, 0, 3, 1]",49,9.17e-7,0,0.124476916,363545712,NaN,0,0.12447783300000001,363545712,49.68484592437744,1578831664
5,33,"[1, 0, 2, 2]",48,8.34e-7,0,0.471432334,643503504,NaN,0,0.471433168,643503504,50.156288862228394,1784513360
5,34,"[1, 0, 1, 3]",47,1.083e-6,0,0.131289208,339379664,NaN,0,0.131290291,339379664,50.28760099411011,1608043968
5,35,"[1, 0, 0, 4]",46,8.33e-7,0,0.130102166,392905888,NaN,0,0.130102999,392905888,50.41771984100342,1454378400
5,36,"[0, 5, 0, 0]",-1,NaN,0,NaN,0,3.275e-5,393664,3.275e-5,393664,50.417773962020874,1454778912
5,37,"[0, 4, 1, 0]",-4,NaN,0,NaN,0,3.0708e-5,393664,3.0708e-5,393664,50.417809009552,1455179408
5,38,"[0, 4, 0, 1]",-3,NaN,0,NaN,0,3.0458e-5,393664,3.0458e-5,393664,50.41784191131592,1455579904
5,39,"[0, 3, 2, 0]",-10,NaN,0,NaN,0,3.1375e-5,393664,3.1375e-5,393664,50.41787600517273,1455980400
5,40,"[0, 3, 1, 1]",-9,NaN,0,NaN,0,3.0e-5,393664,3.0e-5,393664,50.417908906936646,1456380896
5,41,"[0, 3, 0, 2]",-8,NaN,0,NaN,0,3.1e-5,393664,3.1e-5,393664,50.41794300079346,1456781376
5,42,"[0, 2, 3, 0]",-20,NaN,0,NaN,0,3.1958e-5,393664,3.1958e-5,393664,50.417978048324585,1457181856
5,43,"[0, 2, 2, 1]",-19,NaN,0,NaN,0,3.0042e-5,393664,3.0042e-5,393664,50.4180109500885,1457582352
5,44,"[0, 2, 1, 2]",-18,NaN,0,NaN,0,3.0958e-5,393664,3.0958e-5,393664,50.41804599761963,1457982848
5,45,"[0, 2, 0, 3]",-17,NaN,0,NaN,0,3.1542e-5,393664,3.1542e-5,393664,50.41807985305786,1458383344
5,46,"[0, 1, 4, 0]",-35,NaN,0,NaN,0,2.9833e-5,393664,2.9833e-5,393664,50.418112993240356,1458783840
5,47,"[0, 1, 3, 1]",-34,NaN,0,NaN,0,3.1375e-5,393664,3.1375e-5,393664,50.41814684867859,1459184336
5,48,"[0, 1, 2, 2]",-33,NaN,0,NaN,0,2.975e-5,393664,2.975e-5,393664,50.41817903518677,1459584832
5,49,"[0, 1, 1, 3]",-32,NaN,0,NaN,0,3.1417e-5,393664,3.1417e-5,393664,50.418213844299316,1459985328
5,50,"[0, 1, 0, 4]",-31,NaN,0,NaN,0,3.0834e-5,393664,3.0834e-5,393664,50.41824698448181,1460385824
5,51,"[0, 0, 5, 0]",56,7.08e-7,0,0.128632708,363545760,NaN,0,0.128633416,363545760,50.54688096046448,1425001952
5,52,"[0, 0, 4, 1]",55,1.042e-6,0,0.461093208,639882512,NaN,0,0.46109425,639882512,51.00798583030701,1649895168
5,53,"[0, 0, 3, 2]",54,1.125e-6,0,0.130595,339379296,NaN,0,0.13059612499999998,339379296,51.13860297203064,1989281312
5,54,"[0, 0, 2, 3]",-53,NaN,0,NaN,0,3.3e-5,393664,3.3e-5,393664,51.1386559009552,1989681824
5,55,"[0, 0, 1, 4]",-52,NaN,0,NaN,0,3.0834e-5,393664,3.0834e-5,393664,51.13869094848633,1990082304
5,56,"[0, 0, 0, 5]",-51,NaN,0,NaN,0,3.0708e-5,393664,3.0708e-5,393664,51.13872504234314,1990482800
6,1,"[6, 0, 0, 0]",57,6.67e-7,0,0.138849833,345982352,NaN,0,0.13885050000000002,345982352,149.3516879081726,1646093616
6,2,"[5, 1, 0, 0]",36,5.0e-7,0,0.125369125,345801872,NaN,0,0.12536962499999998,345801872,149.47707796096802,1661020128
6,3,"[5, 0, 1, 0]",59,1.125e-6,0,0.136866375,341984368,NaN,0,0.1368675,341984368,149.61396384239197,1722242144
6,4,"[5, 0, 0, 1]",58,1.083e-6,0,0.214673625,341804288,NaN,0,0.21467470800000002,341804288,149.82865500450134,1773527168
6,5,"[4, 2, 0, 0]",21,3.75e-7,0,0.125023208,385025120,NaN,0,0.125023583,385025120,149.95369696617126,2158559136
6,6,"[4, 1, 1, 0]",38,8.75e-7,0,0.126802875,354895072,NaN,0,0.12680375000000002,354895072,150.08051896095276,1502127520
6,7,"[4, 1, 0, 1]",37,9.17e-7,0,0.1259265,339379664,NaN,0,0.12592741699999999,339379664,150.20646595954895,1362614144
6,8,"[4, 0, 2, 0]",62,1.083e-6,0,0.125631333,339379360,NaN,0,0.12563241600000002,339379360,150.3321180343628,1393527984
6,9,"[4, 0, 1, 1]",61,9.59e-7,0,0.12192025,339379312,NaN,0,0.12192120899999999,339379312,150.45405793190002,1423873264
6,10,"[4, 0, 0, 2]",60,7.92e-7,0,0.12037675,339379312,NaN,0,0.120377542,339379312,150.574453830719,1485132032
6,11,"[3, 3, 0, 0]",11,3.75e-7,0,0.230852875,339379456,NaN,0,0.23085325,339379456,150.8053228855133,1424408240
6,12,"[3, 2, 1, 0]",23,8.75e-7,0,0.119709417,339379296,NaN,0,0.119710292,339379296,150.925048828125,1763794368
6,13,"[3, 2, 0, 1]",22,9.17e-7,0,0.126894041,414516608,NaN,0,0.126894958,414516608,151.0519618988037,2178317808
6,14,"[3, 1, 2, 0]",41,8.75e-7,0,0.124687083,339379472,NaN,0,0.124687958,339379472,151.17666697502136,1377540640
6,15,"[3, 1, 1, 1]",40,9.16e-7,0,0.12094475,339379360,NaN,0,0.12094566600000001,339379360,151.29763197898865,1410345808
6,16,"[3, 1, 0, 2]",39,1.041e-6,0,0.124371375,339379360,NaN,0,0.124372416,339379360,151.42202401161194,1377540992
6,17,"[3, 0, 3, 0]",66,1.125e-6,0,0.137646542,339379312,NaN,0,0.137647667,339379312,151.5596878528595,1438816016
6,18,"[3, 0, 2, 1]",65,1.125e-6,0,0.213344166,339379408,NaN,0,0.213345291,339379408,151.77304887771606,1535618224
6,19,"[3, 0, 1, 2]",64,1.166e-6,0,0.120481791,367674752,NaN,0,0.120482957,367674752,151.89354991912842,1903299824
6,20,"[3, 0, 0, 3]",63,9.17e-7,0,0.122926375,369050848,NaN,0,0.12292729200000001,369050848,152.0164978504181,1580971408
6,21,"[2, 4, 0, 0]",-5,NaN,0,NaN,0,3.4833e-5,393664,3.4833e-5,393664,152.01655387878418,1581371920
6,22,"[2, 3, 1, 0]",-13,NaN,0,NaN,0,3.0375e-5,393664,3.0375e-5,393664,152.0165889263153,1581772416
6,23,"[2, 3, 0, 1]",-12,NaN,0,NaN,0,3.0917e-5,393664,3.0917e-5,393664,152.01662302017212,1582172912
6,24,"[2, 2, 2, 0]",26,1.041e-6,0,0.144811,339379376,NaN,0,0.144812041,339379376,152.16143488883972,1362614096
6,25,"[2, 2, 1, 1]",25,8.75e-7,0,0.120303417,339379360,NaN,0,0.120304292,339379360,152.2817599773407,1393495168
6,26,"[2, 2, 0, 2]",-24,NaN,0,NaN,0,3.5541e-5,393664,3.5541e-5,393664,152.28181505203247,1393895680
6,27,"[2, 1, 3, 0]",45,7.5e-7,0,0.123419584,339379312,NaN,0,0.12342033399999999,339379312,152.4052369594574,1423594688
6,28,"[2, 1, 2, 1]",44,8.75e-7,0,0.121302458,339379312,NaN,0,0.121303333,339379312,152.5265588760376,1484902608
6,29,"[2, 1, 1, 2]",43,1.0e-6,0,0.13445825,339379632,NaN,0,0.13445925,339379632,152.66103386878967,1499829024
6,30,"[2, 1, 0, 3]",42,8.34e-7,0,0.219694083,339379456,NaN,0,0.21969491700000002,339379456,152.88074398040771,1566253184
6,31,"[2, 0, 4, 0]",71,1.0e-6,0,0.122497167,367428704,NaN,0,0.122498167,367428704,153.00326204299927,1933688736
6,32,"[2, 0, 3, 1]",70,1.084e-6,0,0.123046334,354665696,NaN,0,0.12304741799999999,354665696,153.1263289451599,1577563872
6,33,"[2, 0, 2, 2]",69,8.33e-7,0,0.123043375,339379376,NaN,0,0.123044208,339379376,153.2493920326233,1362614144
6,34,"[2, 0, 1, 3]",68,6.66e-7,0,0.128196292,339379360,NaN,0,0.128196958,339379360,153.37760400772095,1393364144
6,35,"[2, 0, 0, 4]",67,6.67e-7,0,0.122599166,339379600,NaN,0,0.12259983299999999,339379600,153.5002200603485,1423774960
6,36,"[1, 5, 0, 0]",-2,NaN,0,NaN,0,3.1833e-5,393664,3.1833e-5,393664,153.50026988983154,1424175472
6,37,"[1, 4, 1, 0]",-7,NaN,0,NaN,0,3.0208e-5,393664,3.0208e-5,393664,153.50030398368835,1424575968
6,38,"[1, 4, 0, 1]",-6,NaN,0,NaN,0,3.0667e-5,393664,3.0667e-5,393664,153.5003378391266,1424976464
6,39,"[1, 3, 2, 0]",-16,NaN,0,NaN,0,3.0875e-5,393664,3.0875e-5,393664,153.50037097930908,1425376960
6,40,"[1, 3, 1, 1]",-15,NaN,0,NaN,0,3.0583e-5,393664,3.0583e-5,393664,153.50040483474731,1425777456
6,41,"[1, 3, 0, 2]",-14,NaN,0,NaN,0,3.425e-5,393664,3.425e-5,393664,153.50044202804565,1426177952
6,42,"[1, 2, 3, 0]",-30,NaN,0,NaN,0,3.2583e-5,393664,3.2583e-5,393664,153.5004768371582,1426578448
6,43,"[1, 2, 2, 1]",-29,NaN,0,NaN,0,3.0792e-5,393664,3.0792e-5,393664,153.50051093101501,1426978944
6,44,"[1, 2, 1, 2]",-28,NaN,0,NaN,0,3.1208e-5,393664,3.1208e-5,393664,153.50054502487183,1427379440
6,45,"[1, 2, 0, 3]",-27,NaN,0,NaN,0,3.1375e-5,393664,3.1375e-5,393664,153.50057983398438,1427779936
6,46,"[1, 1, 4, 0]",50,6.66e-7,0,0.121327958,339379312,NaN,0,0.121328624,339379312,153.62190890312195,1484886336
6,47,"[1, 1, 3, 1]",49,9.58e-7,0,0.121658666,339379344,NaN,0,0.121659624,339379344,153.74358701705933,1492341680
6,48,"[1, 1, 2, 2]",48,7.5e-7,0,0.243162583,1163424016,NaN,0,0.24316333299999998,1163424016,153.98676586151123,2187290480
6,49,"[1, 1, 1, 3]",-47,NaN,0,NaN,0,3.15e-5,393664,3.15e-5,393664,153.98681688308716,2187691024
6,50,"[1, 1, 0, 4]",-46,NaN,0,NaN,0,3.0083e-5,393664,3.0083e-5,393664,153.98685097694397,2188091520
6,51,"[1, 0, 5, 0]",77,6.67e-7,0,0.117887417,339379296,NaN,0,0.11788808399999999,339379296,154.10473895072937,2527477648
6,52,"[1, 0, 4, 1]",76,8.75e-7,0,0.123376792,417367136,NaN,0,0.123377667,417367136,154.22813391685486,2944851632
6,53,"[1, 0, 3, 2]",75,8.75e-7,0,0.231653792,339379760,NaN,0,0.231654667,339379760,154.45980405807495,1406645520
6,54,"[1, 0, 2, 3]",74,9.17e-7,0,0.125883459,339379376,NaN,0,0.125884376,339379376,154.5857059955597,1393527888
6,55,"[1, 0, 1, 4]",73,6.25e-7,0,0.125196208,339379296,NaN,0,0.125196833,339379296,154.71091890335083,1732914032
6,56,"[1, 0, 0, 5]",72,1.208e-6,0,0.121588292,339379424,NaN,0,0.1215895,339379424,154.83252787590027,1362614368
6,57,"[0, 6, 0, 0]",-1,NaN,0,NaN,0,3.1666e-5,393664,3.1666e-5,393664,154.83257794380188,1363014880
6,58,"[0, 5, 1, 0]",-4,NaN,0,NaN,0,3.1291e-5,393664,3.1291e-5,393664,154.832612991333,1363415376
6,59,"[0, 5, 0, 1]",-3,NaN,0,NaN,0,3.0167e-5,393664,3.0167e-5,393664,154.83264589309692,1363815872
6,60,"[0, 4, 2, 0]",-10,NaN,0,NaN,0,3.0542e-5,393664,3.0542e-5,393664,154.83267998695374,1364216368
6,61,"[0, 4, 1, 1]",-9,NaN,0,NaN,0,3.0458e-5,393664,3.0458e-5,393664,154.83271288871765,1364616864
6,62,"[0, 4, 0, 2]",-8,NaN,0,NaN,0,2.9958e-5,393664,2.9958e-5,393664,154.83274602890015,1365017360
6,63,"[0, 3, 3, 0]",-20,NaN,0,NaN,0,3.1792e-5,393664,3.1792e-5,393664,154.83277988433838,1365417856
6,64,"[0, 3, 2, 1]",-19,NaN,0,NaN,0,3.0125e-5,393664,3.0125e-5,393664,154.8328139781952,1365818352
6,65,"[0, 3, 1, 2]",-18,NaN,0,NaN,0,3.1583e-5,393664,3.1583e-5,393664,154.83284783363342,1366218848
6,66,"[0, 3, 0, 3]",-17,NaN,0,NaN,0,3.0375e-5,393664,3.0375e-5,393664,154.83288097381592,1366619344
6,67,"[0, 2, 4, 0]",-35,NaN,0,NaN,0,3.1083e-5,393664,3.1083e-5,393664,154.83291482925415,1367019840
6,68,"[0, 2, 3, 1]",-34,NaN,0,NaN,0,3.1458e-5,393664,3.1458e-5,393664,154.83294987678528,1367420336
6,69,"[0, 2, 2, 2]",-33,NaN,0,NaN,0,3.025e-5,393664,3.025e-5,393664,154.83298301696777,1367820832
6,70,"[0, 2, 1, 3]",-32,NaN,0,NaN,0,3.0667e-5,393664,3.0667e-5,393664,154.8330159187317,1368221328
6,71,"[0, 2, 0, 4]",-31,NaN,0,NaN,0,3.1791e-5,393664,3.1791e-5,393664,154.83305096626282,1368621824
6,72,"[0, 1, 5, 0]",-56,NaN,0,NaN,0,3.0041e-5,393664,3.0041e-5,393664,154.83308386802673,1369022320
6,73,"[0, 1, 4, 1]",-55,NaN,0,NaN,0,3.075e-5,393664,3.075e-5,393664,154.83311796188354,1369422816
6,74,"[0, 1, 3, 2]",-54,NaN,0,NaN,0,3.1166e-5,393664,3.1166e-5,393664,154.83315205574036,1369823312
6,75,"[0, 1, 2, 3]",-53,NaN,0,NaN,0,3.0792e-5,393664,3.0792e-5,393664,154.83318495750427,1370223808
6,76,"[0, 1, 1, 4]",-52,NaN,0,NaN,0,3.15e-5,393664,3.15e-5,393664,154.8332200050354,1370624304
6,77,"[0, 1, 0, 5]",-51,NaN,0,NaN,0,3.1958e-5,393664,3.1958e-5,393664,154.83325505256653,1371024784
6,78,"[0, 0, 6, 0]",84,6.67e-7,0,0.122327417,339379360,NaN,0,0.12232808399999999,339379360,154.95558285713196,1393511888
6,79,"[0, 0, 5, 1]",83,8.75e-7,0,0.1220705,339379312,NaN,0,0.122071375,339379312,155.07767486572266,1423726096
6,80,"[0, 0, 4, 2]",82,7.09e-7,0,0.134863625,339379648,NaN,0,0.13486433399999997,339379648,155.21255493164062,1431082976
6,81,"[0, 0, 3, 3]",81,9.16e-7,0,0.229756209,1159786704,NaN,0,0.22975712499999998,1159786704,155.44232892990112,2187290432
6,82,"[0, 0, 2, 4]",-80,NaN,0,NaN,0,3.3458e-5,393664,3.3458e-5,393664,155.44238090515137,2187690976
6,83,"[0, 0, 1, 5]",-79,NaN,0,NaN,0,3.2208e-5,393664,3.2208e-5,393664,155.4424169063568,2188091472
6,84,"[0, 0, 0, 6]",-78,NaN,0,NaN,0,3.375e-5,393664,3.375e-5,393664,155.44245290756226,2188491968
7,1,"[7, 0, 0, 0]",85,7.92e-7,0,0.331032083,349766768,NaN,0,0.331032875,349766768,410.9405369758606,1365766960
7,2,"[6, 1, 0, 0]",57,5.84e-7,0,0.133557084,366134368,NaN,0,0.133557668,366134368,411.0741219520569,1731908160
7,3,"[6, 0, 1, 0]",87,1.208e-6,0,0.135435416,354239712,NaN,0,0.135436624,354239712,411.2095789909363,1433043152
7,4,"[6, 0, 0, 1]",86,4.58e-7,0,0.121522875,339379296,NaN,0,0.121523333,339379296,411.3311200141907,1772429296
7,5,"[5, 2, 0, 0]",36,4.16e-7,0,0.121424583,355091952,NaN,0,0.121424999,355091952,411.4525649547577,1485053424
7,6,"[5, 1, 1, 0]",59,7.92e-7,0,0.118704125,339379360,NaN,0,0.118704917,339379360,411.5712900161743,1479734080
7,7,"[5, 1, 0, 1]",58,1.167e-6,0,0.131451542,339379360,NaN,0,0.131452709,339379360,411.702761888504,1415214576
7,8,"[5, 0, 2, 0]",90,1.0e-6,0,0.13471425,339379376,NaN,0,0.13471525,339379376,411.8374938964844,1371183792
7,9,"[5, 0, 1, 1]",89,1.209e-6,0,0.209940959,339379344,NaN,0,0.209942168,339379344,412.0474548339844,1504704704
7,10,"[5, 0, 0, 2]",88,9.17e-7,0,0.121124042,339379296,NaN,0,0.121124959,339379296,412.1686010360718,1844090848
7,11,"[4, 3, 0, 0]",21,3.75e-7,0,0.354667166,586274432,NaN,0,0.354667541,586274432,412.52328395843506,1543189328
7,12,"[4, 2, 1, 0]",38,9.59e-7,0,0.1213045,339379344,NaN,0,0.12130545899999999,339379344,412.6446108818054,1653287456
7,13,"[4, 2, 0, 1]",37,1.083e-6,0,0.125130208,339379376,NaN,0,0.125131291,339379376,412.7697608470917,1371183408
7,14,"[4, 1, 2, 0]",62,7.5e-7,0,0.120120834,339379312,NaN,0,0.12012158399999999,339379312,412.88989996910095,1432474944
7,15,"[4, 1, 1, 1]",61,8.75e-7,0,0.119910959,339379312,NaN,0,0.119911834,339379312,413.00982999801636,1493750096
7,16,"[4, 1, 0, 2]",60,8.33e-7,0,0.233411083,339379456,NaN,0,0.233411916,339379456,413.24325489997864,1424457392
7,17,"[4, 0, 3, 0]",94,7.5e-7,0,0.124543334,339379584,NaN,0,0.124544084,339379584,413.367812871933,1763843824
7,18,"[4, 0, 2, 1]",93,9.17e-7,0,0.123566209,373441632,NaN,0,0.123567126,373441632,413.4913969039917,2137292288
7,19,"[4, 0, 1, 2]",92,9.59e-7,0,0.126298,357287184,NaN,0,0.126298959,357287184,413.61771297454834,1377540640
7,20,"[4, 0, 0, 3]",91,7.08e-7,0,0.122678583,339379360,NaN,0,0.122679291,339379360,413.74040484428406,1410378640
7,21,"[3, 4, 0, 0]",-11,NaN,0,NaN,0,3.1625e-5,393664,3.1625e-5,393664,413.7404580116272,1410779152
7,22,"[3, 3, 1, 0]",23,7.92e-7,0,0.127768,339379360,NaN,0,0.127768792,339379360,413.8682279586792,1377540992
7,23,"[3, 3, 0, 1]",-22,NaN,0,NaN,0,3.1083e-5,393664,3.1083e-5,393664,413.86827301979065,1377941488
7,24,"[3, 2, 2, 0]",41,5.42e-7,0,0.134594125,339379312,NaN,0,0.134594667,339379312,414.00286889076233,1438832400
7,25,"[3, 2, 1, 1]",40,1.167e-6,0,0.428530667,562714208,NaN,0,0.428531834,562714208,414.43140983581543,1758969120
7,26,"[3, 2, 0, 2]",39,8.75e-7,0,0.131724125,386172064,NaN,0,0.131725,386172064,414.5631699562073,1683449888
7,27,"[3, 1, 3, 0]",66,1.042e-6,0,0.121156459,339379360,NaN,0,0.121157501,339379360,414.68434596061707,1437558816
7,28,"[3, 1, 2, 1]",65,1.083e-6,0,0.121493666,339379376,NaN,0,0.121494749,339379376,414.80586099624634,1362614096
7,29,"[3, 1, 1, 2]",64,8.34e-7,0,0.125440667,339379360,NaN,0,0.125441501,339379360,414.9313189983368,1362614448
7,30,"[3, 1, 0, 3]",63,7.5e-7,0,0.466488542,562713872,NaN,0,0.466489292,562713872,415.3978159427643,1541976880
7,31,"[3, 0, 4, 0]",99,1.0e-6,0,0.130690084,427427200,NaN,0,0.130691084,427427200,415.52852392196655,1969410912
7,32,"[3, 0, 3, 1]",98,8.34e-7,0,0.140739708,437404832,NaN,0,0.140740542,437404832,415.6692819595337,1794073696
7,33,"[3, 0, 2, 2]",97,1.042e-6,0,0.122448458,368706720,NaN,0,0.1224495,368706720,415.791748046875,1750476160
7,34,"[3, 0, 1, 3]",96,1.042e-6,0,0.122422209,339379376,NaN,0,0.12242325100000001,339379376,415.9141879081726,1648127952
7,35,"[3, 0, 0, 4]",95,8.75e-7,0,0.138274958,339379360,NaN,0,0.13827583300000001,339379360,416.05248284339905,1646187760
7,36,"[2, 5, 0, 0]",-5,NaN,0,NaN,0,3.2458e-5,393664,3.2458e-5,393664,416.0525360107422,1646588272
7,37,"[2, 4, 1, 0]",-13,NaN,0,NaN,0,3.0584e-5,393664,3.0584e-5,393664,416.0525698661804,1646988768
7,38,"[2, 4, 0, 1]",-12,NaN,0,NaN,0,3.0583e-5,393664,3.0583e-5,393664,416.05260396003723,1647389264
7,39,"[2, 3, 2, 0]",-26,NaN,0,NaN,0,3.1083e-5,393664,3.1083e-5,393664,416.05263805389404,1647789760
7,40,"[2, 3, 1, 1]",-25,NaN,0,NaN,0,3.0209e-5,393664,3.0209e-5,393664,416.0526719093323,1648190256
7,41,"[2, 3, 0, 2]",-24,NaN,0,NaN,0,3.1583e-5,393664,3.1583e-5,393664,416.0527060031891,1648590752
7,42,"[2, 2, 3, 0]",45,8.33e-7,0,0.356929375,640292096,NaN,0,0.35693020799999997,640292096,416.40963101387024,1831065568
7,43,"[2, 2, 2, 1]",44,9.58e-7,0,0.144521208,339379600,NaN,0,0.144522166,339379600,416.5541708469391,1937200176
7,44,"[2, 2, 1, 2]",-43,NaN,0,NaN,0,3.375e-5,393664,3.375e-5,393664,416.5542268753052,1937600688
7,45,"[2, 2, 0, 3]",-42,NaN,0,NaN,0,3.3e-5,393664,3.3e-5,393664,416.55426383018494,1938001184
7,46,"[2, 1, 4, 0]",71,7.08e-7,0,0.154695333,392905840,NaN,0,0.15469604099999998,392905840,416.70896005630493,2051952688
7,47,"[2, 1, 3, 1]",70,1.167e-6,0,0.221553375,367183152,NaN,0,0.221554542,367183152,416.9305329322815,2039518288
7,48,"[2, 1, 2, 2]",69,1.0e-6,0,0.352985667,607606048,NaN,0,0.352986667,607606048,417.2835340499878,1589290944
7,49,"[2, 1, 1, 3]",68,7.5e-7,0,0.158900708,392905888,NaN,0,0.158901458,392905888,417.44245195388794,1416140688
7,50,"[2, 1, 0, 4]",67,7.5e-7,0,0.124978291,363545760,NaN,0,0.124979041,363545760,417.56744384765625,1386780912
7,51,"[2, 0, 5, 0]",105,7.5e-7,0,0.136868125,339379648,NaN,0,0.136868875,339379648,417.70432901382446,1369971312
7,52,"[2, 0, 4, 1]",104,1.0e-6,0,0.215367958,339379344,NaN,0,0.215368958,339379344,417.91971492767334,1504524480
7,53,"[2, 0, 3, 2]",103,8.33e-7,0,0.124613333,353502304,NaN,0,0.12461416600000001,353502304,418.0443489551544,1858033632
7,54,"[2, 0, 2, 3]",102,1.042e-6,0,0.119417833,353502432,NaN,0,0.11941887500000001,353502432,418.1637878417969,1623768864
7,55,"[2, 0, 1, 4]",101,1.125e-6,0,0.366035416,640193824,NaN,0,0.366036541,640193824,418.5298409461975,1619456848
7,56,"[2, 0, 0, 5]",100,1.041e-6,0,0.1345135,339379312,NaN,0,0.13451454100000002,339379312,418.66437697410583,1631081312
7,57,"[1, 6, 0, 0]",-2,NaN,0,NaN,0,3.2958e-5,393664,3.2958e-5,393664,418.6644299030304,1631481824
7,58,"[1, 5, 1, 0]",-7,NaN,0,NaN,0,3.125e-5,393664,3.125e-5,393664,418.6644649505615,1631882320
7,59,"[1, 5, 0, 1]",-6,NaN,0,NaN,0,3.0917e-5,393664,3.0917e-5,393664,418.66449785232544,1632282816
7,60,"[1, 4, 2, 0]",-16,NaN,0,NaN,0,3.2125e-5,393664,3.2125e-5,393664,418.66453289985657,1632683312
7,61,"[1, 4, 1, 1]",-15,NaN,0,NaN,0,3.1709e-5,393664,3.1709e-5,393664,418.6645679473877,1633083808
7,62,"[1, 4, 0, 2]",-14,NaN,0,NaN,0,3.0458e-5,393664,3.0458e-5,393664,418.6646008491516,1633484304
7,63,"[1, 3, 3, 0]",-30,NaN,0,NaN,0,3.1333e-5,393664,3.1333e-5,393664,418.6646349430084,1633884800
7,64,"[1, 3, 2, 1]",-29,NaN,0,NaN,0,3.0084e-5,393664,3.0084e-5,393664,418.66466784477234,1634285296
7,65,"[1, 3, 1, 2]",-28,NaN,0,NaN,0,3.1583e-5,393664,3.1583e-5,393664,418.6647038459778,1634685792
7,66,"[1, 3, 0, 3]",-27,NaN,0,NaN,0,3.0625e-5,393664,3.0625e-5,393664,418.6647369861603,1635086288
7,67,"[1, 2, 4, 0]",-50,NaN,0,NaN,0,3.1584e-5,393664,3.1584e-5,393664,418.6647708415985,1635486784
7,68,"[1, 2, 3, 1]",-49,NaN,0,NaN,0,3.15e-5,393664,3.15e-5,393664,418.6648049354553,1635887280
7,69,"[1, 2, 2, 2]",-48,NaN,0,NaN,0,3.125e-5,393664,3.125e-5,393664,418.66483998298645,1636287760
7,70,"[1, 2, 1, 3]",-47,NaN,0,NaN,0,3.0583e-5,393664,3.0583e-5,393664,418.66487288475037,1636688256
7,71,"[1, 2, 0, 4]",-46,NaN,0,NaN,0,3.1375e-5,393664,3.1375e-5,393664,418.6649069786072,1637088752
7,72,"[1, 1, 5, 0]",77,6.25e-7,0,0.137467375,392906160,NaN,0,0.137468,392906160,418.8023760318756,1699534480
7,73,"[1, 1, 4, 1]",76,7.92e-7,0,0.3858775,562320608,NaN,0,0.385878292,562320608,419.18826484680176,1886105376
7,74,"[1, 1, 3, 2]",75,9.58e-7,0,0.130394583,367494256,NaN,0,0.130395541,367494256,419.3186810016632,2015055728
7,75,"[1, 1, 2, 3]",-74,NaN,0,NaN,0,2.9916e-5,393664,2.9916e-5,393664,419.3187279701233,2015456240
7,76,"[1, 1, 1, 4]",-73,NaN,0,NaN,0,3.0834e-5,393664,3.0834e-5,393664,419.3187630176544,2015856736
7,77,"[1, 1, 0, 5]",-72,NaN,0,NaN,0,3.0417e-5,393664,3.0417e-5,393664,419.31879591941833,2016257232
7,78,"[1, 0, 6, 0]",112,6.67e-7,0,0.153967,441861264,NaN,0,0.153967667,441861264,419.47276401519775,2100711808
7,79,"[1, 0, 5, 1]",111,1.125e-6,0,0.218637042,409044288,NaN,0,0.218638167,409044288,419.69141602516174,2077283440
7,80,"[1, 0, 4, 2]",110,1.041e-6,0,0.120060333,382682288,NaN,0,0.120061374,382682288,419.81149196624756,1426475952
7,81,"[1, 0, 3, 3]",109,8.33e-7,0,0.374517458,605591088,NaN,0,0.374518291,605591088,420.18602204322815,1615751120
7,82,"[1, 0, 2, 4]",108,9.17e-7,0,0.13196525,363857008,NaN,0,0.131966167,363857008,420.3180069923401,1655723024
7,83,"[1, 0, 1, 5]",107,9.16e-7,0,0.130843708,427426976,NaN,0,0.130844624,427426976,420.4488708972931,1726649904
7,84,"[1, 0, 0, 6]",106,9.58e-7,0,0.478646083,719361344,NaN,0,0.478647041,719361344,420.9275288581848,1923586768
7,85,"[0, 7, 0, 0]",-1,NaN,0,NaN,0,3.2208e-5,393664,3.2208e-5,393664,420.9275839328766,1923987280
7,86,"[0, 6, 1, 0]",-4,NaN,0,NaN,0,3.1e-5,393664,3.1e-5,393664,420.9276189804077,1924387776
7,87,"[0, 6, 0, 1]",-3,NaN,0,NaN,0,3.15e-5,393664,3.15e-5,393664,420.92765283584595,1924788256
7,88,"[0, 5, 2, 0]",-10,NaN,0,NaN,0,3.0e-5,393664,3.0e-5,393664,420.92768597602844,1925188736
7,89,"[0, 5, 1, 1]",-9,NaN,0,NaN,0,3.325e-5,393664,3.325e-5,393664,420.9277219772339,1925589216
7,90,"[0, 5, 0, 2]",-8,NaN,0,NaN,0,3.075e-5,393664,3.075e-5,393664,420.9277558326721,1925989712
7,91,"[0, 4, 3, 0]",-20,NaN,0,NaN,0,3.2792e-5,393664,3.2792e-5,393664,420.92779088020325,1926390208
7,92,"[0, 4, 2, 1]",-19,NaN,0,NaN,0,3.0584e-5,393664,3.0584e-5,393664,420.92782497406006,1926790704
7,93,"[0, 4, 1, 2]",-18,NaN,0,NaN,0,3.1e-5,393664,3.1e-5,393664,420.9278588294983,1927191200
7,94,"[0, 4, 0, 3]",-17,NaN,0,NaN,0,3.0167e-5,393664,3.0167e-5,393664,420.9278919696808,1927591680
7,95,"[0, 3, 4, 0]",-35,NaN,0,NaN,0,3.0875e-5,393664,3.0875e-5,393664,420.9279248714447,1927992176
7,96,"[0, 3, 3, 1]",-34,NaN,0,NaN,0,2.9958e-5,393664,2.9958e-5,393664,420.9279580116272,1928392672
7,97,"[0, 3, 2, 2]",-33,NaN,0,NaN,0,3.0792e-5,393664,3.0792e-5,393664,420.92799186706543,1928793168
7,98,"[0, 3, 1, 3]",-32,NaN,0,NaN,0,3.1375e-5,393664,3.1375e-5,393664,420.92802596092224,1929193664
7,99,"[0, 3, 0, 4]",-31,NaN,0,NaN,0,3.0417e-5,393664,3.0417e-5,393664,420.92805886268616,1929594160
7,100,"[0, 2, 5, 0]",-56,NaN,0,NaN,0,3.175e-5,393664,3.175e-5,393664,420.92809295654297,1929994656
7,101,"[0, 2, 4, 1]",-55,NaN,0,NaN,0,3.075e-5,393664,3.075e-5,393664,420.9281270503998,1930395152
7,102,"[0, 2, 3, 2]",-54,NaN,0,NaN,0,3.5e-5,393664,3.5e-5,393664,420.9282898902893,1930795648
7,103,"[0, 2, 2, 3]",-53,NaN,0,NaN,0,3.0833e-5,393664,3.0833e-5,393664,420.92832493782043,1931196128
7,104,"[0, 2, 1, 4]",-52,NaN,0,NaN,0,3.0125e-5,393664,3.0125e-5,393664,420.92835783958435,1931596624
7,105,"[0, 2, 0, 5]",-51,NaN,0,NaN,0,3.0417e-5,393664,3.0417e-5,393664,420.92839097976685,1931997120
7,106,"[0, 1, 6, 0]",-84,NaN,0,NaN,0,3.1667e-5,393664,3.1667e-5,393664,420.9284248352051,1932397616
7,107,"[0, 1, 5, 1]",-83,NaN,0,NaN,0,3.0125e-5,393664,3.0125e-5,393664,420.9284579753876,1932798112
7,108,"[0, 1, 4, 2]",-82,NaN,0,NaN,0,3.1041e-5,393664,3.1041e-5,393664,420.9284908771515,1933198608
7,109,"[0, 1, 3, 3]",-81,NaN,0,NaN,0,3.05e-5,393664,3.05e-5,393664,420.9285249710083,1933599104
7,110,"[0, 1, 2, 4]",-80,NaN,0,NaN,0,2.9375e-5,393664,2.9375e-5,393664,420.9285569190979,1933999600
7,111,"[0, 1, 1, 5]",-79,NaN,0,NaN,0,3.0833e-5,393664,3.0833e-5,393664,420.9285910129547,1934400096
7,112,"[0, 1, 0, 6]",-78,NaN,0,NaN,0,3.0333e-5,393664,3.0333e-5,393664,420.9286239147186,1934800592
7,113,"[0, 0, 7, 0]",120,9.17e-7,0,0.135257916,467829856,NaN,0,0.135258833,467829856,421.0638828277588,2402637280
7,114,"[0, 0, 6, 1]",119,9.17e-7,0,0.135570458,417727664,NaN,0,0.135571375,417727664,421.1994729042053,1669289072
7,115,"[0, 0, 5, 2]",118,9.58e-7,0,0.371231667,739792432,NaN,0,0.371232625,739792432,421.57071685791016,1858237136
7,116,"[0, 0, 4, 3]",117,1.167e-6,0,0.140914875,410567792,NaN,0,0.140916042,410567792,421.71165204048157,1982042912
7,117,"[0, 0, 3, 4]",-116,NaN,0,NaN,0,3.1375e-5,393664,3.1375e-5,393664,421.7117009162903,1982443424
7,118,"[0, 0, 2, 5]",-115,NaN,0,NaN,0,3.0917e-5,393664,3.0917e-5,393664,421.7117359638214,1982843920
7,119,"[0, 0, 1, 6]",-114,NaN,0,NaN,0,3.3875e-5,393664,3.3875e-5,393664,421.7117729187012,1983244416
7,120,"[0, 0, 0, 7]",-113,NaN,0,NaN,0,3.0084e-5,393664,3.0084e-5,393664,421.71180605888367,1983644912
8,1,"[8, 0, 0, 0]",121,5.83e-7,0,0.155842041,441189488,NaN,0,0.15584262399999999,441189488,1095.1336748600006,1386406832
8,2,"[7, 1, 0, 0]",85,4.58e-7,0,0.14752025,392070256,NaN,0,0.147520708,392070256,1095.2812159061432,1440952192
8,3,"[7, 0, 1, 0]",123,1.167e-6,0,0.215980125,392250560,NaN,0,0.215981292,392250560,1095.4972150325775,1617360112
8,4,"[7, 0, 0, 1]",122,8.75e-7,0,0.132907,387712384,NaN,0,0.132907875,387712384,1095.6301429271698,2005079344
8,5,"[6, 2, 0, 0]",57,4.58e-7,0,0.140294791,355435744,NaN,0,0.140295249,355435744,1095.7704589366913,1580955008
8,6,"[6, 1, 1, 0]",87,1.083e-6,0,0.127202042,355435696,NaN,0,0.127203125,355435696,1095.8976809978485,1365382976
8,7,"[6, 1, 0, 1]",86,8.75e-7,0,0.129101083,355435664,NaN,0,0.12910195800000002,355435664,1096.0268008708954,1451256144
8,8,"[6, 0, 2, 0]",126,8.33e-7,0,0.12506625,355435696,NaN,0,0.125067083,355435696,1096.1518878936768,1365383392
8,9,"[6, 0, 1, 1]",125,7.5e-7,0,0.226307541,355435680,NaN,0,0.226308291,355435680,1096.3782119750977,1396329152
8,10,"[6, 0, 0, 2]",124,9.59e-7,0,0.12148825,355435904,NaN,0,0.121489209,355435904,1096.499717950821,1751771904
8,11,"[5, 3, 0, 0]",36,3.75e-7,0,0.122647958,419611824,NaN,0,0.122648333,419611824,1096.6223859786987,1472104240
8,12,"[5, 2, 1, 0]",59,9.58e-7,0,0.1230765,355435616,NaN,0,0.123077458,355435616,1096.745481967926,1827546704
8,13,"[5, 2, 0, 1]",58,8.34e-7,0,0.12768,355435744,NaN,0,0.127680834,355435744,1096.8731799125671,1429221248
8,14,"[5, 1, 2, 0]",90,1.0e-6,0,0.123674208,355435680,NaN,0,0.123675208,355435680,1096.9968750476837,1427281056
8,15,"[5, 1, 1, 1]",89,8.75e-7,0,0.122251625,355435632,NaN,0,0.1222525,355435632,1097.1191430091858,1489146032
8,16,"[5, 1, 0, 2]",88,7.92e-7,0,0.229533,355436064,NaN,0,0.229533792,355436064,1097.348690032959,1458156128
8,17,"[5, 0, 3, 0]",130,8.34e-7,0,0.139714459,355435616,NaN,0,0.13971529300000002,355435616,1097.4884209632874,1813598576
8,18,"[5, 0, 2, 1]",129,1.125e-6,0,0.127147667,426869968,NaN,0,0.12714879199999998,426869968,1097.6155879497528,1463517664
8,19,"[5, 0, 1, 2]",128,8.34e-7,0,0.128640292,355435680,NaN,0,0.128641126,355435680,1097.7442438602448,1411452432
8,20,"[5, 0, 0, 3]",127,7.91e-7,0,0.124167333,355435664,NaN,0,0.124168124,355435664,1097.868432044983,1466411760
8,21,"[4, 4, 0, 0]",21,4.58e-7,0,0.123355,355435696,NaN,0,0.123355458,355435696,1097.9918088912964,1380506176
8,22,"[4, 3, 1, 0]",38,9.16e-7,0,0.229598375,355435984,NaN,0,0.22959929099999998,355435984,1098.2214250564575,1396034272
8,23,"[4, 3, 0, 1]",37,7.09e-7,0,0.121852333,355353696,NaN,0,0.121853042,355353696,1098.3432939052582,1751394816
8,24,"[4, 2, 2, 0]",62,9.58e-7,0,0.123447375,419333296,NaN,0,0.123448333,419333296,1098.4667599201202,1479296816
8,25,"[4, 2, 1, 1]",61,7.5e-7,0,0.123462459,355353760,NaN,0,0.12346320899999999,355353760,1098.5902390480042,1458194192
8,26,"[4, 2, 0, 2]",60,7.5e-7,0,0.125058667,355353760,NaN,0,0.125059417,355353760,1098.7153160572052,1460151120
8,27,"[4, 1, 3, 0]",94,9.58e-7,0,0.124119125,355353760,NaN,0,0.12412008299999999,355353760,1098.8394529819489,1427264320
8,28,"[4, 1, 2, 1]",93,9.16e-7,0,0.229590083,355354096,NaN,0,0.229590999,355354096,1099.0690610408783,1427242640
8,29,"[4, 1, 1, 2]",92,9.58e-7,0,0.120301958,355353696,NaN,0,0.120302916,355353696,1099.1893799304962,1782603184
8,30,"[4, 1, 0, 3]",91,1.0e-6,0,0.123504292,419333296,NaN,0,0.123505292,419333296,1099.312903881073,1479296848
8,31,"[4, 0, 4, 0]",135,7.92e-7,0,0.126713417,355353760,NaN,0,0.126714209,355353760,1099.4396350383759,1458177840
8,32,"[4, 0, 3, 1]",134,9.17e-7,0,0.12283475,355353760,NaN,0,0.12283566700000001,355353760,1099.5624859333038,1460085616
8,33,"[4, 0, 2, 2]",133,1.0e-6,0,0.12705775,355353760,NaN,0,0.12705875,355353760,1099.6895649433136,1427247968
8,34,"[4, 0, 1, 3]",132,9.17e-7,0,0.13485525,355354000,NaN,0,0.134856167,355354000,1099.824439048767,1489096464
8,35,"[4, 0, 0, 4]",131,8.75e-7,0,0.212213375,355353840,NaN,0,0.21221425000000002,355353840,1100.0366668701172,1581277280
8,36,"[3, 5, 0, 0]",-11,NaN,0,NaN,0,3.1958e-5,393664,3.1958e-5,393664,1100.0367188453674,1581677792
8,37,"[3, 4, 1, 0]",-23,NaN,0,NaN,0,3.1625e-5,393664,3.1625e-5,393664,1100.0367548465729,1582078288
8,38,"[3, 4, 0, 1]",-22,NaN,0,NaN,0,2.9083e-5,393664,2.9083e-5,393664,1100.036787033081,1582478784
8,39,"[3, 3, 2, 0]",41,7.92e-7,0,0.123395958,369050720,NaN,0,0.12339675,369050720,1100.1601839065552,1951536336
8,40,"[3, 3, 1, 1]",40,9.16e-7,0,0.125345083,369427696,NaN,0,0.12534599899999999,369427696,1100.2855439186096,1365383024
8,41,"[3, 3, 0, 2]",-39,NaN,0,NaN,0,3.1834e-5,393664,3.1834e-5,393664,1100.2855949401855,1365783536
8,42,"[3, 2, 3, 0]",66,7.5e-7,0,0.121604167,355353760,NaN,0,0.12160491699999999,355353760,1100.407201051712,1396100256
8,43,"[3, 2, 2, 1]",65,7.5e-7,0,0.125628583,355353760,NaN,0,0.12562933299999998,355353760,1100.5328478813171,1396313248
8,44,"[3, 2, 1, 2]",64,9.17e-7,0,0.123638167,355354000,NaN,0,0.123639084,355354000,1100.656506061554,1427281120
8,45,"[3, 2, 0, 3]",63,1.0e-6,0,0.123005,355353712,NaN,0,0.123006,355353712,1100.7795279026031,1489129712
8,46,"[3, 1, 4, 0]",99,8.33e-7,0,0.235090416,355353840,NaN,0,0.235091249,355353840,1101.0146338939667,1482103984
8,47,"[3, 1, 3, 1]",98,1.167e-6,0,0.133479625,355353696,NaN,0,0.133480792,355353696,1101.148129940033,1837464528
8,48,"[3, 1, 2, 2]",97,9.59e-7,0,0.127502625,400360672,NaN,0,0.127503584,400360672,1101.2756519317627,1537288096
8,49,"[3, 1, 1, 3]",96,1.041e-6,0,0.126203208,355353776,NaN,0,0.12620424900000002,355353776,1101.4018778800964,1372739968
8,50,"[3, 1, 0, 4]",95,7.92e-7,0,0.130771167,355354048,NaN,0,0.130771959,355354048,1101.5326659679413,1411010416
8,51,"[3, 0, 5, 0]",141,7.5e-7,0,0.1241915,355353712,NaN,0,0.12419224999999999,355353712,1101.6568758487701,1441929136
8,52,"[3, 0, 4, 1]",140,8.75e-7,0,0.136691625,355353712,NaN,0,0.13669250000000002,355353712,1101.793583869934,1503810384
8,53,"[3, 0, 3, 2]",139,1.0e-6,0,0.22067375,355353840,NaN,0,0.22067475,355353840,1102.0142760276794,1581293664
8,54,"[3, 0, 2, 3]",138,8.75e-7,0,0.123835542,369034336,NaN,0,0.123836417,369034336,1102.1381299495697,1950334832
8,55,"[3, 0, 1, 4]",137,7.5e-7,0,0.1222845,369034480,NaN,0,0.12228525,369034480,1102.260432958603,1365383024
8,56,"[3, 0, 0, 5]",136,8.33e-7,0,0.124666125,355354048,NaN,0,0.12466695800000001,355354048,1102.3851170539856,1398270176
8,57,"[2, 6, 0, 0]",-5,NaN,0,NaN,0,3.2e-5,393664,3.2e-5,393664,1102.3851699829102,1398670688
8,58,"[2, 5, 1, 0]",-13,NaN,0,NaN,0,3.1209e-5,393664,3.1209e-5,393664,1102.3852050304413,1399071168
8,59,"[2, 5, 0, 1]",-12,NaN,0,NaN,0,2.9709e-5,393664,2.9709e-5,393664,1102.3852379322052,1399471664
8,60,"[2, 4, 2, 0]",-26,NaN,0,NaN,0,3.1792e-5,393664,3.1792e-5,393664,1102.3852729797363,1399872160
8,61,"[2, 4, 1, 1]",-25,NaN,0,NaN,0,3.4833e-5,393664,3.4833e-5,393664,1102.3853108882904,1400272656
8,62,"[2, 4, 0, 2]",-24,NaN,0,NaN,0,3.0208e-5,393664,3.0208e-5,393664,1102.385344028473,1400673152
8,63,"[2, 3, 3, 0]",-45,NaN,0,NaN,0,3.1708e-5,393664,3.1708e-5,393664,1102.3853778839111,1401073648
8,64,"[2, 3, 2, 1]",-44,NaN,0,NaN,0,3.075e-5,393664,3.075e-5,393664,1102.385411977768,1401474144
8,65,"[2, 3, 1, 2]",-43,NaN,0,NaN,0,3.4958e-5,393664,3.4958e-5,393664,1102.385449886322,1401874640
8,66,"[2, 3, 0, 3]",-42,NaN,0,NaN,0,3.0792e-5,393664,3.0792e-5,393664,1102.3854839801788,1402275136
8,67,"[2, 2, 4, 0]",71,9.16e-7,0,0.123148167,355353760,NaN,0,0.123149083,355353760,1102.508633852005,1365383824
8,68,"[2, 2, 3, 1]",70,8.33e-7,0,0.123243916,355353712,NaN,0,0.123244749,355353712,1102.631891965866,1427248800
8,69,"[2, 2, 2, 2]",69,7.92e-7,0,0.224455709,355353808,NaN,0,0.224456501,355353808,1102.8563618659973,1427177104
8,70,"[2, 2, 1, 3]",-68,NaN,0,NaN,0,3.1458e-5,393664,3.1458e-5,393664,1102.8564109802246,1427577616
8,71,"[2, 2, 0, 4]",-67,NaN,0,NaN,0,3.1583e-5,393664,3.1583e-5,393664,1102.8564460277557,1427978112
8,72,"[2, 1, 5, 0]",105,8.33e-7,0,0.122101459,355353696,NaN,0,0.122102292,355353696,1102.978549003601,1783338640
8,73,"[2, 1, 4, 1]",104,1.0e-6,0,0.13445325,414991568,NaN,0,0.13445425,414991568,1103.113018989563,1455915440
8,74,"[2, 1, 3, 2]",103,9.17e-7,0,0.124934458,355321280,NaN,0,0.124935375,355321280,1103.2379739284515,1411452384
8,75,"[2, 1, 2, 3]",102,8.33e-7,0,0.121694458,355320976,NaN,0,0.12169529100000001,355320976,1103.3596880435944,1466297024
8,76,"[2, 1, 1, 4]",101,1.125e-6,0,0.125918666,355321008,NaN,0,0.125919791,355321008,1103.4856269359589,1380506128
8,77,"[2, 1, 0, 5]",100,9.16e-7,0,0.233575458,355321008,NaN,0,0.233576374,355321008,1103.7192170619965,1365382960
8,78,"[2, 0, 6, 0]",148,7.5e-7,0,0.1238675,355320928,NaN,0,0.12386825,355320928,1103.8430998325348,1720710736
8,79,"[2, 0, 5, 1]",147,1.125e-6,0,0.123620542,414696624,NaN,0,0.123621667,414696624,1103.966740846634,1471842064
8,80,"[2, 0, 4, 2]",146,9.17e-7,0,0.122595792,355321280,NaN,0,0.122596709,355321280,1104.0893559455872,1458030320
8,81,"[2, 0, 3, 3]",145,8.75e-7,0,0.12563825,355320992,NaN,0,0.12563912500000002,355320992,1104.2150149345398,1459905328
8,82,"[2, 0, 2, 4]",144,1.167e-6,0,0.125752875,355320992,NaN,0,0.12575404199999998,355320992,1104.3407900333405,1427247904
8,83,"[2, 0, 1, 5]",143,9.17e-7,0,0.135421083,355320944,NaN,0,0.135422,355320944,1104.4762299060822,1488998160
8,84,"[2, 0, 0, 6]",142,8.33e-7,0,0.217270459,355321072,NaN,0,0.217271292,355321072,1104.6935169696808,1580982368
8,85,"[1, 7, 0, 0]",-2,NaN,0,NaN,0,3.4875e-5,393664,3.4875e-5,393664,1104.6935749053955,1581382880
8,86,"[1, 6, 1, 0]",-7,NaN,0,NaN,0,3.2042e-5,393664,3.2042e-5,393664,1104.693610906601,1581783376
8,87,"[1, 6, 0, 1]",-6,NaN,0,NaN,0,3.2583e-5,393664,3.2583e-5,393664,1104.6936469078064,1582183872
8,88,"[1, 5, 2, 0]",-16,NaN,0,NaN,0,3.125e-5,393664,3.125e-5,393664,1104.6936810016632,1582584368
8,89,"[1, 5, 1, 1]",-15,NaN,0,NaN,0,3.35e-5,393664,3.35e-5,393664,1104.6937170028687,1582984864
8,90,"[1, 5, 0, 2]",-14,NaN,0,NaN,0,3.2583e-5,393664,3.2583e-5,393664,1104.693753004074,1583385360
8,91,"[1, 4, 3, 0]",-30,NaN,0,NaN,0,3.0166e-5,393664,3.0166e-5,393664,1104.6937849521637,1583785856
8,92,"[1, 4, 2, 1]",-29,NaN,0,NaN,0,3.1084e-5,393664,3.1084e-5,393664,1104.6938199996948,1584186352
8,93,"[1, 4, 1, 2]",-28,NaN,0,NaN,0,3.4e-5,393664,3.4e-5,393664,1104.6938569545746,1584586848
8,94,"[1, 4, 0, 3]",-27,NaN,0,NaN,0,3.0792e-5,393664,3.0792e-5,393664,1104.6938910484314,1584987328
8,95,"[1, 3, 4, 0]",-50,NaN,0,NaN,0,3.1583e-5,393664,3.1583e-5,393664,1104.6939249038696,1585387824
8,96,"[1, 3, 3, 1]",-49,NaN,0,NaN,0,3.3709e-5,393664,3.3709e-5,393664,1104.6939618587494,1585788320
8,97,"[1, 3, 2, 2]",-48,NaN,0,NaN,0,3.1167e-5,393664,3.1167e-5,393664,1104.6939959526062,1586188816
8,98,"[1, 3, 1, 3]",-47,NaN,0,NaN,0,3.1458e-5,393664,3.1458e-5,393664,1104.694030046463,1586589312
8,99,"[1, 3, 0, 4]",-46,NaN,0,NaN,0,3.0583e-5,393664,3.0583e-5,393664,1104.694062948227,1586989808
8,100,"[1, 2, 5, 0]",-77,NaN,0,NaN,0,3.2083e-5,393664,3.2083e-5,393664,1104.694097995758,1587390304
8,101,"[1, 2, 4, 1]",-76,NaN,0,NaN,0,3.525e-5,393664,3.525e-5,393664,1104.6941359043121,1587790800
8,102,"[1, 2, 3, 2]",-75,NaN,0,NaN,0,3.0125e-5,393664,3.0125e-5,393664,1104.6941690444946,1588191296
8,103,"[1, 2, 2, 3]",-74,NaN,0,NaN,0,3.1125e-5,393664,3.1125e-5,393664,1104.6942028999329,1588591792
8,104,"[1, 2, 1, 4]",-73,NaN,0,NaN,0,3.1e-5,393664,3.1e-5,393664,1104.6942369937897,1588992288
8,105,"[1, 2, 0, 5]",-72,NaN,0,NaN,0,3.1208e-5,393664,3.1208e-5,393664,1104.694270849228,1589392768
8,106,"[1, 1, 6, 0]",112,7.5e-7,0,0.121891542,368936032,NaN,0,0.121892292,368936032,1104.8161640167236,1958335632
8,107,"[1, 1, 5, 1]",111,8.75e-7,0,0.122361791,368936464,NaN,0,0.122362666,368936464,1104.9385449886322,1365383536
8,108,"[1, 1, 4, 2]",110,8.33e-7,0,0.124850875,355320992,NaN,0,0.124851708,355320992,1105.0634138584137,1398090464
8,109,"[1, 1, 3, 3]",109,8.33e-7,0,0.130475375,1178661024,NaN,0,0.130476208,1178661024,1105.1939079761505,2189355728
8,110,"[1, 1, 2, 4]",-108,NaN,0,NaN,0,3.5041e-5,393664,3.5041e-5,393664,1105.1939630508423,2189756272
8,111,"[1, 1, 1, 5]",-107,NaN,0,NaN,0,3.0792e-5,393664,3.0792e-5,393664,1105.1939969062805,2190156768
8,112,"[1, 1, 0, 6]",-106,NaN,0,NaN,0,3.0708e-5,393664,3.0708e-5,393664,1105.1940310001373,2190557264
8,113,"[1, 0, 7, 0]",156,7.09e-7,0,0.135443292,355320944,NaN,0,0.13544400099999998,355320944,1105.3294749259949,1417241696
8,114,"[1, 0, 6, 1]",155,8.75e-7,0,0.217222417,345687232,NaN,0,0.217223292,345687232,1105.5467128753662,1530707088
8,115,"[1, 0, 5, 2]",154,1.0e-6,0,0.12044725,359269472,NaN,0,0.12044825,359269472,1105.6671829223633,1889983408
8,116,"[1, 0, 4, 3]",153,1.041e-6,0,0.128458542,359269888,NaN,0,0.12845958300000002,359269888,1105.7956619262695,1582069488
8,117,"[1, 0, 3, 4]",152,9.17e-7,0,0.124473125,345687216,NaN,0,0.12447404200000001,345687216,1105.9201550483704,1365382976
8,118,"[1, 0, 2, 5]",151,7.92e-7,0,0.126751875,345687200,NaN,0,0.126752667,345687200,1106.046926021576,1396280432
8,119,"[1, 0, 1, 6]",150,7.09e-7,0,0.124085292,345687152,NaN,0,0.124086001,345687152,1106.17103099823,1427199152
8,120,"[1, 0, 0, 7]",149,7.5e-7,0,0.123557542,345687152,NaN,0,0.123558292,345687152,1106.2946059703827,1489047744
8,121,"[0, 8, 0, 0]",-1,NaN,0,NaN,0,3.4417e-5,393664,3.4417e-5,393664,1106.2946598529816,1489448256
8,122,"[0, 7, 1, 0]",-4,NaN,0,NaN,0,3.1708e-5,393664,3.1708e-5,393664,1106.294695854187,1489848752
8,123,"[0, 7, 0, 1]",-3,NaN,0,NaN,0,3.2417e-5,393664,3.2417e-5,393664,1106.2947309017181,1490249248
8,124,"[0, 6, 2, 0]",-10,NaN,0,NaN,0,3.0792e-5,393664,3.0792e-5,393664,1106.2947640419006,1490649744
8,125,"[0, 6, 1, 1]",-9,NaN,0,NaN,0,3.1667e-5,393664,3.1667e-5,393664,1106.2947988510132,1491050240
8,126,"[0, 6, 0, 2]",-8,NaN,0,NaN,0,3.0291e-5,393664,3.0291e-5,393664,1106.2948319911957,1491450736
8,127,"[0, 5, 3, 0]",-20,NaN,0,NaN,0,3.1208e-5,393664,3.1208e-5,393664,1106.294865846634,1491851232
8,128,"[0, 5, 2, 1]",-19,NaN,0,NaN,0,2.9792e-5,393664,2.9792e-5,393664,1106.294898033142,1492251728
8,129,"[0, 5, 1, 2]",-18,NaN,0,NaN,0,3.175e-5,393664,3.175e-5,393664,1106.2949328422546,1492652224
8,130,"[0, 5, 0, 3]",-17,NaN,0,NaN,0,3.1209e-5,393664,3.1209e-5,393664,1106.2949669361115,1493052720
8,131,"[0, 4, 4, 0]",-35,NaN,0,NaN,0,2.9375e-5,393664,2.9375e-5,393664,1106.2949998378754,1493453216
8,132,"[0, 4, 3, 1]",-34,NaN,0,NaN,0,3.1375e-5,393664,3.1375e-5,393664,1106.2950339317322,1493853712
8,133,"[0, 4, 2, 2]",-33,NaN,0,NaN,0,3.1333e-5,393664,3.1333e-5,393664,1106.295068025589,1494254208
8,134,"[0, 4, 1, 3]",-32,NaN,0,NaN,0,3.0375e-5,393664,3.0375e-5,393664,1106.295100927353,1494654704
8,135,"[0, 4, 0, 4]",-31,NaN,0,NaN,0,3.0875e-5,393664,3.0875e-5,393664,1106.2951350212097,1495055200
8,136,"[0, 3, 5, 0]",-56,NaN,0,NaN,0,3.1e-5,393664,3.1e-5,393664,1106.295168876648,1495455696
8,137,"[0, 3, 4, 1]",-55,NaN,0,NaN,0,3.05e-5,393664,3.05e-5,393664,1106.2952029705048,1495856176
8,138,"[0, 3, 3, 2]",-54,NaN,0,NaN,0,3.1417e-5,393664,3.1417e-5,393664,1106.295236825943,1496256672
8,139,"[0, 3, 2, 3]",-53,NaN,0,NaN,0,3.05e-5,393664,3.05e-5,393664,1106.2952699661255,1496657168
8,140,"[0, 3, 1, 4]",-52,NaN,0,NaN,0,3.1167e-5,393664,3.1167e-5,393664,1106.2953040599823,1497057664
8,141,"[0, 3, 0, 5]",-51,NaN,0,NaN,0,3.1792e-5,393664,3.1792e-5,393664,1106.2953379154205,1497458160
8,142,"[0, 2, 6, 0]",-84,NaN,0,NaN,0,3.0792e-5,393664,3.0792e-5,393664,1106.2953720092773,1497858656
8,143,"[0, 2, 5, 1]",-83,NaN,0,NaN,0,3.15e-5,393664,3.15e-5,393664,1106.2954058647156,1498259152
8,144,"[0, 2, 4, 2]",-82,NaN,0,NaN,0,3.0875e-5,393664,3.0875e-5,393664,1106.2954399585724,1498659648
8,145,"[0, 2, 3, 3]",-81,NaN,0,NaN,0,3.0875e-5,393664,3.0875e-5,393664,1106.2954740524292,1499060144
8,146,"[0, 2, 2, 4]",-80,NaN,0,NaN,0,3.1834e-5,393664,3.1834e-5,393664,1106.2955079078674,1499460640
8,147,"[0, 2, 1, 5]",-79,NaN,0,NaN,0,3.0167e-5,393664,3.0167e-5,393664,1106.29554104805,1499861136
8,148,"[0, 2, 0, 6]",-78,NaN,0,NaN,0,3.1708e-5,393664,3.1708e-5,393664,1106.2955749034882,1500261632
8,149,"[0, 1, 7, 0]",-120,NaN,0,NaN,0,3.175e-5,393664,3.175e-5,393664,1106.2956099510193,1500662128
8,150,"[0, 1, 6, 1]",-119,NaN,0,NaN,0,3.0166e-5,393664,3.0166e-5,393664,1106.2956428527832,1501062624
8,151,"[0, 1, 5, 2]",-118,NaN,0,NaN,0,3.1125e-5,393664,3.1125e-5,393664,1106.29567694664,1501463120
8,152,"[0, 1, 4, 3]",-117,NaN,0,NaN,0,3.0084e-5,393664,3.0084e-5,393664,1106.2957088947296,1501863616
8,153,"[0, 1, 3, 4]",-116,NaN,0,NaN,0,3.2e-5,393664,3.2e-5,393664,1106.2957439422607,1502264112
8,154,"[0, 1, 2, 5]",-115,NaN,0,NaN,0,3.1625e-5,393664,3.1625e-5,393664,1106.2957789897919,1502664608
8,155,"[0, 1, 1, 6]",-114,NaN,0,NaN,0,3.0209e-5,393664,3.0209e-5,393664,1106.2958118915558,1503065104
8,156,"[0, 1, 0, 7]",-113,NaN,0,NaN,0,3.0958e-5,393664,3.0958e-5,393664,1106.2958459854126,1503465600
8,157,"[0, 0, 8, 0]",165,6.67e-7,0,0.141128458,345687184,NaN,0,0.14112912500000002,345687184,1106.4369750022888,1504170784
8,158,"[0, 0, 7, 1]",164,7.92e-7,0,0.219334375,349324832,NaN,0,0.219335167,349324832,1106.6563248634338,1575035008
8,159,"[0, 0, 6, 2]",163,8.33e-7,0,0.120761416,359269472,NaN,0,0.120762249,359269472,1106.777107000351,1934311328
8,160,"[0, 0, 5, 3]",162,8.75e-7,0,0.126417959,360858848,NaN,0,0.126418834,360858848,1106.9035429954529,1572091328
8,161,"[0, 0, 4, 4]",161,1.0e-6,0,0.133054083,1165390000,NaN,0,0.133055083,1165390000,1107.0366158485413,2189354880
8,162,"[0, 0, 3, 5]",-160,NaN,0,NaN,0,3.4e-5,393664,3.4e-5,393664,1107.0366678237915,2189755424
8,163,"[0, 0, 2, 6]",-159,NaN,0,NaN,0,3.1e-5,393664,3.1e-5,393664,1107.036703824997,2190155920
8,164,"[0, 0, 1, 7]",-158,NaN,0,NaN,0,3.1333e-5,393664,3.1333e-5,393664,1107.0367379188538,2190556400
8,165,"[0, 0, 0, 8]",-157,NaN,0,NaN,0,3.4792e-5,393664,3.4792e-5,393664,1107.0367758274078,2190956896
9,1,"[9, 0, 0, 0]",166,1.125e-6,0,0.179941875,359760992,NaN,0,0.179943,359760992,2600.970248937607,1590720976
9,2,"[8, 1, 0, 0]",121,5.83e-7,0,0.130106625,349373616,NaN,0,0.130107208,349373616,2601.100378036499,1365384048
9,3,"[8, 0, 1, 0]",168,9.58e-7,0,0.124995875,373245360,NaN,0,0.124996833,373245360,2601.2253909111023,1465249152
9,4,"[8, 0, 0, 1]",167,9.58e-7,0,0.138420916,345556144,NaN,0,0.138421874,345556144,2601.3638269901276,1365384400
9,5,"[7, 2, 0, 0]",85,4.17e-7,0,0.123944959,345556112,NaN,0,0.123945376,345556112,2601.4877910614014,1380507520
9,6,"[7, 1, 1, 0]",123,7.5e-7,0,0.225166333,345556144,NaN,0,0.225167083,345556144,2601.71297287941,1365382960
9,7,"[7, 1, 0, 1]",122,9.16e-7,0,0.128386666,373245024,NaN,0,0.128387582,373245024,2601.841392993927,1738634816
9,8,"[7, 0, 2, 0]",171,1.041e-6,0,0.136972208,432964784,NaN,0,0.13697324900000002,432964784,2601.9783878326416,1479722816
9,9,"[7, 0, 1, 1]",170,9.16e-7,0,0.126303917,373245312,NaN,0,0.12630483299999998,373245312,2602.1047129631042,1852974976
9,10,"[7, 0, 0, 2]",169,1.084e-6,0,0.131681667,373245152,NaN,0,0.13168275100000001,373245152,2602.236414909363,1450700688
9,11,"[6, 3, 0, 0]",57,3.75e-7,0,0.127508541,345556128,NaN,0,0.127508916,345556128,2602.363955974579,1436872944
9,12,"[6, 2, 1, 0]",87,1.209e-6,0,0.1310955,345556128,NaN,0,0.131096709,345556128,2602.4950709342957,1438635728
9,13,"[6, 2, 0, 1]",86,9.58e-7,0,0.144071792,359384176,NaN,0,0.14407275,359384176,2602.63916182518,1504318128
9,14,"[6, 1, 2, 0]",126,1.0e-6,0,0.212889,345556208,NaN,0,0.21289,345556208,2602.8520669937134,1571496032
9,15,"[6, 1, 1, 1]",125,1.0e-6,0,0.128396459,400934272,NaN,0,0.128397459,400934272,2602.9804830551147,1972437136
9,16,"[6, 1, 0, 2]",124,7.5e-7,0,0.12423725,359417056,NaN,0,0.12423799999999999,359417056,2603.104735851288,1582069424
9,17,"[6, 0, 3, 0]",175,1.125e-6,0,0.1245365,359384240,NaN,0,0.124537625,359384240,2603.2292909622192,1371141008
9,18,"[6, 0, 2, 1]",174,1.0e-6,0,0.122498041,345556128,NaN,0,0.122499041,345556128,2603.351809978485,1365383344
9,19,"[6, 0, 1, 2]",173,9.17e-7,0,0.130352542,345556080,NaN,0,0.13035345899999998,345556080,2603.4821820259094,1427297472
9,20,"[6, 0, 0, 3]",172,7.08e-7,0,0.130923791,359384176,NaN,0,0.130924499,359384176,2603.613121986389,1493012688
9,21,"[5, 4, 0, 0]",36,2.92e-7,0,0.483427875,586405504,NaN,0,0.483428167,586405504,2604.0965600013733,1662311376
9,22,"[5, 3, 1, 0]",59,1.292e-6,0,0.135338208,427492448,NaN,0,0.1353395,427492448,2604.231920003891,2089810672
9,23,"[5, 3, 0, 1]",58,1.042e-6,0,0.129875916,384304368,NaN,0,0.12987695800000001,384304368,2604.361815929413,1401477504
9,24,"[5, 2, 2, 0]",90,7.08e-7,0,0.1210675,369394832,NaN,0,0.121068208,369394832,2604.482899904251,1472555920
9,25,"[5, 2, 1, 1]",89,1.0e-6,0,0.124659042,345556144,NaN,0,0.124660042,345556144,2604.6075768470764,1372740320
9,26,"[5, 2, 0, 2]",88,9.58e-7,0,0.141335083,345556112,NaN,0,0.141336041,345556112,2604.7489309310913,1403297184
9,27,"[5, 1, 3, 0]",130,1.167e-6,0,0.220890291,345556416,NaN,0,0.22089145799999998,345556416,2604.9698388576508,1509685472
9,28,"[5, 1, 2, 1]",129,8.33e-7,0,0.123942583,400933984,NaN,0,0.123943416,400933984,2605.09379696846,1910626304
9,29,"[5, 1, 1, 2]",128,8.34e-7,0,0.127814334,359384304,NaN,0,0.127815168,359384304,2605.2216289043427,1369200416
9,30,"[5, 1, 0, 3]",127,7.92e-7,0,0.1288355,369394848,NaN,0,0.128836292,369394848,2605.3504779338837,1412065424
9,31,"[5, 0, 4, 0]",180,1.166e-6,0,0.125416167,345556128,NaN,0,0.125417333,345556128,2605.475909948349,1365383296
9,32,"[5, 0, 3, 1]",179,6.67e-7,0,0.122198125,345556080,NaN,0,0.122198792,345556080,2605.598124027252,1427281040
9,33,"[5, 0, 2, 2]",178,7.09e-7,0,0.231691958,359384560,NaN,0,0.231692667,359384560,2605.8298308849335,1431092880
9,34,"[5, 0, 1, 3]",177,7.5e-7,0,0.12365325,369394784,NaN,0,0.123654,369394784,2605.9534969329834,1800494512
9,35,"[5, 0, 0, 4]",176,9.16e-7,0,0.16379275,429311184,NaN,0,0.16379366599999998,429311184,2606.1173050403595,1456275888
9,36,"[4, 5, 0, 0]",-21,NaN,0,NaN,0,3.7292e-5,393664,3.7292e-5,393664,2606.1173639297485,1456676400
9,37,"[4, 4, 1, 0]",38,7.08e-7,0,0.152161875,359384224,NaN,0,0.152162583,359384224,2606.26952791214,1415237088
9,38,"[4, 4, 0, 1]",-37,NaN,0,NaN,0,3.5583e-5,393664,3.5583e-5,393664,2606.269583940506,1415637584
9,39,"[4, 3, 2, 0]",62,1.041e-6,0,0.120817708,369394832,NaN,0,0.12081874899999999,369394832,2606.390403985977,1480305344
9,40,"[4, 3, 1, 1]",61,1.042e-6,0,0.362677291,572577056,NaN,0,0.362678333,572577056,2606.753093957901,1562375824
9,41,"[4, 3, 0, 2]",60,8.75e-7,0,0.154464458,399836560,NaN,0,0.154465333,399836560,2606.9075739383698,1719342768
9,42,"[4, 2, 3, 0]",94,6.66e-7,0,0.220203167,370476240,NaN,0,0.22020383300000002,370476240,2607.127790927887,1772661936
9,43,"[4, 2, 2, 1]",93,8.33e-7,0,0.122877833,400917600,NaN,0,0.12287866600000001,400917600,2607.2506868839264,2173586384
9,44,"[4, 2, 1, 2]",92,1.0e-6,0,0.125208458,359384304,NaN,0,0.125209458,359384304,2607.3759150505066,1369200448
9,45,"[4, 2, 0, 3]",91,1.083e-6,0,0.384493708,640259344,NaN,0,0.384494791,640259344,2607.7604229450226,1547252960
9,46,"[4, 1, 4, 0]",135,1.292e-6,0,0.1457925,370476144,NaN,0,0.145793792,370476144,2607.9062349796295,1674876208
9,47,"[4, 1, 3, 1]",134,7.92e-7,0,0.135884875,448660880,NaN,0,0.135885667,448660880,2608.0421390533447,1804931392
9,48,"[4, 1, 2, 2]",133,8.75e-7,0,0.13194475,429311088,NaN,0,0.131945625,429311088,2608.1741008758545,1851264336
9,49,"[4, 1, 1, 3]",132,8.75e-7,0,0.230065292,399967536,NaN,0,0.23006616700000002,399967536,2608.4041800498962,1726768688
9,50,"[4, 1, 0, 4]",131,8.33e-7,0,0.122706,374408288,NaN,0,0.122706833,374408288,2608.5269000530243,2101183824
9,51,"[4, 0, 5, 0]",186,9.16e-7,0,0.135138083,428901552,NaN,0,0.13513899899999998,428901552,2608.662057876587,1472071616
9,52,"[4, 0, 4, 1]",185,1.0e-6,0,0.124084917,373212320,NaN,0,0.124085917,373212320,2608.7861609458923,1473930208
9,53,"[4, 0, 3, 2]",184,1.083e-6,0,0.126621875,345556416,NaN,0,0.126622958,345556416,2608.912801027298,1427264464
9,54,"[4, 0, 2, 3]",183,8.75e-7,0,0.123663208,349373600,NaN,0,0.123664083,349373600,2609.036484003067,1434621424
9,55,"[4, 0, 1, 4]",182,7.92e-7,0,0.124886,359384176,NaN,0,0.124886792,359384176,2609.161388874054,1515606592
9,56,"[4, 0, 0, 5]",181,8.34e-7,0,0.241085584,359384320,NaN,0,0.241086418,359384320,2609.4024908542633,1431010992
9,57,"[3, 6, 0, 0]",-11,NaN,0,NaN,0,3.7208e-5,393664,3.7208e-5,393664,2609.4025468826294,1431411504
9,58,"[3, 5, 1, 0]",-23,NaN,0,NaN,0,3.6125e-5,393664,3.6125e-5,393664,2609.4025869369507,1431812000
9,59,"[3, 5, 0, 1]",-22,NaN,0,NaN,0,3.3167e-5,393664,3.3167e-5,393664,2609.402622938156,1432212496
9,60,"[3, 4, 2, 0]",-41,NaN,0,NaN,0,3.4167e-5,393664,3.4167e-5,393664,2609.402659893036,1432612992
9,61,"[3, 4, 1, 1]",-40,NaN,0,NaN,0,3.2792e-5,393664,3.2792e-5,393664,2609.4026958942413,1433013488
9,62,"[3, 4, 0, 2]",-39,NaN,0,NaN,0,3.2291e-5,393664,3.2291e-5,393664,2609.4027309417725,1433413984
9,63,"[3, 3, 3, 0]",66,7.5e-7,0,0.32972375,624104656,NaN,0,0.3297245,624104656,2609.7324509620667,2057525472
9,64,"[3, 3, 2, 1]",65,9.17e-7,0,0.122871834,390743232,NaN,0,0.122872751,390743232,2609.855344057083,1776709552
9,65,"[3, 3, 1, 2]",-64,NaN,0,NaN,0,4.3459e-5,393664,4.3459e-5,393664,2609.855409860611,1777110064
9,66,"[3, 3, 0, 3]",-63,NaN,0,NaN,0,3.9625e-5,393664,3.9625e-5,393664,2609.855453014374,1777510560
9,67,"[3, 2, 4, 0]",99,9.58e-7,0,0.122575,345556432,NaN,0,0.122575958,345556432,2609.9780299663544,1380506640
9,68,"[3, 2, 3, 1]",98,9.58e-7,0,0.12098125,363201696,NaN,0,0.120982208,363201696,2610.099030017853,1401691696
9,69,"[3, 2, 2, 2]",97,7.5e-7,0,0.355758416,612619520,NaN,0,0.355759166,612619520,2610.454799890518,1582915936
9,70,"[3, 2, 1, 3]",96,9.16e-7,0,0.13320225,370476144,NaN,0,0.13320316599999998,370476144,2610.5880210399628,1712479664
9,71,"[3, 2, 0, 4]",95,8.33e-7,0,0.244069958,448660720,NaN,0,0.244070791,448660720,2610.8321058750153,1727479504
9,72,"[3, 1, 5, 0]",141,8.75e-7,0,0.127646959,429311072,NaN,0,0.12764783400000002,429311072,2610.9597709178925,2156797424
9,73,"[3, 1, 4, 1]",140,9.58e-7,0,0.127404208,459376080,NaN,0,0.127405166,459376080,2611.087193965912,1506346864
9,74,"[3, 1, 3, 2]",139,6.67e-7,0,0.123746708,370590880,NaN,0,0.12374737499999999,370590880,2611.2109570503235,1478910864
9,75,"[3, 1, 2, 3]",138,9.58e-7,0,0.126059833,355566752,NaN,0,0.126060791,355566752,2611.3370368480682,1433005952
9,76,"[3, 1, 1, 4]",137,9.58e-7,0,0.35848125,657626384,NaN,0,0.35848220799999997,657626384,2611.6955330371857,1618351648
9,77,"[3, 1, 0, 5]",136,1.166e-6,0,0.150027833,355566704,NaN,0,0.150028999,355566704,2611.8455860614777,1722978800
9,78,"[3, 0, 6, 0]",193,9.17e-7,0,0.231128209,399836400,NaN,0,0.231129126,399836400,2612.076730966568,1832886368
9,79,"[3, 0, 5, 1]",192,3.542e-6,0,0.125847083,425805264,NaN,0,0.125850625,425805264,2612.2026019096375,1435077472
9,80,"[3, 0, 4, 2]",191,7.5e-7,0,0.126824041,359384224,NaN,0,0.126824791,359384224,2612.329445838928,1400130368
9,81,"[3, 0, 3, 3]",190,9.16e-7,0,0.121885416,359384208,NaN,0,0.121886332,359384208,2612.4513499736786,1455220768
9,82,"[3, 0, 2, 4]",189,9.58e-7,0,0.125331,345556144,NaN,0,0.125331958,345556144,2612.5766978263855,1365383088
9,83,"[3, 0, 1, 5]",188,7.91e-7,0,0.227271917,345556128,NaN,0,0.227272708,345556128,2612.803983926773,1365382896
9,84,"[3, 0, 0, 6]",187,7.5e-7,0,0.355357209,667931856,NaN,0,0.355357959,667931856,2613.15935087204,2033321600
9,85,"[2, 7, 0, 0]",-5,NaN,0,NaN,0,4.5958e-5,393664,4.5958e-5,393664,2613.1594200134277,2033722096
9,86,"[2, 6, 1, 0]",-13,NaN,0,NaN,0,3.9167e-5,393664,3.9167e-5,393664,2613.159462928772,2034122592
9,87,"[2, 6, 0, 1]",-12,NaN,0,NaN,0,4.5083e-5,393664,4.5083e-5,393664,2613.1595108509064,2034523088
9,88,"[2, 5, 2, 0]",-26,NaN,0,NaN,0,4.1083e-5,393664,4.1083e-5,393664,2613.1595549583435,2034923584
9,89,"[2, 5, 1, 1]",-25,NaN,0,NaN,0,4.7625e-5,393664,4.7625e-5,393664,2613.1596059799194,2035324080
9,90,"[2, 5, 0, 2]",-24,NaN,0,NaN,0,4.1458e-5,393664,4.1458e-5,393664,2613.159649848938,2035724576
9,91,"[2, 4, 3, 0]",-45,NaN,0,NaN,0,3.9208e-5,393664,3.9208e-5,393664,2613.1596920490265,2036125072
9,92,"[2, 4, 2, 1]",-44,NaN,0,NaN,0,4.4542e-5,393664,4.4542e-5,393664,2613.1597390174866,2036525568
9,93,"[2, 4, 1, 2]",-43,NaN,0,NaN,0,4.0792e-5,393664,4.0792e-5,393664,2613.159781932831,2036926064
9,94,"[2, 4, 0, 3]",-42,NaN,0,NaN,0,3.975e-5,393664,3.975e-5,393664,2613.159824848175,2037326560
9,95,"[2, 3, 4, 0]",-71,NaN,0,NaN,0,4.1125e-5,393664,4.1125e-5,393664,2613.159868955612,2037727056
9,96,"[2, 3, 3, 1]",-70,NaN,0,NaN,0,5.6375e-5,393664,5.6375e-5,393664,2613.159927845001,2038127552
9,97,"[2, 3, 2, 2]",-69,NaN,0,NaN,0,6.775e-5,393664,6.775e-5,393664,2613.1599979400635,2038528048
9,98,"[2, 3, 1, 3]",-68,NaN,0,NaN,0,6.5875e-5,393664,6.5875e-5,393664,2613.160066843033,2038928544
9,99,"[2, 3, 0, 4]",-67,NaN,0,NaN,0,3.8541e-5,393664,3.8541e-5,393664,2613.1601078510284,2039329040
9,100,"[2, 2, 5, 0]",105,8.33e-7,0,0.142283917,387958240,NaN,0,0.14228475000000002,387958240,2613.3023929595947,1832941776
9,101,"[2, 2, 4, 1]",104,8.75e-7,0,0.383587917,708465952,NaN,0,0.383588792,708465952,2613.685991048813,1574263792
9,102,"[2, 2, 3, 2]",103,8.75e-7,0,0.14175575,370476144,NaN,0,0.14175662500000002,370476144,2613.827766895294,1703794752
9,103,"[2, 2, 2, 3]",-102,NaN,0,NaN,0,4.1167e-5,393664,4.1167e-5,393664,2613.827826976776,1704195264
9,104,"[2, 2, 1, 4]",-101,NaN,0,NaN,0,4.3e-5,393664,4.3e-5,393664,2613.827872991562,1704595760
9,105,"[2, 2, 0, 5]",-100,NaN,0,NaN,0,5.8792e-5,393664,5.8792e-5,393664,2613.8279359340668,1704996240
9,106,"[2, 1, 6, 0]",148,8.34e-7,0,0.136675834,434832496,NaN,0,0.136676668,434832496,2613.9646179676056,1829966928
9,107,"[2, 1, 5, 1]",147,7.92e-7,0,0.165470458,419300464,NaN,0,0.16547125,419300464,2614.1301050186157,1866321488
9,108,"[2, 1, 4, 2]",146,1.084e-6,0,0.219478167,383386928,NaN,0,0.21947925100000001,383386928,2614.349599838257,1847415888
9,109,"[2, 1, 3, 3]",145,1.208e-6,0,0.383960167,720934464,NaN,0,0.383961375,720934464,2614.7335748672485,1667033040
9,110,"[2, 1, 2, 4]",144,1.042e-6,0,0.146568542,346752112,NaN,0,0.146569584,346752112,2614.8801629543304,1649693680
9,111,"[2, 1, 1, 5]",143,7.5e-7,0,0.130364792,417481888,NaN,0,0.130365542,417481888,2615.0105440616608,1723962896
9,112,"[2, 1, 0, 6]",142,8.75e-7,0,0.373384042,614094080,NaN,0,0.37338491700000004,614094080,2615.383941888809,1894364480
9,113,"[2, 0, 7, 0]",201,1.375e-6,0,0.141581875,370476144,NaN,0,0.14158325,370476144,2615.525545835495,1980503504
9,114,"[2, 0, 6, 1]",200,8.33e-7,0,0.246570625,455935248,NaN,0,0.246571458,455935248,2615.772131919861,1969140352
9,115,"[2, 0, 5, 2]",199,9.17e-7,0,0.12575175,429229440,NaN,0,0.12575266699999998,429229440,2615.897901058197,2398376640
9,116,"[2, 0, 4, 3]",198,1.25e-6,0,0.133654291,459703472,NaN,0,0.13365554100000002,459703472,2616.0315759181976,1509689248
9,117,"[2, 0, 3, 4]",197,8.33e-7,0,0.12024125,370394256,NaN,0,0.120242083,370394256,2616.151834964752,1535222880
9,118,"[2, 0, 2, 5]",196,9.17e-7,0,0.334008708,595842336,NaN,0,0.334009625,595842336,2616.486738920212,1616048176
9,119,"[2, 0, 1, 6]",195,1.0e-6,0,0.123424583,369181808,NaN,0,0.123425583,369181808,2616.610184907913,1732644992
9,120,"[2, 0, 0, 7]",194,7.08e-7,0,0.137857375,355435664,NaN,0,0.137858083,355435664,2616.748059988022,1734054528
9,121,"[1, 8, 0, 0]",-2,NaN,0,NaN,0,5.2584e-5,393664,5.2584e-5,393664,2616.7481338977814,1734455040
9,122,"[1, 7, 1, 0]",-7,NaN,0,NaN,0,4.3209e-5,393664,4.3209e-5,393664,2616.7481808662415,1734855536
9,123,"[1, 7, 0, 1]",-6,NaN,0,NaN,0,4.6291e-5,393664,4.6291e-5,393664,2616.7482299804688,1735256032
9,124,"[1, 6, 2, 0]",-16,NaN,0,NaN,0,4.35e-5,393664,4.35e-5,393664,2616.7482759952545,1735656528
9,125,"[1, 6, 1, 1]",-15,NaN,0,NaN,0,4.5584e-5,393664,4.5584e-5,393664,2616.7483248710632,1736057024
9,126,"[1, 6, 0, 2]",-14,NaN,0,NaN,0,4.0667e-5,393664,4.0667e-5,393664,2616.748368024826,1736457520
9,127,"[1, 5, 3, 0]",-30,NaN,0,NaN,0,4.8209e-5,393664,4.8209e-5,393664,2616.748419046402,1736858016
9,128,"[1, 5, 2, 1]",-29,NaN,0,NaN,0,4.15e-5,393664,4.15e-5,393664,2616.7484629154205,1737258512
9,129,"[1, 5, 1, 2]",-28,NaN,0,NaN,0,4.5416e-5,393664,4.5416e-5,393664,2616.748510837555,1737659008
9,130,"[1, 5, 0, 3]",-27,NaN,0,NaN,0,5.0125e-5,393664,5.0125e-5,393664,2616.748564004898,1738059504
9,131,"[1, 4, 4, 0]",-50,NaN,0,NaN,0,4.2292e-5,393664,4.2292e-5,393664,2616.748608827591,1738460000
9,132,"[1, 4, 3, 1]",-49,NaN,0,NaN,0,4.2167e-5,393664,4.2167e-5,393664,2616.748652935028,1738860496
9,133,"[1, 4, 2, 2]",-48,NaN,0,NaN,0,4.8208e-5,393664,4.8208e-5,393664,2616.748703956604,1739260992
9,134,"[1, 4, 1, 3]",-47,NaN,0,NaN,0,4.3959e-5,393664,4.3959e-5,393664,2616.7487499713898,1739661488
9,135,"[1, 4, 0, 4]",-46,NaN,0,NaN,0,4.2834e-5,393664,4.2834e-5,393664,2616.7487959861755,1740061984
9,136,"[1, 3, 5, 0]",-77,NaN,0,NaN,0,4.1458e-5,393664,4.1458e-5,393664,2616.748839855194,1740462480
9,137,"[1, 3, 4, 1]",-76,NaN,0,NaN,0,4.0958e-5,393664,4.0958e-5,393664,2616.748883962631,1740862976
9,138,"[1, 3, 3, 2]",-75,NaN,0,NaN,0,4.2708e-5,393664,4.2708e-5,393664,2616.7489290237427,1741263472
9,139,"[1, 3, 2, 3]",-74,NaN,0,NaN,0,4.975e-5,393664,4.975e-5,393664,2616.7489819526672,1741663968
9,140,"[1, 3, 1, 4]",-73,NaN,0,NaN,0,7.2208e-5,393664,7.2208e-5,393664,2616.7490558624268,1742064464
9,141,"[1, 3, 0, 5]",-72,NaN,0,NaN,0,7.0875e-5,393664,7.0875e-5,393664,2616.749130010605,1742464960
9,142,"[1, 2, 6, 0]",-112,NaN,0,NaN,0,6.9542e-5,393664,6.9542e-5,393664,2616.7492020130157,1742865456
9,143,"[1, 2, 5, 1]",-111,NaN,0,NaN,0,6.7583e-5,393664,6.7583e-5,393664,2616.7492718696594,1743265952
9,144,"[1, 2, 4, 2]",-110,NaN,0,NaN,0,4.5458e-5,393664,4.5458e-5,393664,2616.7493200302124,1743666448
9,145,"[1, 2, 3, 3]",-109,NaN,0,NaN,0,4.4375e-5,393664,4.4375e-5,393664,2616.7493669986725,1744066944
9,146,"[1, 2, 2, 4]",-108,NaN,0,NaN,0,4.325e-5,393664,4.325e-5,393664,2616.7494130134583,1744467440
9,147,"[1, 2, 1, 5]",-107,NaN,0,NaN,0,6.5125e-5,393664,6.5125e-5,393664,2616.7494809627533,1744867936
9,148,"[1, 2, 0, 6]",-106,NaN,0,NaN,0,6.3708e-5,393664,6.3708e-5,393664,2616.7495470046997,1745268432
9,149,"[1, 1, 7, 0]",156,1.0e-6,0,0.233310333,345556512,NaN,0,0.233311333,345556512,2616.9828560352325,1778163840
9,150,"[1, 1, 6, 1]",155,1.041e-6,0,0.122835791,400393392,NaN,0,0.12283683199999999,400393392,2617.105715036392,1409862880
9,151,"[1, 1, 5, 2]",154,7.92e-7,0,0.340469416,613340432,NaN,0,0.34047020800000005,613340432,2617.446193933487,1591372032
9,152,"[1, 1, 4, 3]",153,1.125e-6,0,0.121592125,345556080,NaN,0,0.12159325,345556080,2617.5678050518036,1648170304
9,153,"[1, 1, 3, 4]",-152,NaN,0,NaN,0,4.1708e-5,393664,4.1708e-5,393664,2617.567864894867,1648570816
9,154,"[1, 1, 2, 5]",-151,NaN,0,NaN,0,4.1667e-5,393664,4.1667e-5,393664,2617.5679109096527,1648971312
9,155,"[1, 1, 1, 6]",-150,NaN,0,NaN,0,3.8916e-5,393664,3.8916e-5,393664,2617.5679528713226,1649371808
9,156,"[1, 1, 0, 7]",-149,NaN,0,NaN,0,4.425e-5,393664,4.425e-5,393664,2617.5679998397827,1649772304
9,157,"[1, 0, 8, 0]",210,7.09e-7,0,0.121765167,345556128,NaN,0,0.121765876,345556128,2617.689765930176,1655527264
9,158,"[1, 0, 7, 1]",209,7.5e-7,0,0.160996542,345556080,NaN,0,0.160997292,345556080,2617.850777864456,1717358960
9,159,"[1, 0, 6, 2]",208,9.58e-7,0,0.225758,345556496,NaN,0,0.22575895799999998,345556496,2618.0765550136566,1778442336
9,160,"[1, 0, 5, 3]",207,1.042e-6,0,0.164003583,400376928,NaN,0,0.16400462500000001,400376928,2618.2405738830566,2178826112
9,161,"[1, 0, 4, 4]",206,7.91e-7,0,0.3774025,688543072,NaN,0,0.377403291,688543072,2618.61798787117,1635808176
9,162,"[1, 0, 3, 5]",205,1.125e-6,0,0.134591958,345556080,NaN,0,0.134593083,345556080,2618.7526009082794,1650241536
9,163,"[1, 0, 2, 6]",204,9.17e-7,0,0.135673042,399836320,NaN,0,0.13567395899999998,399836320,2618.888293981552,1709938208
9,164,"[1, 0, 1, 7]",203,8.33e-7,0,0.485498083,627791168,NaN,0,0.485498916,627791168,2619.3738029003143,1857706704
9,165,"[1, 0, 0, 8]",202,1.0e-6,0,0.1328665,397870464,NaN,0,0.1328675,397870464,2619.506690979004,2255584016
9,166,"[0, 9, 0, 0]",-1,NaN,0,NaN,0,4.5334e-5,393664,4.5334e-5,393664,2619.5067579746246,2255984512
9,167,"[0, 8, 1, 0]",-4,NaN,0,NaN,0,5.0459e-5,393664,5.0459e-5,393664,2619.5068130493164,2256385008
9,168,"[0, 8, 0, 1]",-3,NaN,0,NaN,0,3.8e-5,393664,3.8e-5,393664,2619.506854057312,2256785504
9,169,"[0, 7, 2, 0]",-10,NaN,0,NaN,0,4.0416e-5,393664,4.0416e-5,393664,2619.5068969726562,2257185984
9,170,"[0, 7, 1, 1]",-9,NaN,0,NaN,0,4.4583e-5,393664,4.4583e-5,393664,2619.5069439411163,2257586480
9,171,"[0, 7, 0, 2]",-8,NaN,0,NaN,0,4.3166e-5,393664,4.3166e-5,393664,2619.506989955902,2257986976
9,172,"[0, 6, 3, 0]",-20,NaN,0,NaN,0,4.125e-5,393664,4.125e-5,393664,2619.5070350170135,2258387472
9,173,"[0, 6, 2, 1]",-19,NaN,0,NaN,0,3.9708e-5,393664,3.9708e-5,393664,2619.507077932358,2258787968
9,174,"[0, 6, 1, 2]",-18,NaN,0,NaN,0,3.7625e-5,393664,3.7625e-5,393664,2619.507117986679,2259188464
9,175,"[0, 6, 0, 3]",-17,NaN,0,NaN,0,3.9958e-5,393664,3.9958e-5,393664,2619.507159948349,2259588960
9,176,"[0, 5, 4, 0]",-35,NaN,0,NaN,0,3.9041e-5,393664,3.9041e-5,393664,2619.507201910019,2259989456
9,177,"[0, 5, 3, 1]",-34,NaN,0,NaN,0,4.55e-5,393664,4.55e-5,393664,2619.507251024246,2260389952
9,178,"[0, 5, 2, 2]",-33,NaN,0,NaN,0,4.3417e-5,393664,4.3417e-5,393664,2619.507297039032,2260790448
9,179,"[0, 5, 1, 3]",-32,NaN,0,NaN,0,3.8083e-5,393664,3.8083e-5,393664,2619.5073380470276,2261190944
9,180,"[0, 5, 0, 4]",-31,NaN,0,NaN,0,4.0875e-5,393664,4.0875e-5,393664,2619.507380962372,2261591440
9,181,"[0, 4, 5, 0]",-56,NaN,0,NaN,0,4.05e-5,393664,4.05e-5,393664,2619.507423877716,2261991936
9,182,"[0, 4, 4, 1]",-55,NaN,0,NaN,0,4.0375e-5,393664,4.0375e-5,393664,2619.507467985153,2262392432
9,183,"[0, 4, 3, 2]",-54,NaN,0,NaN,0,4.3459e-5,393664,4.3459e-5,393664,2619.507513999939,2262792928
9,184,"[0, 4, 2, 3]",-53,NaN,0,NaN,0,3.85e-5,393664,3.85e-5,393664,2619.5075550079346,2263193424
9,185,"[0, 4, 1, 4]",-52,NaN,0,NaN,0,4.325e-5,393664,4.325e-5,393664,2619.5076010227203,2263593920
9,186,"[0, 4, 0, 5]",-51,NaN,0,NaN,0,4.15e-5,393664,4.15e-5,393664,2619.507644891739,2263994416
9,187,"[0, 3, 6, 0]",-84,NaN,0,NaN,0,3.9875e-5,393664,3.9875e-5,393664,2619.5076880455017,2264394912
9,188,"[0, 3, 5, 1]",-83,NaN,0,NaN,0,4.875e-5,393664,4.875e-5,393664,2619.5077619552612,2264795408
9,189,"[0, 3, 4, 2]",-82,NaN,0,NaN,0,4.3708e-5,393664,4.3708e-5,393664,2619.5078089237213,2265195904
9,190,"[0, 3, 3, 3]",-81,NaN,0,NaN,0,3.975e-5,393664,3.975e-5,393664,2619.5078518390656,2265596400
9,191,"[0, 3, 2, 4]",-80,NaN,0,NaN,0,4.3416e-5,393664,4.3416e-5,393664,2619.5078978538513,2265996896
9,192,"[0, 3, 1, 5]",-79,NaN,0,NaN,0,4.5125e-5,393664,4.5125e-5,393664,2619.5079469680786,2266397392
9,193,"[0, 3, 0, 6]",-78,NaN,0,NaN,0,4.0584e-5,393664,4.0584e-5,393664,2619.507989883423,2266797888
9,194,"[0, 2, 7, 0]",-120,NaN,0,NaN,0,4.2584e-5,393664,4.2584e-5,393664,2619.5080349445343,2267198384
9,195,"[0, 2, 6, 1]",-119,NaN,0,NaN,0,3.9708e-5,393664,3.9708e-5,393664,2619.5080778598785,2267598880
9,196,"[0, 2, 5, 2]",-118,NaN,0,NaN,0,5.8375e-5,393664,5.8375e-5,393664,2619.508138895035,2267999376
9,197,"[0, 2, 4, 3]",-117,NaN,0,NaN,0,6.9625e-5,393664,6.9625e-5,393664,2619.5082108974457,2268399872
9,198,"[0, 2, 3, 4]",-116,NaN,0,NaN,0,6.4709e-5,393664,6.4709e-5,393664,2619.5082788467407,2268800368
9,199,"[0, 2, 2, 5]",-115,NaN,0,NaN,0,6.9208e-5,393664,6.9208e-5,393664,2619.5083508491516,2269200864
9,200,"[0, 2, 1, 6]",-114,NaN,0,NaN,0,6.3292e-5,393664,6.3292e-5,393664,2619.508416891098,2269601360
9,201,"[0, 2, 0, 7]",-113,NaN,0,NaN,0,6.4458e-5,393664,6.4458e-5,393664,2619.5084838867188,2270001856
9,202,"[0, 1, 8, 0]",-165,NaN,0,NaN,0,4.875e-5,393664,4.875e-5,393664,2619.5085349082947,2270402352
9,203,"[0, 1, 7, 1]",-164,NaN,0,NaN,0,4.0792e-5,393664,4.0792e-5,393664,2619.508579015732,2270802848
9,204,"[0, 1, 6, 2]",-163,NaN,0,NaN,0,4.225e-5,393664,4.225e-5,393664,2619.5086238384247,2271203344
9,205,"[0, 1, 5, 3]",-162,NaN,0,NaN,0,6.3083e-5,393664,6.3083e-5,393664,2619.508689880371,2271603840
9,206,"[0, 1, 4, 4]",-161,NaN,0,NaN,0,6.1667e-5,393664,6.1667e-5,393664,2619.508754968643,2272004336
9,207,"[0, 1, 3, 5]",-160,NaN,0,NaN,0,6.3875e-5,393664,6.3875e-5,393664,2619.5088210105896,2272404832
9,208,"[0, 1, 2, 6]",-159,NaN,0,NaN,0,6.4333e-5,393664,6.4333e-5,393664,2619.5088880062103,2272805328
9,209,"[0, 1, 1, 7]",-158,NaN,0,NaN,0,5.425e-5,393664,5.425e-5,393664,2619.5089449882507,2273205824
9,210,"[0, 1, 0, 8]",-157,NaN,0,NaN,0,4.1542e-5,393664,4.1542e-5,393664,2619.508990049362,2273606320
9,211,"[0, 0, 9, 0]",220,8.33e-7,0,0.13382925,517702816,NaN,0,0.13383008300000002,517702816,2619.642819881439,1838818496
9,212,"[0, 0, 8, 1]",219,8.33e-7,0,0.131622,419169456,NaN,0,0.131622833,419169456,2619.7744619846344,1713674000
9,213,"[0, 0, 7, 2]",218,7.92e-7,0,0.12445575,403506336,NaN,0,0.124456542,403506336,2619.898934841156,1694193776
9,214,"[0, 0, 6, 3]",217,8.34e-7,0,0.357974459,651056384,NaN,0,0.357975293,651056384,2620.2569229602814,1844632416
9,215,"[0, 0, 5, 4]",216,9.58e-7,0,0.126737917,360449136,NaN,0,0.126738875,360449136,2620.3836810588837,1954486192
9,216,"[0, 0, 4, 5]",-215,NaN,0,NaN,0,4.0459e-5,393664,4.0459e-5,393664,2620.383740901947,1954886704
9,217,"[0, 0, 3, 6]",-214,NaN,0,NaN,0,4.7834e-5,393664,4.7834e-5,393664,2620.3838000297546,1955287200
9,218,"[0, 0, 2, 7]",-213,NaN,0,NaN,0,4.3542e-5,393664,4.3542e-5,393664,2620.3838469982147,1955687696
9,219,"[0, 0, 1, 8]",-212,NaN,0,NaN,0,3.8416e-5,393664,3.8416e-5,393664,2620.3838880062103,1956088192
9,220,"[0, 0, 0, 9]",-211,NaN,0,NaN,0,4.0084e-5,393664,4.0084e-5,393664,2620.3839309215546,1956488688
10,1,"[10, 0, 0, 0]",221,6.25e-7,0,0.179275459,371475568,NaN,0,0.179276084,371475568,5959.5198838710785,1365405200
10,2,"[9, 1, 0, 0]",166,3.33e-7,0,0.223537208,389498000,NaN,0,0.22353754099999998,389498000,5959.743438959122,1583694112
10,3,"[9, 0, 1, 0]",223,8.75e-7,0,0.145243541,359957600,NaN,0,0.14524441600000002,359957600,5959.888700962067,1943658560
10,4,"[9, 0, 0, 1]",222,9.17e-7,0,0.142097417,355435744,NaN,0,0.142098334,355435744,5960.030820846558,1550429424
10,5,"[8, 2, 0, 0]",121,4.16e-7,0,0.130732958,355435680,NaN,0,0.130733374,355435680,5960.161571025848,1519532288
10,6,"[8, 1, 1, 0]",168,9.58e-7,0,0.1309115,355435968,NaN,0,0.13091245799999998,355435968,5960.292502880096,1420342256
10,7,"[8, 1, 0, 1]",167,9.58e-7,0,0.128187416,355435696,NaN,0,0.128188374,355435696,5960.420709848404,1365383280
10,8,"[8, 0, 2, 0]",226,7.92e-7,0,0.127576792,355435664,NaN,0,0.127577584,355435664,5960.54830288887,1372838624
10,9,"[8, 0, 1, 1]",225,7.5e-7,0,0.136748208,355435632,NaN,0,0.136748958,355435632,5960.685068845749,1434703568
10,10,"[8, 0, 0, 2]",224,8.75e-7,0,0.212209875,355435728,NaN,0,0.21221075,355435728,5960.897295951843,1550462128
10,11,"[7, 3, 0, 0]",85,3.34e-7,0,0.129590209,355435616,NaN,0,0.129590543,355435616,5961.026906967163,1905904592
10,12,"[7, 2, 1, 0]",123,9.59e-7,0,0.135798125,384583168,NaN,0,0.135799084,384583168,5961.162729978561,1550429488
10,13,"[7, 2, 0, 1]",122,9.17e-7,0,0.124655708,355435696,NaN,0,0.12465662500000001,355435696,5961.287405014038,1365382992
10,14,"[7, 1, 2, 0]",171,1.083e-6,0,0.123041625,355435680,NaN,0,0.123042708,355435680,5961.410462856293,1396280448
10,15,"[7, 1, 1, 1]",170,8.34e-7,0,0.122000708,355435632,NaN,0,0.122001542,355435632,5961.532480955124,1427264704
10,16,"[7, 1, 0, 2]",169,7.5e-7,0,0.123917833,355435632,NaN,0,0.123918583,355435632,5961.6564128398895,1489129680
10,17,"[7, 0, 3, 0]",230,9.17e-7,0,0.229987791,355435776,NaN,0,0.229988708,355435776,5961.8864159584045,1427226288
10,18,"[7, 0, 2, 1]",229,8.75e-7,0,0.127451458,355435904,NaN,0,0.127452333,355435904,5962.013881921768,1782669040
10,19,"[7, 0, 1, 2]",228,9.59e-7,0,0.124371667,398214240,NaN,0,0.124372626,398214240,5962.138272047043,2180890128
10,20,"[7, 0, 0, 3]",227,8.33e-7,0,0.129503917,355435792,NaN,0,0.12950475,355435792,5962.267791032791,1380506144
10,21,"[6, 4, 0, 0]",57,3.75e-7,0,0.120274666,355435680,NaN,0,0.120275041,355435680,5962.388082027435,1413376912
10,22,"[6, 3, 1, 0]",87,8.33e-7,0,0.126276708,355435680,NaN,0,0.126277541,355435680,5962.514372825623,1380506496
10,23,"[6, 3, 0, 1]",86,7.08e-7,0,0.143077291,355435632,NaN,0,0.14307799899999998,355435632,5962.657467842102,1442355088
10,24,"[6, 2, 2, 0]",126,8.33e-7,0,0.231792166,355436032,NaN,0,0.231792999,355436032,5962.889276027679,1427160752
10,25,"[6, 2, 1, 1]",125,6.67e-7,0,0.121541583,355435616,NaN,0,0.12154224999999999,355435616,5963.010833024979,1782603216
10,26,"[6, 2, 0, 2]",124,1.042e-6,0,0.123194666,398197856,NaN,0,0.123195708,398197856,5963.134047031403,2180807920
10,27,"[6, 1, 3, 0]",175,8.34e-7,0,0.126340834,355435792,NaN,0,0.12634166800000002,355435792,5963.2604060173035,1380506144
10,28,"[6, 1, 2, 1]",174,8.75e-7,0,0.12108775,355435680,NaN,0,0.12108862499999999,355435680,5963.381511926651,1413360528
10,29,"[6, 1, 1, 2]",173,1.166e-6,0,0.120352041,355435680,NaN,0,0.120353207,355435680,5963.5018808841705,1380506496
10,30,"[6, 1, 0, 3]",172,6.25e-7,0,0.129341875,355435920,NaN,0,0.1293425,355435920,5963.631237030029,1442371472
10,31,"[6, 0, 4, 0]",235,6.66e-7,0,0.228405791,355435744,NaN,0,0.228406457,355435744,5963.859657049179,1427209904
10,32,"[6, 0, 3, 1]",234,7.09e-7,0,0.1218725,355435616,NaN,0,0.121873209,355435616,5963.981547832489,1782652368
10,33,"[6, 0, 2, 2]",233,1.041e-6,0,0.123897667,398197856,NaN,0,0.123898708,398197856,5964.105463027954,2180857072
10,34,"[6, 0, 1, 3]",232,1.0e-6,0,0.127860334,355435792,NaN,0,0.127861334,355435792,5964.233341932297,1380506368
10,35,"[6, 0, 0, 4]",231,9.58e-7,0,0.122303083,355435680,NaN,0,0.122304041,355435680,5964.355667829514,1413393520
10,36,"[5, 5, 0, 0]",36,2.5e-7,0,0.122622458,355435968,NaN,0,0.122622708,355435968,5964.478307962418,1380506720
10,37,"[5, 4, 1, 0]",59,7.92e-7,0,0.123306417,355435632,NaN,0,0.123307209,355435632,5964.6016318798065,1442158704
10,38,"[5, 4, 0, 1]",58,8.75e-7,0,0.230546708,355435744,NaN,0,0.230547583,355435744,5964.832192897797,1427013296
10,39,"[5, 3, 2, 0]",90,1.084e-6,0,0.122801917,355402848,NaN,0,0.122803001,355402848,5964.955013036728,1782422992
10,40,"[5, 3, 1, 1]",89,7.92e-7,0,0.123509583,398001248,NaN,0,0.123510375,398001248,5965.078538894653,2180431088
10,41,"[5, 3, 0, 2]",88,1.0e-6,0,0.134822417,355403024,NaN,0,0.134823417,355403024,5965.213377952576,1380506144
10,42,"[5, 2, 3, 0]",130,6.67e-7,0,0.131817334,355403200,NaN,0,0.13181800100000002,355403200,5965.34520983696,1413360528
10,43,"[5, 2, 2, 1]",129,9.17e-7,0,0.126772125,355402912,NaN,0,0.126773042,355402912,5965.472002029419,1380506496
10,44,"[5, 2, 1, 2]",128,7.92e-7,0,0.1231315,355402864,NaN,0,0.123132292,355402864,5965.595151901245,1442387856
10,45,"[5, 2, 0, 3]",127,7.91e-7,0,0.227550667,355402976,NaN,0,0.227551458,355402976,5965.822715997696,1427226288
10,46,"[5, 1, 4, 0]",180,7.5e-7,0,0.122162792,355402848,NaN,0,0.122163542,355402848,5965.9448919296265,1782635984
10,47,"[5, 1, 3, 1]",179,6.66e-7,0,0.123048625,397984864,NaN,0,0.12304929099999999,397984864,5966.06795501709,2180627696
10,48,"[5, 1, 2, 2]",178,9.59e-7,0,0.125740959,355403312,NaN,0,0.125741918,355403312,5966.193714857101,1380506144
10,49,"[5, 1, 1, 3]",177,9.58e-7,0,0.121086833,355402896,NaN,0,0.121087791,355402896,5966.314822912216,1413360512
10,50,"[5, 1, 0, 4]",176,9.17e-7,0,0.122248459,355402928,NaN,0,0.122249376,355402928,5966.437089920044,1380506496
10,51,"[5, 0, 5, 0]",241,8.75e-7,0,0.123476375,355402864,NaN,0,0.12347725,355402864,5966.560581922531,1442371472
10,52,"[5, 0, 4, 1]",240,7.91e-7,0,0.120829875,355402864,NaN,0,0.120830666,355402864,5966.681429862976,1504285600
10,53,"[5, 0, 3, 2]",239,6.25e-7,0,0.228303375,355403008,NaN,0,0.228304,355403008,5966.909744024277,1482185936
10,54,"[5, 0, 2, 3]",238,1.041e-6,0,0.12191125,355403136,NaN,0,0.12191229099999999,355403136,5967.031674861908,1837595904
10,55,"[5, 0, 1, 4]",237,7.09e-7,0,0.127522,383976672,NaN,0,0.12752270899999998,383976672,5967.1592128276825,1537419184
10,56,"[5, 0, 0, 5]",236,9.59e-7,0,0.129125542,355402928,NaN,0,0.129126501,355402928,5967.288357019424,1372739984
10,57,"[4, 6, 0, 0]",-21,NaN,0,NaN,0,4.5625e-5,393664,4.5625e-5,393664,5967.288420915604,1373140496
10,58,"[4, 5, 1, 0]",-38,NaN,0,NaN,0,3.4709e-5,393664,3.4709e-5,393664,5967.288458824158,1373540992
10,59,"[4, 5, 0, 1]",-37,NaN,0,NaN,0,3.3334e-5,393664,3.3334e-5,393664,5967.288496017456,1373941488
10,60,"[4, 4, 2, 0]",62,6.25e-7,0,0.123211333,355402912,NaN,0,0.12321195800000001,355402912,5967.411707878113,1411010432
10,61,"[4, 4, 1, 1]",61,9.16e-7,0,0.1200745,355402864,NaN,0,0.120075416,355402864,5967.531800031662,1441945536
10,62,"[4, 4, 0, 2]",-60,NaN,0,NaN,0,4.1917e-5,393664,4.1917e-5,393664,5967.531858921051,1442346032
10,63,"[4, 3, 3, 0]",94,7.5e-7,0,0.137877917,355402864,NaN,0,0.13787866699999998,355402864,5967.66973900795,1503548240
10,64,"[4, 3, 2, 1]",93,1.125e-6,0,0.218008833,355354128,NaN,0,0.218009958,355354128,5967.887765884399,1580998752
10,65,"[4, 3, 1, 2]",92,1.167e-6,0,0.120121916,355353696,NaN,0,0.12012308299999999,355353696,5968.007906913757,1936359296
10,66,"[4, 3, 0, 3]",91,9.17e-7,0,0.122688875,370181360,NaN,0,0.122689792,370181360,5968.130614042282,1365383024
10,67,"[4, 2, 4, 0]",135,7.92e-7,0,0.125240583,355353760,NaN,0,0.125241375,355353760,5968.255867958069,1396280480
10,68,"[4, 2, 3, 1]",134,9.59e-7,0,0.1251515,355353760,NaN,0,0.125152459,355353760,5968.381037950516,1396313248
10,69,"[4, 2, 2, 2]",133,1.125e-6,0,0.123527625,355353712,NaN,0,0.12352875,355353712,5968.504585027695,1427264736
10,70,"[4, 2, 1, 3]",132,8.34e-7,0,0.124932375,355354000,NaN,0,0.124933209,355354000,5968.629534006119,1489162480
10,71,"[4, 2, 0, 4]",131,9.59e-7,0,0.229947375,355353840,NaN,0,0.229948334,355353840,5968.859493970871,1482136752
10,72,"[4, 1, 5, 0]",186,9.59e-7,0,0.120346792,355353696,NaN,0,0.12034775099999999,355353696,5968.979856014252,1837497296
10,73,"[4, 1, 4, 1]",185,9.17e-7,0,0.126567333,400327904,NaN,0,0.12656825,400327904,5969.10643696785,1503321952
10,74,"[4, 1, 3, 2]",184,7.5e-7,0,0.123658125,355353776,NaN,0,0.12365887499999999,355353776,5969.230111837387,1372739968
10,75,"[4, 1, 2, 3]",183,7.5e-7,0,0.121153292,355353744,NaN,0,0.12115404199999999,355353744,5969.3512840271,1465887824
10,76,"[4, 1, 1, 4]",182,8.75e-7,0,0.125144417,355354064,NaN,0,0.12514529200000002,355354064,5969.476446866989,1380096992
10,77,"[4, 1, 0, 5]",181,7.08e-7,0,0.1214825,355353712,NaN,0,0.121483208,355353712,5969.597944974899,1441978352
10,78,"[4, 0, 6, 0]",248,1.0e-6,0,0.231233792,355353808,NaN,0,0.231234792,355353808,5969.829192876816,1427259024
10,79,"[4, 0, 5, 1]",247,5.42e-7,0,0.127968291,355353696,NaN,0,0.127968833,355353696,5969.957175016403,1782619568
10,80,"[4, 0, 4, 2]",246,9.59e-7,0,0.120608542,400573536,NaN,0,0.120609501,400573536,5970.0778028965,2183199952
10,81,"[4, 0, 3, 3]",245,9.16e-7,0,0.130373875,355353872,NaN,0,0.130374791,355353872,5970.208195924759,1380506128
10,82,"[4, 0, 2, 4]",244,7.92e-7,0,0.122930666,355354048,NaN,0,0.122931458,355354048,5970.3311419487,1413344128
10,83,"[4, 0, 1, 5]",243,8.75e-7,0,0.130487792,355353760,NaN,0,0.130488667,355353760,5970.461647033691,1380506480
10,84,"[4, 0, 0, 6]",242,5.83e-7,0,0.133087792,355353712,NaN,0,0.133088375,355353712,5970.594750881195,1442322304
10,85,"[3, 7, 0, 0]",-11,NaN,0,NaN,0,4.75e-5,393664,4.75e-5,393664,5970.594817876816,1442722816
10,86,"[3, 6, 1, 0]",-23,NaN,0,NaN,0,4.4125e-5,393664,4.4125e-5,393664,5970.594866037369,1443123312
10,87,"[3, 6, 0, 1]",-22,NaN,0,NaN,0,4.0e-5,393664,4.0e-5,393664,5970.594908952713,1443523808
10,88,"[3, 5, 2, 0]",-41,NaN,0,NaN,0,3.9875e-5,393664,3.9875e-5,393664,5970.594951868057,1443924288
10,89,"[3, 5, 1, 1]",-40,NaN,0,NaN,0,4.4916e-5,393664,4.4916e-5,393664,5970.594998836517,1444324784
10,90,"[3, 5, 0, 2]",-39,NaN,0,NaN,0,4.2208e-5,393664,4.2208e-5,393664,5970.595043897629,1444725280
10,91,"[3, 4, 3, 0]",-66,NaN,0,NaN,0,3.8166e-5,393664,3.8166e-5,393664,5970.595084905624,1445125776
10,92,"[3, 4, 2, 1]",-65,NaN,0,NaN,0,4.3375e-5,393664,4.3375e-5,393664,5970.5951318740845,1445526272
10,93,"[3, 4, 1, 2]",-64,NaN,0,NaN,0,4.0959e-5,393664,4.0959e-5,393664,5970.595175981522,1445926768
10,94,"[3, 4, 0, 3]",-63,NaN,0,NaN,0,3.9625e-5,393664,3.9625e-5,393664,5970.5952179431915,1446327264
10,95,"[3, 3, 4, 0]",99,7.08e-7,0,0.227835208,355353824,NaN,0,0.227835916,355353824,5970.823051929474,1427111600
10,96,"[3, 3, 3, 1]",98,8.75e-7,0,0.120665792,355353696,NaN,0,0.12066666699999999,355353696,5970.943734884262,1782472144
10,97,"[3, 3, 2, 2]",97,8.75e-7,0,0.120575542,400508080,NaN,0,0.12057641699999999,400508080,5971.064327955246,1479673728
10,98,"[3, 3, 1, 3]",-96,NaN,0,NaN,0,4.3333e-5,393664,4.3333e-5,393664,5971.0643899440765,1480074240
10,99,"[3, 3, 0, 4]",-95,NaN,0,NaN,0,4.0375e-5,393664,4.0375e-5,393664,5971.064434051514,1480474736
10,100,"[3, 2, 5, 0]",141,7.92e-7,0,0.123563917,355354048,NaN,0,0.123564709,355354048,5971.18799996376,1465648992
10,101,"[3, 2, 4, 1]",140,1.042e-6,0,0.130789958,355353760,NaN,0,0.13079100000000002,355353760,5971.31880402565,1467769760
10,102,"[3, 2, 3, 2]",139,9.58e-7,0,0.130467125,355353760,NaN,0,0.13046808299999998,355353760,5971.449287891388,1434932112
10,103,"[3, 2, 2, 3]",138,7.08e-7,0,0.134915958,355353712,NaN,0,0.134916666,355353712,5971.5842180252075,1496829744
10,104,"[3, 2, 1, 4]",137,9.58e-7,0,0.211601667,355353840,NaN,0,0.211602625,355353840,5971.795835971832,1581326432
10,105,"[3, 2, 0, 5]",136,1.0e-6,0,0.121366708,355353696,NaN,0,0.121367708,355353696,5971.917222976685,1936686976
10,106,"[3, 1, 6, 0]",193,9.59e-7,0,0.123582708,369034768,NaN,0,0.123583667,369034768,5972.040822982788,1365383024
10,107,"[3, 1, 5, 1]",192,9.58e-7,0,0.120662,355353760,NaN,0,0.120662958,355353760,5972.161504030228,1398221024
10,108,"[3, 1, 4, 2]",191,1.167e-6,0,0.125298125,355353760,NaN,0,0.125299292,355353760,5972.286818981171,1365383376
10,109,"[3, 1, 3, 3]",190,7.08e-7,0,0.140728708,355353712,NaN,0,0.140729416,355353712,5972.427562952042,1427199072
10,110,"[3, 1, 2, 4]",189,1.125e-6,0,0.213661667,355353792,NaN,0,0.213662792,355353792,5972.64124083519,1550298256
10,111,"[3, 1, 1, 5]",188,9.58e-7,0,0.119425875,355353696,NaN,0,0.119426833,355353696,5972.760684013367,1905658800
10,112,"[3, 1, 0, 6]",187,9.17e-7,0,0.132575458,382649856,NaN,0,0.132576375,382649856,5972.893275976181,1594488192
10,113,"[3, 0, 7, 0]",256,9.59e-7,0,0.123610875,355353776,NaN,0,0.12361183399999999,355353776,5973.016903877258,1365382976
10,114,"[3, 0, 6, 1]",255,1.0e-6,0,0.122577875,355353760,NaN,0,0.122578875,355353760,5973.139498949051,1396345968
10,115,"[3, 0, 5, 2]",254,9.17e-7,0,0.122030167,355353712,NaN,0,0.122031084,355353712,5973.261548042297,1427264688
10,116,"[3, 0, 4, 3]",253,9.17e-7,0,0.122128125,355353712,NaN,0,0.12212904200000001,355353712,5973.383692979813,1489162432
10,117,"[3, 0, 3, 4]",252,8.75e-7,0,0.227386292,355353856,NaN,0,0.227387167,355353856,5973.611093044281,1427259056
10,118,"[3, 0, 2, 5]",251,1.0e-6,0,0.120926958,355353984,NaN,0,0.120927958,355353984,5973.732032060623,1782619888
10,119,"[3, 0, 1, 6]",250,1.0e-6,0,0.125605084,400704608,NaN,0,0.125606084,400704608,5973.857652902603,2183331344
10,120,"[3, 0, 0, 7]",249,1.042e-6,0,0.1267795,355353872,NaN,0,0.126780542,355353872,5973.984451055527,1380506144
10,121,"[2, 8, 0, 0]",-5,NaN,0,NaN,0,3.3916e-5,393664,3.3916e-5,393664,5973.984503984451,1380906656
10,122,"[2, 7, 1, 0]",-13,NaN,0,NaN,0,3.3417e-5,393664,3.3417e-5,393664,5973.984540939331,1381307152
10,123,"[2, 7, 0, 1]",-12,NaN,0,NaN,0,3.05e-5,393664,3.05e-5,393664,5973.984575033188,1381707648
10,124,"[2, 6, 2, 0]",-26,NaN,0,NaN,0,3.1458e-5,393664,3.1458e-5,393664,5973.984608888626,1382108144
10,125,"[2, 6, 1, 1]",-25,NaN,0,NaN,0,3.2708e-5,393664,3.2708e-5,393664,5973.984643936157,1382508640
10,126,"[2, 6, 0, 2]",-24,NaN,0,NaN,0,3.2458e-5,393664,3.2458e-5,393664,5973.984679937363,1382909136
10,127,"[2, 5, 3, 0]",-45,NaN,0,NaN,0,3.225e-5,393664,3.225e-5,393664,5973.9847140312195,1383309632
10,128,"[2, 5, 2, 1]",-44,NaN,0,NaN,0,3.0041e-5,393664,3.0041e-5,393664,5973.984747886658,1383710128
10,129,"[2, 5, 1, 2]",-43,NaN,0,NaN,0,3.15e-5,393664,3.15e-5,393664,5973.9847819805145,1384110624
10,130,"[2, 5, 0, 3]",-42,NaN,0,NaN,0,3.2084e-5,393664,3.2084e-5,393664,5973.984817028046,1384511120
10,131,"[2, 4, 4, 0]",-71,NaN,0,NaN,0,3.3125e-5,393664,3.3125e-5,393664,5973.984853029251,1384911616
10,132,"[2, 4, 3, 1]",-70,NaN,0,NaN,0,3.1166e-5,393664,3.1166e-5,393664,5973.984886884689,1385312112
10,133,"[2, 4, 2, 2]",-69,NaN,0,NaN,0,3.7e-5,393664,3.7e-5,393664,5973.984926939011,1385712608
10,134,"[2, 4, 1, 3]",-68,NaN,0,NaN,0,3.0625e-5,393664,3.0625e-5,393664,5973.9849598407745,1386113088
10,135,"[2, 4, 0, 4]",-67,NaN,0,NaN,0,3.2958e-5,393664,3.2958e-5,393664,5973.98499584198,1386513584
10,136,"[2, 3, 5, 0]",-105,NaN,0,NaN,0,3.5625e-5,393664,3.5625e-5,393664,5973.985033988953,1386914080
10,137,"[2, 3, 4, 1]",-104,NaN,0,NaN,0,3.4333e-5,393664,3.4333e-5,393664,5973.985070943832,1387314576
10,138,"[2, 3, 3, 2]",-103,NaN,0,NaN,0,3.2291e-5,393664,3.2291e-5,393664,5973.9851059913635,1387715072
10,139,"[2, 3, 2, 3]",-102,NaN,0,NaN,0,3.1417e-5,393664,3.1417e-5,393664,5973.985139846802,1388115568
10,140,"[2, 3, 1, 4]",-101,NaN,0,NaN,0,3.1458e-5,393664,3.1458e-5,393664,5973.985174894333,1388516064
10,141,"[2, 3, 0, 5]",-100,NaN,0,NaN,0,3.1708e-5,393664,3.1708e-5,393664,5973.98520898819,1388916560
10,142,"[2, 2, 6, 0]",148,7.91e-7,0,0.121371792,355353744,NaN,0,0.121372583,355353744,5974.106581926346,1466313776
10,143,"[2, 2, 5, 1]",147,8.75e-7,0,0.123282708,355353776,NaN,0,0.123283583,355353776,5974.229882955551,1380507296
10,144,"[2, 2, 4, 2]",146,8.34e-7,0,0.13499975,355353712,NaN,0,0.135000584,355353712,5974.3648998737335,1442371344
10,145,"[2, 2, 3, 3]",145,9.16e-7,0,0.215345542,355354096,NaN,0,0.215346458,355354096,5974.58026099205,1550347440
10,146,"[2, 2, 2, 4]",-144,NaN,0,NaN,0,4.9958e-5,393664,4.9958e-5,393664,5974.580330848694,1550747952
10,147,"[2, 2, 1, 5]",-143,NaN,0,NaN,0,4.2083e-5,393664,4.2083e-5,393664,5974.58037686348,1551148448
10,148,"[2, 2, 0, 6]",-142,NaN,0,NaN,0,4.0583e-5,393664,4.0583e-5,393664,5974.580420970917,1551548944
10,149,"[2, 1, 7, 0]",201,6.25e-7,0,0.124870583,355353696,NaN,0,0.124871208,355353696,5974.70529294014,1906909472
10,150,"[2, 1, 6, 1]",200,7.92e-7,0,0.125566875,382616800,NaN,0,0.125567667,382616800,5974.83087682724,1594226064
10,151,"[2, 1, 5, 2]",199,1.0e-6,0,0.124271083,355321008,NaN,0,0.124272083,355321008,5974.955165863037,1365382992
10,152,"[2, 1, 4, 3]",198,8.75e-7,0,0.127452583,355320992,NaN,0,0.12745345800000002,355320992,5975.082633018494,1396329600
10,153,"[2, 1, 3, 4]",197,9.17e-7,0,0.142100625,355320944,NaN,0,0.142101542,355320944,5975.22475194931,1427281088
10,154,"[2, 1, 2, 5]",196,7.5e-7,0,0.123299334,355321232,NaN,0,0.12330008399999999,355321232,5975.348070859909,1489146064
10,155,"[2, 1, 1, 6]",195,8.33e-7,0,0.230472916,355321088,NaN,0,0.230473749,355321088,5975.578556060791,1427242672
10,156,"[2, 1, 0, 7]",194,7.92e-7,0,0.119189834,355320928,NaN,0,0.119190626,355320928,5975.697762012482,1782570448
10,157,"[2, 0, 8, 0]",265,1.125e-6,0,0.122990708,400475232,NaN,0,0.12299183300000001,400475232,5975.820770978928,2183052528
10,158,"[2, 0, 7, 1]",264,1.0e-6,0,0.126806708,355321104,NaN,0,0.126807708,355321104,5975.947600841522,1380506144
10,159,"[2, 0, 6, 2]",263,7.09e-7,0,0.122240584,355320992,NaN,0,0.122241293,355320992,5976.069855928421,1413213072
10,160,"[2, 0, 5, 3]",262,7.92e-7,0,0.124046625,355321280,NaN,0,0.124047417,355321280,5976.193920850754,1380506496
10,161,"[2, 0, 4, 4]",261,7.5e-7,0,0.12324325,355320944,NaN,0,0.12324399999999999,355320944,5976.317181825638,1442191248
10,162,"[2, 0, 3, 5]",260,7.5e-7,0,0.230752792,355321056,NaN,0,0.230753542,355321056,5976.5479509830475,1426865840
10,163,"[2, 0, 2, 6]",259,5.42e-7,0,0.120442667,355320928,NaN,0,0.12044320900000001,355320928,5976.668407917023,1782193616
10,164,"[2, 0, 1, 7]",258,1.208e-6,0,0.121944083,396313696,NaN,0,0.121945291,396313696,5976.790370941162,2178514160
10,165,"[2, 0, 0, 8]",257,1.083e-6,0,0.126238166,355321104,NaN,0,0.12623924900000003,355321104,5976.916628837585,1380506144
10,166,"[1, 9, 0, 0]",-2,NaN,0,NaN,0,3.2125e-5,393664,3.2125e-5,393664,5976.916678905487,1380906656
10,167,"[1, 8, 1, 0]",-7,NaN,0,NaN,0,3.2417e-5,393664,3.2417e-5,393664,5976.916715860367,1381307152
10,168,"[1, 8, 0, 1]",-6,NaN,0,NaN,0,3.1125e-5,393664,3.1125e-5,393664,5976.916749954224,1381707648
10,169,"[1, 7, 2, 0]",-16,NaN,0,NaN,0,3.2833e-5,393664,3.2833e-5,393664,5976.916785001755,1382108144
10,170,"[1, 7, 1, 1]",-15,NaN,0,NaN,0,3.5375e-5,393664,3.5375e-5,393664,5976.916822910309,1382508640
10,171,"[1, 7, 0, 2]",-14,NaN,0,NaN,0,3.2334e-5,393664,3.2334e-5,393664,5976.91685795784,1382909136
10,172,"[1, 6, 3, 0]",-30,NaN,0,NaN,0,3.7625e-5,393664,3.7625e-5,393664,5976.916898965836,1383309632
10,173,"[1, 6, 2, 1]",-29,NaN,0,NaN,0,3.2958e-5,393664,3.2958e-5,393664,5976.916934967041,1383710128
10,174,"[1, 6, 1, 2]",-28,NaN,0,NaN,0,3.1e-5,393664,3.1e-5,393664,5976.916969060898,1384110624
10,175,"[1, 6, 0, 3]",-27,NaN,0,NaN,0,3.4167e-5,393664,3.4167e-5,393664,5976.917006015778,1384511104
10,176,"[1, 5, 4, 0]",-50,NaN,0,NaN,0,3.1875e-5,393664,3.1875e-5,393664,5976.91704082489,1384911600
10,177,"[1, 5, 3, 1]",-49,NaN,0,NaN,0,3.2875e-5,393664,3.2875e-5,393664,5976.917075872421,1385312096
10,178,"[1, 5, 2, 2]",-48,NaN,0,NaN,0,3.2583e-5,393664,3.2583e-5,393664,5976.917111873627,1385712592
10,179,"[1, 5, 1, 3]",-47,NaN,0,NaN,0,3.0917e-5,393664,3.0917e-5,393664,5976.917145013809,1386113088
10,180,"[1, 5, 0, 4]",-46,NaN,0,NaN,0,3.2375e-5,393664,3.2375e-5,393664,5976.917181015015,1386513584
10,181,"[1, 4, 5, 0]",-77,NaN,0,NaN,0,3.4042e-5,393664,3.4042e-5,393664,5976.91721701622,1386914080
10,182,"[1, 4, 4, 1]",-76,NaN,0,NaN,0,3.0708e-5,393664,3.0708e-5,393664,5976.917250871658,1387314576
10,183,"[1, 4, 3, 2]",-75,NaN,0,NaN,0,3.1916e-5,393664,3.1916e-5,393664,5976.917284965515,1387715072
10,184,"[1, 4, 2, 3]",-74,NaN,0,NaN,0,3.0833e-5,393664,3.0833e-5,393664,5976.917319059372,1388115568
10,185,"[1, 4, 1, 4]",-73,NaN,0,NaN,0,3.1834e-5,393664,3.1834e-5,393664,5976.9173538684845,1388516064
10,186,"[1, 4, 0, 5]",-72,NaN,0,NaN,0,3.3375e-5,393664,3.3375e-5,393664,5976.917388916016,1388916560
10,187,"[1, 3, 6, 0]",-112,NaN,0,NaN,0,3.1416e-5,393664,3.1416e-5,393664,5976.917423009872,1389317056
10,188,"[1, 3, 5, 1]",-111,NaN,0,NaN,0,3.3167e-5,393664,3.3167e-5,393664,5976.917459011078,1389717552
10,189,"[1, 3, 4, 2]",-110,NaN,0,NaN,0,3.2208e-5,393664,3.2208e-5,393664,5976.917494058609,1390118048
10,190,"[1, 3, 3, 3]",-109,NaN,0,NaN,0,3.0916e-5,393664,3.0916e-5,393664,5976.917527914047,1390518544
10,191,"[1, 3, 2, 4]",-108,NaN,0,NaN,0,3.1708e-5,393664,3.1708e-5,393664,5976.917562961578,1390919040
10,192,"[1, 3, 1, 5]",-107,NaN,0,NaN,0,3.3584e-5,393664,3.3584e-5,393664,5976.917598962784,1391319536
10,193,"[1, 3, 0, 6]",-106,NaN,0,NaN,0,3.2625e-5,393664,3.2625e-5,393664,5976.917634010315,1391720032
10,194,"[1, 2, 7, 0]",-156,NaN,0,NaN,0,3.2292e-5,393664,3.2292e-5,393664,5976.917669057846,1392120528
10,195,"[1, 2, 6, 1]",-155,NaN,0,NaN,0,3.0709e-5,393664,3.0709e-5,393664,5976.917702913284,1392521024
10,196,"[1, 2, 5, 2]",-154,NaN,0,NaN,0,3.0833e-5,393664,3.0833e-5,393664,5976.917736053467,1392921520
10,197,"[1, 2, 4, 3]",-153,NaN,0,NaN,0,3.2542e-5,393664,3.2542e-5,393664,5976.917772054672,1393322016
10,198,"[1, 2, 3, 4]",-152,NaN,0,NaN,0,3.1375e-5,393664,3.1375e-5,393664,5976.9178059101105,1393722512
10,199,"[1, 2, 2, 5]",-151,NaN,0,NaN,0,3.45e-5,393664,3.45e-5,393664,5976.91784286499,1394123008
10,200,"[1, 2, 1, 6]",-150,NaN,0,NaN,0,3.1625e-5,393664,3.1625e-5,393664,5976.917877912521,1394523504
10,201,"[1, 2, 0, 7]",-149,NaN,0,NaN,0,4.0834e-5,393664,4.0834e-5,393664,5976.919147014618,1394924000
10,202,"[1, 1, 8, 0]",210,6.67e-7,0,0.121174375,355321264,NaN,0,0.121175042,355321264,5977.040323972702,1466100784
10,203,"[1, 1, 7, 1]",209,1.0e-6,0,0.123521958,355321008,NaN,0,0.123522958,355321008,5977.163866043091,1380507296
10,204,"[1, 1, 6, 2]",208,8.33e-7,0,0.136808042,355320944,NaN,0,0.136808875,355320944,5977.300693035126,1442223888
10,205,"[1, 1, 5, 3]",207,7.92e-7,0,0.214012042,355321040,NaN,0,0.214012834,355321040,5977.514719009399,1550068912
10,206,"[1, 1, 4, 4]",206,1.041e-6,0,0.13251825,1178661040,NaN,0,0.132519291,1178661040,5977.647258043289,2220120896
10,207,"[1, 1, 3, 5]",-205,NaN,0,NaN,0,4.7042e-5,393664,4.7042e-5,393664,5977.64732503891,2220521440
10,208,"[1, 1, 2, 6]",-204,NaN,0,NaN,0,4.0542e-5,393664,4.0542e-5,393664,5977.647369861603,2220921936
10,209,"[1, 1, 1, 7]",-203,NaN,0,NaN,0,4.5666e-5,393664,4.5666e-5,393664,5977.647418022156,2221322432
10,210,"[1, 1, 0, 8]",-202,NaN,0,NaN,0,4.1416e-5,393664,4.1416e-5,393664,5977.647461891174,2221722928
10,211,"[1, 0, 9, 0]",275,8.75e-7,0,0.11987125,355320928,NaN,0,0.119872125,355320928,5977.767334938049,2577050688
10,212,"[1, 0, 8, 1]",274,8.33e-7,0,0.226335709,359269888,NaN,0,0.226336542,359269888,5977.993686914444,1365382896
10,213,"[1, 0, 7, 2]",273,8.75e-7,0,0.121155916,345687136,NaN,0,0.121156791,345687136,5978.114856004715,1711076880
10,214,"[1, 0, 6, 3]",272,8.75e-7,0,0.121790167,359269584,NaN,0,0.121791042,359269584,5978.236664056778,1561603792
10,215,"[1, 0, 5, 4]",271,9.17e-7,0,0.125129208,345687216,NaN,0,0.12513012499999998,345687216,5978.361810922623,1372739856
10,216,"[1, 0, 4, 5]",270,7.5e-7,0,0.125684125,345687184,NaN,0,0.125684875,345687184,5978.487508058548,1452583840
10,217,"[1, 0, 3, 6]",269,7.92e-7,0,0.124693292,345687216,NaN,0,0.124694084,345687216,5978.612217903137,1376443184
10,218,"[1, 0, 2, 7]",268,7.91e-7,0,0.23178425,345687472,NaN,0,0.231785041,345687472,5978.844017982483,1410594032
10,219,"[1, 0, 1, 8]",267,9.58e-7,0,0.121147333,345687136,NaN,0,0.12114829099999999,345687136,5978.965183973312,1756288016
10,220,"[1, 0, 0, 9]",266,8.33e-7,0,0.128200708,376947936,NaN,0,0.128201541,376947936,5979.093402862549,1486134832
10,221,"[0, 10, 0, 0]",-1,NaN,0,NaN,0,4.6625e-5,393664,4.6625e-5,393664,5979.09346985817,1486535344
10,222,"[0, 9, 1, 0]",-4,NaN,0,NaN,0,4.5042e-5,393664,4.5042e-5,393664,5979.093518972397,1486935840
10,223,"[0, 9, 0, 1]",-3,NaN,0,NaN,0,4.0917e-5,393664,4.0917e-5,393664,5979.093562841415,1487336336
10,224,"[0, 8, 2, 0]",-10,NaN,0,NaN,0,3.9333e-5,393664,3.9333e-5,393664,5979.093605041504,1487736832
10,225,"[0, 8, 1, 1]",-9,NaN,0,NaN,0,4.0959e-5,393664,4.0959e-5,393664,5979.0936489105225,1488137328
10,226,"[0, 8, 0, 2]",-8,NaN,0,NaN,0,4.0416e-5,393664,4.0416e-5,393664,5979.093691825867,1488537824
10,227,"[0, 7, 3, 0]",-20,NaN,0,NaN,0,3.9e-5,393664,3.9e-5,393664,5979.093734025955,1488938320
10,228,"[0, 7, 2, 1]",-19,NaN,0,NaN,0,4.1375e-5,393664,4.1375e-5,393664,5979.093777894974,1489338800
10,229,"[0, 7, 1, 2]",-18,NaN,0,NaN,0,4.05e-5,393664,4.05e-5,393664,5979.093822002411,1489739296
10,230,"[0, 7, 0, 3]",-17,NaN,0,NaN,0,3.75e-5,393664,3.75e-5,393664,5979.0938630104065,1490139792
10,231,"[0, 6, 4, 0]",-35,NaN,0,NaN,0,3.3417e-5,393664,3.3417e-5,393664,5979.093899011612,1490540288
10,232,"[0, 6, 3, 1]",-34,NaN,0,NaN,0,3.275e-5,393664,3.275e-5,393664,5979.093934059143,1490940784
10,233,"[0, 6, 2, 2]",-33,NaN,0,NaN,0,3.55e-5,393664,3.55e-5,393664,5979.0939729213715,1491341280
10,234,"[0, 6, 1, 3]",-32,NaN,0,NaN,0,3.3708e-5,393664,3.3708e-5,393664,5979.094009876251,1491741776
10,235,"[0, 6, 0, 4]",-31,NaN,0,NaN,0,3.2792e-5,393664,3.2792e-5,393664,5979.094044923782,1492142272
10,236,"[0, 5, 5, 0]",-56,NaN,0,NaN,0,3.4667e-5,393664,3.4667e-5,393664,5979.094082832336,1492542768
10,237,"[0, 5, 4, 1]",-55,NaN,0,NaN,0,3.4333e-5,393664,3.4333e-5,393664,5979.094120025635,1492943264
10,238,"[0, 5, 3, 2]",-54,NaN,0,NaN,0,3.1792e-5,393664,3.1792e-5,393664,5979.094154834747,1493343760
10,239,"[0, 5, 2, 3]",-53,NaN,0,NaN,0,3.6167e-5,393664,3.6167e-5,393664,5979.094193935394,1493744256
10,240,"[0, 5, 1, 4]",-52,NaN,0,NaN,0,3.2667e-5,393664,3.2667e-5,393664,5979.094228982925,1494144752
10,241,"[0, 5, 0, 5]",-51,NaN,0,NaN,0,3.3917e-5,393664,3.3917e-5,393664,5979.094265937805,1494545248
10,242,"[0, 4, 6, 0]",-84,NaN,0,NaN,0,3.4625e-5,393664,3.4625e-5,393664,5979.094302892685,1494945744
10,243,"[0, 4, 5, 1]",-83,NaN,0,NaN,0,3.4959e-5,393664,3.4959e-5,393664,5979.094341039658,1495346240
10,244,"[0, 4, 4, 2]",-82,NaN,0,NaN,0,3.8084e-5,393664,3.8084e-5,393664,5979.094382047653,1495746736
10,245,"[0, 4, 3, 3]",-81,NaN,0,NaN,0,3.4917e-5,393664,3.4917e-5,393664,5979.094419956207,1496147232
10,246,"[0, 4, 2, 4]",-80,NaN,0,NaN,0,3.3708e-5,393664,3.3708e-5,393664,5979.094455957413,1496547728
10,247,"[0, 4, 1, 5]",-79,NaN,0,NaN,0,3.4542e-5,393664,3.4542e-5,393664,5979.094493865967,1496948224
10,248,"[0, 4, 0, 6]",-78,NaN,0,NaN,0,3.3459e-5,393664,3.3459e-5,393664,5979.094529867172,1497348720
10,249,"[0, 3, 7, 0]",-120,NaN,0,NaN,0,3.4167e-5,393664,3.4167e-5,393664,5979.094567060471,1497749216
10,250,"[0, 3, 6, 1]",-119,NaN,0,NaN,0,3.6125e-5,393664,3.6125e-5,393664,5979.094605922699,1498149712
10,251,"[0, 3, 5, 2]",-118,NaN,0,NaN,0,3.2292e-5,393664,3.2292e-5,393664,5979.09464097023,1498550208
10,252,"[0, 3, 4, 3]",-117,NaN,0,NaN,0,3.3959e-5,393664,3.3959e-5,393664,5979.09467792511,1498950704
10,253,"[0, 3, 3, 4]",-116,NaN,0,NaN,0,3.4167e-5,393664,3.4167e-5,393664,5979.09471487999,1499351200
10,254,"[0, 3, 2, 5]",-115,NaN,0,NaN,0,3.2792e-5,393664,3.2792e-5,393664,5979.094749927521,1499751696
10,255,"[0, 3, 1, 6]",-114,NaN,0,NaN,0,3.6083e-5,393664,3.6083e-5,393664,5979.094789028168,1500152192
10,256,"[0, 3, 0, 7]",-113,NaN,0,NaN,0,3.3083e-5,393664,3.3083e-5,393664,5979.094825029373,1500552688
10,257,"[0, 2, 8, 0]",-165,NaN,0,NaN,0,3.3416e-5,393664,3.3416e-5,393664,5979.094861030579,1500953184
10,258,"[0, 2, 7, 1]",-164,NaN,0,NaN,0,3.3917e-5,393664,3.3917e-5,393664,5979.094897031784,1501353680
10,259,"[0, 2, 6, 2]",-163,NaN,0,NaN,0,3.2333e-5,393664,3.2333e-5,393664,5979.094931840897,1501754176
10,260,"[0, 2, 5, 3]",-162,NaN,0,NaN,0,3.3542e-5,393664,3.3542e-5,393664,5979.094969034195,1502154672
10,261,"[0, 2, 4, 4]",-161,NaN,0,NaN,0,3.575e-5,393664,3.575e-5,393664,5979.095006942749,1502555168
10,262,"[0, 2, 3, 5]",-160,NaN,0,NaN,0,3.325e-5,393664,3.325e-5,393664,5979.0950429439545,1502955664
10,263,"[0, 2, 2, 6]",-159,NaN,0,NaN,0,3.525e-5,393664,3.525e-5,393664,5979.095082044601,1503356160
10,264,"[0, 2, 1, 7]",-158,NaN,0,NaN,0,3.1875e-5,393664,3.1875e-5,393664,5979.09511590004,1503756656
10,265,"[0, 2, 0, 8]",-157,NaN,0,NaN,0,3.9291e-5,393664,3.9291e-5,393664,5979.09515786171,1504157152
10,266,"[0, 1, 9, 0]",-220,NaN,0,NaN,0,4.1584e-5,393664,4.1584e-5,393664,5979.095202922821,1504557648
10,267,"[0, 1, 8, 1]",-219,NaN,0,NaN,0,3.4917e-5,393664,3.4917e-5,393664,5979.095239877701,1504958144
10,268,"[0, 1, 7, 2]",-218,NaN,0,NaN,0,3.7125e-5,393664,3.7125e-5,393664,5979.095279932022,1505358640
10,269,"[0, 1, 6, 3]",-217,NaN,0,NaN,0,3.6167e-5,393664,3.6167e-5,393664,5979.095319032669,1505759136
10,270,"[0, 1, 5, 4]",-216,NaN,0,NaN,0,3.5708e-5,393664,3.5708e-5,393664,5979.0953578948975,1506159632
10,271,"[0, 1, 4, 5]",-215,NaN,0,NaN,0,3.6375e-5,393664,3.6375e-5,393664,5979.095396995544,1506560128
10,272,"[0, 1, 3, 6]",-214,NaN,0,NaN,0,3.7583e-5,393664,3.7583e-5,393664,5979.095437049866,1506960624
10,273,"[0, 1, 2, 7]",-213,NaN,0,NaN,0,3.5916e-5,393664,3.5916e-5,393664,5979.095475912094,1507361120
10,274,"[0, 1, 1, 8]",-212,NaN,0,NaN,0,3.6583e-5,393664,3.6583e-5,393664,5979.095515012741,1507761616
10,275,"[0, 1, 0, 9]",-211,NaN,0,NaN,0,3.5542e-5,393664,3.5542e-5,393664,5979.095552921295,1508162112
10,276,"[0, 0, 10, 0]",286,9.59e-7,0,0.121842375,345687200,NaN,0,0.121843334,345687200,5979.217396020889,1475670656
10,277,"[0, 0, 9, 1]",285,9.17e-7,0,0.125892375,345687216,NaN,0,0.125893292,345687216,5979.343305826187,1367324368
10,278,"[0, 0, 8, 2]",284,1.125e-6,0,0.1226025,345687200,NaN,0,0.12260362500000001,345687200,5979.46594285965,1365384176
10,279,"[0, 0, 7, 3]",283,1.084e-6,0,0.124147584,345687472,NaN,0,0.124148668,345687472,5979.590111017227,1372839520
10,280,"[0, 0, 6, 4]",282,8.34e-7,0,0.138029833,345687152,NaN,0,0.138030667,345687152,5979.728158950806,1442224208
10,281,"[0, 0, 5, 5]",281,7.5e-7,0,0.222167709,1165390048,NaN,0,0.22216845899999998,1165390048,5979.9503400325775,2189354832
10,282,"[0, 0, 4, 6]",-280,NaN,0,NaN,0,4.2292e-5,393664,4.2292e-5,393664,5979.950397968292,2189755376
10,283,"[0, 0, 3, 7]",-279,NaN,0,NaN,0,4.3292e-5,393664,4.3292e-5,393664,5979.950450897217,2190155872
10,284,"[0, 0, 2, 8]",-278,NaN,0,NaN,0,4.0833e-5,393664,4.0833e-5,393664,5979.950495004654,2190556368
10,285,"[0, 0, 1, 9]",-277,NaN,0,NaN,0,4.0208e-5,393664,4.0208e-5,393664,5979.950536966324,2190956864
10,286,"[0, 0, 0, 10]",-276,NaN,0,NaN,0,4.1042e-5,393664,4.1042e-5,393664,5979.950580835342,2191357360
11,1,"[11, 0, 0, 0]",287,5.41e-7,0,0.157663833,385533040,NaN,0,0.157664374,385533040,12585.475430965424,1379066448
11,2,"[10, 1, 0, 0]",221,3.75e-7,0,0.1308255,393495664,NaN,0,0.130825875,393495664,12585.606281995773,1440947808
11,3,"[10, 0, 1, 0]",289,8.75e-7,0,0.121701791,388990112,NaN,0,0.121702666,388990112,12585.728001832962,1440948160
11,4,"[10, 0, 0, 1]",288,7.5e-7,0,0.236280958,384976368,NaN,0,0.236281708,384976368,12585.964298963547,1429166800
11,5,"[9, 2, 0, 0]",166,5.0e-7,0,0.125998625,413058144,NaN,0,0.125999125,413058144,12586.090317964554,1842231792
11,6,"[9, 1, 1, 0]",223,1.167e-6,0,0.141362459,383190224,NaN,0,0.141363626,383190224,12586.231700897217,1489509968
11,7,"[9, 1, 0, 1]",222,1.208e-6,0,0.13530475,369132704,NaN,0,0.135305958,369132704,12586.367024898529,1472293504
11,8,"[9, 0, 2, 0]",292,1.208e-6,0,0.128006792,355419312,NaN,0,0.128008,355419312,12586.495053052902,1372739952
11,9,"[9, 0, 1, 1]",291,7.08e-7,0,0.126589333,355419296,NaN,0,0.126590041,355419296,12586.62165594101,1372740304
11,10,"[9, 0, 0, 2]",290,5.0e-7,0,0.140069458,355419568,NaN,0,0.140069958,355419568,12586.761738061905,1380195648
11,11,"[8, 3, 0, 0]",121,4.16e-7,0,0.239641167,355419312,NaN,0,0.239641583,355419312,12587.001394033432,1367323504
11,12,"[8, 2, 1, 0]",168,1.083e-6,0,0.13427025,369132640,NaN,0,0.13427133300000002,369132640,12587.135683059692,1736462992
11,13,"[8, 2, 0, 1]",167,8.75e-7,0,0.13311,426869952,NaN,0,0.13311087500000002,426869952,12587.268813848495,1503502128
11,14,"[8, 1, 2, 0]",226,1.125e-6,0,0.131190333,355419296,NaN,0,0.13119145799999998,355419296,12587.40001988411,1458711424
11,15,"[8, 1, 1, 1]",225,6.67e-7,0,0.128737625,355419296,NaN,0,0.128738292,355419296,12587.528770923615,1427781232
11,16,"[8, 1, 0, 2]",224,1.125e-6,0,0.1359005,355419600,NaN,0,0.135901625,355419600,12587.6646900177,1372838704
11,17,"[8, 0, 3, 0]",296,9.17e-7,0,0.123186041,355419248,NaN,0,0.123186958,355419248,12587.78789305687,1442387808
11,18,"[8, 0, 2, 1]",295,6.25e-7,0,0.241857583,355419360,NaN,0,0.241858208,355419360,12588.029762029648,1427226288
11,19,"[8, 0, 1, 2]",294,9.17e-7,0,0.125285375,369132640,NaN,0,0.125286292,369132640,12588.155061006546,1796365776
11,20,"[8, 0, 0, 3]",293,9.59e-7,0,0.132924625,427050192,NaN,0,0.13292558399999999,427050192,12588.288002967834,1456193968
11,21,"[7, 4, 0, 0]",85,1.67e-7,0,0.126918917,355419296,NaN,0,0.126919084,355419296,12588.414933919907,1411403232
11,22,"[7, 3, 1, 0]",123,6.66e-7,0,0.121777292,369132976,NaN,0,0.12177795799999999,369132976,12588.536722898483,1480059584
11,23,"[7, 3, 0, 1]",122,7.91e-7,0,0.125720167,355419312,NaN,0,0.125720958,355419312,12588.662461042404,1380506128
11,24,"[7, 2, 2, 0]",171,6.66e-7,0,0.242229833,355419312,NaN,0,0.24223049900000002,355419312,12588.904700994492,1365382960
11,25,"[7, 2, 1, 1]",170,7.5e-7,0,0.121291958,369132640,NaN,0,0.121292708,369132640,12589.026010036469,1734522448
11,26,"[7, 2, 0, 2]",169,7.5e-7,0,0.128812542,427050160,NaN,0,0.128813292,427050160,12589.154837846756,1472022288
11,27,"[7, 1, 3, 0]",230,7.92e-7,0,0.126030417,369132704,NaN,0,0.126031209,369132704,12589.280884027481,1471842032
11,28,"[7, 1, 2, 1]",229,7.5e-7,0,0.134021583,369296816,NaN,0,0.134022333,369296816,12589.414921998978,1526965200
11,29,"[7, 1, 1, 2]",228,9.59e-7,0,0.132595125,355419312,NaN,0,0.132596084,355419312,12589.547529935837,1427247904
11,30,"[7, 1, 0, 3]",227,8.75e-7,0,0.134695958,355419248,NaN,0,0.13469683300000002,355419248,12589.68224287033,1489112848
11,31,"[7, 0, 4, 0]",301,1.125e-6,0,0.226901458,355419376,NaN,0,0.226902583,355419376,12589.9091629982,1581359200
11,32,"[7, 0, 3, 1]",300,7.92e-7,0,0.131064083,397198432,NaN,0,0.131064875,397198432,12590.040246963501,1978564480
11,33,"[7, 0, 2, 2]",299,7.5e-7,0,0.12657025,355796208,NaN,0,0.126571,355796208,12590.16683292389,1365383024
11,34,"[7, 0, 1, 3]",298,6.67e-7,0,0.126434417,369132976,NaN,0,0.126435084,369132976,12590.293282032013,1464969600
11,35,"[7, 0, 0, 4]",297,9.17e-7,0,0.129904416,355419312,NaN,0,0.12990533299999998,355419312,12590.423202037811,1365383376
11,36,"[6, 5, 0, 0]",57,8.4e-8,0,0.354093333,582440160,NaN,0,0.354093417,582440160,12590.777302026749,1607177568
11,37,"[6, 4, 1, 0]",87,8.33e-7,0,0.146357791,355419248,NaN,0,0.146358624,355419248,12590.923672914505,1711821104
11,38,"[6, 4, 0, 1]",86,7.92e-7,0,0.230708125,355419376,NaN,0,0.23070891699999999,355419376,12591.154392004013,1788551264
11,39,"[6, 3, 2, 0]",126,1.083e-6,0,0.12173625,397198432,NaN,0,0.121737333,397198432,12591.2761490345,2185756544
11,40,"[6, 3, 1, 1]",125,1.167e-6,0,0.141710292,383501840,NaN,0,0.14171145899999998,383501840,12591.417876005173,1365383024
11,41,"[6, 3, 0, 2]",124,7.5e-7,0,0.121163209,369132688,NaN,0,0.12116395899999999,369132688,12591.539052009583,1464904064
11,42,"[6, 2, 3, 0]",175,9.58e-7,0,0.124071875,355419312,NaN,0,0.124072833,355419312,12591.663141012192,1365383376
11,43,"[6, 2, 2, 1]",174,6.25e-7,0,0.139741959,355419248,NaN,0,0.139742584,355419248,12591.802892923355,1427264608
11,44,"[6, 2, 1, 2]",173,7.09e-7,0,0.221743167,355419328,NaN,0,0.22174387599999998,355419328,12592.0246489048,1550462096
11,45,"[6, 2, 0, 3]",172,9.17e-7,0,0.124741458,396805216,NaN,0,0.124742375,396805216,12592.14940404892,1947274160
11,46,"[6, 1, 4, 0]",235,7.09e-7,0,0.124739583,355796496,NaN,0,0.124740292,355796496,12592.274157047272,1365382976
11,47,"[6, 1, 3, 1]",234,6.67e-7,0,0.12208675,369132688,NaN,0,0.12208741699999999,369132688,12592.396256923676,1464985936
11,48,"[6, 1, 2, 2]",233,9.58e-7,0,0.12674375,355419312,NaN,0,0.12674470799999998,355419312,12592.52301287651,1365383328
11,49,"[6, 1, 1, 3]",232,5.83e-7,0,0.122443209,355419248,NaN,0,0.122443792,355419248,12592.645467996597,1427264688
11,50,"[6, 1, 0, 4]",231,7.92e-7,0,0.139178167,355419248,NaN,0,0.139178959,355419248,12592.78465795517,1489129584
11,51,"[6, 0, 5, 0]",307,8.75e-7,0,0.219227292,355419376,NaN,0,0.219228167,355419376,12593.003901958466,1581359200
11,52,"[6, 0, 4, 1]",306,8.34e-7,0,0.124947917,396805504,NaN,0,0.12494875100000001,396805504,12593.128866910934,1978171552
11,53,"[6, 0, 3, 2]",305,9.17e-7,0,0.125455041,355796208,NaN,0,0.12545595799999998,355796208,12593.254334926605,1365383024
11,54,"[6, 0, 2, 3]",304,5.83e-7,0,0.123672791,369132688,NaN,0,0.123673374,369132688,12593.378017902374,1464985984
11,55,"[6, 0, 1, 4]",303,1.084e-6,0,0.129819334,355419312,NaN,0,0.12982041800000002,355419312,12593.507849931717,1365383376
11,56,"[6, 0, 0, 5]",302,7.09e-7,0,0.12776425,355419248,NaN,0,0.12776495899999998,355419248,12593.635632038116,1427264736
11,57,"[5, 6, 0, 0]",-36,NaN,0,NaN,0,4.5875e-5,393664,4.5875e-5,393664,12593.635699033737,1427665248
11,58,"[5, 5, 1, 0]",59,8.75e-7,0,0.122497959,355419248,NaN,0,0.122498834,355419248,12593.758198976517,1489129712
11,59,"[5, 5, 0, 1]",-58,NaN,0,NaN,0,5.0417e-5,393664,5.0417e-5,393664,12593.758265018463,1489530224
11,60,"[5, 4, 2, 0]",90,6.66e-7,0,0.243168834,355419664,NaN,0,0.2431695,355419664,12594.00143289566,1482169520
11,61,"[5, 4, 1, 1]",89,9.59e-7,0,0.402515125,623826208,NaN,0,0.402516084,623826208,12594.403961896896,1599351216
11,62,"[5, 4, 0, 2]",88,1.208e-6,0,0.141742042,355419296,NaN,0,0.14174325000000002,355419296,12594.545724868774,1610829136
11,63,"[5, 3, 3, 0]",130,8.33e-7,0,0.127938792,369132704,NaN,0,0.127939625,369132704,12594.673682928085,1419241872
11,64,"[5, 3, 2, 1]",129,1.041e-6,0,0.130940958,355419296,NaN,0,0.130941999,355419296,12594.804645061493,1372739968
11,65,"[5, 3, 1, 2]",128,1.208e-6,0,0.125005333,355419280,NaN,0,0.125006541,355419280,12594.92966890335,1380195312
11,66,"[5, 3, 0, 3]",127,6.67e-7,0,0.497703167,582440496,NaN,0,0.497703834,582440496,12595.427376031876,1647445488
11,67,"[5, 2, 4, 0]",180,1.0e-6,0,0.150902125,486081712,NaN,0,0.150903125,486081712,12595.578299999237,1708517600
11,68,"[5, 2, 3, 1]",179,1.0e-6,0,0.1363465,415335584,NaN,0,0.1363475,415335584,12595.714668035507,1425299632
11,69,"[5, 2, 2, 2]",178,7.5e-7,0,0.122715458,399688848,NaN,0,0.122716208,399688848,12595.837403059006,1424743264
11,70,"[5, 2, 1, 3]",177,7.09e-7,0,0.123649917,356615312,NaN,0,0.123650626,356615312,12595.961067914963,1396825616
11,71,"[5, 2, 0, 4]",176,9.58e-7,0,0.138595708,355419248,NaN,0,0.138596666,355419248,12596.09967803955,1457510912
11,72,"[5, 1, 5, 0]",241,7.08e-7,0,0.247517,359056896,NaN,0,0.24751770799999998,359056896,12596.34720492363,1554099408
11,73,"[5, 1, 4, 1]",240,9.59e-7,0,0.1331765,397935712,NaN,0,0.133177459,397935712,12596.480397939682,1952041968
11,74,"[5, 1, 3, 2]",239,1.167e-6,0,0.134966584,355419376,NaN,0,0.134967751,355419376,12596.615386009216,1365383008
11,75,"[5, 1, 2, 3]",238,8.34e-7,0,0.121079125,369132688,NaN,0,0.121079959,369132688,12596.736482858658,1464953200
11,76,"[5, 1, 1, 4]",237,7.5e-7,0,0.125400292,355419312,NaN,0,0.125401042,355419312,12596.861897945404,1365383360
11,77,"[5, 1, 0, 5]",236,7.92e-7,0,0.125618667,355419248,NaN,0,0.125619459,355419248,12596.987534046173,1427231952
11,78,"[5, 0, 6, 0]",314,6.66e-7,0,0.132653792,355419568,NaN,0,0.132654458,355419568,12597.120204925537,1442355072
11,79,"[5, 0, 5, 1]",313,8.75e-7,0,0.241719792,355419344,NaN,0,0.241720667,355419344,12597.361942052841,1451223296
11,80,"[5, 0, 4, 2]",312,1.125e-6,0,0.120864083,369132640,NaN,0,0.120865208,369132640,12597.482828855515,1820362784
11,81,"[5, 0, 3, 3]",311,5.83e-7,0,0.144239125,401573088,NaN,0,0.144239708,401573088,12597.627081871033,1520117568
11,82,"[5, 0, 2, 4]",310,7.91e-7,0,0.151610833,355419312,NaN,0,0.151611624,355419312,12597.778704881668,1369086240
11,83,"[5, 0, 1, 5]",309,1.708e-6,0,0.128503042,369132704,NaN,0,0.12850475,369132704,12597.90723991394,1421070096
11,84,"[5, 0, 0, 6]",308,8.75e-7,0,0.139037458,355452304,NaN,0,0.13903833300000001,355452304,12598.046296834946,1451988816
11,85,"[4, 7, 0, 0]",-21,NaN,0,NaN,0,5.2875e-5,393664,5.2875e-5,393664,12598.04637002945,1452389328
11,86,"[4, 6, 1, 0]",-38,NaN,0,NaN,0,4.6125e-5,393664,4.6125e-5,393664,12598.046419858932,1452789824
11,87,"[4, 6, 0, 1]",-37,NaN,0,NaN,0,4.375e-5,393664,4.375e-5,393664,12598.046465873718,1453190320
11,88,"[4, 5, 2, 0]",-62,NaN,0,NaN,0,3.4042e-5,393664,3.4042e-5,393664,12598.046502828598,1453590816
11,89,"[4, 5, 1, 1]",-61,NaN,0,NaN,0,3.9417e-5,393664,3.9417e-5,393664,12598.046545028687,1453991312
11,90,"[4, 5, 0, 2]",-60,NaN,0,NaN,0,3.4459e-5,393664,3.4459e-5,393664,12598.04658293724,1454391808
11,91,"[4, 4, 3, 0]",94,7.08e-7,0,0.467080708,582473024,NaN,0,0.467081416,582473024,12598.513655900955,1609063120
11,92,"[4, 4, 2, 1]",93,1.042e-6,0,0.140259666,369132640,NaN,0,0.140260708,369132640,12598.653934001923,1978202608
11,93,"[4, 4, 1, 2]",-92,NaN,0,NaN,0,4.3417e-5,393664,4.3417e-5,393664,12598.653996944427,1978603120
11,94,"[4, 4, 0, 3]",-91,NaN,0,NaN,0,4.4833e-5,393664,4.4833e-5,393664,12598.654044866562,1979003616
11,95,"[4, 3, 4, 0]",135,8.75e-7,0,0.132547083,429491376,NaN,0,0.13254795800000002,429491376,12598.786593914032,1696621600
11,96,"[4, 3, 3, 1]",134,7.92e-7,0,0.124339125,369132688,NaN,0,0.124339917,369132688,12598.910946846008,1749525728
11,97,"[4, 3, 2, 2]",133,1.166e-6,0,0.375562583,637670688,NaN,0,0.375563749,637670688,12599.286522865295,1845489712
11,98,"[4, 3, 1, 3]",132,8.34e-7,0,0.136543542,380372368,NaN,0,0.136544376,380372368,12599.423082828522,1973096576
11,99,"[4, 3, 0, 4]",131,6.25e-7,0,0.136415084,444728432,NaN,0,0.136415709,444728432,12599.559514045715,2099301520
11,100,"[4, 2, 5, 0]",186,7.92e-7,0,0.139394875,429196400,NaN,0,0.139395667,429196400,12599.69892692566,2131806256
11,101,"[4, 2, 4, 1]",185,8.33e-7,0,0.220064041,413517136,NaN,0,0.220064874,413517136,12599.919002056122,2101856256
11,102,"[4, 2, 3, 2]",184,7.92e-7,0,0.123054042,384173232,NaN,0,0.123054834,384173232,12600.042073011398,1411206080
11,103,"[4, 2, 2, 3]",183,8.34e-7,0,0.124306084,355419296,NaN,0,0.124306918,355419296,12600.166395902634,1398253536
11,104,"[4, 2, 1, 4]",182,8.34e-7,0,0.348716834,582440496,NaN,0,0.348717668,582440496,12600.51512002945,1547252752
11,105,"[4, 2, 0, 5]",181,1.0e-6,0,0.138393041,444695664,NaN,0,0.138394041,444695664,12600.653530836105,1739232352
11,106,"[4, 1, 6, 0]",248,7.91e-7,0,0.140363625,415335568,NaN,0,0.140364416,415335568,12600.79390501976,1724995120
11,107,"[4, 1, 5, 1]",247,7.08e-7,0,0.21798875,385975504,NaN,0,0.217989458,385975504,12601.011901855469,1788193968
11,108,"[4, 1, 4, 2]",246,1.375e-6,0,0.1234285,398001328,NaN,0,0.123429875,398001328,12601.135346889496,1411337024
11,109,"[4, 1, 3, 3]",245,7.08e-7,0,0.1277065,355419296,NaN,0,0.127707208,355419296,12601.263063907623,1396296480
11,110,"[4, 1, 2, 4]",244,5.84e-7,0,0.126521917,369132976,NaN,0,0.126522501,369132976,12601.389595985413,1464936448
11,111,"[4, 1, 1, 5]",243,8.33e-7,0,0.125441333,355419312,NaN,0,0.125442166,355419312,12601.515048980713,1365383056
11,112,"[4, 1, 0, 6]",242,5.0e-7,0,0.46430125,582440208,NaN,0,0.46430175,582440208,12601.979357004166,1578182400
11,113,"[4, 0, 7, 0]",322,8.75e-7,0,0.14679075,423412832,NaN,0,0.146791625,423412832,12602.126163005829,2001602080
11,114,"[4, 0, 6, 1]",321,7.92e-7,0,0.142839042,454018208,NaN,0,0.142839834,454018208,12602.26901602745,1774773392
11,115,"[4, 0, 5, 2]",320,9.58e-7,0,0.126233166,369132704,NaN,0,0.126234124,369132704,12602.395263910294,1749525712
11,116,"[4, 0, 4, 3]",319,8.75e-7,0,0.1274335,355419600,NaN,0,0.12743437500000002,355419600,12602.52271103859,1649955776
11,117,"[4, 0, 3, 4]",318,9.59e-7,0,0.127726792,369132704,NaN,0,0.127727751,369132704,12602.65045785904,1649956128
11,118,"[4, 0, 2, 5]",317,7.5e-7,0,0.127948875,355419296,NaN,0,0.12794962499999998,355419296,12602.778419017792,1657313088
11,119,"[4, 0, 1, 6]",316,7.08e-7,0,0.139959083,355419248,NaN,0,0.139959791,355419248,12602.918390989304,1719145232
11,120,"[4, 0, 0, 7]",315,7.5e-7,0,0.243589375,355419376,NaN,0,0.243590125,355419376,12603.161990880966,1788469344
11,121,"[3, 8, 0, 0]",-11,NaN,0,NaN,0,4.4542e-5,393664,4.4542e-5,393664,12603.162055969238,1788869856
11,122,"[3, 7, 1, 0]",-23,NaN,0,NaN,0,4.3083e-5,393664,4.3083e-5,393664,12603.162103891373,1789270352
11,123,"[3, 7, 0, 1]",-22,NaN,0,NaN,0,3.8916e-5,393664,3.8916e-5,393664,12603.162144899368,1789670848
11,124,"[3, 6, 2, 0]",-41,NaN,0,NaN,0,4.1875e-5,393664,4.1875e-5,393664,12603.16218996048,1790071344
11,125,"[3, 6, 1, 1]",-40,NaN,0,NaN,0,4.4583e-5,393664,4.4583e-5,393664,12603.162237882614,1790471840
11,126,"[3, 6, 0, 2]",-39,NaN,0,NaN,0,3.9042e-5,393664,3.9042e-5,393664,12603.16227889061,1790872336
11,127,"[3, 5, 3, 0]",-66,NaN,0,NaN,0,4.3709e-5,393664,4.3709e-5,393664,12603.16232585907,1791272832
11,128,"[3, 5, 2, 1]",-65,NaN,0,NaN,0,3.9167e-5,393664,3.9167e-5,393664,12603.162368059158,1791673328
11,129,"[3, 5, 1, 2]",-64,NaN,0,NaN,0,4.275e-5,393664,4.275e-5,393664,12603.162412881851,1792073824
11,130,"[3, 5, 0, 3]",-63,NaN,0,NaN,0,4.3708e-5,393664,4.3708e-5,393664,12603.162459850311,1792474320
11,131,"[3, 4, 4, 0]",-99,NaN,0,NaN,0,4.3084e-5,393664,4.3084e-5,393664,12603.162505865097,1792874816
11,132,"[3, 4, 3, 1]",-98,NaN,0,NaN,0,4.0917e-5,393664,4.0917e-5,393664,12603.162549972534,1793275312
11,133,"[3, 4, 2, 2]",-97,NaN,0,NaN,0,4.3833e-5,393664,4.3833e-5,393664,12603.16259598732,1793675808
11,134,"[3, 4, 1, 3]",-96,NaN,0,NaN,0,4.0e-5,393664,4.0e-5,393664,12603.162638902664,1794076304
11,135,"[3, 4, 0, 4]",-95,NaN,0,NaN,0,4.3375e-5,393664,4.3375e-5,393664,12603.16268491745,1794476800
11,136,"[3, 3, 5, 0]",141,7.92e-7,0,0.121748833,396805216,NaN,0,0.121749625,396805216,12603.284435033798,2191288848
11,137,"[3, 3, 4, 1]",140,7.5e-7,0,0.3333335,610375296,NaN,0,0.33333425,610375296,12603.617777824402,1560933536
11,138,"[3, 3, 3, 2]",139,9.58e-7,0,0.126494083,355452016,NaN,0,0.126495041,355452016,12603.744287014008,1655968976
11,139,"[3, 3, 2, 3]",-138,NaN,0,NaN,0,4.4125e-5,393664,4.4125e-5,393664,12603.744344949722,1656369488
11,140,"[3, 3, 1, 4]",-137,NaN,0,NaN,0,4.0708e-5,393664,4.0708e-5,393664,12603.744390010834,1656769984
11,141,"[3, 3, 0, 5]",-136,NaN,0,NaN,0,4.1334e-5,393664,4.1334e-5,393664,12603.744433879852,1657170480
11,142,"[3, 2, 6, 0]",193,5.84e-7,0,0.12605525,355452016,NaN,0,0.126055834,355452016,12603.87048983574,1717850336
11,143,"[3, 2, 5, 1]",192,6.25e-7,0,0.122113125,355452016,NaN,0,0.12211375000000001,355452016,12603.992619037628,1795034416
11,144,"[3, 2, 4, 2]",191,6.25e-7,0,0.133821042,369280112,NaN,0,0.133821667,369280112,12604.126453876495,1870628816
11,145,"[3, 2, 3, 3]",190,7.5e-7,0,0.458005625,589714880,NaN,0,0.458006375,589714880,12604.584463834763,2084690032
11,146,"[3, 2, 2, 4]",189,8.75e-7,0,0.141775541,451298768,NaN,0,0.14177641600000002,451298768,12604.726253032684,1419663312
11,147,"[3, 2, 1, 5]",188,7.5e-7,0,0.136953375,394052768,NaN,0,0.13695412499999998,394052768,12604.86321592331,1442254272
11,148,"[3, 2, 0, 6]",187,6.67e-7,0,0.349079125,582472928,NaN,0,0.349079792,582472928,12605.212299823761,1628214848
11,149,"[3, 1, 7, 0]",256,1.042e-6,0,0.124354834,355452016,NaN,0,0.124355876,355452016,12605.336668014526,1732858512
11,150,"[3, 1, 6, 1]",255,8.33e-7,0,0.242452916,355452160,NaN,0,0.242453749,355452160,12605.579128026962,1665282656
11,151,"[3, 1, 5, 2]",254,3.75e-7,0,0.123450083,369132640,NaN,0,0.123450458,369132640,12605.702587842941,2034422144
11,152,"[3, 1, 4, 3]",253,9.17e-7,0,0.139258459,429114832,NaN,0,0.139259376,429114832,12605.841860055923,1471956880
11,153,"[3, 1, 3, 4]",252,6.67e-7,0,0.123946375,369132704,NaN,0,0.123947042,369132704,12605.96581697464,1473733552
11,154,"[3, 1, 2, 5]",251,1.0e-6,0,0.39316175,671192336,NaN,0,0.39316274999999995,671192336,12606.358984947205,1697804256
11,155,"[3, 1, 1, 6]",250,9.17e-7,0,0.134291959,355452016,NaN,0,0.13429287599999998,355452016,12606.4932949543,1725452400
11,156,"[3, 1, 0, 7]",249,7.08e-7,0,0.132664708,409732208,NaN,0,0.13266541599999998,409732208,12606.625978946686,1841548416
11,157,"[3, 0, 8, 0]",331,8.33e-7,0,0.236776166,394200368,NaN,0,0.23677699900000002,394200368,12606.862771987915,1734714928
11,158,"[3, 0, 7, 1]",330,5.0e-7,0,0.124211167,355419520,NaN,0,0.124211667,355419520,12606.986991882324,2090141296
11,159,"[3, 0, 6, 2]",329,7.91e-7,0,0.125360875,428999856,NaN,0,0.125361666,428999856,12607.112370967865,1485801408
11,160,"[3, 0, 5, 3]",328,7.5e-7,0,0.125104125,355419296,NaN,0,0.125104875,355419296,12607.23749089241,1471940512
11,161,"[3, 0, 4, 4]",327,6.67e-7,0,0.125395708,369247392,NaN,0,0.125396375,369247392,12607.362897872925,1485621152
11,162,"[3, 0, 3, 5]",326,9.16e-7,0,0.123266,355566704,NaN,0,0.123266916,355566704,12607.486179828644,1516572640
11,163,"[3, 0, 2, 6]",325,7.08e-7,0,0.137379,355566752,NaN,0,0.137379708,355566752,12607.623576879501,1523929392
11,164,"[3, 0, 1, 7]",324,1.125e-6,0,0.427756458,582440576,NaN,0,0.427757583,582440576,12608.051347017288,1808478416
11,165,"[3, 0, 0, 8]",323,1.125e-6,0,0.120964792,382813344,NaN,0,0.120965917,382813344,12608.172330856323,1726724448
11,166,"[2, 9, 0, 0]",-5,NaN,0,NaN,0,4.475e-5,393664,4.475e-5,393664,12608.172394037247,1727124960
11,167,"[2, 8, 1, 0]",-13,NaN,0,NaN,0,4.1917e-5,393664,4.1917e-5,393664,12608.172440052032,1727525456
11,168,"[2, 8, 0, 1]",-12,NaN,0,NaN,0,3.9166e-5,393664,3.9166e-5,393664,12608.172482013702,1727925952
11,169,"[2, 7, 2, 0]",-26,NaN,0,NaN,0,4.0833e-5,393664,4.0833e-5,393664,12608.172525882721,1728326448
11,170,"[2, 7, 1, 1]",-25,NaN,0,NaN,0,4.0625e-5,393664,4.0625e-5,393664,12608.172569036484,1728726944
11,171,"[2, 7, 0, 2]",-24,NaN,0,NaN,0,4.2167e-5,393664,4.2167e-5,393664,12608.172613859177,1729127440
11,172,"[2, 6, 3, 0]",-45,NaN,0,NaN,0,4.3625e-5,393664,4.3625e-5,393664,12608.172660827637,1729527936
11,173,"[2, 6, 2, 1]",-44,NaN,0,NaN,0,4.0166e-5,393664,4.0166e-5,393664,12608.1727039814,1729928432
11,174,"[2, 6, 1, 2]",-43,NaN,0,NaN,0,4.05e-5,393664,4.05e-5,393664,12608.172746896744,1730328928
11,175,"[2, 6, 0, 3]",-42,NaN,0,NaN,0,4.2291e-5,393664,4.2291e-5,393664,12608.17279291153,1730729424
11,176,"[2, 5, 4, 0]",-71,NaN,0,NaN,0,4.0542e-5,393664,4.0542e-5,393664,12608.172835826874,1731129920
11,177,"[2, 5, 3, 1]",-70,NaN,0,NaN,0,5.0083e-5,393664,5.0083e-5,393664,12608.172888994217,1731530416
11,178,"[2, 5, 2, 2]",-69,NaN,0,NaN,0,4.2083e-5,393664,4.2083e-5,393664,12608.172934055328,1731930912
11,179,"[2, 5, 1, 3]",-68,NaN,0,NaN,0,3.9625e-5,393664,3.9625e-5,393664,12608.172976016998,1732331408
11,180,"[2, 5, 0, 4]",-67,NaN,0,NaN,0,4.0791e-5,393664,4.0791e-5,393664,12608.173018932343,1732731904
11,181,"[2, 4, 5, 0]",-105,NaN,0,NaN,0,4.2792e-5,393664,4.2792e-5,393664,12608.173064947128,1733132400
11,182,"[2, 4, 4, 1]",-104,NaN,0,NaN,0,3.9875e-5,393664,3.9875e-5,393664,12608.173107862473,1733532896
11,183,"[2, 4, 3, 2]",-103,NaN,0,NaN,0,4.3666e-5,393664,4.3666e-5,393664,12608.173153877258,1733933392
11,184,"[2, 4, 2, 3]",-102,NaN,0,NaN,0,3.6833e-5,393664,3.6833e-5,393664,12608.17319393158,1734333888
11,185,"[2, 4, 1, 4]",-101,NaN,0,NaN,0,4.2792e-5,393664,4.2792e-5,393664,12608.173238992691,1734734384
11,186,"[2, 4, 0, 5]",-100,NaN,0,NaN,0,4.125e-5,393664,4.125e-5,393664,12608.173284053802,1735134880
11,187,"[2, 3, 6, 0]",-148,NaN,0,NaN,0,4.3834e-5,393664,4.3834e-5,393664,12608.17332983017,1735535376
11,188,"[2, 3, 5, 1]",-147,NaN,0,NaN,0,4.5917e-5,393664,4.5917e-5,393664,12608.173378944397,1735935872
11,189,"[2, 3, 4, 2]",-146,NaN,0,NaN,0,4.275e-5,393664,4.275e-5,393664,12608.173424959183,1736336368
11,190,"[2, 3, 3, 3]",-145,NaN,0,NaN,0,6.3625e-5,393664,6.3625e-5,393664,12608.17349100113,1736736864
11,191,"[2, 3, 2, 4]",-144,NaN,0,NaN,0,6.6917e-5,393664,6.6917e-5,393664,12608.173560857773,1737137360
11,192,"[2, 3, 1, 5]",-143,NaN,0,NaN,0,6.3917e-5,393664,6.3917e-5,393664,12608.17362689972,1737537856
11,193,"[2, 3, 0, 6]",-142,NaN,0,NaN,0,7.2708e-5,393664,7.2708e-5,393664,12608.17370390892,1737938352
11,194,"[2, 2, 7, 0]",201,7.92e-7,0,0.123155333,355419312,NaN,0,0.123156125,355419312,12608.296860933304,1365383504
11,195,"[2, 2, 6, 1]",200,4.59e-7,0,0.120881,369132704,NaN,0,0.120881459,369132704,12608.417752027512,1379064496
11,196,"[2, 2, 5, 2]",199,6.67e-7,0,0.334004459,582440192,NaN,0,0.334005126,582440192,12608.7517619133,1560436192
11,197,"[2, 2, 4, 3]",198,9.58e-7,0,0.1288175,355419248,NaN,0,0.128818458,355419248,12608.880591869354,1665047088
11,198,"[2, 2, 3, 4]",-197,NaN,0,NaN,0,4.0792e-5,393664,4.0792e-5,393664,12608.88064789772,1665447600
11,199,"[2, 2, 2, 5]",-196,NaN,0,NaN,0,4.1625e-5,393664,4.1625e-5,393664,12608.880692958832,1665848096
11,200,"[2, 2, 1, 6]",-195,NaN,0,NaN,0,3.7792e-5,393664,3.7792e-5,393664,12608.880733966827,1666248592
11,201,"[2, 2, 0, 7]",-194,NaN,0,NaN,0,4.3833e-5,393664,4.3833e-5,393664,12608.880780935287,1666649088
11,202,"[2, 1, 8, 0]",265,8.33e-7,0,0.226562291,355419648,NaN,0,0.226563124,355419648,12609.107341051102,1634303664
11,203,"[2, 1, 7, 1]",264,6.25e-7,0,0.121499291,369132640,NaN,0,0.121499916,369132640,12609.228848934174,2003443152
11,204,"[2, 1, 6, 2]",263,7.91e-7,0,0.1417845,428295344,NaN,0,0.141785291,428295344,12609.370645999908,1472071536
11,205,"[2, 1, 5, 3]",262,8.33e-7,0,0.125314708,369132704,NaN,0,0.125315541,369132704,12609.495970964432,1471924048
11,206,"[2, 1, 4, 4]",261,5.41e-7,0,0.332420583,609981712,NaN,0,0.332421124,609981712,12609.828397035599,1607209920
11,207,"[2, 1, 3, 5]",260,9.59e-7,0,0.122818084,369132656,NaN,0,0.12281904299999999,369132656,12609.95122885704,1711886352
11,208,"[2, 1, 2, 6]",259,6.67e-7,0,0.127920709,369132944,NaN,0,0.127921376,369132944,12610.079159975052,1802783840
11,209,"[2, 1, 1, 7]",258,6.67e-7,0,0.451124917,610014624,NaN,0,0.451125584,610014624,12610.530290842056,1878196848
11,210,"[2, 1, 0, 8]",257,9.59e-7,0,0.124721042,369132640,NaN,0,0.124722001,369132640,12610.65502500534,2247336336
11,211,"[2, 0, 9, 0]",341,9.16e-7,0,0.122866042,400426192,NaN,0,0.122866958,400426192,12610.77790594101,1779068880
11,212,"[2, 0, 8, 1]",340,7.92e-7,0,0.122104542,355419296,NaN,0,0.122105334,355419296,12610.901085853577,1427879664
11,213,"[2, 0, 7, 2]",339,6.25e-7,0,0.129627083,355419312,NaN,0,0.129627708,355419312,12611.030725955963,1372937072
11,214,"[2, 0, 6, 3]",338,7.5e-7,0,0.122056125,355419568,NaN,0,0.122056875,355419568,12611.152792930603,1388060192
11,215,"[2, 0, 5, 4]",337,7.08e-7,0,0.235637875,355419296,NaN,0,0.23563858299999998,355419296,12611.388440847397,1420326192
11,216,"[2, 0, 4, 5]",336,1.0e-6,0,0.128500209,369132640,NaN,0,0.128501209,369132640,12611.516955852509,1789465680
11,217,"[2, 0, 3, 6]",335,9.59e-7,0,0.358018875,613143904,NaN,0,0.35801983400000004,613143904,12611.87498998642,1546892464
11,218,"[2, 0, 2, 7]",334,9.16e-7,0,0.141377167,409699488,NaN,0,0.141378083,409699488,12612.016381978989,1427020432
11,219,"[2, 0, 1, 8]",333,5.42e-7,0,0.139146417,380339360,NaN,0,0.139146959,380339360,12612.155539035797,1405017264
11,220,"[2, 0, 0, 9]",332,8.75e-7,0,0.35417125,582080000,NaN,0,0.354172125,582080000,12612.509723901749,1623307584
11,221,"[1, 10, 0, 0]",-2,NaN,0,NaN,0,5.125e-5,393664,5.125e-5,393664,12612.509798049927,1623708096
11,222,"[1, 9, 1, 0]",-7,NaN,0,NaN,0,4.2958e-5,393664,4.2958e-5,393664,12612.509845018387,1624108592
11,223,"[1, 9, 0, 1]",-6,NaN,0,NaN,0,4.1834e-5,393664,4.1834e-5,393664,12612.50988984108,1624509088
11,224,"[1, 8, 2, 0]",-16,NaN,0,NaN,0,4.7375e-5,393664,4.7375e-5,393664,12612.509939908981,1624909584
11,225,"[1, 8, 1, 1]",-15,NaN,0,NaN,0,4.4041e-5,393664,4.4041e-5,393664,12612.509986877441,1625310080
11,226,"[1, 8, 0, 2]",-14,NaN,0,NaN,0,4.1708e-5,393664,4.1708e-5,393664,12612.510031938553,1625710576
11,227,"[1, 7, 3, 0]",-30,NaN,0,NaN,0,4.0375e-5,393664,4.0375e-5,393664,12612.510074853897,1626111072
11,228,"[1, 7, 2, 1]",-29,NaN,0,NaN,0,4.3084e-5,393664,4.3084e-5,393664,12612.510120868683,1626511568
11,229,"[1, 7, 1, 2]",-28,NaN,0,NaN,0,4.3542e-5,393664,4.3542e-5,393664,12612.510166883469,1626912064
11,230,"[1, 7, 0, 3]",-27,NaN,0,NaN,0,4.2208e-5,393664,4.2208e-5,393664,12612.51021194458,1627312560
11,231,"[1, 6, 4, 0]",-50,NaN,0,NaN,0,4.225e-5,393664,4.225e-5,393664,12612.510257005692,1627713056
11,232,"[1, 6, 3, 1]",-49,NaN,0,NaN,0,4.0458e-5,393664,4.0458e-5,393664,12612.51030087471,1628113552
11,233,"[1, 6, 2, 2]",-48,NaN,0,NaN,0,4.2959e-5,393664,4.2959e-5,393664,12612.510345935822,1628514048
11,234,"[1, 6, 1, 3]",-47,NaN,0,NaN,0,4.0916e-5,393664,4.0916e-5,393664,12612.510390043259,1628914544
11,235,"[1, 6, 0, 4]",-46,NaN,0,NaN,0,4.1e-5,393664,4.1e-5,393664,12612.510433912277,1629315040
11,236,"[1, 5, 5, 0]",-77,NaN,0,NaN,0,4.3042e-5,393664,4.3042e-5,393664,12612.510478973389,1629715536
11,237,"[1, 5, 4, 1]",-76,NaN,0,NaN,0,4.4041e-5,393664,4.4041e-5,393664,12612.510526895523,1630116032
11,238,"[1, 5, 3, 2]",-75,NaN,0,NaN,0,4.0208e-5,393664,4.0208e-5,393664,12612.510570049286,1630516528
11,239,"[1, 5, 2, 3]",-74,NaN,0,NaN,0,4.2292e-5,393664,4.2292e-5,393664,12612.510613918304,1630917024
11,240,"[1, 5, 1, 4]",-73,NaN,0,NaN,0,4.0584e-5,393664,4.0584e-5,393664,12612.510656833649,1631317520
11,241,"[1, 5, 0, 5]",-72,NaN,0,NaN,0,4.575e-5,393664,4.575e-5,393664,12612.510705947876,1631718016
11,242,"[1, 4, 6, 0]",-112,NaN,0,NaN,0,4.3417e-5,393664,4.3417e-5,393664,12612.510751962662,1632118512
11,243,"[1, 4, 5, 1]",-111,NaN,0,NaN,0,4.35e-5,393664,4.35e-5,393664,12612.510797977448,1632519008
11,244,"[1, 4, 4, 2]",-110,NaN,0,NaN,0,4.1667e-5,393664,4.1667e-5,393664,12612.510843038559,1632919504
11,245,"[1, 4, 3, 3]",-109,NaN,0,NaN,0,4.1625e-5,393664,4.1625e-5,393664,12612.510886907578,1633320000
11,246,"[1, 4, 2, 4]",-108,NaN,0,NaN,0,4.1916e-5,393664,4.1916e-5,393664,12612.510931015015,1633720496
11,247,"[1, 4, 1, 5]",-107,NaN,0,NaN,0,4.2625e-5,393664,4.2625e-5,393664,12612.5109770298,1634120992
11,248,"[1, 4, 0, 6]",-106,NaN,0,NaN,0,4.175e-5,393664,4.175e-5,393664,12612.511020898819,1634521488
11,249,"[1, 3, 7, 0]",-156,NaN,0,NaN,0,4.1875e-5,393664,4.1875e-5,393664,12612.51106595993,1634921984
11,250,"[1, 3, 6, 1]",-155,NaN,0,NaN,0,4.1292e-5,393664,4.1292e-5,393664,12612.511109828949,1635322480
11,251,"[1, 3, 5, 2]",-154,NaN,0,NaN,0,4.025e-5,393664,4.025e-5,393664,12612.511152029037,1635722976
11,252,"[1, 3, 4, 3]",-153,NaN,0,NaN,0,4.6666e-5,393664,4.6666e-5,393664,12612.51120185852,1636123472
11,253,"[1, 3, 3, 4]",-152,NaN,0,NaN,0,4.4041e-5,393664,4.4041e-5,393664,12612.511247873306,1636523968
11,254,"[1, 3, 2, 5]",-151,NaN,0,NaN,0,4.1041e-5,393664,4.1041e-5,393664,12612.511291980743,1636924464
11,255,"[1, 3, 1, 6]",-150,NaN,0,NaN,0,4.1e-5,393664,4.1e-5,393664,12612.511335849762,1637324960
11,256,"[1, 3, 0, 7]",-149,NaN,0,NaN,0,4.0583e-5,393664,4.0583e-5,393664,12612.511379003525,1637725456
11,257,"[1, 2, 8, 0]",-210,NaN,0,NaN,0,4.5875e-5,393664,4.5875e-5,393664,12612.511427879333,1638125952
11,258,"[1, 2, 7, 1]",-209,NaN,0,NaN,0,4.3e-5,393664,4.3e-5,393664,12612.51147389412,1638526448
11,259,"[1, 2, 6, 2]",-208,NaN,0,NaN,0,4.2125e-5,393664,4.2125e-5,393664,12612.511518001556,1638926944
11,260,"[1, 2, 5, 3]",-207,NaN,0,NaN,0,4.2041e-5,393664,4.2041e-5,393664,12612.51156282425,1639327440
11,261,"[1, 2, 4, 4]",-206,NaN,0,NaN,0,4.325e-5,393664,4.325e-5,393664,12612.511608839035,1639727936
11,262,"[1, 2, 3, 5]",-205,NaN,0,NaN,0,3.9667e-5,393664,3.9667e-5,393664,12612.511651992798,1640128432
11,263,"[1, 2, 2, 6]",-204,NaN,0,NaN,0,4.5667e-5,393664,4.5667e-5,393664,12612.511699914932,1640528928
11,264,"[1, 2, 1, 7]",-203,NaN,0,NaN,0,4.4917e-5,393664,4.4917e-5,393664,12612.511746883392,1640929424
11,265,"[1, 2, 0, 8]",-202,NaN,0,NaN,0,4.65e-5,393664,4.65e-5,393664,12612.51179599762,1641329920
11,266,"[1, 1, 9, 0]",275,9.58e-7,0,0.148975625,409699440,NaN,0,0.148976583,409699440,12612.660773038864,1780471216
11,267,"[1, 1, 8, 1]",274,1.0e-6,0,0.227658208,383976688,NaN,0,0.227659208,383976688,12612.888450860977,1816567904
11,268,"[1, 1, 7, 2]",273,1.209e-6,0,0.126183,396526768,NaN,0,0.126184209,396526768,12613.014652013779,1409846112
11,269,"[1, 1, 6, 3]",272,8.34e-7,0,0.357516042,609457424,NaN,0,0.357516876,609457424,12613.37218093872,1591355264
11,270,"[1, 1, 5, 4]",271,9.58e-7,0,0.135052375,409699440,NaN,0,0.135053333,409699440,12613.507251024246,1702450112
11,271,"[1, 1, 4, 5]",-270,NaN,0,NaN,0,4.1958e-5,393664,4.1958e-5,393664,12613.507312059402,1702850624
11,272,"[1, 1, 3, 6]",-269,NaN,0,NaN,0,4.0792e-5,393664,4.0792e-5,393664,12613.507355928421,1703251120
11,273,"[1, 1, 2, 7]",-268,NaN,0,NaN,0,4.4959e-5,393664,4.4959e-5,393664,12613.507403850555,1703651616
11,274,"[1, 1, 1, 8]",-267,NaN,0,NaN,0,4.1667e-5,393664,4.1667e-5,393664,12613.507448911667,1704052112
11,275,"[1, 1, 0, 9]",-266,NaN,0,NaN,0,4.2375e-5,393664,4.2375e-5,393664,12613.507493972778,1704452608
11,276,"[1, 0, 10, 0]",352,7.92e-7,0,0.128441583,380339600,NaN,0,0.128442375,380339600,12613.635944843292,1734774736
11,277,"[1, 0, 9, 1]",351,8.33e-7,0,0.137737167,355419248,NaN,0,0.137738,355419248,12613.77370095253,1771703136
11,278,"[1, 0, 8, 2]",350,1.042e-6,0,0.216989708,355419424,NaN,0,0.21699075,355419424,12613.990708827972,1819071536
11,279,"[1, 0, 7, 3]",349,1.042e-6,0,0.124848833,396510384,NaN,0,0.12484987500000001,396510384,12614.115576028824,1409960848
11,280,"[1, 0, 6, 4]",348,7.92e-7,0,0.122755875,355419296,NaN,0,0.122756667,355419296,12614.238348960876,1396280176
11,281,"[1, 0, 5, 5]",347,6.67e-7,0,0.352608416,609817872,NaN,0,0.352609083,609817872,12614.590965986252,1545312224
11,282,"[1, 0, 4, 6]",346,1.0e-6,0,0.128675792,355419536,NaN,0,0.128676792,355419536,12614.719656944275,1649939504
11,283,"[1, 0, 3, 7]",345,6.67e-7,0,0.135154334,355419248,NaN,0,0.135155001,355419248,12614.854821920395,1727107200
11,284,"[1, 0, 2, 8]",344,7.5e-7,0,0.49891625,671012208,NaN,0,0.498917,671012208,12615.353740930557,1921961696
11,285,"[1, 0, 1, 9]",343,7.5e-7,0,0.132346084,369116320,NaN,0,0.132346834,369116320,12615.486100912094,1624690096
11,286,"[1, 0, 0, 10]",342,6.67e-7,0,0.137581833,409715872,NaN,0,0.1375825,409715872,12615.623693943024,1458097584
11,287,"[0, 11, 0, 0]",-1,NaN,0,NaN,0,4.6875e-5,393664,4.6875e-5,393664,12615.62375497818,1458498096
11,288,"[0, 10, 1, 0]",-4,NaN,0,NaN,0,4.6167e-5,393664,4.6167e-5,393664,12615.623805046082,1458898592
11,289,"[0, 10, 0, 1]",-3,NaN,0,NaN,0,4.1541e-5,393664,4.1541e-5,393664,12615.6238489151,1459299088
11,290,"[0, 9, 2, 0]",-10,NaN,0,NaN,0,4.3417e-5,393664,4.3417e-5,393664,12615.623894929886,1459699584
11,291,"[0, 9, 1, 1]",-9,NaN,0,NaN,0,3.9084e-5,393664,3.9084e-5,393664,12615.623936891556,1460100080
11,292,"[0, 9, 0, 2]",-8,NaN,0,NaN,0,4.0917e-5,393664,4.0917e-5,393664,12615.623980998993,1460500576
11,293,"[0, 8, 3, 0]",-20,NaN,0,NaN,0,3.9333e-5,393664,3.9333e-5,393664,12615.624022960663,1460901072
11,294,"[0, 8, 2, 1]",-19,NaN,0,NaN,0,4.35e-5,393664,4.35e-5,393664,12615.624068975449,1461301568
11,295,"[0, 8, 1, 2]",-18,NaN,0,NaN,0,4.0125e-5,393664,4.0125e-5,393664,12615.624112844467,1461702064
11,296,"[0, 8, 0, 3]",-17,NaN,0,NaN,0,4.1375e-5,393664,4.1375e-5,393664,12615.624156951904,1462102560
11,297,"[0, 7, 4, 0]",-35,NaN,0,NaN,0,4.0e-5,393664,4.0e-5,393664,12615.624199867249,1462503056
11,298,"[0, 7, 3, 1]",-34,NaN,0,NaN,0,4.2167e-5,393664,4.2167e-5,393664,12615.62424492836,1462903552
11,299,"[0, 7, 2, 2]",-33,NaN,0,NaN,0,4.1125e-5,393664,4.1125e-5,393664,12615.624289035797,1463304048
11,300,"[0, 7, 1, 3]",-32,NaN,0,NaN,0,3.9958e-5,393664,3.9958e-5,393664,12615.624331951141,1463704544
11,301,"[0, 7, 0, 4]",-31,NaN,0,NaN,0,4.0e-5,393664,4.0e-5,393664,12615.624373912811,1464105040
11,302,"[0, 6, 5, 0]",-56,NaN,0,NaN,0,4.0209e-5,393664,4.0209e-5,393664,12615.624416828156,1464505536
11,303,"[0, 6, 4, 1]",-55,NaN,0,NaN,0,4.1e-5,393664,4.1e-5,393664,12615.624460935593,1464906032
11,304,"[0, 6, 3, 2]",-54,NaN,0,NaN,0,5.225e-5,393664,5.225e-5,393664,12615.624516010284,1465306528
11,305,"[0, 6, 2, 3]",-53,NaN,0,NaN,0,6.8125e-5,393664,6.8125e-5,393664,12615.624587059021,1465707024
11,306,"[0, 6, 1, 4]",-52,NaN,0,NaN,0,0.000110542,393664,0.000110542,393664,12615.624701023102,1466107520
11,307,"[0, 6, 0, 5]",-51,NaN,0,NaN,0,6.075e-5,393664,6.075e-5,393664,12615.624764919281,1466508016
11,308,"[0, 5, 6, 0]",-84,NaN,0,NaN,0,6.425e-5,393664,6.425e-5,393664,12615.624831914902,1466908512
11,309,"[0, 5, 5, 1]",-83,NaN,0,NaN,0,6.4834e-5,393664,6.4834e-5,393664,12615.624898910522,1467309008
11,310,"[0, 5, 4, 2]",-82,NaN,0,NaN,0,6.3791e-5,393664,6.3791e-5,393664,12615.624965906143,1467709504
11,311,"[0, 5, 3, 3]",-81,NaN,0,NaN,0,5.35e-5,393664,5.35e-5,393664,12615.62502193451,1468110000
11,312,"[0, 5, 2, 4]",-80,NaN,0,NaN,0,3.9334e-5,393664,3.9334e-5,393664,12615.62506389618,1468510496
11,313,"[0, 5, 1, 5]",-79,NaN,0,NaN,0,4.45e-5,393664,4.45e-5,393664,12615.62511086464,1468910992
11,314,"[0, 5, 0, 6]",-78,NaN,0,NaN,0,4.1458e-5,393664,4.1458e-5,393664,12615.62515592575,1469311488
11,315,"[0, 4, 7, 0]",-120,NaN,0,NaN,0,3.9333e-5,393664,3.9333e-5,393664,12615.62519788742,1469711984
11,316,"[0, 4, 6, 1]",-119,NaN,0,NaN,0,4.0042e-5,393664,4.0042e-5,393664,12615.625241041183,1470112480
11,317,"[0, 4, 5, 2]",-118,NaN,0,NaN,0,3.9375e-5,393664,3.9375e-5,393664,12615.625283002853,1470512976
11,318,"[0, 4, 4, 3]",-117,NaN,0,NaN,0,3.9375e-5,393664,3.9375e-5,393664,12615.625324964523,1470913472
11,319,"[0, 4, 3, 4]",-116,NaN,0,NaN,0,4.2833e-5,393664,4.2833e-5,393664,12615.625370025635,1471313968
11,320,"[0, 4, 2, 5]",-115,NaN,0,NaN,0,4.425e-5,393664,4.425e-5,393664,12615.625416994095,1471714464
11,321,"[0, 4, 1, 6]",-114,NaN,0,NaN,0,4.125e-5,393664,4.125e-5,393664,12615.625460863113,1472114960
11,322,"[0, 4, 0, 7]",-113,NaN,0,NaN,0,6.5958e-5,393664,6.5958e-5,393664,12615.625530004501,1472515456
11,323,"[0, 3, 8, 0]",-165,NaN,0,NaN,0,6.1125e-5,393664,6.1125e-5,393664,12615.62559390068,1472915952
11,324,"[0, 3, 7, 1]",-164,NaN,0,NaN,0,6.4791e-5,393664,6.4791e-5,393664,12615.625660896301,1473316448
11,325,"[0, 3, 6, 2]",-163,NaN,0,NaN,0,6.3166e-5,393664,6.3166e-5,393664,12615.625726938248,1473716944
11,326,"[0, 3, 5, 3]",-162,NaN,0,NaN,0,7.6542e-5,393664,7.6542e-5,393664,12615.625805854797,1474117440
11,327,"[0, 3, 4, 4]",-161,NaN,0,NaN,0,5.925e-5,393664,5.925e-5,393664,12615.625867843628,1474517936
11,328,"[0, 3, 3, 5]",-160,NaN,0,NaN,0,6.0083e-5,393664,6.0083e-5,393664,12615.625931024551,1474918432
11,329,"[0, 3, 2, 6]",-159,NaN,0,NaN,0,5.8541e-5,393664,5.8541e-5,393664,12615.625992059708,1475318928
11,330,"[0, 3, 1, 7]",-158,NaN,0,NaN,0,6.125e-5,393664,6.125e-5,393664,12615.626055955887,1475719424
11,331,"[0, 3, 0, 8]",-157,NaN,0,NaN,0,6.1334e-5,393664,6.1334e-5,393664,12615.626119852066,1476119920
11,332,"[0, 2, 9, 0]",-220,NaN,0,NaN,0,6.4709e-5,393664,6.4709e-5,393664,12615.626186847687,1476520416
11,333,"[0, 2, 8, 1]",-219,NaN,0,NaN,0,6.475e-5,393664,6.475e-5,393664,12615.6262550354,1476920912
11,334,"[0, 2, 7, 2]",-218,NaN,0,NaN,0,6.3666e-5,393664,6.3666e-5,393664,12615.626322031021,1477321408
11,335,"[0, 2, 6, 3]",-217,NaN,0,NaN,0,6.7417e-5,393664,6.7417e-5,393664,12615.626391887665,1477721904
11,336,"[0, 2, 5, 4]",-216,NaN,0,NaN,0,6.4542e-5,393664,6.4542e-5,393664,12615.626458883286,1478122400
11,337,"[0, 2, 4, 5]",-215,NaN,0,NaN,0,6.7209e-5,393664,6.7209e-5,393664,12615.626528978348,1478522896
11,338,"[0, 2, 3, 6]",-214,NaN,0,NaN,0,6.2167e-5,393664,6.2167e-5,393664,12615.626593828201,1478923392
11,339,"[0, 2, 2, 7]",-213,NaN,0,NaN,0,6.1834e-5,393664,6.1834e-5,393664,12615.626657962799,1479323888
11,340,"[0, 2, 1, 8]",-212,NaN,0,NaN,0,6.3708e-5,393664,6.3708e-5,393664,12615.626724004745,1479724384
11,341,"[0, 2, 0, 9]",-211,NaN,0,NaN,0,6.6125e-5,393664,6.6125e-5,393664,12615.626792907715,1480124880
11,342,"[0, 1, 10, 0]",-286,NaN,0,NaN,0,6.175e-5,393664,6.175e-5,393664,12615.626857042313,1480525376
11,343,"[0, 1, 9, 1]",-285,NaN,0,NaN,0,6.9042e-5,393664,6.9042e-5,393664,12615.626929044724,1480925872
11,344,"[0, 1, 8, 2]",-284,NaN,0,NaN,0,6.3333e-5,393664,6.3333e-5,393664,12615.626994848251,1481326368
11,345,"[0, 1, 7, 3]",-283,NaN,0,NaN,0,6.3458e-5,393664,6.3458e-5,393664,12615.627060890198,1481726864
11,346,"[0, 1, 6, 4]",-282,NaN,0,NaN,0,6.4208e-5,393664,6.4208e-5,393664,12615.627127885818,1482127360
11,347,"[0, 1, 5, 5]",-281,NaN,0,NaN,0,7.8708e-5,393664,7.8708e-5,393664,12615.62720990181,1482527856
11,348,"[0, 1, 4, 6]",-280,NaN,0,NaN,0,5.9833e-5,393664,5.9833e-5,393664,12615.62727189064,1482928352
11,349,"[0, 1, 3, 7]",-279,NaN,0,NaN,0,6.0875e-5,393664,6.0875e-5,393664,12615.627334833145,1483328848
11,350,"[0, 1, 2, 8]",-278,NaN,0,NaN,0,6.0417e-5,393664,6.0417e-5,393664,12615.627398967743,1483729344
11,351,"[0, 1, 1, 9]",-277,NaN,0,NaN,0,6.2875e-5,393664,6.2875e-5,393664,12615.627464056015,1484129840
11,352,"[0, 1, 0, 10]",-276,NaN,0,NaN,0,6.2125e-5,393664,6.2125e-5,393664,12615.627528905869,1484530336
11,353,"[0, 0, 11, 0]",364,7.5e-7,0,0.135081709,394036384,NaN,0,0.135082459,394036384,12615.762610912323,1411537408
11,354,"[0, 0, 10, 1]",363,6.67e-7,0,0.122525125,355419568,NaN,0,0.122525792,355419568,12615.885146856308,1388059824
11,355,"[0, 0, 9, 2]",362,6.66e-7,0,0.230194125,355419312,NaN,0,0.230194791,355419312,12616.115349054337,1398073120
11,356,"[0, 0, 8, 3]",361,9.17e-7,0,0.13186475,369116256,NaN,0,0.131865667,369116256,12616.247226953506,1767196224
11,357,"[0, 0, 7, 4]",360,8.33e-7,0,0.381633833,730010944,NaN,0,0.38163466599999996,730010944,12616.628866910934,1629369840
11,358,"[0, 0, 6, 5]",359,9.58e-7,0,0.156189458,355419296,NaN,0,0.156190416,355419296,12616.785069942474,1380391952
11,359,"[0, 0, 5, 6]",-358,NaN,0,NaN,0,4.6167e-5,393664,4.6167e-5,393664,12616.785130023956,1380792464
11,360,"[0, 0, 4, 7]",-357,NaN,0,NaN,0,3.9375e-5,393664,3.9375e-5,393664,12616.7851729393,1381192960
11,361,"[0, 0, 3, 8]",-356,NaN,0,NaN,0,4.7917e-5,393664,4.7917e-5,393664,12616.785223007202,1381593456
11,362,"[0, 0, 2, 9]",-355,NaN,0,NaN,0,4.0917e-5,393664,4.0917e-5,393664,12616.78526687622,1381993952
11,363,"[0, 0, 1, 10]",-354,NaN,0,NaN,0,3.9084e-5,393664,3.9084e-5,393664,12616.78530883789,1382394448
11,364,"[0, 0, 0, 11]",-353,NaN,0,NaN,0,4.2041e-5,393664,4.2041e-5,393664,12616.785353899002,1382794944
