order,monomial_idx,alpha_vector,corresp,fillWfnonaut_time_s,fillWfnonaut_alloc_bytes,homological_time_s,homological_alloc_bytes,conj_copy_time_s,conj_copy_alloc_bytes,monomial_total_time_s,monomial_total_alloc_bytes,cumul_time_s,mem_live_bytes
2,1,"[2, 0, 0, 0]",5,6.291e-6,0,0.0491725,139866416,NaN,0,0.049178791,139866416,0.28844404220581055,706697840
2,2,"[1, 1, 0, 0]",2,3.75e-7,0,0.045219375,101086336,NaN,0,0.045219749999999996,101086336,0.3495910167694092,719405184
2,3,"[1, 0, 1, 0]",7,0.003518458,573632,0.068616875,196292032,NaN,0,0.072135333,196865664,0.42174506187438965,711679408
2,4,"[1, 0, 0, 1]",6,2.825e-5,492288,0.128543667,111105088,NaN,0,0.128571917,111597376,0.5503339767456055,654645072
2,5,"[0, 2, 0, 0]",-1,NaN,0,NaN,0,3.225e-5,197056,3.225e-5,197056,0.5503818988800049,654848992
2,6,"[0, 1, 1, 0]",-4,NaN,0,NaN,0,9.75e-6,197056,9.75e-6,197056,0.5503959655761719,655052848
2,7,"[0, 1, 0, 1]",-3,NaN,0,NaN,0,1.0083e-5,197056,1.0083e-5,197056,0.5504090785980225,655256704
2,8,"[0, 0, 2, 0]",10,2.7583e-5,492304,0.038425333,132100336,NaN,0,0.038452916,132592640,0.5888650417327881,787856160
2,9,"[0, 0, 1, 1]",9,4.9458e-5,984672,0.028225666,101684656,NaN,0,0.028275124,102669328,0.617156982421875,721412512
2,10,"[0, 0, 0, 2]",-8,NaN,0,NaN,0,1.1083e-5,197056,1.1083e-5,197056,0.6171879768371582,721616432
3,1,"[3, 0, 0, 0]",11,4.59e-7,0,0.04236325,128266496,NaN,0,0.042363709,128266496,1.567605972290039,690059408
3,2,"[2, 1, 0, 0]",5,5.83e-7,0,0.053944959,158735232,NaN,0,0.053945542,158735232,1.621574878692627,684808864
3,3,"[2, 0, 1, 0]",13,2.8375e-5,492272,0.041201083,129249536,NaN,0,0.041229458,129741808,1.6628239154815674,717273200
3,4,"[2, 0, 0, 1]",12,4.875e-5,492288,0.160318042,165485472,NaN,0,0.16036679199999998,165977760,1.823214054107666,706099616
3,5,"[1, 2, 0, 0]",-2,NaN,0,NaN,0,1.1041e-5,197056,1.1041e-5,197056,1.8232450485229492,706303536
3,6,"[1, 1, 1, 0]",7,2.6375e-5,492288,0.049784416,178084672,NaN,0,0.049810791,178576960,1.8730599880218506,884887312
3,7,"[1, 1, 0, 1]",-6,NaN,0,NaN,0,1.0125e-5,197056,1.0125e-5,197056,1.8730928897857666,885091232
3,8,"[1, 0, 2, 0]",16,5.1833e-5,492304,0.060288958,204736432,NaN,0,0.060340791,205228736,1.9334371089935303,737549232
3,9,"[1, 0, 1, 1]",15,4.7208e-5,984672,0.051761333,161586064,NaN,0,0.051808541,162570736,1.9852581024169922,669485728
3,10,"[1, 0, 0, 2]",14,2.6791e-5,492368,0.068116375,158374784,NaN,0,0.068143166,158867152,2.053420066833496,668535856
3,11,"[0, 3, 0, 0]",-1,NaN,0,NaN,0,1.1167e-5,197056,1.1167e-5,197056,2.0534520149230957,668739776
3,12,"[0, 2, 1, 0]",-4,NaN,0,NaN,0,1.0083e-5,197056,1.0083e-5,197056,2.0534660816192627,668943648
3,13,"[0, 2, 0, 1]",-3,NaN,0,NaN,0,1.0042e-5,197056,1.0042e-5,197056,2.0534780025482178,669147520
3,14,"[0, 1, 2, 0]",-10,NaN,0,NaN,0,9.542e-6,197056,9.542e-6,197056,2.0534908771514893,669351392
3,15,"[0, 1, 1, 1]",-9,NaN,0,NaN,0,9.875e-6,197056,9.875e-6,197056,2.0535030364990234,669555264
3,16,"[0, 1, 0, 2]",-8,NaN,0,NaN,0,1.2292e-5,197056,1.2292e-5,197056,2.053518056869507,669759136
3,17,"[0, 0, 3, 0]",20,2.6875e-5,492384,0.130001875,128200992,NaN,0,0.13002875,128693376,2.1835479736328125,734732048
3,18,"[0, 0, 2, 1]",19,5.3958e-5,984880,0.05209775,178232128,NaN,0,0.052151708,179217008,2.2357189655303955,913955920
3,19,"[0, 0, 1, 2]",-18,NaN,0,NaN,0,2.4417e-5,197056,2.4417e-5,197056,2.235776901245117,914159840
3,20,"[0, 0, 0, 3]",-17,NaN,0,NaN,0,2.2291e-5,197056,2.2291e-5,197056,2.235801935195923,914363712
4,1,"[4, 0, 0, 0]",21,3.75e-7,0,0.042307417,128201248,NaN,0,0.042307792,128201248,6.26463508605957,673327616
4,2,"[3, 1, 0, 0]",11,5.84e-7,0,0.04176375,130101536,NaN,0,0.041764334,130101536,6.306421995162964,691482992
4,3,"[3, 0, 1, 0]",23,2.75e-5,492272,0.042686708,130265392,NaN,0,0.042714208,130757664,6.349159002304077,705679408
4,4,"[3, 0, 0, 1]",22,2.6958e-5,492288,0.053964625,131150128,NaN,0,0.053991583,131642416,6.403170108795166,721613136
4,5,"[2, 2, 0, 0]",5,4.16e-7,0,0.116704291,102290512,NaN,0,0.116704707,102290512,6.5198938846588135,721225296
4,6,"[2, 1, 1, 0]",13,2.6459e-5,492288,0.038396083,134246640,NaN,0,0.038422542,134738928,6.558332920074463,855971040
4,7,"[2, 1, 0, 1]",12,2.7667e-5,492336,0.039390084,143553168,NaN,0,0.039417751,144045504,6.597771883010864,759271504
4,8,"[2, 0, 2, 0]",26,2.7084e-5,492304,0.0402585,133656880,NaN,0,0.040285584,134149184,6.638079881668091,706451872
4,9,"[2, 0, 1, 1]",25,5.0083e-5,984672,0.041149375,128676144,NaN,0,0.041199458,129660816,6.6792988777160645,702945984
4,10,"[2, 0, 0, 2]",24,2.7083e-5,492368,0.041964958,128201024,NaN,0,0.041992040999999994,128693392,6.721311092376709,673752848
4,11,"[1, 3, 0, 0]",-2,NaN,0,NaN,0,1.1125e-5,197056,1.1125e-5,197056,6.721343040466309,673956768
4,12,"[1, 2, 1, 0]",-7,NaN,0,NaN,0,1.0125e-5,197056,1.0125e-5,197056,6.72135591506958,674160640
4,13,"[1, 2, 0, 1]",-6,NaN,0,NaN,0,9.708e-6,197056,9.708e-6,197056,6.721369028091431,674364512
4,14,"[1, 1, 2, 0]",16,2.7e-5,492352,0.039694083,128201008,NaN,0,0.039721083,128693360,6.761092901229858,673326352
4,15,"[1, 1, 1, 1]",15,5.2042e-5,984816,0.036692792,99128368,NaN,0,0.036744834000000004,100113184,6.797857046127319,663392000
4,16,"[1, 1, 0, 2]",-14,NaN,0,NaN,0,1.0667e-5,197056,1.0667e-5,197056,6.797885894775391,663595920
4,17,"[1, 0, 3, 0]",30,2.825e-5,492384,0.146534833,199870304,NaN,0,0.146563083,200362688,6.944451093673706,809792336
4,18,"[1, 0, 2, 1]",29,5.1042e-5,984880,0.057593625,222545392,NaN,0,0.057644667000000004,223530272,7.002115964889526,1033329472
4,19,"[1, 0, 1, 2]",28,0.006245375,985104,0.022811208,102257680,NaN,0,0.029056583,103242784,7.031192064285278,772007584
4,20,"[1, 0, 0, 3]",27,2.5916e-5,492512,0.056343208,196134448,NaN,0,0.056369124,196626960,7.087578058242798,770592368
4,21,"[0, 4, 0, 0]",-1,NaN,0,NaN,0,1.1959e-5,197056,1.1959e-5,197056,7.0876100063323975,770796288
4,22,"[0, 3, 1, 0]",-4,NaN,0,NaN,0,1.0167e-5,197056,1.0167e-5,197056,7.087622880935669,771000160
4,23,"[0, 3, 0, 1]",-3,NaN,0,NaN,0,9.75e-6,197056,9.75e-6,197056,7.0876359939575195,771204032
4,24,"[0, 2, 2, 0]",-10,NaN,0,NaN,0,9.75e-6,197056,9.75e-6,197056,7.08764910697937,771407888
4,25,"[0, 2, 1, 1]",-9,NaN,0,NaN,0,9.875e-6,197056,9.875e-6,197056,7.087661027908325,771611744
4,26,"[0, 2, 0, 2]",-8,NaN,0,NaN,0,9.584e-6,197056,9.584e-6,197056,7.08767294883728,771815600
4,27,"[0, 1, 3, 0]",-20,NaN,0,NaN,0,9.584e-6,197056,9.584e-6,197056,7.087686061859131,772019456
4,28,"[0, 1, 2, 1]",-19,NaN,0,NaN,0,9.75e-6,197056,9.75e-6,197056,7.087697982788086,772223328
4,29,"[0, 1, 1, 2]",-18,NaN,0,NaN,0,9.458e-6,197056,9.458e-6,197056,7.0877110958099365,772427184
4,30,"[0, 1, 0, 3]",-17,NaN,0,NaN,0,1.0042e-5,197056,1.0042e-5,197056,7.087723970413208,772631056
4,31,"[0, 0, 4, 0]",35,2.7375e-5,492528,0.039174958,128201056,NaN,0,0.039202333000000006,128693584,7.126929044723511,673326112
4,32,"[0, 0, 3, 1]",34,5.1125e-5,985232,0.038260708,130183472,NaN,0,0.038311832999999997,131168704,7.165256023406982,686529392
4,33,"[0, 0, 2, 2]",33,5.3167e-5,985264,0.023985625,95982944,NaN,0,0.024038792,96968208,7.189316987991333,647531600
4,34,"[0, 0, 1, 3]",-32,NaN,0,NaN,0,3.6417e-5,197056,3.6417e-5,197056,7.1893699169158936,647735520
4,35,"[0, 0, 0, 4]",-31,NaN,0,NaN,0,2.8041e-5,197056,2.8041e-5,197056,7.189402103424072,647939392
5,1,"[5, 0, 0, 0]",36,5.0e-7,0,0.054834958,128200960,NaN,0,0.054835458000000004,128200960,21.06969690322876,673326816
5,2,"[4, 1, 0, 0]",21,4.16e-7,0,0.130782625,130068768,NaN,0,0.13078304100000002,130068768,21.200499057769775,733028032
5,3,"[4, 0, 1, 0]",38,2.7042e-5,492272,0.038326125,132215024,NaN,0,0.038353167,132707296,21.238872051239014,865742160
5,4,"[4, 0, 0, 1]",37,2.7458e-5,492288,0.085111166,145486208,NaN,0,0.085138624,145978496,21.324028968811035,701351712
5,5,"[3, 2, 0, 0]",11,3.33e-7,0,0.050070375,160570240,NaN,0,0.050070708,160570240,21.37411594390869,679328800
5,6,"[3, 1, 1, 0]",23,2.625e-5,492288,0.038657542,128201296,NaN,0,0.038683792,128693584,21.412821054458618,687691856
5,7,"[3, 1, 0, 1]",22,2.6875e-5,492336,0.052055166,162716544,NaN,0,0.052082041,163208880,21.46492099761963,670533360
5,8,"[3, 0, 2, 0]",41,2.5875e-5,492304,0.039604209,126841120,NaN,0,0.039630084,127333424,21.50457000732422,675334560
5,9,"[3, 0, 1, 1]",40,5.0417e-5,984672,0.143457292,130068800,NaN,0,0.14350770899999998,131053472,21.648096084594727,675620640
5,10,"[3, 0, 0, 2]",39,2.7209e-5,492368,0.048362709,163273536,NaN,0,0.048389918,163765904,21.696505069732666,839393408
5,11,"[2, 3, 0, 0]",-5,NaN,0,NaN,0,2.1667e-5,197056,2.1667e-5,197056,21.696547985076904,839597328
5,12,"[2, 2, 1, 0]",13,2.6625e-5,492336,0.049299083,174168896,NaN,0,0.049325708,174661232,21.745877027511597,1014265376
5,13,"[2, 2, 0, 1]",-12,NaN,0,NaN,0,3.2875e-5,197056,3.2875e-5,197056,21.745930910110474,1014469312
5,14,"[2, 1, 2, 0]",26,2.7084e-5,492352,0.041601667,130298560,NaN,0,0.041628751,130790912,21.78756308555603,792422848
5,15,"[2, 1, 1, 1]",25,5.0792e-5,984816,0.050787375,160373632,NaN,0,0.050838167000000004,161358448,21.838423013687134,732948208
5,16,"[2, 1, 0, 2]",24,2.7959e-5,492464,0.049925208,160734096,NaN,0,0.049953167,161226560,21.88839602470398,682994384
5,17,"[2, 0, 3, 0]",45,2.6417e-5,492384,0.039154375,128200992,NaN,0,0.039180792,128693376,21.927592992782593,720502512
5,18,"[2, 0, 2, 1]",44,4.9167e-5,984880,0.041267209,128201008,NaN,0,0.041316376,129185888,21.968925952911377,706137376
5,19,"[2, 0, 1, 2]",43,5.1166e-5,984912,0.171873166,158309264,NaN,0,0.17192433199999999,159294176,22.140865087509155,668534512
5,20,"[2, 0, 0, 3]",42,2.85e-5,492512,0.049647875,162995296,NaN,0,0.049676375,163487808,22.19056010246277,832029184
5,21,"[1, 4, 0, 0]",-2,NaN,0,NaN,0,2.3291e-5,197056,2.3291e-5,197056,22.190603971481323,832233104
5,22,"[1, 3, 1, 0]",-7,NaN,0,NaN,0,4.2708e-5,197056,4.2708e-5,197056,22.19064998626709,832436976
5,23,"[1, 3, 0, 1]",-6,NaN,0,NaN,0,3.8e-5,197056,3.8e-5,197056,22.190690994262695,832640848
5,24,"[1, 2, 2, 0]",-16,NaN,0,NaN,0,2.8292e-5,197056,2.8292e-5,197056,22.19072198867798,832844704
5,25,"[1, 2, 1, 1]",-15,NaN,0,NaN,0,2.0209e-5,197056,2.0209e-5,197056,22.190746068954468,833048576
5,26,"[1, 2, 0, 2]",-14,NaN,0,NaN,0,2.8958e-5,197056,2.8958e-5,197056,22.19077706336975,833252448
5,27,"[1, 1, 3, 0]",30,2.6958e-5,492480,0.038262,139210992,NaN,0,0.038288958,139703472,22.229068994522095,972962736
5,28,"[1, 1, 2, 1]",29,0.0001175,985136,0.0523795,173644768,NaN,0,0.052497,174629904,22.281585931777954,787263104
5,29,"[1, 1, 1, 2]",-28,NaN,0,NaN,0,2.4084e-5,197056,2.4084e-5,197056,22.281630039215088,787467024
5,30,"[1, 1, 0, 3]",-27,NaN,0,NaN,0,2.2208e-5,197056,2.2208e-5,197056,22.28165602684021,787670896
5,31,"[1, 0, 4, 0]",50,2.6333e-5,492528,0.05557,211125840,NaN,0,0.055596333000000005,211618368,22.337255001068115,767398208
5,32,"[1, 0, 3, 1]",49,5.1041e-5,985232,0.056788167,198362704,NaN,0,0.056839208,199347936,22.394109964370728,757223968
5,33,"[1, 0, 2, 2]",48,5.1e-5,985264,0.050420875,160619392,NaN,0,0.050471875,161604656,22.444602966308594,732252320
5,34,"[1, 0, 1, 3]",47,5.0625e-5,985296,0.048799458,160570544,NaN,0,0.048850082999999996,161555840,22.493473052978516,681707776
5,35,"[1, 0, 0, 4]",46,2.8583e-5,492736,0.16223275,194348640,NaN,0,0.162261333,194841376,22.655752897262573,694708384
5,36,"[0, 5, 0, 0]",-1,NaN,0,NaN,0,2.4333e-5,197056,2.4333e-5,197056,22.655792951583862,694912304
5,37,"[0, 4, 1, 0]",-4,NaN,0,NaN,0,2.1875e-5,197056,2.1875e-5,197056,22.655818939208984,695116176
5,38,"[0, 4, 0, 1]",-3,NaN,0,NaN,0,2.1375e-5,197056,2.1375e-5,197056,22.655843019485474,695320048
5,39,"[0, 3, 2, 0]",-10,NaN,0,NaN,0,1.9167e-5,197056,1.9167e-5,197056,22.65586495399475,695523920
5,40,"[0, 3, 1, 1]",-9,NaN,0,NaN,0,2.1292e-5,197056,2.1292e-5,197056,22.65588903427124,695727792
5,41,"[0, 3, 0, 2]",-8,NaN,0,NaN,0,2.1125e-5,197056,2.1125e-5,197056,22.65591287612915,695931664
5,42,"[0, 2, 3, 0]",-20,NaN,0,NaN,0,2.3208e-5,197056,2.3208e-5,197056,22.65593910217285,696135536
5,43,"[0, 2, 2, 1]",-19,NaN,0,NaN,0,2.1625e-5,197056,2.1625e-5,197056,22.65596294403076,696339408
5,44,"[0, 2, 1, 2]",-18,NaN,0,NaN,0,2.1458e-5,197056,2.1458e-5,197056,22.65598702430725,696543280
5,45,"[0, 2, 0, 3]",-17,NaN,0,NaN,0,2.3125e-5,197056,2.3125e-5,197056,22.656013011932373,696747152
5,46,"[0, 1, 4, 0]",-35,NaN,0,NaN,0,2.15e-5,197056,2.15e-5,197056,22.656037092208862,696951024
5,47,"[0, 1, 3, 1]",-34,NaN,0,NaN,0,2.2959e-5,197056,2.2959e-5,197056,22.656063079833984,697154880
5,48,"[0, 1, 2, 2]",-33,NaN,0,NaN,0,2.5167e-5,197056,2.5167e-5,197056,22.656090021133423,697358752
5,49,"[0, 1, 1, 3]",-32,NaN,0,NaN,0,2.0e-5,197056,2.0e-5,197056,22.656112909317017,697562624
5,50,"[0, 1, 0, 4]",-31,NaN,0,NaN,0,2.25e-5,197056,2.25e-5,197056,22.656137943267822,697766480
5,51,"[0, 0, 5, 0]",56,2.75e-5,492752,0.039599458,136474864,NaN,0,0.039626958,136967616,22.695767879486084,834740896
5,52,"[0, 0, 4, 1]",55,5.1166e-5,985760,0.039024333,139210992,NaN,0,0.039075499,140196752,22.734863996505737,974944512
5,53,"[0, 0, 3, 2]",54,5.1041e-5,985792,0.050558917,176004080,NaN,0,0.050609958000000003,176989872,22.78549289703369,795365200
5,54,"[0, 0, 2, 3]",-53,NaN,0,NaN,0,2.6416e-5,197056,2.6416e-5,197056,22.78554105758667,795569120
5,55,"[0, 0, 1, 4]",-52,NaN,0,NaN,0,2.3e-5,197056,2.3e-5,197056,22.785567045211792,795772992
5,56,"[0, 0, 0, 5]",-51,NaN,0,NaN,0,2.15e-5,197056,2.15e-5,197056,22.785592079162598,795976848
6,1,"[6, 0, 0, 0]",57,3.75e-7,0,0.044495625,131822112,NaN,0,0.044495999999999994,131822112,70.32142496109009,694755616
6,2,"[5, 1, 0, 0]",36,7.09e-7,0,0.041909625,136098096,NaN,0,0.041910334,136098096,70.36335802078247,713098144
6,3,"[5, 0, 1, 0]",59,2.7125e-5,492272,0.142873458,133148960,NaN,0,0.142900583,133641232,70.50627899169922,705833744
6,4,"[5, 0, 0, 1]",58,2.775e-5,492288,0.039202083,133198064,NaN,0,0.039229833,133690352,70.54552793502808,839530960
6,5,"[4, 2, 0, 0]",21,2.5e-7,0,0.041925209,133001456,NaN,0,0.041925459,133001456,70.58747291564941,972539280
6,6,"[4, 1, 1, 0]",38,2.7459e-5,492288,0.040066417,128496048,NaN,0,0.040093876,128988336,70.62758493423462,751387776
6,7,"[4, 1, 0, 1]",37,2.7708e-5,492336,0.038477125,127021584,NaN,0,0.038504833,127513920,70.66611003875732,878908560
6,8,"[4, 0, 2, 0]",62,2.7708e-5,492304,0.040596334,130150768,NaN,0,0.040624042,130643072,70.70675301551819,742249856
6,9,"[4, 0, 1, 1]",61,5.125e-5,984672,0.039041,126841136,NaN,0,0.03909225,127825808,70.74586296081543,710877408
6,10,"[4, 0, 0, 2]",60,2.6833e-5,492368,0.0391865,126841136,NaN,0,0.039213332999999996,127333504,70.7850968837738,710877408
6,11,"[3, 3, 0, 0]",11,6.67e-7,0,0.027199417,100701264,NaN,0,0.027200084,100701264,70.81231904029846,703661616
6,12,"[3, 2, 1, 0]",23,2.7708e-5,492336,0.039093458,126841136,NaN,0,0.039121166,127333472,70.85145592689514,690318176
6,13,"[3, 2, 0, 1]",22,2.75e-5,492432,0.143458833,126841440,NaN,0,0.14348633300000002,127333872,70.99496006965637,671965984
6,14,"[3, 1, 2, 0]",41,2.65e-5,492352,0.03810575,126841072,NaN,0,0.03813225,127333424,71.03310990333557,799306272
6,15,"[3, 1, 1, 1]",40,4.9708e-5,984816,0.038297459,130150640,NaN,0,0.038347167,131135456,71.07147288322449,930448592
6,16,"[3, 1, 0, 2]",39,2.625e-5,492464,0.042730875,144650656,NaN,0,0.042757125,145143120,71.11424493789673,722861104
6,17,"[3, 0, 3, 0]",66,2.5916e-5,492384,0.037839708,126841072,NaN,0,0.037865624,127333456,71.15212392807007,850201424
6,18,"[3, 0, 2, 1]",65,5.1958e-5,984880,0.037610583,128676080,NaN,0,0.037662541,129660960,71.18980693817139,979869248
6,19,"[3, 0, 1, 2]",64,5.1167e-5,984912,0.04012,136180416,NaN,0,0.040171167,137165328,71.23000001907349,771687968
6,20,"[3, 0, 0, 3]",63,2.7542e-5,492512,0.038642,126841152,NaN,0,0.038669542,127333664,71.26868605613708,695376528
6,21,"[2, 4, 0, 0]",-5,NaN,0,NaN,0,2.175e-5,197056,2.175e-5,197056,71.26872611045837,695580448
6,22,"[2, 3, 1, 0]",-13,NaN,0,NaN,0,2.1209e-5,197056,2.1209e-5,197056,71.2687509059906,695784304
6,23,"[2, 3, 0, 1]",-12,NaN,0,NaN,0,2.575e-5,197056,2.575e-5,197056,71.26877903938293,695988176
6,24,"[2, 2, 2, 0]",26,2.6041e-5,492448,0.041440208,126841072,NaN,0,0.041466249,127333520,71.3102478981018,823328512
6,25,"[2, 2, 1, 1]",25,5.0084e-5,985072,0.0267745,100701312,NaN,0,0.026824584,101686384,71.33709192276001,743046560
6,26,"[2, 2, 0, 2]",-24,NaN,0,NaN,0,1.7959e-5,197056,1.7959e-5,197056,71.3371229171753,743250480
6,27,"[2, 1, 3, 0]",45,2.6667e-5,492480,0.039430042,127021376,NaN,0,0.039456709,127513856,71.37658309936523,684583072
6,28,"[2, 1, 2, 1]",44,5.1708e-5,985136,0.051497041,126841120,NaN,0,0.051548749,127826256,71.42815089225769,713727680
6,29,"[2, 1, 1, 2]",43,5.2333e-5,985168,0.129811917,126841440,NaN,0,0.12986425,127826608,71.55803298950195,745776000
6,30,"[2, 1, 0, 3]",42,2.8167e-5,492672,0.037868666,128676080,NaN,0,0.037896833000000005,129168752,71.59594798088074,874951616
6,31,"[2, 0, 4, 0]",71,2.7625e-5,492528,0.040413084,141177216,NaN,0,0.040440709000000005,141669744,71.63640999794006,697452336
6,32,"[2, 0, 3, 1]",70,5.075e-5,985232,0.038007625,126841072,NaN,0,0.038058375000000005,127826304,71.67448496818542,825285504
6,33,"[2, 0, 2, 2]",69,5.0958e-5,985264,0.0370905,128676080,NaN,0,0.037141457999999995,129661344,71.71164608001709,954953712
6,34,"[2, 0, 1, 3]",68,5.0959e-5,985296,0.04129525,135901600,NaN,0,0.041346209,136886896,71.75301098823547,736362736
6,35,"[2, 0, 0, 4]",67,2.7125e-5,492736,0.037906875,126841360,NaN,0,0.037934,127334096,71.79096293449402,863703696
6,36,"[1, 5, 0, 0]",-2,NaN,0,NaN,0,2.475e-5,197056,2.475e-5,197056,71.79100799560547,863907616
6,37,"[1, 4, 1, 0]",-7,NaN,0,NaN,0,2.2959e-5,197056,2.2959e-5,197056,71.79103493690491,864111472
6,38,"[1, 4, 0, 1]",-6,NaN,0,NaN,0,2.2167e-5,197056,2.2167e-5,197056,71.79105997085571,864315344
6,39,"[1, 3, 2, 0]",-16,NaN,0,NaN,0,1.9667e-5,197056,1.9667e-5,197056,71.79108190536499,864519216
6,40,"[1, 3, 1, 1]",-15,NaN,0,NaN,0,2.55e-5,197056,2.55e-5,197056,71.79111003875732,864723088
6,41,"[1, 3, 0, 2]",-14,NaN,0,NaN,0,2.225e-5,197056,2.225e-5,197056,71.79113602638245,864926944
6,42,"[1, 2, 3, 0]",-30,NaN,0,NaN,0,0.002199125,197184,0.002199125,197184,71.79333806037903,630074528
6,43,"[1, 2, 2, 1]",-29,NaN,0,NaN,0,1.7834e-5,197056,1.7834e-5,197056,71.79336094856262,630278400
6,44,"[1, 2, 1, 2]",-28,NaN,0,NaN,0,1.5792e-5,197056,1.5792e-5,197056,71.79337906837463,630482272
6,45,"[1, 2, 0, 3]",-27,NaN,0,NaN,0,2.0333e-5,197056,2.0333e-5,197056,71.79340195655823,630686144
6,46,"[1, 1, 4, 0]",50,2.6958e-5,492688,0.037517417,126841072,NaN,0,0.037544375,127333760,71.83094906806946,758026720
6,47,"[1, 1, 3, 1]",49,5.3459e-5,985632,0.03850575,126841136,NaN,0,0.038559209,127826768,71.86953091621399,745776032
6,48,"[1, 1, 2, 2]",48,5.3291e-5,985664,0.023581458,97752144,NaN,0,0.023634749,98737808,71.89318609237671,716687088
6,49,"[1, 1, 1, 3]",-47,NaN,0,NaN,0,2.2375e-5,197056,2.2375e-5,197056,71.89322400093079,716891008
6,50,"[1, 1, 0, 4]",-46,NaN,0,NaN,0,2.2167e-5,197056,2.2167e-5,197056,71.89324903488159,717094880
6,51,"[1, 0, 5, 0]",77,2.7167e-5,492752,0.05531025,189171280,NaN,0,0.055337417,189664032,71.94859004020691,726194672
6,52,"[1, 0, 4, 1]",76,5.175e-5,985760,0.057193833,189171280,NaN,0,0.057245583,190157040,72.00585508346558,722390160
6,53,"[1, 0, 3, 2]",75,5.2292e-5,985792,0.161656166,190646096,NaN,0,0.161708458,191631888,72.16757988929749,782811632
6,54,"[1, 0, 2, 3]",74,5.3166e-5,985824,0.022734708,111186960,NaN,0,0.022787874,112172784,72.19038796424866,894991280
6,55,"[1, 0, 1, 4]",73,5.025e-5,985856,0.057709916,215664304,NaN,0,0.057760166,216650160,72.24816989898682,783052816
6,56,"[1, 0, 0, 5]",72,2.9625e-5,493056,0.054663833,196478448,NaN,0,0.054693458,196971504,72.30288410186768,980031184
6,57,"[0, 6, 0, 0]",-1,NaN,0,NaN,0,2.475e-5,197056,2.475e-5,197056,72.30293202400208,980235104
6,58,"[0, 5, 1, 0]",-4,NaN,0,NaN,0,2.5042e-5,197056,2.5042e-5,197056,72.30295991897583,980438960
6,59,"[0, 5, 0, 1]",-3,NaN,0,NaN,0,2.1916e-5,197056,2.1916e-5,197056,72.30298495292664,980642832
6,60,"[0, 4, 2, 0]",-10,NaN,0,NaN,0,1.9334e-5,197056,1.9334e-5,197056,72.30300688743591,980846704
6,61,"[0, 4, 1, 1]",-9,NaN,0,NaN,0,2.3e-5,197056,2.3e-5,197056,72.30303287506104,981050576
6,62,"[0, 4, 0, 2]",-8,NaN,0,NaN,0,2.2416e-5,197056,2.2416e-5,197056,72.30305790901184,981254432
6,63,"[0, 3, 3, 0]",-20,NaN,0,NaN,0,2.025e-5,197056,2.025e-5,197056,72.30308103561401,981458304
6,64,"[0, 3, 2, 1]",-19,NaN,0,NaN,0,2.2709e-5,197056,2.2709e-5,197056,72.30310702323914,981662176
6,65,"[0, 3, 1, 2]",-18,NaN,0,NaN,0,2.1667e-5,197056,2.1667e-5,197056,72.30313110351562,981866048
6,66,"[0, 3, 0, 3]",-17,NaN,0,NaN,0,2.1042e-5,197056,2.1042e-5,197056,72.30315494537354,982069920
6,67,"[0, 2, 4, 0]",-35,NaN,0,NaN,0,2.2834e-5,197056,2.2834e-5,197056,72.30317997932434,982273792
6,68,"[0, 2, 3, 1]",-34,NaN,0,NaN,0,2.3083e-5,197056,2.3083e-5,197056,72.30320501327515,982477664
6,69,"[0, 2, 2, 2]",-33,NaN,0,NaN,0,2.2042e-5,197056,2.2042e-5,197056,72.30323004722595,982681536
6,70,"[0, 2, 1, 3]",-32,NaN,0,NaN,0,1.9375e-5,197056,1.9375e-5,197056,72.30325198173523,982885408
6,71,"[0, 2, 0, 4]",-31,NaN,0,NaN,0,2.1958e-5,197056,2.1958e-5,197056,72.30327701568604,983089280
6,72,"[0, 1, 5, 0]",-56,NaN,0,NaN,0,2.0625e-5,197056,2.0625e-5,197056,72.30329990386963,983293152
6,73,"[0, 1, 4, 1]",-55,NaN,0,NaN,0,2.5542e-5,197056,2.5542e-5,197056,72.30332803726196,983497024
6,74,"[0, 1, 3, 2]",-54,NaN,0,NaN,0,1.9375e-5,197056,1.9375e-5,197056,72.30334997177124,983700896
6,75,"[0, 1, 2, 3]",-53,NaN,0,NaN,0,2.1709e-5,197056,2.1709e-5,197056,72.30337405204773,983904768
6,76,"[0, 1, 1, 4]",-52,NaN,0,NaN,0,2.1959e-5,197056,2.1959e-5,197056,72.30339908599854,984108640
6,77,"[0, 1, 0, 5]",-51,NaN,0,NaN,0,1.95e-5,197056,1.95e-5,197056,72.30342102050781,984312512
6,78,"[0, 0, 6, 0]",84,2.725e-5,493072,0.040088041,141357456,NaN,0,0.040115291,141850528,72.3435389995575,735280832
6,79,"[0, 0, 5, 1]",83,5.4833e-5,986496,0.037250125,126841072,NaN,0,0.037304958,127827568,72.3808650970459,863115264
6,80,"[0, 0, 4, 2]",82,5.2083e-5,986528,0.039767541,127021712,NaN,0,0.039819624,128008240,72.42070293426514,740775360
6,81,"[0, 0, 3, 3]",81,5.25e-5,986560,0.023168584,93164624,NaN,0,0.023221084,94151184,72.44394302368164,680346688
6,82,"[0, 0, 2, 4]",-80,NaN,0,NaN,0,3.2833e-5,197056,3.2833e-5,197056,72.44399094581604,680550608
6,83,"[0, 0, 1, 5]",-79,NaN,0,NaN,0,3.0875e-5,197056,3.0875e-5,197056,72.44402503967285,680754480
6,84,"[0, 0, 0, 6]",-78,NaN,0,NaN,0,2.3e-5,197056,2.3e-5,197056,72.44405102729797,680958352
7,1,"[7, 0, 0, 0]",85,3.75e-7,0,0.053616792,139211008,NaN,0,0.053617167,139211008,196.22783088684082,678247552
7,2,"[6, 1, 0, 0]",57,4.58e-7,0,0.061962958,136786208,NaN,0,0.061963416,136786208,196.28981590270996,691303536
7,3,"[6, 0, 1, 0]",87,2.9084e-5,492272,0.128252292,133034288,NaN,0,0.128281376,133526560,196.41811800003052,751969120
7,4,"[6, 0, 0, 1]",86,5.4167e-5,492288,0.0432395,140833008,NaN,0,0.043293667,141325296,196.46143102645874,893301280
7,5,"[5, 2, 0, 0]",36,3.75e-7,0,0.044282959,128496288,NaN,0,0.044283333999999994,128496288,196.5057339668274,693552944
7,6,"[5, 1, 1, 0]",59,2.5958e-5,492288,0.038259958,126841072,NaN,0,0.038285915999999996,127333360,196.5440399646759,820893136
7,7,"[5, 1, 0, 1]",58,2.6583e-5,492336,0.038768959,126841072,NaN,0,0.038795541999999995,127333408,196.58285403251648,948233408
7,8,"[5, 0, 2, 0]",90,6.3708e-5,492304,0.039163834,150581488,NaN,0,0.039227542000000004,151073792,196.62210202217102,1099314064
7,9,"[5, 0, 1, 1]",89,6.2958e-5,984672,0.041391583,130920928,NaN,0,0.041454541000000004,131905600,196.6635708808899,762180880
7,10,"[5, 0, 0, 2]",88,2.6584e-5,492368,0.037751667,126841072,NaN,0,0.037778251000000006,127333440,196.70136904716492,889521184
7,11,"[4, 3, 0, 0]",21,2.91e-7,0,0.050422375,154000608,NaN,0,0.050422666,154000608,196.75180792808533,783729024
7,12,"[4, 2, 1, 0]",38,2.75e-5,492336,0.039050708,126841136,NaN,0,0.039078208,127333472,196.79090690612793,733372864
7,13,"[4, 2, 0, 1]",37,2.5792e-5,492432,0.048902916,154000272,NaN,0,0.048928707999999994,154492704,196.83985590934753,667060480
7,14,"[4, 1, 2, 0]",62,2.6917e-5,492352,0.038271292,126841120,NaN,0,0.038298209,127333472,196.8781750202179,704683296
7,15,"[4, 1, 1, 1]",61,5.0417e-5,984816,0.039864416,126841136,NaN,0,0.039914833,127825952,196.91810488700867,690318160
7,16,"[4, 1, 0, 2]",60,2.6125e-5,492464,0.156312875,154000256,NaN,0,0.15633899999999998,154492720,197.07445693016052,746166080
7,17,"[4, 0, 3, 0]",94,2.7709e-5,492384,0.041761542,129266192,NaN,0,0.041789251,129758576,197.11626601219177,875931520
7,18,"[4, 0, 2, 1]",93,4.9667e-5,984880,0.041255625,140816624,NaN,0,0.041305292,141801504,197.15758800506592,1017739888
7,19,"[4, 0, 1, 2]",92,5.05e-5,984912,0.043784042,126841264,NaN,0,0.043834542000000004,127826176,197.20144605636597,770935040
7,20,"[4, 0, 0, 3]",91,2.7875e-5,492512,0.048714584,155474752,NaN,0,0.048742458999999995,155967264,197.25021195411682,926909168
7,21,"[3, 4, 0, 0]",-11,NaN,0,NaN,0,2.2e-5,197056,2.2e-5,197056,197.25024890899658,927113104
7,22,"[3, 3, 1, 0]",23,2.4708e-5,492432,0.049736583,173530048,NaN,0,0.049761291,174022480,197.30001401901245,723980928
7,23,"[3, 3, 0, 1]",-22,NaN,0,NaN,0,2.6334e-5,197056,2.6334e-5,197056,197.3000590801239,724184848
7,24,"[3, 2, 2, 0]",41,2.6875e-5,492448,0.040294,126841072,NaN,0,0.040320875000000006,127333520,197.34038305282593,851525184
7,25,"[3, 2, 1, 1]",40,5.1125e-5,985072,0.04896975,154000608,NaN,0,0.049020875,154985680,197.38942408561707,771325680
7,26,"[3, 2, 0, 2]",39,2.6666e-5,492624,0.049753708,154000256,NaN,0,0.049780374,154492880,197.43921899795532,760532096
7,27,"[3, 1, 3, 0]",66,2.7208e-5,492480,0.039258625,126841152,NaN,0,0.039285833,127333632,197.47852492332458,671966752
7,28,"[3, 1, 2, 1]",65,4.9208e-5,985136,0.039325375,126841120,NaN,0,0.039374583000000005,127826256,197.51791310310364,701111824
7,29,"[3, 1, 1, 2]",64,5.1416e-5,985168,0.05067175,154000272,NaN,0,0.050723166,154985440,197.5686550140381,667061168
7,30,"[3, 1, 0, 3]",63,2.7833e-5,492672,0.157392,154000256,NaN,0,0.157419833,154492928,197.72609305381775,667059952
7,31,"[3, 0, 4, 0]",99,2.7042e-5,492528,0.041200792,126841360,NaN,0,0.041227834,127333888,197.76733803749084,794400704
7,32,"[3, 0, 3, 1]",98,5.075e-5,985232,0.039079084,126841072,NaN,0,0.039129834,127826304,197.80648803710938,922233872
7,33,"[3, 0, 2, 2]",97,5.3584e-5,985264,0.047018834,146649504,NaN,0,0.047072418000000005,147634768,197.85357403755188,721361856
7,34,"[3, 0, 1, 3]",96,5.2416e-5,985296,0.051785208,154000192,NaN,0,0.051837624,154985488,197.90543007850647,876354224
7,35,"[3, 0, 0, 4]",95,2.65e-5,492736,0.055658083,163273536,NaN,0,0.055684582999999996,163766272,197.96113300323486,1040127360
7,36,"[2, 5, 0, 0]",-5,NaN,0,NaN,0,2.3125e-5,197056,2.3125e-5,197056,197.961177110672,1040331296
7,37,"[2, 4, 1, 0]",-13,NaN,0,NaN,0,2.1333e-5,197056,2.1333e-5,197056,197.96120190620422,1040535184
7,38,"[2, 4, 0, 1]",-12,NaN,0,NaN,0,2.2125e-5,197056,2.2125e-5,197056,197.96122694015503,1040739072
7,39,"[2, 3, 2, 0]",-26,NaN,0,NaN,0,1.8917e-5,197056,1.8917e-5,197056,197.96124792099,1040942960
7,40,"[2, 3, 1, 1]",-25,NaN,0,NaN,0,2.2875e-5,197056,2.2875e-5,197056,197.9612739086151,1041146848
7,41,"[2, 3, 0, 2]",-24,NaN,0,NaN,0,2.1334e-5,197056,2.1334e-5,197056,197.9612979888916,1041350736
7,42,"[2, 2, 3, 0]",45,2.8083e-5,492640,0.047294625,137097632,NaN,0,0.047322708,137590272,198.00862407684326,744973264
7,43,"[2, 2, 2, 1]",44,5.1833e-5,985536,0.051610084,154000560,NaN,0,0.051661917,154986096,198.06031107902527,681221616
7,44,"[2, 2, 1, 2]",-43,NaN,0,NaN,0,1.9625e-5,197056,1.9625e-5,197056,198.06034803390503,681425536
7,45,"[2, 2, 0, 3]",-42,NaN,0,NaN,0,1.9e-5,197056,1.9e-5,197056,198.0603699684143,681629408
7,46,"[2, 1, 4, 0]",71,2.7042e-5,492688,0.042438791,126841072,NaN,0,0.042465832999999995,127333760,198.1028389930725,808969968
7,47,"[2, 1, 3, 1]",70,4.9167e-5,985632,0.039896083,126841184,NaN,0,0.03994525,127826816,198.14280104637146,747533968
7,48,"[2, 1, 2, 2]",69,5.1708e-5,985664,0.051890166,154000272,NaN,0,0.051941874,154985936,198.19476103782654,670428160
7,49,"[2, 1, 1, 3]",68,5.0291e-5,985696,0.05691875,154000240,NaN,0,0.056969041,154985936,198.25174689292908,688352928
7,50,"[2, 1, 0, 4]",67,2.7959e-5,492976,0.154174708,126841168,NaN,0,0.154202667,127334144,198.40596795082092,672392960
7,51,"[2, 0, 5, 0]",105,2.7542e-5,492752,0.041067459,126841360,NaN,0,0.041095001,127334112,198.44707798957825,799733936
7,52,"[2, 0, 4, 1]",104,5.1166e-5,985760,0.037887125,126841072,NaN,0,0.037938291,127826832,198.48503398895264,927567632
7,53,"[2, 0, 3, 2]",103,5.175e-5,985792,0.042161083,146502048,NaN,0,0.042212833000000005,147487840,198.52726697921753,741187568
7,54,"[2, 0, 2, 3]",102,5.2875e-5,985824,0.05052275,154000192,NaN,0,0.050575625,154986016,198.57786202430725,896180464
7,55,"[2, 0, 1, 4]",101,5.0e-5,985856,0.054742708,159374144,NaN,0,0.054792708,160360000,198.63267397880554,1056547328
7,56,"[2, 0, 0, 5]",100,2.6417e-5,493056,0.046960917,126841264,NaN,0,0.046987334,127334320,198.67967700958252,787098048
7,57,"[1, 6, 0, 0]",-2,NaN,0,NaN,0,2.3458e-5,197056,2.3458e-5,197056,198.67972087860107,787301968
7,58,"[1, 5, 1, 0]",-7,NaN,0,NaN,0,2.1916e-5,197056,2.1916e-5,197056,198.67974710464478,787505840
7,59,"[1, 5, 0, 1]",-6,NaN,0,NaN,0,2.2125e-5,197056,2.2125e-5,197056,198.679771900177,787709712
7,60,"[1, 4, 2, 0]",-16,NaN,0,NaN,0,1.95e-5,197056,1.95e-5,197056,198.67979407310486,787913584
7,61,"[1, 4, 1, 1]",-15,NaN,0,NaN,0,2.1333e-5,197056,2.1333e-5,197056,198.67981791496277,788117440
7,62,"[1, 4, 0, 2]",-14,NaN,0,NaN,0,2.1542e-5,197056,2.1542e-5,197056,198.67984199523926,788321312
7,63,"[1, 3, 3, 0]",-30,NaN,0,NaN,0,1.8542e-5,197056,1.8542e-5,197056,198.67986297607422,788525184
7,64,"[1, 3, 2, 1]",-29,NaN,0,NaN,0,2.4208e-5,197056,2.4208e-5,197056,198.67988991737366,788729056
7,65,"[1, 3, 1, 2]",-28,NaN,0,NaN,0,2.0875e-5,197056,2.0875e-5,197056,198.67991399765015,788932928
7,66,"[1, 3, 0, 3]",-27,NaN,0,NaN,0,2.0458e-5,197056,2.0458e-5,197056,198.67993688583374,789136800
7,67,"[1, 2, 4, 0]",-50,NaN,0,NaN,0,1.75e-5,197056,1.75e-5,197056,198.67995691299438,789340672
7,68,"[1, 2, 3, 1]",-49,NaN,0,NaN,0,2.1584e-5,197056,2.1584e-5,197056,198.67998099327087,789544528
7,69,"[1, 2, 2, 2]",-48,NaN,0,NaN,0,2.3459e-5,197056,2.3459e-5,197056,198.680006980896,789748400
7,70,"[1, 2, 1, 3]",-47,NaN,0,NaN,0,2.0625e-5,197056,2.0625e-5,197056,198.68003106117249,789952272
7,71,"[1, 2, 0, 4]",-46,NaN,0,NaN,0,2.2167e-5,197056,2.2167e-5,197056,198.6800560951233,790156144
7,72,"[1, 1, 5, 0]",77,3.2833e-5,492992,0.03764375,126841424,NaN,0,0.037676583,127334416,198.71773505210876,713702384
7,73,"[1, 1, 4, 1]",76,5.1e-5,986336,0.038523625,126841152,NaN,0,0.038574625,127827488,198.75632905960083,695352112
7,74,"[1, 1, 3, 2]",75,5.275e-5,986368,0.050597791,154000256,NaN,0,0.050650541,154986624,198.8069989681244,690446048
7,75,"[1, 1, 2, 3]",-74,NaN,0,NaN,0,1.8625e-5,197056,1.8625e-5,197056,198.80703902244568,690649968
7,76,"[1, 1, 1, 4]",-73,NaN,0,NaN,0,1.6791e-5,197056,1.6791e-5,197056,198.80706000328064,690853840
7,77,"[1, 1, 0, 5]",-72,NaN,0,NaN,0,1.6084e-5,197056,1.6084e-5,197056,198.80707907676697,691057712
7,78,"[1, 0, 6, 0]",112,2.8916e-5,493072,0.064071791,189171280,NaN,0,0.064100707,189664352,198.87118196487427,720435104
7,79,"[1, 0, 5, 1]",111,5.4375e-5,986496,0.148136041,189171232,NaN,0,0.148190416,190157728,199.01938891410828,757124816
7,80,"[1, 0, 4, 2]",110,5.1875e-5,986528,0.055882084,205719024,NaN,0,0.055933959,206705552,199.0753378868103,963837232
7,81,"[1, 0, 3, 3]",109,5.3167e-5,986560,0.051999417,163798304,NaN,0,0.052052584,164784864,199.12741208076477,766514720
7,82,"[1, 0, 2, 4]",108,5.1875e-5,986592,0.054230334,154000192,NaN,0,0.054282209,154986784,199.18171095848083,921508368
7,83,"[1, 0, 1, 5]",107,5.3708e-5,986624,0.062265583,200001136,NaN,0,0.062319291,200987760,199.24405193328857,772398960
7,84,"[1, 0, 0, 6]",106,2.775e-5,493488,0.055436042,190645872,NaN,0,0.055463792,191139360,199.29953289031982,760233296
7,85,"[0, 7, 0, 0]",-1,NaN,0,NaN,0,2.6416e-5,197056,2.6416e-5,197056,199.29957699775696,760437216
7,86,"[0, 6, 1, 0]",-4,NaN,0,NaN,0,2.2166e-5,197056,2.2166e-5,197056,199.29960298538208,760641088
7,87,"[0, 6, 0, 1]",-3,NaN,0,NaN,0,2.125e-5,197056,2.125e-5,197056,199.29962706565857,760844960
7,88,"[0, 5, 2, 0]",-10,NaN,0,NaN,0,1.9709e-5,197056,1.9709e-5,197056,199.29964995384216,761048832
7,89,"[0, 5, 1, 1]",-9,NaN,0,NaN,0,2.0875e-5,197056,2.0875e-5,197056,199.29967308044434,761252704
7,90,"[0, 5, 0, 2]",-8,NaN,0,NaN,0,2.5e-5,197056,2.5e-5,197056,199.2997009754181,761456576
7,91,"[0, 4, 3, 0]",-20,NaN,0,NaN,0,2.2125e-5,197056,2.2125e-5,197056,199.2997260093689,761660432
7,92,"[0, 4, 2, 1]",-19,NaN,0,NaN,0,2.1833e-5,197056,2.1833e-5,197056,199.29975008964539,761864304
7,93,"[0, 4, 1, 2]",-18,NaN,0,NaN,0,2.4208e-5,197056,2.4208e-5,197056,199.29977703094482,762068176
7,94,"[0, 4, 0, 3]",-17,NaN,0,NaN,0,2.1083e-5,197056,2.1083e-5,197056,199.29980087280273,762272048
7,95,"[0, 3, 4, 0]",-35,NaN,0,NaN,0,2.5084e-5,197056,2.5084e-5,197056,199.29992604255676,762475920
7,96,"[0, 3, 3, 1]",-34,NaN,0,NaN,0,2.4667e-5,197056,2.4667e-5,197056,199.29995393753052,762679792
7,97,"[0, 3, 2, 2]",-33,NaN,0,NaN,0,2.3166e-5,197056,2.3166e-5,197056,199.29997992515564,762883664
7,98,"[0, 3, 1, 3]",-32,NaN,0,NaN,0,2.15e-5,197056,2.15e-5,197056,199.30000400543213,763087536
7,99,"[0, 3, 0, 4]",-31,NaN,0,NaN,0,2.2709e-5,197056,2.2709e-5,197056,199.30002999305725,763291392
7,100,"[0, 2, 5, 0]",-56,NaN,0,NaN,0,2.5875e-5,197056,2.5875e-5,197056,199.300057888031,763495264
7,101,"[0, 2, 4, 1]",-55,NaN,0,NaN,0,2.2208e-5,197056,2.2208e-5,197056,199.3000829219818,763699136
7,102,"[0, 2, 3, 2]",-54,NaN,0,NaN,0,2.0459e-5,197056,2.0459e-5,197056,199.30010604858398,763903008
7,103,"[0, 2, 2, 3]",-53,NaN,0,NaN,0,2.25e-5,197056,2.25e-5,197056,199.3001310825348,764106880
7,104,"[0, 2, 1, 4]",-52,NaN,0,NaN,0,2.3833e-5,197056,2.3833e-5,197056,199.30015802383423,764310736
7,105,"[0, 2, 0, 5]",-51,NaN,0,NaN,0,2.0583e-5,197056,2.0583e-5,197056,199.30018091201782,764514608
7,106,"[0, 1, 6, 0]",-84,NaN,0,NaN,0,2.2625e-5,197056,2.2625e-5,197056,199.30020594596863,764718480
7,107,"[0, 1, 5, 1]",-83,NaN,0,NaN,0,2.3e-5,197056,2.3e-5,197056,199.30023193359375,764922352
7,108,"[0, 1, 4, 2]",-82,NaN,0,NaN,0,2.0625e-5,197056,2.0625e-5,197056,199.30025506019592,765126208
7,109,"[0, 1, 3, 3]",-81,NaN,0,NaN,0,2.1667e-5,197056,2.1667e-5,197056,199.30027890205383,765330080
7,110,"[0, 1, 2, 4]",-80,NaN,0,NaN,0,2.2541e-5,197056,2.2541e-5,197056,199.30030393600464,765533952
7,111,"[0, 1, 1, 5]",-79,NaN,0,NaN,0,2.25e-5,197056,2.25e-5,197056,199.30032992362976,765737824
7,112,"[0, 1, 0, 6]",-78,NaN,0,NaN,0,1.9666e-5,197056,1.9666e-5,197056,199.30035209655762,765941696
7,113,"[0, 0, 7, 0]",120,2.9125e-5,493504,0.038154291,126841136,NaN,0,0.038183416,127334640,199.33853888511658,701110704
7,114,"[0, 0, 6, 1]",119,5.4625e-5,987472,0.039534875,126841136,NaN,0,0.0395895,127828608,199.37814807891846,701111760
7,115,"[0, 0, 5, 2]",118,5.3208e-5,987504,0.039721541,126841424,NaN,0,0.039774749,127828928,199.4179389476776,710877536
7,116,"[0, 0, 4, 3]",117,5.4791e-5,987536,0.063644542,154000272,NaN,0,0.063699333,154987808,199.4816598892212,667059952
7,117,"[0, 0, 3, 4]",-116,NaN,0,NaN,0,2.3583e-5,197056,2.3583e-5,197056,199.481703042984,667263872
7,118,"[0, 0, 2, 5]",-115,NaN,0,NaN,0,2.1e-5,197056,2.1e-5,197056,199.48172807693481,667467744
7,119,"[0, 0, 1, 6]",-114,NaN,0,NaN,0,2.0e-5,197056,2.0e-5,197056,199.4817509651184,667671600
7,120,"[0, 0, 0, 7]",-113,NaN,0,NaN,0,2.1958e-5,197056,2.1958e-5,197056,199.4817759990692,667875456
8,1,"[8, 0, 0, 0]",121,3.75e-7,0,0.048375958,139981056,NaN,0,0.048376332999999994,139981056,525.9875779151917,676399040
8,2,"[7, 1, 0, 0]",85,3.75e-7,0,0.042845208,143307056,NaN,0,0.042845583,143307056,526.0304470062256,693086944
8,3,"[7, 0, 1, 0]",123,3.0041e-5,492272,0.146880041,150237472,NaN,0,0.146910082,150729744,526.1773779392242,740306192
8,4,"[7, 0, 0, 1]",122,2.7333e-5,492288,0.045299958,130920976,NaN,0,0.045327291,131413264,526.222727060318,871726320
8,5,"[6, 2, 0, 0]",57,3.33e-7,0,0.047322583,128495856,NaN,0,0.047322916,128495856,526.2700688838959,1000229040
8,6,"[6, 1, 1, 0]",87,2.8625e-5,492288,0.04703475,128496048,NaN,0,0.047063375,128988336,526.3171539306641,751387872
8,7,"[6, 1, 0, 1]",86,5.2667e-5,492336,0.040349167,126841072,NaN,0,0.040401834,127333408,526.3575780391693,878728144
8,8,"[6, 0, 2, 0]",126,6.9333e-5,492304,0.042760459,128741616,NaN,0,0.042829792,129233920,526.4004271030426,1007968928
8,9,"[6, 0, 1, 1]",125,0.000126833,984672,0.042683459,147780016,NaN,0,0.042810292,148764688,526.4432508945465,728596544
8,10,"[6, 0, 0, 2]",124,2.7e-5,492368,0.040653375,126841360,NaN,0,0.040680375,127333728,526.483952999115,855937136
8,11,"[5, 3, 0, 0]",36,5.83e-7,0,0.039251958,126841200,NaN,0,0.039252541,126841200,526.5232260227203,721670848
8,12,"[5, 2, 1, 0]",59,3.6583e-5,492336,0.041530333,126841152,NaN,0,0.041566916,127333488,526.5648069381714,682760416
8,13,"[5, 2, 0, 1]",58,2.6792e-5,492432,0.03930175,126841072,NaN,0,0.039328542,127333504,526.6041541099548,810100784
8,14,"[5, 1, 2, 0]",90,2.8334e-5,492352,0.04204125,126841200,NaN,0,0.042069584,127333552,526.6462469100952,671966960
8,15,"[5, 1, 1, 1]",89,7.9916e-5,984816,0.039139458,126841120,NaN,0,0.039219374,127825936,526.685478925705,701112032
8,16,"[5, 1, 0, 2]",88,2.7458e-5,492464,0.146889667,126841424,NaN,0,0.146917125,127333888,526.8324139118195,690317184
8,17,"[5, 0, 3, 0]",130,2.6959e-5,492384,0.039918708,126841072,NaN,0,0.039945667,127333456,526.8723781108856,817657504
8,18,"[5, 0, 2, 1]",129,5.1625e-5,984880,0.04097225,127791344,NaN,0,0.041023875,128776224,526.9134240150452,946440592
8,19,"[5, 0, 1, 2]",128,4.9958e-5,984912,0.045050708,143602096,NaN,0,0.045100666000000005,144587008,526.9585440158844,728596528
8,20,"[5, 0, 0, 3]",127,2.6875e-5,492512,0.042503042,126841072,NaN,0,0.042529917,127333584,527.0010890960693,855936992
8,21,"[4, 4, 0, 0]",21,3.666e-6,0,0.023728917,100881424,NaN,0,0.023732582999999998,100881424,527.0248410701752,956825280
8,22,"[4, 3, 1, 0]",38,6.6125e-5,492432,0.040503,141603536,NaN,0,0.040569125,142095968,527.0654249191284,735247968
8,23,"[4, 3, 0, 1]",37,2.7708e-5,492592,0.037795708,126841072,NaN,0,0.037823416,127333664,527.1032660007477,862588496
8,24,"[4, 2, 2, 0]",62,2.7417e-5,492448,0.039833209,126841200,NaN,0,0.039860626,127333648,527.1431419849396,721670800
8,25,"[4, 2, 1, 1]",61,5.0666e-5,985072,0.038487667,126841152,NaN,0,0.038538333,127826224,527.1816990375519,682760368
8,26,"[4, 2, 0, 2]",60,2.6708e-5,492624,0.039144875,126841072,NaN,0,0.039171583,127333696,527.2208890914917,810100928
8,27,"[4, 1, 3, 0]",94,2.7667e-5,492480,0.041017375,126841200,NaN,0,0.041045042000000004,127333680,527.2619528770447,671966912
8,28,"[4, 1, 2, 1]",93,5.1083e-5,985136,0.052082584,126841408,NaN,0,0.052133667,127826544,527.3141078948975,701111504
8,29,"[4, 1, 1, 2]",92,4.9875e-5,985168,0.133438417,126841136,NaN,0,0.133488292,127826304,527.4476130008698,729800624
8,30,"[4, 1, 0, 3]",91,2.6375e-5,492672,0.0394785,126841072,NaN,0,0.039504875,127333744,527.487135887146,857141232
8,31,"[4, 0, 4, 0]",135,2.725e-5,492528,0.039570833,137851120,NaN,0,0.039598083,138343648,527.526752948761,995491744
8,32,"[4, 0, 3, 1]",134,5.025e-5,985232,0.042153,130920880,NaN,0,0.042203250000000005,131906112,527.5689809322357,771442480
8,33,"[4, 0, 2, 2]",133,5.0583e-5,985264,0.038158417,126841072,NaN,0,0.038209,127826336,527.6072080135345,899275680
8,34,"[4, 0, 1, 3]",132,5.0584e-5,985296,0.041116792,137851552,NaN,0,0.041167376,138836848,527.6483950614929,699353376
8,35,"[4, 0, 0, 4]",131,2.725e-5,492736,0.0400125,126841072,NaN,0,0.04003975,127333808,527.6884520053864,826694048
8,36,"[3, 5, 0, 0]",-11,NaN,0,NaN,0,2.4375e-5,197056,2.4375e-5,197056,527.6884949207306,826897968
8,37,"[3, 4, 1, 0]",-23,NaN,0,NaN,0,2.5417e-5,197056,2.5417e-5,197056,527.6885240077972,827101840
8,38,"[3, 4, 0, 1]",-22,NaN,0,NaN,0,2.2917e-5,197056,2.2917e-5,197056,527.688549041748,827305712
8,39,"[3, 3, 2, 0]",41,2.7125e-5,492608,0.040006542,126841200,NaN,0,0.040033667,127333808,527.7285859584808,693553408
8,40,"[3, 3, 1, 1]",40,4.9458e-5,985472,0.02317025,100701200,NaN,0,0.023219708,101686672,527.7518229484558,795246944
8,41,"[3, 3, 0, 2]",-39,NaN,0,NaN,0,2.1542e-5,197056,2.1542e-5,197056,527.7518661022186,795450864
8,42,"[3, 2, 3, 0]",66,2.7542e-5,492640,0.040283958,126841184,NaN,0,0.0403115,127333824,527.7921810150146,717607088
8,43,"[3, 2, 2, 1]",65,5.8166e-5,985536,0.0399725,126841136,NaN,0,0.040030666,127826672,527.8322370052338,701112208
8,44,"[3, 2, 1, 2]",64,5.2166e-5,985568,0.039663917,126841440,NaN,0,0.039716083,127827008,527.8719720840454,671967264
8,45,"[3, 2, 0, 3]",63,2.6667e-5,492912,0.147406708,126841136,NaN,0,0.147433375,127334048,528.0194160938263,682759408
8,46,"[3, 1, 4, 0]",99,2.7167e-5,492688,0.036461708,126841072,NaN,0,0.036488875000000004,127333760,528.0559210777283,810100032
8,47,"[3, 1, 3, 1]",98,5.0708e-5,985632,0.039071833,126841072,NaN,0,0.039122541,127826704,528.0950620174408,937933600
8,48,"[3, 1, 2, 2]",97,5.0416e-5,985664,0.046080125,145928576,NaN,0,0.046130541,146914240,528.1412100791931,733651536
8,49,"[3, 1, 1, 3]",96,5.1542e-5,985696,0.038776375,126841072,NaN,0,0.038827917,127826768,528.1800529956818,861485168
8,50,"[3, 1, 0, 4]",95,3.0e-5,492976,0.0370075,126841360,NaN,0,0.0370375,127334336,528.2171130180359,988826368
8,51,"[3, 0, 5, 0]",141,2.6834e-5,492752,0.043821,144978352,NaN,0,0.043847834,145471104,528.2609770298004,743494688
8,52,"[3, 0, 4, 1]",140,5.3e-5,985760,0.039894,126841072,NaN,0,0.039946999999999996,127826832,528.3009359836578,871328384
8,53,"[3, 0, 3, 2]",139,5.1916e-5,985792,0.039468584,126841200,NaN,0,0.0395205,127826992,528.3404769897461,726803728
8,54,"[3, 0, 2, 3]",138,5.25e-5,985824,0.03899175,126841072,NaN,0,0.039044249999999996,127826896,528.3795409202576,854637488
8,55,"[3, 0, 1, 4]",137,5.1375e-5,985856,0.040985834,126841184,NaN,0,0.041037209,127827040,528.4206008911133,773844784
8,56,"[3, 0, 0, 5]",136,2.825e-5,493056,0.040370125,126841440,NaN,0,0.040398375,127334496,528.4610180854797,705216848
8,57,"[2, 6, 0, 0]",-5,NaN,0,NaN,0,7.5792e-5,197056,7.5792e-5,197056,528.4611439704895,705420768
8,58,"[2, 5, 1, 0]",-13,NaN,0,NaN,0,6.025e-5,197056,6.025e-5,197056,528.4612150192261,705624640
8,59,"[2, 5, 0, 1]",-12,NaN,0,NaN,0,7.175e-5,197056,7.175e-5,197056,528.4612939357758,705828512
8,60,"[2, 4, 2, 0]",-26,NaN,0,NaN,0,2.6375e-5,197056,2.6375e-5,197056,528.4613358974457,706032384
8,61,"[2, 4, 1, 1]",-25,NaN,0,NaN,0,2.7125e-5,197056,2.7125e-5,197056,528.461366891861,706236256
8,62,"[2, 4, 0, 2]",-24,NaN,0,NaN,0,2.3375e-5,197056,2.3375e-5,197056,528.4613928794861,706440128
8,63,"[2, 3, 3, 0]",-45,NaN,0,NaN,0,2.0708e-5,197056,2.0708e-5,197056,528.4614160060883,706644000
8,64,"[2, 3, 2, 1]",-44,NaN,0,NaN,0,2.2959e-5,197056,2.2959e-5,197056,528.4614419937134,706847872
8,65,"[2, 3, 1, 2]",-43,NaN,0,NaN,0,2.1083e-5,197056,2.1083e-5,197056,528.4614660739899,707051744
8,66,"[2, 3, 0, 3]",-42,NaN,0,NaN,0,2.1375e-5,197056,2.1375e-5,197056,528.4614899158478,707255616
8,67,"[2, 2, 4, 0]",71,2.6792e-5,492928,0.052132084,126841120,NaN,0,0.052158876,127334048,528.5136549472809,734361120
8,68,"[2, 2, 3, 1]",70,5.2167e-5,986208,0.13359575,126841184,NaN,0,0.133647917,127827392,528.6473169326782,740594048
8,69,"[2, 2, 2, 2]",69,5.2625e-5,986240,0.02339675,100701200,NaN,0,0.023449375,101687440,528.6707859039307,842288352
8,70,"[2, 2, 1, 3]",-68,NaN,0,NaN,0,2.4e-5,197056,2.4e-5,197056,528.670823097229,842492272
8,71,"[2, 2, 0, 4]",-67,NaN,0,NaN,0,2.7958e-5,197056,2.7958e-5,197056,528.6708540916443,842696128
8,72,"[2, 1, 5, 0]",105,2.575e-5,492992,0.03799575,138998000,NaN,0,0.0380215,139490992,528.708878993988,982193936
8,73,"[2, 1, 4, 1]",104,5.0208e-5,986336,0.040024041,140226992,NaN,0,0.040074249000000006,141213328,528.7489659786224,766296752
8,74,"[2, 1, 3, 2]",103,5.1792e-5,986368,0.038889792,126841360,NaN,0,0.038941584,127827728,528.7879250049591,894131360
8,75,"[2, 1, 2, 3]",102,5.2459e-5,986400,0.040843125,128741760,NaN,0,0.040895584,129728160,528.8288381099701,694503728
8,76,"[2, 1, 1, 4]",101,4.9708e-5,986432,0.038764208,126841072,NaN,0,0.038813916000000004,127827504,528.8676669597626,822338096
8,77,"[2, 1, 0, 5]",100,2.6542e-5,493392,0.041913083,126841200,NaN,0,0.041939624999999994,127334592,528.9096159934998,693553424
8,78,"[2, 0, 6, 0]",148,2.8875e-5,493072,0.038830458,126841072,NaN,0,0.038859332999999996,127334144,528.9484930038452,820894448
8,79,"[2, 0, 5, 1]",147,5.2875e-5,986496,0.039309541,126841184,NaN,0,0.039362416000000004,127827680,528.9878759384155,740594400
8,80,"[2, 0, 4, 2]",146,5.1792e-5,986528,0.039098625,126841424,NaN,0,0.039150417,127827952,529.0270431041718,729801056
8,81,"[2, 0, 3, 3]",145,5.0542e-5,986560,0.042639459,126841136,NaN,0,0.042690001,127827696,529.069746017456,690317744
8,82,"[2, 0, 2, 4]",144,5.2333e-5,986592,0.143205709,126841136,NaN,0,0.14325804199999997,127827728,529.2130219936371,690317184
8,83,"[2, 0, 1, 5]",143,5.0291e-5,986624,0.03801125,126841072,NaN,0,0.038061541000000004,127827696,529.2510969638824,818151744
8,84,"[2, 0, 0, 6]",142,2.8208e-5,493488,0.039179042,126841072,NaN,0,0.03920725,127334560,529.2903220653534,945493168
8,85,"[1, 7, 0, 0]",-2,NaN,0,NaN,0,2.3209e-5,197056,2.3209e-5,197056,529.290365934372,945697088
8,86,"[1, 6, 1, 0]",-7,NaN,0,NaN,0,2.075e-5,197056,2.075e-5,197056,529.2903909683228,945900960
8,87,"[1, 6, 0, 1]",-6,NaN,0,NaN,0,2.7375e-5,197056,2.7375e-5,197056,529.2904210090637,946104816
8,88,"[1, 5, 2, 0]",-16,NaN,0,NaN,0,1.9292e-5,197056,1.9292e-5,197056,529.290442943573,946308688
8,89,"[1, 5, 1, 1]",-15,NaN,0,NaN,0,2.1042e-5,197056,2.1042e-5,197056,529.2904670238495,946512560
8,90,"[1, 5, 0, 2]",-14,NaN,0,NaN,0,2.3125e-5,197056,2.3125e-5,197056,529.2904930114746,946716432
8,91,"[1, 4, 3, 0]",-30,NaN,0,NaN,0,2.25e-5,197056,2.25e-5,197056,529.2905180454254,946920304
8,92,"[1, 4, 2, 1]",-29,NaN,0,NaN,0,2.2959e-5,197056,2.2959e-5,197056,529.2905440330505,947124160
8,93,"[1, 4, 1, 2]",-28,NaN,0,NaN,0,2.2417e-5,197056,2.2417e-5,197056,529.2905690670013,947328032
8,94,"[1, 4, 0, 3]",-27,NaN,0,NaN,0,2.5583e-5,197056,2.5583e-5,197056,529.2905969619751,947531904
8,95,"[1, 3, 4, 0]",-50,NaN,0,NaN,0,2.6e-5,197056,2.6e-5,197056,529.2906260490417,947735776
8,96,"[1, 3, 3, 1]",-49,NaN,0,NaN,0,2.3292e-5,197056,2.3292e-5,197056,529.2906520366669,947939632
8,97,"[1, 3, 2, 2]",-48,NaN,0,NaN,0,2.2417e-5,197056,2.2417e-5,197056,529.2906770706177,948143504
8,98,"[1, 3, 1, 3]",-47,NaN,0,NaN,0,2.3458e-5,197056,2.3458e-5,197056,529.2907030582428,948347376
8,99,"[1, 3, 0, 4]",-46,NaN,0,NaN,0,2.2667e-5,197056,2.2667e-5,197056,529.2907290458679,948551248
8,100,"[1, 2, 5, 0]",-77,NaN,0,NaN,0,2.6625e-5,197056,2.6625e-5,197056,529.290757894516,948755120
8,101,"[1, 2, 4, 1]",-76,NaN,0,NaN,0,2.1792e-5,197056,2.1792e-5,197056,529.2907819747925,948958992
8,102,"[1, 2, 3, 2]",-75,NaN,0,NaN,0,1.9833e-5,197056,1.9833e-5,197056,529.2908051013947,949162864
8,103,"[1, 2, 2, 3]",-74,NaN,0,NaN,0,2.2166e-5,197056,2.2166e-5,197056,529.2908289432526,949366736
8,104,"[1, 2, 1, 4]",-73,NaN,0,NaN,0,2.4208e-5,197056,2.4208e-5,197056,529.290855884552,949570608
8,105,"[1, 2, 0, 5]",-72,NaN,0,NaN,0,2.0375e-5,197056,2.0375e-5,197056,529.2908790111542,949774480
8,106,"[1, 1, 6, 0]",112,2.875e-5,493408,0.044020375,139702704,NaN,0,0.044049125,140196112,529.334930896759,724697136
8,107,"[1, 1, 5, 1]",111,5.1875e-5,987280,0.038608083,126841360,NaN,0,0.038659958,127828640,529.3736050128937,852532640
8,108,"[1, 1, 4, 2]",110,5.325e-5,987312,0.037860041,126841072,NaN,0,0.037913290999999995,127828384,529.4115359783173,980367888
8,109,"[1, 1, 3, 3]",109,5.4291e-5,987344,0.026103583,101586128,NaN,0,0.026157874,102573472,529.4377110004425,725953040
8,110,"[1, 1, 2, 4]",-108,NaN,0,NaN,0,2.4667e-5,197056,2.4667e-5,197056,529.4377598762512,726156960
8,111,"[1, 1, 1, 5]",-107,NaN,0,NaN,0,2.125e-5,197056,2.125e-5,197056,529.4377839565277,726360832
8,112,"[1, 1, 0, 6]",-106,NaN,0,NaN,0,1.7834e-5,197056,1.7834e-5,197056,529.4378049373627,726564704
8,113,"[1, 0, 7, 0]",156,2.725e-5,493504,0.053347542,201295440,NaN,0,0.053374792,201788944,529.4911820888519,754815104
8,114,"[1, 0, 6, 1]",155,5.4792e-5,987472,0.05392375,191071824,NaN,0,0.053978542,192059296,529.5451800823212,738890096
8,115,"[1, 0, 5, 2]",154,5.1833e-5,987504,0.16032725,189171296,NaN,0,0.160379083,190158800,529.7055699825287,707843360
8,116,"[1, 0, 4, 3]",153,5.1584e-5,987536,0.055480459,198870800,NaN,0,0.055532043,199858336,529.7611150741577,907708560
8,117,"[1, 0, 3, 4]",152,5.7792e-5,987568,0.024005417,116855824,NaN,0,0.024063209000000002,117843392,529.785197019577,1025558816
8,118,"[1, 0, 2, 5]",151,5.6333e-5,987600,0.059018791,205964992,NaN,0,0.059075124,206952592,529.844290971756,843212992
8,119,"[1, 0, 1, 6]",150,5.7708e-5,987632,0.056196208,207128048,NaN,0,0.056253915999999994,208115680,529.9005649089813,1051335536
8,120,"[1, 0, 0, 7]",149,2.8584e-5,494048,0.054330875,187729584,NaN,0,0.054359459,188223632,529.9549450874329,868216864
8,121,"[0, 8, 0, 0]",-1,NaN,0,NaN,0,2.4583e-5,197056,2.4583e-5,197056,529.9549849033356,868420784
8,122,"[0, 7, 1, 0]",-4,NaN,0,NaN,0,2.0875e-5,197056,2.0875e-5,197056,529.9550089836121,868624656
8,123,"[0, 7, 0, 1]",-3,NaN,0,NaN,0,2.1959e-5,197056,2.1959e-5,197056,529.9550340175629,868828528
8,124,"[0, 6, 2, 0]",-10,NaN,0,NaN,0,2.1417e-5,197056,2.1417e-5,197056,529.9550580978394,869032400
8,125,"[0, 6, 1, 1]",-9,NaN,0,NaN,0,2.2542e-5,197056,2.2542e-5,197056,529.9550828933716,869236272
8,126,"[0, 6, 0, 2]",-8,NaN,0,NaN,0,1.9417e-5,197056,1.9417e-5,197056,529.9551050662994,869440144
8,127,"[0, 5, 3, 0]",-20,NaN,0,NaN,0,2.1125e-5,197056,2.1125e-5,197056,529.9551289081573,869644016
8,128,"[0, 5, 2, 1]",-19,NaN,0,NaN,0,2.4834e-5,197056,2.4834e-5,197056,529.9551570415497,869847888
8,129,"[0, 5, 1, 2]",-18,NaN,0,NaN,0,1.9833e-5,197056,1.9833e-5,197056,529.955178976059,870051760
8,130,"[0, 5, 0, 3]",-17,NaN,0,NaN,0,2.1667e-5,197056,2.1667e-5,197056,529.9552030563354,870255632
8,131,"[0, 4, 4, 0]",-35,NaN,0,NaN,0,2.6125e-5,197056,2.6125e-5,197056,529.9552319049835,870459504
8,132,"[0, 4, 3, 1]",-34,NaN,0,NaN,0,2.3e-5,197056,2.3e-5,197056,529.9552578926086,870663376
8,133,"[0, 4, 2, 2]",-33,NaN,0,NaN,0,2.7583e-5,197056,2.7583e-5,197056,529.9552879333496,870867232
8,134,"[0, 4, 1, 3]",-32,NaN,0,NaN,0,3.5167e-5,197056,3.5167e-5,197056,529.9553260803223,871071104
8,135,"[0, 4, 0, 4]",-31,NaN,0,NaN,0,4.0e-5,197056,4.0e-5,197056,529.9553689956665,871274976
8,136,"[0, 3, 5, 0]",-56,NaN,0,NaN,0,3.6042e-5,197056,3.6042e-5,197056,529.9554080963135,871478832
8,137,"[0, 3, 4, 1]",-55,NaN,0,NaN,0,3.5791e-5,197056,3.5791e-5,197056,529.9554460048676,871682704
8,138,"[0, 3, 3, 2]",-54,NaN,0,NaN,0,4.2541e-5,197056,4.2541e-5,197056,529.955491065979,871886576
8,139,"[0, 3, 2, 3]",-53,NaN,0,NaN,0,3.7e-5,197056,3.7e-5,197056,529.9555308818817,872090448
8,140,"[0, 3, 1, 4]",-52,NaN,0,NaN,0,3.5959e-5,197056,3.5959e-5,197056,529.9555690288544,872294304
8,141,"[0, 3, 0, 5]",-51,NaN,0,NaN,0,3.8917e-5,197056,3.8917e-5,197056,529.9556109905243,872498176
8,142,"[0, 2, 6, 0]",-84,NaN,0,NaN,0,3.925e-5,197056,3.925e-5,197056,529.9556529521942,872702048
8,143,"[0, 2, 5, 1]",-83,NaN,0,NaN,0,3.1667e-5,197056,3.1667e-5,197056,529.955687046051,872905920
8,144,"[0, 2, 4, 2]",-82,NaN,0,NaN,0,3.3791e-5,197056,3.3791e-5,197056,529.9557230472565,873109792
8,145,"[0, 2, 3, 3]",-81,NaN,0,NaN,0,3.7042e-5,197056,3.7042e-5,197056,529.9557631015778,873313664
8,146,"[0, 2, 2, 4]",-80,NaN,0,NaN,0,3.7917e-5,197056,3.7917e-5,197056,529.9558029174805,873517536
8,147,"[0, 2, 1, 5]",-79,NaN,0,NaN,0,3.3167e-5,197056,3.3167e-5,197056,529.9558379650116,873721408
8,148,"[0, 2, 0, 6]",-78,NaN,0,NaN,0,3.875e-5,197056,3.875e-5,197056,529.9558799266815,873925280
8,149,"[0, 1, 7, 0]",-120,NaN,0,NaN,0,3.675e-5,197056,3.675e-5,197056,529.9559190273285,874129152
8,150,"[0, 1, 6, 1]",-119,NaN,0,NaN,0,3.2917e-5,197056,3.2917e-5,197056,529.9559550285339,874333024
8,151,"[0, 1, 5, 2]",-118,NaN,0,NaN,0,3.5125e-5,197056,3.5125e-5,197056,529.955992937088,874536896
8,152,"[0, 1, 4, 3]",-117,NaN,0,NaN,0,3.4625e-5,197056,3.4625e-5,197056,529.9560298919678,874740768
8,153,"[0, 1, 3, 4]",-116,NaN,0,NaN,0,4.0041e-5,197056,4.0041e-5,197056,529.9560730457306,874944640
8,154,"[0, 1, 2, 5]",-115,NaN,0,NaN,0,3.5208e-5,197056,3.5208e-5,197056,529.9561109542847,875148512
8,155,"[0, 1, 1, 6]",-114,NaN,0,NaN,0,5.75e-5,197056,5.75e-5,197056,529.9561710357666,875352384
8,156,"[0, 1, 0, 7]",-113,NaN,0,NaN,0,3.8083e-5,197056,3.8083e-5,197056,529.9562110900879,875556256
8,157,"[0, 0, 8, 0]",165,6.0875e-5,494064,0.040219833,126841168,NaN,0,0.040280708000000005,127335232,529.9964940547943,758789376
8,158,"[0, 0, 7, 1]",164,5.4584e-5,988720,0.038996083,126841424,NaN,0,0.039050667000000004,127830144,530.0355660915375,723469152
8,159,"[0, 0, 6, 2]",163,5.4959e-5,988752,0.040018875,126841136,NaN,0,0.040073834,127829888,530.0756618976593,723469152
8,160,"[0, 0, 5, 3]",162,5.5584e-5,988784,0.039333,126841152,NaN,0,0.039388584,127829936,530.115070104599,684558720
8,161,"[0, 0, 4, 4]",161,5.2875e-5,988816,0.024798167,92984384,NaN,0,0.024851042,93973200,530.1399331092834,678118672
8,162,"[0, 0, 3, 5]",-160,NaN,0,NaN,0,1.9291e-5,197056,1.9291e-5,197056,530.1399619579315,678322592
8,163,"[0, 0, 2, 6]",-159,NaN,0,NaN,0,1.7833e-5,197056,1.7833e-5,197056,530.1399819850922,678526464
8,164,"[0, 0, 1, 7]",-158,NaN,0,NaN,0,1.6917e-5,197056,1.6917e-5,197056,530.1400020122528,678730336
8,165,"[0, 0, 0, 8]",-157,NaN,0,NaN,0,2.1584e-5,197056,2.1584e-5,197056,530.1400260925293,678934208
9,1,"[9, 0, 0, 0]",166,7.5e-7,0,0.061897958,139292912,NaN,0,0.061898708000000004,139292912,1251.9080440998077,694318176
9,2,"[8, 1, 0, 0]",121,6.67e-7,0,0.046286334,132346176,NaN,0,0.046287001,132346176,1251.9543659687042,672920000
9,3,"[8, 0, 1, 0]",168,2.8875e-5,492272,0.042724083,143569472,NaN,0,0.042752958,144061744,1251.9971380233765,711334208
9,4,"[8, 0, 0, 1]",167,2.8541e-5,492288,0.149529667,136622400,NaN,0,0.149558208,137114688,1252.1467158794403,679093984
9,5,"[7, 2, 0, 0]",85,5.83e-7,0,0.041643041,141619440,NaN,0,0.041643624,141619440,1252.1883790493011,820720288
9,6,"[7, 1, 1, 0]",123,2.5875e-5,492288,0.047983125,130920688,NaN,0,0.048009,131412976,1252.2364020347595,952140080
9,7,"[7, 1, 0, 1]",122,2.7167e-5,492336,0.046794959,128496032,NaN,0,0.046822126,128988368,1252.2832460403442,741040208
9,8,"[7, 0, 2, 0]",171,3.6667e-5,492304,0.041503583,126841072,NaN,0,0.041540249999999994,127333376,1252.3248059749603,868380448
9,9,"[7, 0, 1, 1]",170,5.0e-5,984672,0.042389792,127021584,NaN,0,0.042439792000000004,128006256,1252.3672649860382,996393584
9,10,"[7, 0, 0, 2]",169,2.7458e-5,492368,0.045839459,149172672,NaN,0,0.045866917,149665040,1252.4131529331207,728587280
9,11,"[6, 3, 0, 0]",57,8.33e-7,0,0.039161125,126841072,NaN,0,0.039161958,126841072,1252.4523310661316,855435216
9,12,"[6, 2, 1, 0]",87,2.8291e-5,492336,0.040311041,127021424,NaN,0,0.040339332,127513760,1252.492695093155,711896288
9,13,"[6, 2, 0, 1]",86,2.7333e-5,492432,0.038542833,126841072,NaN,0,0.038570165999999996,127333504,1252.531282901764,839236656
9,14,"[6, 1, 2, 0]",126,2.75e-5,492352,0.039904542,127021408,NaN,0,0.039932042,127513760,1252.5712399482727,759117488
9,15,"[6, 1, 1, 1]",125,5.4917e-5,984816,0.079337958,126841424,NaN,0,0.079392875,127826240,1252.65065407753,729219840
9,16,"[6, 1, 0, 2]",124,2.725e-5,492464,0.1444625,126841152,NaN,0,0.14448975,127333616,1252.7951641082764,671965984
9,17,"[6, 0, 3, 0]",175,2.6667e-5,492384,0.04235,126841072,NaN,0,0.042376667,127333456,1252.837562084198,799306304
9,18,"[6, 0, 2, 1]",174,5.0542e-5,984880,0.042950584,128495856,NaN,0,0.043001126,129480736,1252.8805820941925,928793904
9,19,"[6, 0, 1, 2]",173,5.0791e-5,984912,0.046774583,149172656,NaN,0,0.046825374,150157568,1252.9274270534515,710245008
9,20,"[6, 0, 0, 3]",172,2.575e-5,492512,0.039637958,126841072,NaN,0,0.039663708,127333584,1252.9671070575714,837585456
9,21,"[5, 4, 0, 0]",36,4.17e-7,0,0.051825041,157555808,NaN,0,0.051825458000000005,157555808,1253.0189518928528,995148128
9,22,"[5, 3, 1, 0]",59,2.7958e-5,492432,0.044746792,139375008,NaN,0,0.04477475,139867440,1253.063747882843,765314144
9,23,"[5, 3, 0, 1]",58,2.8584e-5,492592,0.052799333,155474832,NaN,0,0.052827916999999995,155967424,1253.1165990829468,679328960
9,24,"[5, 2, 2, 0]",90,2.8084e-5,492448,0.04319475,126841072,NaN,0,0.043222833999999995,127333520,1253.1598410606384,806669360
9,25,"[5, 2, 1, 1]",89,4.9041e-5,985072,0.040137125,126841184,NaN,0,0.040186166,127826256,1253.2000479698181,744166752
9,26,"[5, 2, 0, 2]",88,2.8708e-5,492624,0.051586875,154000272,NaN,0,0.051615583,154492896,1253.2516849040985,667060944
9,27,"[5, 1, 3, 0]",130,2.875e-5,492480,0.0531595,126841424,NaN,0,0.05318825,127333904,1253.3048949241638,671966880
9,28,"[5, 1, 2, 1]",129,5.0042e-5,985136,0.129821917,126841120,NaN,0,0.129871959,127826256,1253.434788942337,710876384
9,29,"[5, 1, 1, 2]",128,4.9458e-5,985168,0.038255792,126841072,NaN,0,0.03830525,127826240,1253.4731090068817,838709488
9,30,"[5, 1, 0, 3]",127,2.6292e-5,492672,0.05089225,167353152,NaN,0,0.050918542,167845824,1253.5240399837494,1006562176
9,31,"[5, 0, 4, 0]",180,2.5375e-5,492528,0.043130333,131969456,NaN,0,0.043155708,132461984,1253.5672109127045,754959280
9,32,"[5, 0, 3, 1]",179,4.9e-5,985232,0.038630375,126841072,NaN,0,0.038679375,127826304,1253.6059110164642,882792448
9,33,"[5, 0, 2, 2]",178,5.1208e-5,985264,0.039497209,140653200,NaN,0,0.039548416999999995,141638464,1253.6454799175262,718228608
9,34,"[5, 0, 1, 3]",177,5.1416e-5,985296,0.038301833,126841072,NaN,0,0.038353249,127826368,1253.6838541030884,846061856
9,35,"[5, 0, 0, 4]",176,2.7125e-5,492736,0.050871958,154180544,NaN,0,0.050899083000000005,154673280,1253.7347769737244,748829280
9,36,"[4, 5, 0, 0]",-21,NaN,0,NaN,0,2.5e-5,197056,2.5e-5,197056,1253.7348229885101,749033216
9,37,"[4, 4, 1, 0]",38,2.675e-5,492592,0.049511042,155474816,NaN,0,0.049537792,155967408,1253.7843639850616,720700464
9,38,"[4, 4, 0, 1]",-37,NaN,0,NaN,0,2.2417e-5,197056,2.2417e-5,197056,1253.784409046173,720904384
9,39,"[4, 3, 2, 0]",62,2.7542e-5,492608,0.0387925,126841136,NaN,0,0.038820042,127333744,1253.8232328891754,733372496
9,40,"[4, 3, 1, 1]",61,5.1667e-5,985472,0.054926208,154000272,NaN,0,0.054977874999999995,154985744,1253.8782329559326,666633360
9,41,"[4, 3, 0, 2]",60,2.775e-5,492864,0.05862075,154000528,NaN,0,0.0586485,154493392,1253.9369039535522,670001040
9,42,"[4, 2, 3, 0]",94,2.5e-5,492640,0.056042167,126841088,NaN,0,0.056067166999999994,127333728,1253.992989063263,700089344
9,43,"[4, 2, 2, 1]",93,5.1167e-5,985536,0.132447542,126841184,NaN,0,0.132498709,127826720,1254.1255059242249,760141104
9,44,"[4, 2, 1, 2]",92,5.125e-5,985568,0.048113583,157555520,NaN,0,0.048164833000000004,158541088,1254.1736900806427,918689056
9,45,"[4, 2, 0, 3]",91,2.5792e-5,492912,0.052379833,182131648,NaN,0,0.052405625,182624560,1254.2261109352112,714042672
9,46,"[4, 1, 4, 0]",135,2.625e-5,492688,0.039861833,126841072,NaN,0,0.039888083,127333760,1254.2660150527954,841383296
9,47,"[4, 1, 3, 1]",134,5.0584e-5,985632,0.038578625,127021584,NaN,0,0.038629209,128007216,1254.3046629428864,969397376
9,48,"[4, 1, 2, 2]",133,5.0959e-5,985664,0.041654875,130347440,NaN,0,0.041705834000000004,131333104,1254.3463909626007,756712432
9,49,"[4, 1, 1, 3]",132,5.1667e-5,985696,0.050262042,155900816,NaN,0,0.050313709,156886512,1254.3967249393463,679328352
9,50,"[4, 1, 0, 4]",131,2.8375e-5,492976,0.047862625,154000192,NaN,0,0.047890999999999996,154493168,1254.444636106491,833828384
9,51,"[4, 0, 5, 0]",186,2.6875e-5,492752,0.042150583,126841200,NaN,0,0.042177458,127333952,1254.4868330955505,671966368
9,52,"[4, 0, 4, 1]",185,5.0542e-5,985760,0.038073792,126841136,NaN,0,0.038124334,127826896,1254.5249750614166,682760240
9,53,"[4, 0, 3, 2]",184,5.0416e-5,985792,0.037819042,126841408,NaN,0,0.037869457999999995,127827200,1254.5628590583801,701111440
9,54,"[4, 0, 2, 3]",183,5.0875e-5,985824,0.055726917,126841152,NaN,0,0.055777792,127826976,1254.6186509132385,671966432
9,55,"[4, 0, 1, 4]",182,5.175e-5,985856,0.142184458,154000240,NaN,0,0.142236208,154986096,1254.7609069347382,756959504
9,56,"[4, 0, 0, 5]",181,2.5875e-5,493056,0.055724333,161274688,NaN,0,0.055750208,161767744,1254.8166720867157,918734112
9,57,"[3, 6, 0, 0]",-11,NaN,0,NaN,0,2.4e-5,197056,2.4e-5,197056,1254.8167159557343,918938032
9,58,"[3, 5, 1, 0]",-23,NaN,0,NaN,0,2.6125e-5,197056,2.6125e-5,197056,1254.8167459964752,919141888
9,59,"[3, 5, 0, 1]",-22,NaN,0,NaN,0,2.2333e-5,197056,2.2333e-5,197056,1254.816771030426,919345760
9,60,"[3, 4, 2, 0]",-41,NaN,0,NaN,0,1.975e-5,197056,1.975e-5,197056,1254.8167939186096,919549632
9,61,"[3, 4, 1, 1]",-40,NaN,0,NaN,0,2.1416e-5,197056,2.1416e-5,197056,1254.816817998886,919753504
9,62,"[3, 4, 0, 2]",-39,NaN,0,NaN,0,2.0208e-5,197056,2.0208e-5,197056,1254.8168408870697,919957376
9,63,"[3, 3, 3, 0]",66,2.7458e-5,492880,0.048890042,151499136,NaN,0,0.0489175,151992016,1254.8657610416412,707021472
9,64,"[3, 3, 2, 1]",65,5.1792e-5,986112,0.048143375,154000192,NaN,0,0.048195167000000004,154986304,1254.9139759540558,862014640
9,65,"[3, 3, 1, 2]",-64,NaN,0,NaN,0,2.3334e-5,197056,2.3334e-5,197056,1254.9140238761902,862218576
9,66,"[3, 3, 0, 3]",-63,NaN,0,NaN,0,2.5667e-5,197056,2.5667e-5,197056,1254.9140529632568,862422448
9,67,"[3, 2, 4, 0]",99,2.8625e-5,492928,0.039273333,130396688,NaN,0,0.039301958,130889616,1254.9533579349518,993318880
9,68,"[3, 2, 3, 1]",98,5.2583e-5,986208,0.04197575,137376160,NaN,0,0.042028333,138362368,1254.9954109191895,763315056
9,69,"[3, 2, 2, 2]",97,5.2208e-5,986240,0.050913208,155474832,NaN,0,0.050965416,156461072,1255.0463979244232,679328576
9,70,"[3, 2, 1, 3]",96,5.3458e-5,986272,0.049082875,154000256,NaN,0,0.049136333,154986528,1255.0955538749695,680998816
9,71,"[3, 2, 0, 4]",95,2.7959e-5,493312,0.039043416,126841136,NaN,0,0.039071375,127334448,1255.1346440315247,686331728
9,72,"[3, 1, 5, 0]",141,2.7458e-5,492992,0.040228084,126841136,NaN,0,0.040255542,127334128,1255.1749160289764,682760016
9,73,"[3, 1, 4, 1]",140,5.025e-5,986336,0.05286,126841408,NaN,0,0.05291025,127827744,1255.2278389930725,701110608
9,74,"[3, 1, 3, 2]",139,5.3e-5,986368,0.135396459,126841136,NaN,0,0.135449459,127827504,1255.3633069992065,745775968
9,75,"[3, 1, 2, 3]",138,5.3333e-5,986400,0.048876375,157555520,NaN,0,0.048929708,158541920,1255.4122560024261,904324752
9,76,"[3, 1, 1, 4]",137,5.1583e-5,986432,0.05389175,182131648,NaN,0,0.053943333,183118080,1255.4662210941315,714042608
9,77,"[3, 1, 0, 5]",136,2.8167e-5,493392,0.037874167,126841072,NaN,0,0.037902334,127334464,1255.5041480064392,841383936
9,78,"[3, 0, 6, 0]",193,2.7792e-5,493072,0.039139583,127021296,NaN,0,0.039167375,127514368,1255.5433320999146,968905168
9,79,"[3, 0, 5, 1]",192,5.1292e-5,986496,0.039909417,128594640,NaN,0,0.039960709000000004,129581136,1255.5833139419556,772687664
9,80,"[3, 0, 4, 2]",191,5.1625e-5,986528,0.040130292,126841152,NaN,0,0.040181917,127827680,1255.6235110759735,682759888
9,81,"[3, 0, 3, 3]",190,5.1125e-5,986560,0.03839,126841072,NaN,0,0.038441125,127827632,1255.661968946457,810594384
9,82,"[3, 0, 2, 4]",189,5.225e-5,986592,0.052788667,154180528,NaN,0,0.052840916999999994,155167120,1255.7148299217224,767933632
9,83,"[3, 0, 1, 5]",188,5.1459e-5,986624,0.0598055,154000256,NaN,0,0.059856958999999994,154986880,1255.7747099399567,684984720
9,84,"[3, 0, 0, 6]",187,2.775e-5,493488,0.0430305,126841152,NaN,0,0.04305825,127334640,1255.8177859783173,671966880
9,85,"[2, 7, 0, 0]",-5,NaN,0,NaN,0,2.5541e-5,197056,2.5541e-5,197056,1255.8178250789642,672170800
9,86,"[2, 6, 1, 0]",-13,NaN,0,NaN,0,2.3584e-5,197056,2.3584e-5,197056,1255.8178520202637,672374672
9,87,"[2, 6, 0, 1]",-12,NaN,0,NaN,0,2.4625e-5,197056,2.4625e-5,197056,1255.8178849220276,672578544
9,88,"[2, 5, 2, 0]",-26,NaN,0,NaN,0,2.4958e-5,197056,2.4958e-5,197056,1255.81791305542,672782416
9,89,"[2, 5, 1, 1]",-25,NaN,0,NaN,0,2.4083e-5,197056,2.4083e-5,197056,1255.817939043045,672986288
9,90,"[2, 5, 0, 2]",-24,NaN,0,NaN,0,2.8875e-5,197056,2.8875e-5,197056,1255.8179740905762,673190160
9,91,"[2, 4, 3, 0]",-45,NaN,0,NaN,0,2.4417e-5,197056,2.4417e-5,197056,1255.81800198555,673394032
9,92,"[2, 4, 2, 1]",-44,NaN,0,NaN,0,2.7959e-5,197056,2.7959e-5,197056,1255.8180329799652,673597904
9,93,"[2, 4, 1, 2]",-43,NaN,0,NaN,0,2.6709e-5,197056,2.6709e-5,197056,1255.8180620670319,673801776
9,94,"[2, 4, 0, 3]",-42,NaN,0,NaN,0,2.6458e-5,197056,2.6458e-5,197056,1255.81809091568,674005648
9,95,"[2, 3, 4, 0]",-71,NaN,0,NaN,0,2.1208e-5,197056,2.1208e-5,197056,1255.8181149959564,674209520
9,96,"[2, 3, 3, 1]",-70,NaN,0,NaN,0,2.2541e-5,197056,2.2541e-5,197056,1255.8181428909302,674413392
9,97,"[2, 3, 2, 2]",-69,NaN,0,NaN,0,2.3e-5,197056,2.3e-5,197056,1255.8181688785553,674617264
9,98,"[2, 3, 1, 3]",-68,NaN,0,NaN,0,2.1375e-5,197056,2.1375e-5,197056,1255.8181960582733,674821120
9,99,"[2, 3, 0, 4]",-67,NaN,0,NaN,0,2.65e-5,197056,2.65e-5,197056,1255.8182260990143,675024992
9,100,"[2, 2, 5, 0]",105,2.7166e-5,493328,0.053107833,126841424,NaN,0,0.053134999,127334752,1255.8713629245758,671966880
9,101,"[2, 2, 4, 1]",104,5.325e-5,987120,0.130355292,126841120,NaN,0,0.13040854200000002,127828240,1256.0017879009247,729800384
9,102,"[2, 2, 3, 2]",103,5.0917e-5,987152,0.050399375,155474752,NaN,0,0.050450292,156461904,1256.0522520542145,886269168
9,103,"[2, 2, 2, 3]",-102,NaN,0,NaN,0,1.8791e-5,197056,1.8791e-5,197056,1256.0522909164429,886473088
9,104,"[2, 2, 1, 4]",-101,NaN,0,NaN,0,2.3666e-5,197056,2.3666e-5,197056,1256.052318096161,886676960
9,105,"[2, 2, 0, 5]",-100,NaN,0,NaN,0,1.7417e-5,197056,1.7417e-5,197056,1256.0523390769958,886880832
9,106,"[2, 1, 6, 0]",148,2.8167e-5,493408,0.0435825,147075312,NaN,0,0.043610667000000006,147568720,1256.0959520339966,1034456368
9,107,"[2, 1, 5, 1]",147,5.2958e-5,987280,0.045535541,126841264,NaN,0,0.045588499,127828544,1256.1424210071564,770934624
9,108,"[2, 1, 4, 2]",146,5.4209e-5,987312,0.039108375,127021296,NaN,0,0.039162584,128008608,1256.1816039085388,898950096
9,109,"[2, 1, 3, 3]",145,5.3167e-5,987344,0.054032875,169385184,NaN,0,0.054086042,170372528,1256.2357149124146,730347072
9,110,"[2, 1, 2, 4]",144,5.2167e-5,987376,0.05677725,155474832,NaN,0,0.056829417,156462208,1256.292562007904,682900000
9,111,"[2, 1, 1, 5]",143,5.1084e-5,987408,0.040719208,126841072,NaN,0,0.040770292,127828480,1256.3333489894867,810735344
9,112,"[2, 1, 0, 6]",142,2.7e-5,493936,0.040239042,126841184,NaN,0,0.040266042,127335120,1256.373636007309,744165952
9,113,"[2, 0, 7, 0]",201,2.825e-5,493504,0.038988834,126841152,NaN,0,0.039017084,127334656,1256.4126720428467,671966304
9,114,"[2, 0, 6, 1]",200,5.2458e-5,987472,0.038993208,126841120,NaN,0,0.039045666,127828592,1256.4517300128937,701111376
9,115,"[2, 0, 5, 2]",199,5.2541e-5,987504,0.055980917,126841440,NaN,0,0.056033458,127828944,1256.5077838897705,671966432
9,116,"[2, 0, 4, 3]",198,5.525e-5,987536,0.131843375,126841120,NaN,0,0.13189862500000002,127828656,1256.6397049427032,729800384
9,117,"[2, 0, 3, 4]",197,5.2833e-5,987568,0.047078292,155474752,NaN,0,0.047131125,156462320,1256.6868560314178,886269584
9,118,"[2, 0, 2, 5]",196,5.1833e-5,987600,0.057821708,182885328,NaN,0,0.057873541,183872928,1256.744745016098,696118000
9,119,"[2, 0, 1, 6]",195,5.3833e-5,987632,0.037454375,126841072,NaN,0,0.037508208,127828704,1256.7822749614716,823953568
9,120,"[2, 0, 0, 7]",194,2.7125e-5,494048,0.036634125,127021296,NaN,0,0.03666125,127515344,1256.8189499378204,951475776
9,121,"[1, 8, 0, 0]",-2,NaN,0,NaN,0,2.2791e-5,197056,2.2791e-5,197056,1256.8189890384674,951679696
9,122,"[1, 7, 1, 0]",-7,NaN,0,NaN,0,1.975e-5,197056,1.975e-5,197056,1256.8190128803253,951883568
9,123,"[1, 7, 0, 1]",-6,NaN,0,NaN,0,2.0583e-5,197056,2.0583e-5,197056,1256.8190369606018,952087440
9,124,"[1, 6, 2, 0]",-16,NaN,0,NaN,0,2.1375e-5,197056,2.1375e-5,197056,1256.8190610408783,952291312
9,125,"[1, 6, 1, 1]",-15,NaN,0,NaN,0,2.1e-5,197056,2.1e-5,197056,1256.819083929062,952495184
9,126,"[1, 6, 0, 2]",-14,NaN,0,NaN,0,1.8917e-5,197056,1.8917e-5,197056,1256.8191061019897,952699040
9,127,"[1, 5, 3, 0]",-30,NaN,0,NaN,0,2.1458e-5,197056,2.1458e-5,197056,1256.819130897522,952902912
9,128,"[1, 5, 2, 1]",-29,NaN,0,NaN,0,2.3333e-5,197056,2.3333e-5,197056,1256.8191559314728,953106784
9,129,"[1, 5, 1, 2]",-28,NaN,0,NaN,0,2.3208e-5,197056,2.3208e-5,197056,1256.819181919098,953310656
9,130,"[1, 5, 0, 3]",-27,NaN,0,NaN,0,2.0625e-5,197056,2.0625e-5,197056,1256.8192050457,953514528
9,131,"[1, 4, 4, 0]",-50,NaN,0,NaN,0,2.6e-5,197056,2.6e-5,197056,1256.8192338943481,953718400
9,132,"[1, 4, 3, 1]",-49,NaN,0,NaN,0,2.375e-5,197056,2.375e-5,197056,1256.8192598819733,953922256
9,133,"[1, 4, 2, 2]",-48,NaN,0,NaN,0,2.2042e-5,197056,2.2042e-5,197056,1256.819284915924,954126128
9,134,"[1, 4, 1, 3]",-47,NaN,0,NaN,0,3.8417e-5,197056,3.8417e-5,197056,1256.819326877594,954330000
9,135,"[1, 4, 0, 4]",-46,NaN,0,NaN,0,3.5708e-5,197056,3.5708e-5,197056,1256.8193650245667,954533872
9,136,"[1, 3, 5, 0]",-77,NaN,0,NaN,0,3.3667e-5,197056,3.3667e-5,197056,1256.819401025772,954737744
9,137,"[1, 3, 4, 1]",-76,NaN,0,NaN,0,3.2875e-5,197056,3.2875e-5,197056,1256.8194370269775,954941616
9,138,"[1, 3, 3, 2]",-75,NaN,0,NaN,0,2.1125e-5,197056,2.1125e-5,197056,1256.819461107254,955145488
9,139,"[1, 3, 2, 3]",-74,NaN,0,NaN,0,2.3167e-5,197056,2.3167e-5,197056,1256.8194859027863,955349360
9,140,"[1, 3, 1, 4]",-73,NaN,0,NaN,0,2.0e-5,197056,2.0e-5,197056,1256.8195090293884,955553232
9,141,"[1, 3, 0, 5]",-72,NaN,0,NaN,0,2.4667e-5,197056,2.4667e-5,197056,1256.8195359706879,955757088
9,142,"[1, 2, 6, 0]",-112,NaN,0,NaN,0,2.6833e-5,197056,2.6833e-5,197056,1256.8195660114288,955960960
9,143,"[1, 2, 5, 1]",-111,NaN,0,NaN,0,1.9708e-5,197056,1.9708e-5,197056,1256.819587945938,956164832
9,144,"[1, 2, 4, 2]",-110,NaN,0,NaN,0,2.0875e-5,197056,2.0875e-5,197056,1256.8196120262146,956368704
9,145,"[1, 2, 3, 3]",-109,NaN,0,NaN,0,2.6584e-5,197056,2.6584e-5,197056,1256.8196408748627,956572576
9,146,"[1, 2, 2, 4]",-108,NaN,0,NaN,0,3.475e-5,197056,3.475e-5,197056,1256.8196790218353,956776448
9,147,"[1, 2, 1, 5]",-107,NaN,0,NaN,0,3.15e-5,197056,3.15e-5,197056,1256.8197128772736,956980320
9,148,"[1, 2, 0, 6]",-106,NaN,0,NaN,0,3.3333e-5,197056,3.3333e-5,197056,1256.819748878479,957184192
9,149,"[1, 1, 7, 0]",156,5.6541e-5,493952,0.041248167,142226112,NaN,0,0.041304708,142720064,1256.8610560894012,732167568
9,150,"[1, 1, 6, 1]",155,5.4584e-5,988496,0.038992125,126841072,NaN,0,0.039046709000000006,127829568,1256.9001240730286,860004000
9,151,"[1, 1, 5, 2]",154,5.4542e-5,988528,0.039394875,127021424,NaN,0,0.039449417,128009952,1256.9395949840546,740775184
9,152,"[1, 1, 4, 3]",153,5.7834e-5,988560,0.05567975,154000256,NaN,0,0.055737584,154988816,1256.9953699111938,705717008
9,153,"[1, 1, 3, 4]",-152,NaN,0,NaN,0,2.3583e-5,197056,2.3583e-5,197056,1256.995414018631,705920928
9,154,"[1, 1, 2, 5]",-151,NaN,0,NaN,0,2.0583e-5,197056,2.0583e-5,197056,1256.9954380989075,706124800
9,155,"[1, 1, 1, 6]",-150,NaN,0,NaN,0,2.1667e-5,197056,2.1667e-5,197056,1256.9954628944397,706328672
9,156,"[1, 1, 0, 7]",-149,NaN,0,NaN,0,2.6709e-5,197056,2.6709e-5,197056,1256.9954919815063,706532544
9,157,"[1, 0, 8, 0]",210,3.0792e-5,494064,0.054567791,190645840,NaN,0,0.054598583,191139904,1257.0500929355621,727670272
9,158,"[1, 0, 7, 1]",209,5.3375e-5,988720,0.15975025,189171248,NaN,0,0.159803625,190159968,1257.209909915924,736394096
9,159,"[1, 0, 6, 2]",208,5.5042e-5,988752,0.056978917,210044688,NaN,0,0.057033958999999995,211033440,1257.2669639587402,947434400
9,160,"[1, 0, 5, 3]",207,5.5708e-5,988784,0.059275417,201606832,NaN,0,0.059331125,202595616,1257.3263170719147,811983776
9,161,"[1, 0, 4, 4]",206,5.5666e-5,988816,0.047539,159275840,NaN,0,0.047594666,160264656,1257.3739330768585,972255296
9,162,"[1, 0, 3, 5]",205,5.4084e-5,988848,0.052274834,169778144,NaN,0,0.052328918,170766992,1257.4262878894806,744276736
9,163,"[1, 0, 2, 6]",204,5.2166e-5,988880,0.059767667,191104592,NaN,0,0.059819832999999996,192093472,1257.486125946045,743935440
9,164,"[1, 0, 1, 7]",203,5.325e-5,988912,0.056102166,189630032,NaN,0,0.056155416,190618944,1257.5422990322113,738889392
9,165,"[1, 0, 0, 8]",202,3.025e-5,494752,0.052981584,189204352,NaN,0,0.053011834,189699104,1257.5953259468079,709745408
9,166,"[0, 9, 0, 0]",-1,NaN,0,NaN,0,2.3417e-5,197056,2.3417e-5,197056,1257.5953660011292,709949328
9,167,"[0, 8, 1, 0]",-4,NaN,0,NaN,0,2.1375e-5,197056,2.1375e-5,197056,1257.59539103508,710153200
9,168,"[0, 8, 0, 1]",-3,NaN,0,NaN,0,1.95e-5,197056,1.95e-5,197056,1257.5954129695892,710357072
9,169,"[0, 7, 2, 0]",-10,NaN,0,NaN,0,2.4375e-5,197056,2.4375e-5,197056,1257.5954411029816,710560928
9,170,"[0, 7, 1, 1]",-9,NaN,0,NaN,0,2.075e-5,197056,2.075e-5,197056,1257.5954639911652,710764800
9,171,"[0, 7, 0, 2]",-8,NaN,0,NaN,0,1.9125e-5,197056,1.9125e-5,197056,1257.5954859256744,710968672
9,172,"[0, 6, 3, 0]",-20,NaN,0,NaN,0,2.1291e-5,197056,2.1291e-5,197056,1257.595510005951,711172544
9,173,"[0, 6, 2, 1]",-19,NaN,0,NaN,0,2.0167e-5,197056,2.0167e-5,197056,1257.5955328941345,711376416
9,174,"[0, 6, 1, 2]",-18,NaN,0,NaN,0,2.1458e-5,197056,2.1458e-5,197056,1257.595556974411,711580288
9,175,"[0, 6, 0, 3]",-17,NaN,0,NaN,0,1.8791e-5,197056,1.8791e-5,197056,1257.595577955246,711784160
9,176,"[0, 5, 4, 0]",-35,NaN,0,NaN,0,2.2625e-5,197056,2.2625e-5,197056,1257.595603942871,711988032
9,177,"[0, 5, 3, 1]",-34,NaN,0,NaN,0,2.4459e-5,197056,2.4459e-5,197056,1257.5956308841705,712191904
9,178,"[0, 5, 2, 2]",-33,NaN,0,NaN,0,1.9541e-5,197056,1.9541e-5,197056,1257.5956530570984,712395776
9,179,"[0, 5, 1, 3]",-32,NaN,0,NaN,0,2.0792e-5,197056,2.0792e-5,197056,1257.595675945282,712599648
9,180,"[0, 5, 0, 4]",-31,NaN,0,NaN,0,2.8042e-5,197056,2.8042e-5,197056,1257.5957069396973,712803520
9,181,"[0, 4, 5, 0]",-56,NaN,0,NaN,0,2.4417e-5,197056,2.4417e-5,197056,1257.5957338809967,713007392
9,182,"[0, 4, 4, 1]",-55,NaN,0,NaN,0,2.1166e-5,197056,2.1166e-5,197056,1257.5957579612732,713211264
9,183,"[0, 4, 3, 2]",-54,NaN,0,NaN,0,2.375e-5,197056,2.375e-5,197056,1257.5957839488983,713415136
9,184,"[0, 4, 2, 3]",-53,NaN,0,NaN,0,2.4541e-5,197056,2.4541e-5,197056,1257.5958149433136,713619008
9,185,"[0, 4, 1, 4]",-52,NaN,0,NaN,0,2.0416e-5,197056,2.0416e-5,197056,1257.595841884613,713822880
9,186,"[0, 4, 0, 5]",-51,NaN,0,NaN,0,2.2584e-5,197056,2.2584e-5,197056,1257.5958681106567,714026752
9,187,"[0, 3, 6, 0]",-84,NaN,0,NaN,0,2.0583e-5,197056,2.0583e-5,197056,1257.5958909988403,714230624
9,188,"[0, 3, 5, 1]",-83,NaN,0,NaN,0,1.8459e-5,197056,1.8459e-5,197056,1257.5959119796753,714434496
9,189,"[0, 3, 4, 2]",-82,NaN,0,NaN,0,1.7375e-5,197056,1.7375e-5,197056,1257.595932006836,714638368
9,190,"[0, 3, 3, 3]",-81,NaN,0,NaN,0,1.8291e-5,197056,1.8291e-5,197056,1257.595952987671,714842240
9,191,"[0, 3, 2, 4]",-80,NaN,0,NaN,0,1.875e-5,197056,1.875e-5,197056,1257.5959749221802,715046112
9,192,"[0, 3, 1, 5]",-79,NaN,0,NaN,0,1.9875e-5,197056,1.9875e-5,197056,1257.595997095108,715249984
9,193,"[0, 3, 0, 6]",-78,NaN,0,NaN,0,1.8625e-5,197056,1.8625e-5,197056,1257.5960190296173,715453856
9,194,"[0, 2, 7, 0]",-120,NaN,0,NaN,0,1.9416e-5,197056,1.9416e-5,197056,1257.5960409641266,715657728
9,195,"[0, 2, 6, 1]",-119,NaN,0,NaN,0,1.8417e-5,197056,1.8417e-5,197056,1257.596065044403,715861600
9,196,"[0, 2, 5, 2]",-118,NaN,0,NaN,0,1.6958e-5,197056,1.6958e-5,197056,1257.5960850715637,716065472
9,197,"[0, 2, 4, 3]",-117,NaN,0,NaN,0,1.85e-5,197056,1.85e-5,197056,1257.5961060523987,716269344
9,198,"[0, 2, 3, 4]",-116,NaN,0,NaN,0,1.9084e-5,197056,1.9084e-5,197056,1257.596127986908,716473216
9,199,"[0, 2, 2, 5]",-115,NaN,0,NaN,0,1.7125e-5,197056,1.7125e-5,197056,1257.5961480140686,716677088
9,200,"[0, 2, 1, 6]",-114,NaN,0,NaN,0,1.9125e-5,197056,1.9125e-5,197056,1257.5961699485779,716880960
9,201,"[0, 2, 0, 7]",-113,NaN,0,NaN,0,1.95e-5,197056,1.95e-5,197056,1257.5961918830872,717084832
9,202,"[0, 1, 8, 0]",-165,NaN,0,NaN,0,1.8917e-5,197056,1.8917e-5,197056,1257.596216917038,717288704
9,203,"[0, 1, 7, 1]",-164,NaN,0,NaN,0,1.8958e-5,197056,1.8958e-5,197056,1257.5962390899658,717492576
9,204,"[0, 1, 6, 2]",-163,NaN,0,NaN,0,2.1584e-5,197056,2.1584e-5,197056,1257.5962629318237,717696448
9,205,"[0, 1, 5, 3]",-162,NaN,0,NaN,0,1.8833e-5,197056,1.8833e-5,197056,1257.5962851047516,717900320
9,206,"[0, 1, 4, 4]",-161,NaN,0,NaN,0,1.7583e-5,197056,1.7583e-5,197056,1257.5963048934937,718104192
9,207,"[0, 1, 3, 5]",-160,NaN,0,NaN,0,1.9417e-5,197056,1.9417e-5,197056,1257.5963270664215,718308064
9,208,"[0, 1, 2, 6]",-159,NaN,0,NaN,0,1.8291e-5,197056,1.8291e-5,197056,1257.5963480472565,718511936
9,209,"[0, 1, 1, 7]",-158,NaN,0,NaN,0,1.7042e-5,197056,1.7042e-5,197056,1257.5963680744171,718715808
9,210,"[0, 1, 0, 8]",-157,NaN,0,NaN,0,1.8666e-5,197056,1.8666e-5,197056,1257.596389055252,718919680
9,211,"[0, 0, 9, 0]",220,2.9917e-5,494768,0.141155875,126841136,NaN,0,0.14118579199999998,127335904,1257.737576007843,671965984
9,212,"[0, 0, 8, 1]",219,5.3958e-5,990272,0.038525167,126841072,NaN,0,0.038579125,127831344,1257.776165008545,799804208
9,213,"[0, 0, 7, 2]",218,5.7833e-5,990304,0.0612985,128495856,NaN,0,0.061356333,129486160,1257.8375370502472,929297232
9,214,"[0, 0, 6, 3]",217,5.6709e-5,990336,0.05014325,149828016,NaN,0,0.050199959,150818352,1257.8877589702606,722836304
9,215,"[0, 0, 5, 4]",216,5.9125e-5,990368,0.052109167,154000192,NaN,0,0.052168292,154990560,1257.9399490356445,877833728
9,216,"[0, 0, 4, 5]",-215,NaN,0,NaN,0,2.2917e-5,197056,2.2917e-5,197056,1257.9399950504303,878037648
9,217,"[0, 0, 3, 6]",-214,NaN,0,NaN,0,2.5958e-5,197056,2.5958e-5,197056,1257.9400250911713,878241520
9,218,"[0, 0, 2, 7]",-213,NaN,0,NaN,0,2.2291e-5,197056,2.2291e-5,197056,1257.940052986145,878445392
9,219,"[0, 0, 1, 8]",-212,NaN,0,NaN,0,2.2542e-5,197056,2.2542e-5,197056,1257.9400789737701,878649264
9,220,"[0, 0, 0, 9]",-211,NaN,0,NaN,0,2.05e-5,197056,2.05e-5,197056,1257.9401021003723,878853136
10,1,"[10, 0, 0, 0]",221,8.33e-7,0,0.044965625,137523456,NaN,0,0.044966458,137523456,2874.9550359249115,678064608
10,2,"[9, 1, 0, 0]",166,4.59e-7,0,0.056333084,143110416,NaN,0,0.056333543,143110416,2875.0113871097565,719024368
10,3,"[9, 0, 1, 0]",223,2.6792e-5,492272,0.13531225,129888576,NaN,0,0.135339042,130380848,2875.1467459201813,748823424
10,4,"[9, 0, 0, 1]",222,2.7334e-5,492288,0.044656125,141258992,NaN,0,0.044683458999999995,141751280,2875.1914498806,890581568
10,5,"[8, 2, 0, 0]",121,4.16e-7,0,0.046690833,128496000,NaN,0,0.046691249000000004,128496000,2875.238161087036,693552944
10,6,"[8, 1, 1, 0]",168,2.6375e-5,492288,0.039841667,126841360,NaN,0,0.039868042,127333648,2875.2780470848083,820893424
10,7,"[8, 1, 0, 1]",167,2.8958e-5,492336,0.039865333,128495856,NaN,0,0.039894291000000005,128988192,2875.317962884903,949888480
10,8,"[8, 0, 2, 0]",226,2.7958e-5,492304,0.046094208,148828400,NaN,0,0.046122166,149320704,2875.3641068935394,1099216064
10,9,"[8, 0, 1, 1]",225,4.875e-5,984672,0.045643416,130920928,NaN,0,0.045692166,131905600,2875.4098188877106,733491312
10,10,"[8, 0, 0, 2]",224,2.6875e-5,492368,0.040893416,126841072,NaN,0,0.040920291000000004,127333440,2875.450758934021,860831616
10,11,"[7, 3, 0, 0]",85,4.59e-7,0,0.040305375,126841200,NaN,0,0.040305834,126841200,2875.4910850524902,740594368
10,12,"[7, 2, 1, 0]",123,2.7209e-5,492336,0.038533,126841424,NaN,0,0.038560209,127333760,2875.5296630859375,701111136
10,13,"[7, 2, 0, 1]",122,2.6291e-5,492432,0.042622084,126841152,NaN,0,0.042648374999999995,127333584,2875.572326898575,682759936
10,14,"[7, 1, 2, 0]",171,2.6333e-5,492352,0.039993166,126841136,NaN,0,0.040019499,127333488,2875.612363100052,682759904
10,15,"[7, 1, 1, 1]",170,5.0459e-5,984816,0.052885375,126841120,NaN,0,0.052935834,127825936,2875.665314912796,701110608
10,16,"[7, 1, 0, 2]",169,2.9042e-5,492464,0.131092709,126841136,NaN,0,0.131121751,127333600,2875.7964549064636,729800624
10,17,"[7, 0, 3, 0]",230,2.675e-5,492384,0.037089625,126841072,NaN,0,0.037116375,127333456,2875.83359003067,857140944
10,18,"[7, 0, 2, 1]",229,5.15e-5,984880,0.038536542,138899984,NaN,0,0.038588042,139884864,2875.8721969127655,997032672
10,19,"[7, 0, 1, 2]",228,4.9791e-5,984912,0.042957792,130920880,NaN,0,0.043007583,131905792,2875.9152250289917,771442480
10,20,"[7, 0, 0, 3]",227,2.6292e-5,492512,0.039199125,126841072,NaN,0,0.039225417,127333584,2875.954468011856,898782928
10,21,"[6, 4, 0, 0]",57,5.0e-7,0,0.040118916,138899840,NaN,0,0.040119416,138899840,2875.994607925415,697354528
10,22,"[6, 3, 1, 0]",87,2.7625e-5,492432,0.037405375,126841072,NaN,0,0.037433,127333504,2876.032058954239,824694848
10,23,"[6, 3, 0, 1]",86,2.7709e-5,492592,0.040925166,126841200,NaN,0,0.040952875,127333792,2876.073030948639,693553408
10,24,"[6, 2, 2, 0]",126,2.65e-5,492448,0.037851459,126841360,NaN,0,0.037877958999999996,127333808,2876.1109240055084,820894080
10,25,"[6, 2, 1, 1]",125,5.0916e-5,985072,0.039730541,126841184,NaN,0,0.039781457,127826256,2876.1507210731506,740594384
10,26,"[6, 2, 0, 2]",124,2.8542e-5,492624,0.038496792,126841136,NaN,0,0.038525334,127333760,2876.1892669200897,729800960
10,27,"[6, 1, 3, 0]",175,2.8166e-5,492480,0.039960042,126841152,NaN,0,0.039988208000000004,127333632,2876.2292759418488,671966528
10,28,"[6, 1, 2, 1]",174,4.975e-5,985136,0.142661834,126841136,NaN,0,0.14271158399999997,127826272,2876.3720030784607,671965984
10,29,"[6, 1, 1, 2]",173,5.1542e-5,985168,0.038355833,126841072,NaN,0,0.038407375,127826240,2876.4104290008545,799799104
10,30,"[6, 1, 0, 3]",172,2.8833e-5,492672,0.038303625,128315920,NaN,0,0.038332458,128808592,2876.44877910614,928614560
10,31,"[6, 0, 4, 0]",235,2.6875e-5,492528,0.041697709,145502624,NaN,0,0.041724584,145995152,2876.4905230998993,727055472
10,32,"[6, 0, 3, 1]",234,4.9583e-5,985232,0.039917334,126841072,NaN,0,0.039966917,127826304,2876.5305058956146,854888640
10,33,"[6, 0, 2, 2]",233,5.0416e-5,985264,0.038580458,126841072,NaN,0,0.038630873999999996,127826336,2876.5691499710083,982721840
10,34,"[6, 0, 1, 3]",232,5.2292e-5,985296,0.041996667,148304304,NaN,0,0.042048959000000004,149289600,2876.6112179756165,730283152
10,35,"[6, 0, 0, 4]",231,2.8167e-5,492736,0.037871875,126841072,NaN,0,0.037900042,127333808,2876.649134874344,857623840
10,36,"[5, 5, 0, 0]",36,3.75e-7,0,0.024382291,105305504,NaN,0,0.024382666,105305504,2876.6735389232635,688321616
10,37,"[5, 4, 1, 0]",59,2.575e-5,492592,0.03783425,126841072,NaN,0,0.03786,127333664,2876.7114129066467,815662112
10,38,"[5, 4, 0, 1]",58,2.8e-5,492832,0.038578917,126841200,NaN,0,0.038606917,127334032,2876.750039100647,763631472
10,39,"[5, 3, 2, 0]",90,2.7875e-5,492608,0.039120125,126841136,NaN,0,0.039147999999999995,127333744,2876.7892088890076,745662000
10,40,"[5, 3, 1, 1]",89,5.1583e-5,985472,0.037942042,126841152,NaN,0,0.037993625,127826624,2876.8272199630737,688254432
10,41,"[5, 3, 0, 2]",88,2.7541e-5,492864,0.148238333,126841136,NaN,0,0.148265874,127334000,2876.975501060486,690317216
10,42,"[5, 2, 3, 0]",130,2.7917e-5,492640,0.038350209,126841360,NaN,0,0.038378126000000005,127334000,2877.0138969421387,817658080
10,43,"[5, 2, 2, 1]",129,5.0542e-5,985536,0.039101458,128315632,NaN,0,0.039152,129301168,2877.053067922592,946966128
10,44,"[5, 2, 1, 2]",128,5.1667e-5,985568,0.04298425,143077808,NaN,0,0.043035917,144063376,2877.0961220264435,728596304
10,45,"[5, 2, 0, 3]",127,2.9833e-5,492912,0.037660792,126841072,NaN,0,0.037690625,127333984,2877.133833885193,855937152
10,46,"[5, 1, 4, 0]",180,2.7416e-5,492688,0.038056208,126841072,NaN,0,0.038083624,127333760,2877.171935081482,983277776
10,47,"[5, 1, 3, 1]",179,5.2542e-5,985632,0.042764375,131903920,NaN,0,0.042816917,132889552,2877.2147710323334,732463776
10,48,"[5, 1, 2, 2]",178,5.3292e-5,985664,0.037415083,126841360,NaN,0,0.037468375000000005,127827024,2877.2522571086884,860297664
10,49,"[5, 1, 1, 3]",177,5.0958e-5,985696,0.039498333,126841200,NaN,0,0.03954929099999999,127826896,2877.2918241024017,756570112
10,50,"[5, 1, 0, 4]",176,2.8417e-5,492976,0.03893025,126841136,NaN,0,0.038958667,127334112,2877.330801963806,710877152
10,51,"[5, 0, 5, 0]",241,2.6875e-5,492752,0.040312,126841136,NaN,0,0.040338875,127333888,2877.371157884598,710877152
10,52,"[5, 0, 4, 1]",240,5.1084e-5,985760,0.039620083,126841152,NaN,0,0.039671167,127826912,2877.4108459949493,671966720
10,53,"[5, 0, 3, 2]",239,5.1792e-5,985792,0.052291875,126841136,NaN,0,0.052343667,127826928,2877.463205099106,682760304
10,54,"[5, 0, 2, 3]",238,5.7666e-5,985824,0.132109209,126841408,NaN,0,0.13216687500000002,127827232,2877.595393896103,710876384
10,55,"[5, 0, 1, 4]",237,5.2833e-5,985856,0.037461292,126841072,NaN,0,0.037514125,127826928,2877.6329259872437,838710192
10,56,"[5, 0, 0, 5]",236,2.725e-5,493056,0.038215542,132215024,NaN,0,0.038242792,132708080,2877.671187877655,971425136
10,57,"[4, 6, 0, 0]",-21,NaN,0,NaN,0,2.8375e-5,197056,2.8375e-5,197056,2877.6712350845337,971629056
10,58,"[4, 5, 1, 0]",-38,NaN,0,NaN,0,2.5333e-5,197056,2.5333e-5,197056,2877.6712639331818,971832928
10,59,"[4, 5, 0, 1]",-37,NaN,0,NaN,0,2.3625e-5,197056,2.3625e-5,197056,2877.671289920807,972036800
10,60,"[4, 4, 2, 0]",62,2.7916e-5,492848,0.041541208,140128688,NaN,0,0.041569124000000006,140621536,2877.7128620147705,760595168
10,61,"[4, 4, 1, 1]",61,5.0625e-5,986048,0.023555333,103650320,NaN,0,0.023605958,104636368,2877.7364819049835,865238416
10,62,"[4, 4, 0, 2]",-60,NaN,0,NaN,0,2.9708e-5,197056,2.9708e-5,197056,2877.7365250587463,865442336
10,63,"[4, 3, 3, 0]",94,2.6917e-5,492880,0.04204775,134639856,NaN,0,0.042074667,135132736,2877.778603076935,1000581888
10,64,"[4, 3, 2, 1]",93,5.1458e-5,986112,0.040632458,139277008,NaN,0,0.040683916,140263120,2877.8193039894104,766919296
10,65,"[4, 3, 1, 2]",92,5.2e-5,986144,0.0374,126841072,NaN,0,0.037452000000000006,127827216,2877.8567728996277,894753376
10,66,"[4, 3, 0, 3]",91,2.8083e-5,493248,0.039715125,126841200,NaN,0,0.039743207999999995,127334448,2877.896535873413,756569936
10,67,"[4, 2, 4, 0]",135,2.775e-5,492928,0.038137125,126841136,NaN,0,0.038164875,127334064,2877.9347190856934,729801008
10,68,"[4, 2, 3, 1]",134,5.1791e-5,986208,0.038488792,126841136,NaN,0,0.038540583,127827344,2877.97327709198,729801008
10,69,"[4, 2, 2, 2]",133,5.1333e-5,986240,0.039079875,126841152,NaN,0,0.039131208,127827392,2878.012428998947,672393440
10,70,"[4, 2, 1, 3]",132,5.1333e-5,986272,0.03843575,126841408,NaN,0,0.038487083,127827680,2878.0509328842163,690318144
10,71,"[4, 2, 0, 4]",131,2.8083e-5,493312,0.145608458,126841136,NaN,0,0.145636541,127334448,2878.196588039398,700082960
10,72,"[4, 1, 5, 0]",186,2.875e-5,492992,0.037522084,126841072,NaN,0,0.037550834,127334064,2878.2341570854187,827423888
10,73,"[4, 1, 4, 1]",185,5.3083e-5,986336,0.038186334,134115568,NaN,0,0.038239417000000005,135101904,2878.27241396904,962532656
10,74,"[4, 1, 3, 2]",184,5.2083e-5,986368,0.042783375,139080112,NaN,0,0.042835458,140066480,2878.3152680397034,759547008
10,75,"[4, 1, 2, 3]",183,5.0791e-5,986400,0.037495791,126841072,NaN,0,0.037546582,127827472,2878.352830886841,887381344
10,76,"[4, 1, 1, 4]",182,5.2291e-5,986432,0.038458375,133165584,NaN,0,0.038510666000000006,134152016,2878.3913629055023,1021540224
10,77,"[4, 1, 0, 5]",181,2.9e-5,493392,0.041525375,136049072,NaN,0,0.041554375000000005,136542464,2878.4329359531403,756516176
10,78,"[4, 0, 6, 0]",248,2.9041e-5,493072,0.038107625,126841152,NaN,0,0.038136666,127334224,2878.471093893051,682760176
10,79,"[4, 0, 5, 1]",247,5.1042e-5,986496,0.037738625,126841072,NaN,0,0.037789667,127827568,2878.5088980197906,810594608
10,80,"[4, 0, 4, 2]",246,5.2125e-5,986528,0.038692167,126841184,NaN,0,0.038744292,127827712,2878.5476620197296,740594576
10,81,"[4, 0, 3, 3]",245,5.1958e-5,986560,0.039547333,126841136,NaN,0,0.039599290999999995,127827696,2878.587280035019,729801152
10,82,"[4, 0, 2, 4]",244,5.325e-5,986592,0.040081708,126841440,NaN,0,0.040134958,127828032,2878.627434015274,672393664
10,83,"[4, 0, 1, 5]",243,5.2834e-5,986624,0.14305225,126841120,NaN,0,0.143105084,127827744,2878.770555973053,690317184
10,84,"[4, 0, 0, 6]",242,2.7583e-5,493488,0.037005375,126841072,NaN,0,0.037032958,127334560,2878.807606935501,817658608
10,85,"[3, 7, 0, 0]",-11,NaN,0,NaN,0,2.4209e-5,197056,2.4209e-5,197056,2878.8076479434967,817862528
10,86,"[3, 6, 1, 0]",-23,NaN,0,NaN,0,2.275e-5,197056,2.275e-5,197056,2878.807673931122,818066400
10,87,"[3, 6, 0, 1]",-22,NaN,0,NaN,0,2.2125e-5,197056,2.2125e-5,197056,2878.807699918747,818270272
10,88,"[3, 5, 2, 0]",-41,NaN,0,NaN,0,2.0959e-5,197056,2.0959e-5,197056,2878.807723045349,818474144
10,89,"[3, 5, 1, 1]",-40,NaN,0,NaN,0,2.225e-5,197056,2.225e-5,197056,2878.8077480793,818678016
10,90,"[3, 5, 0, 2]",-39,NaN,0,NaN,0,2.425e-5,197056,2.425e-5,197056,2878.8077750205994,818881872
10,91,"[3, 4, 3, 0]",-66,NaN,0,NaN,0,2.1167e-5,197056,2.1167e-5,197056,2878.807799100876,819085744
10,92,"[3, 4, 2, 1]",-65,NaN,0,NaN,0,2.4709e-5,197056,2.4709e-5,197056,2878.8078269958496,819289616
10,93,"[3, 4, 1, 2]",-64,NaN,0,NaN,0,2.5292e-5,197056,2.5292e-5,197056,2878.8078548908234,819493488
10,94,"[3, 4, 0, 3]",-63,NaN,0,NaN,0,2.175e-5,197056,2.175e-5,197056,2878.8078789711,819697360
10,95,"[3, 3, 4, 0]",99,2.7375e-5,493264,0.037779792,128315632,NaN,0,0.037807167,128808896,2878.845689058304,948513056
10,96,"[3, 3, 3, 1]",98,5.1041e-5,986992,0.042898584,143602096,NaN,0,0.042949625,144589088,2878.888655900955,738362016
10,97,"[3, 3, 2, 2]",97,5.2959e-5,987024,0.023082375,102175760,NaN,0,0.023135334,103162784,2878.9118139743805,841531664
10,98,"[3, 3, 1, 3]",-96,NaN,0,NaN,0,2.725e-5,197056,2.725e-5,197056,2878.9118568897247,841735584
10,99,"[3, 3, 0, 4]",-95,NaN,0,NaN,0,2.4708e-5,197056,2.4708e-5,197056,2878.9118859767914,841939456
10,100,"[3, 2, 5, 0]",141,2.7166e-5,493328,0.037973875,128741904,NaN,0,0.038001041,129235232,2878.9498898983,971181504
10,101,"[3, 2, 4, 1]",140,5.35e-5,987120,0.040827583,139178416,NaN,0,0.040881083,140165536,2878.990791082382,741639056
10,102,"[3, 2, 3, 2]",139,5.1916e-5,987152,0.037286083,126841072,NaN,0,0.037337999,127828224,2879.0281488895416,869474144
10,103,"[3, 2, 2, 3]",138,5.4417e-5,987184,0.038327625,126841200,NaN,0,0.038382042,127828384,2879.0665481090546,756570624
10,104,"[3, 2, 1, 4]",137,5.1708e-5,987216,0.038793291,126841136,NaN,0,0.038844999,127828352,2879.1054079532623,710877664
10,105,"[3, 2, 0, 5]",136,2.7958e-5,493840,0.038825958,126841136,NaN,0,0.038853916,127334976,2879.1442799568176,710877664
10,106,"[3, 1, 6, 0]",193,2.8125e-5,493408,0.040251666,126841440,NaN,0,0.040279790999999995,127334848,2879.18457698822,671967232
10,107,"[3, 1, 5, 1]",192,5.3208e-5,987280,0.052450459,126841136,NaN,0,0.052503667,127828416,2879.2370948791504,671966880
10,108,"[3, 1, 4, 2]",191,5.3791e-5,987312,0.128733459,126841120,NaN,0,0.12878725,127828432,2879.365895986557,729800384
10,109,"[3, 1, 3, 3]",190,5.2291e-5,987344,0.037689,126841072,NaN,0,0.037741291,127828416,2879.403655052185,857635664
10,110,"[3, 1, 2, 4]",189,5.3125e-5,987376,0.040534167,143225072,NaN,0,0.040587292000000004,144212448,2879.444261074066,1001854976
10,111,"[3, 1, 1, 5]",188,5.7292e-5,987408,0.043938167,135000496,NaN,0,0.043995459,135987904,2879.48827791214,755467056
10,112,"[3, 1, 0, 6]",187,2.8791e-5,493936,0.037910333,126841360,NaN,0,0.037939124,127335296,2879.52623295784,882809216
10,113,"[3, 0, 7, 0]",256,2.8667e-5,493504,0.040384334,139145600,NaN,0,0.040413001000000004,139639104,2879.5666670799255,699353312
10,114,"[3, 0, 6, 1]",255,5.4334e-5,987472,0.037757084,126841072,NaN,0,0.037811418000000006,127828544,2879.6044960021973,827188736
10,115,"[3, 0, 5, 2]",254,5.4208e-5,987504,0.039269292,126841200,NaN,0,0.0393235,127828704,2879.643837928772,693553344
10,116,"[3, 0, 4, 3]",253,5.2875e-5,987536,0.042187791,126841072,NaN,0,0.042240666,127828608,2879.6860949993134,821388816
10,117,"[3, 0, 3, 4]",252,5.2792e-5,987568,0.038830833,126841184,NaN,0,0.038883625000000005,127828752,2879.7249960899353,740594400
10,118,"[3, 0, 2, 5]",251,5.6208e-5,987600,0.040412292,126841440,NaN,0,0.040468500000000004,127829040,2879.7654840946198,671966464
10,119,"[3, 0, 1, 6]",250,5.2625e-5,987632,0.051787166,126841120,NaN,0,0.051839791,127828752,2879.8173410892487,701111056
10,120,"[3, 0, 0, 7]",249,3.0375e-5,494048,0.131007083,126841136,NaN,0,0.131037458,127335184,2879.948395013809,729800624
10,121,"[2, 8, 0, 0]",-5,NaN,0,NaN,0,2.4417e-5,197056,2.4417e-5,197056,2879.948436975479,730004544
10,122,"[2, 7, 1, 0]",-13,NaN,0,NaN,0,2.1417e-5,197056,2.1417e-5,197056,2879.94846200943,730208416
10,123,"[2, 7, 0, 1]",-12,NaN,0,NaN,0,2.3333e-5,197056,2.3333e-5,197056,2879.948487997055,730412288
10,124,"[2, 6, 2, 0]",-26,NaN,0,NaN,0,2.4334e-5,197056,2.4334e-5,197056,2879.948515892029,730616160
10,125,"[2, 6, 1, 1]",-25,NaN,0,NaN,0,2.3125e-5,197056,2.3125e-5,197056,2879.9485409259796,730820032
10,126,"[2, 6, 0, 2]",-24,NaN,0,NaN,0,2.4e-5,197056,2.4e-5,197056,2879.9485681056976,731023904
10,127,"[2, 5, 3, 0]",-45,NaN,0,NaN,0,2.4375e-5,197056,2.4375e-5,197056,2879.948595046997,731227760
10,128,"[2, 5, 2, 1]",-44,NaN,0,NaN,0,2.2958e-5,197056,2.2958e-5,197056,2879.948621034622,731431632
10,129,"[2, 5, 1, 2]",-43,NaN,0,NaN,0,2.0959e-5,197056,2.0959e-5,197056,2879.94864487648,731635504
10,130,"[2, 5, 0, 3]",-42,NaN,0,NaN,0,2.4708e-5,197056,2.4708e-5,197056,2879.948672056198,731839376
10,131,"[2, 4, 4, 0]",-71,NaN,0,NaN,0,2.4583e-5,197056,2.4583e-5,197056,2879.9486989974976,732043248
10,132,"[2, 4, 3, 1]",-70,NaN,0,NaN,0,2.325e-5,197056,2.325e-5,197056,2879.9487249851227,732247120
10,133,"[2, 4, 2, 2]",-69,NaN,0,NaN,0,2.2417e-5,197056,2.2417e-5,197056,2879.9487500190735,732450992
10,134,"[2, 4, 1, 3]",-68,NaN,0,NaN,0,2.5042e-5,197056,2.5042e-5,197056,2879.9487779140472,732654864
10,135,"[2, 4, 0, 4]",-67,NaN,0,NaN,0,2.6625e-5,197056,2.6625e-5,197056,2879.948807001114,732858736
10,136,"[2, 3, 5, 0]",-105,NaN,0,NaN,0,2.3458e-5,197056,2.3458e-5,197056,2879.948832988739,733062608
10,137,"[2, 3, 4, 1]",-104,NaN,0,NaN,0,2.6042e-5,197056,2.6042e-5,197056,2879.9488620758057,733266480
10,138,"[2, 3, 3, 2]",-103,NaN,0,NaN,0,2.3708e-5,197056,2.3708e-5,197056,2879.948888063431,733470352
10,139,"[2, 3, 2, 3]",-102,NaN,0,NaN,0,2.4375e-5,197056,2.4375e-5,197056,2879.94891500473,733674224
10,140,"[2, 3, 1, 4]",-101,NaN,0,NaN,0,2.2459e-5,197056,2.2459e-5,197056,2879.948940038681,733878096
10,141,"[2, 3, 0, 5]",-100,NaN,0,NaN,0,2.3666e-5,197056,2.3666e-5,197056,2879.9489669799805,734081968
10,142,"[2, 2, 6, 0]",148,3.0125e-5,493856,0.038253333,126841072,NaN,0,0.038283458,127334928,2879.9872529506683,861423712
10,143,"[2, 2, 5, 1]",147,5.4083e-5,988304,0.041097875,143225072,NaN,0,0.041151958,144213376,2880.0284209251404,1005643952
10,144,"[2, 2, 4, 2]",146,5.65e-5,988336,0.040018958,130920880,NaN,0,0.040075458,131909216,2880.0685160160065,771442528
10,145,"[2, 2, 3, 3]",145,7.1125e-5,988368,0.023284209,103650608,NaN,0,0.023355334,104638976,2880.0918889045715,876088368
10,146,"[2, 2, 2, 4]",-144,NaN,0,NaN,0,3.2334e-5,197056,3.2334e-5,197056,2880.0919358730316,876292288
10,147,"[2, 2, 1, 5]",-143,NaN,0,NaN,0,2.9584e-5,197056,2.9584e-5,197056,2880.0919699668884,876496160
10,148,"[2, 2, 0, 6]",-142,NaN,0,NaN,0,2.725e-5,197056,2.725e-5,197056,2880.0920000076294,876700032
10,149,"[2, 1, 7, 0]",201,2.7709e-5,493952,0.038832625,142799232,NaN,0,0.038860334,143293184,2880.1308629512787,706627552
10,150,"[2, 1, 6, 1]",200,5.4334e-5,988496,0.0378705,126841072,NaN,0,0.037924834000000004,127829568,2880.168804883957,834463984
10,151,"[2, 1, 5, 2]",199,5.4125e-5,988528,0.040119958,126841200,NaN,0,0.040174083,127829728,2880.2089970111847,693554000
10,152,"[2, 1, 4, 3]",198,5.2917e-5,988560,0.037670875,126841072,NaN,0,0.037723792,127829632,2880.246736049652,821390496
10,153,"[2, 1, 3, 4]",197,5.4625e-5,988592,0.039896667,126841184,NaN,0,0.039951292,127829776,2880.2867069244385,740595056
10,154,"[2, 1, 2, 5]",196,5.45e-5,988624,0.039248333,126841440,NaN,0,0.039302833,127830064,2880.326029062271,671967120
10,155,"[2, 1, 1, 6]",195,5.3959e-5,988656,0.03805425,126841120,NaN,0,0.038108209,127829776,2880.364154100418,701112192
10,156,"[2, 1, 0, 7]",194,3.0083e-5,494624,0.145217292,126841136,NaN,0,0.14524737499999998,127335760,2880.509416103363,690317248
10,157,"[2, 0, 8, 0]",265,2.8917e-5,494064,0.03837125,126841072,NaN,0,0.038400167000000006,127335136,2880.5478320121765,817659264
10,158,"[2, 0, 7, 1]",264,5.4167e-5,988720,0.037578583,130216176,NaN,0,0.03763275,131204896,2880.5854799747467,948871040
10,159,"[2, 0, 6, 2]",263,5.4667e-5,988752,0.042693584,142553520,NaN,0,0.042748251,143542272,2880.628247976303,738362016
10,160,"[2, 0, 5, 3]",262,5.3875e-5,988784,0.037183583,126841360,NaN,0,0.037237458,127830144,2880.6655020713806,866199024
10,161,"[2, 0, 4, 4]",261,5.4084e-5,988816,0.03772925,129265904,NaN,0,0.037783334,130254720,2880.7033019065857,996460608
10,162,"[2, 0, 3, 5]",260,5.475e-5,988848,0.040925042,134656432,NaN,0,0.040979792,135645280,2880.7442989349365,757548240
10,163,"[2, 0, 2, 6]",259,5.3875e-5,988880,0.038337916,126841152,NaN,0,0.038391791,127830032,2880.782707929611,682760368
10,164,"[2, 0, 1, 7]",258,5.4834e-5,988912,0.037678667,126841072,NaN,0,0.037733500999999996,127829984,2880.820456981659,810597216
10,165,"[2, 0, 0, 8]",257,3.0083e-5,494752,0.038639584,126841184,NaN,0,0.038669667,127335936,2880.8591470718384,740594768
10,166,"[1, 9, 0, 0]",-2,NaN,0,NaN,0,2.6708e-5,197056,2.6708e-5,197056,2880.8591940402985,740798688
10,167,"[1, 8, 1, 0]",-7,NaN,0,NaN,0,2.4333e-5,197056,2.4333e-5,197056,2880.859221935272,741002560
10,168,"[1, 8, 0, 1]",-6,NaN,0,NaN,0,2.0708e-5,197056,2.0708e-5,197056,2880.8592460155487,741206432
10,169,"[1, 7, 2, 0]",-16,NaN,0,NaN,0,2.1792e-5,197056,2.1792e-5,197056,2880.859270095825,741410304
10,170,"[1, 7, 1, 1]",-15,NaN,0,NaN,0,2.45e-5,197056,2.45e-5,197056,2880.8592970371246,741614176
10,171,"[1, 7, 0, 2]",-14,NaN,0,NaN,0,2.0875e-5,197056,2.0875e-5,197056,2880.8593208789825,741818048
10,172,"[1, 6, 3, 0]",-30,NaN,0,NaN,0,2.3584e-5,197056,2.3584e-5,197056,2880.8593471050262,742021920
10,173,"[1, 6, 2, 1]",-29,NaN,0,NaN,0,2.55e-5,197056,2.55e-5,197056,2880.859375,742225792
10,174,"[1, 6, 1, 2]",-28,NaN,0,NaN,0,2.3e-5,197056,2.3e-5,197056,2880.859400987625,742429648
10,175,"[1, 6, 0, 3]",-27,NaN,0,NaN,0,2.1208e-5,197056,2.1208e-5,197056,2880.8594250679016,742633504
10,176,"[1, 5, 4, 0]",-50,NaN,0,NaN,0,2.7e-5,197056,2.7e-5,197056,2880.8594551086426,742837376
10,177,"[1, 5, 3, 1]",-49,NaN,0,NaN,0,2.4334e-5,197056,2.4334e-5,197056,2880.859482049942,743041232
10,178,"[1, 5, 2, 2]",-48,NaN,0,NaN,0,2.3916e-5,197056,2.3916e-5,197056,2880.8595089912415,743245104
10,179,"[1, 5, 1, 3]",-47,NaN,0,NaN,0,2.4875e-5,197056,2.4875e-5,197056,2880.859535932541,743448976
10,180,"[1, 5, 0, 4]",-46,NaN,0,NaN,0,2.9375e-5,197056,2.9375e-5,197056,2880.85986495018,743652848
10,181,"[1, 4, 5, 0]",-77,NaN,0,NaN,0,2.4792e-5,197056,2.4792e-5,197056,2880.8598930835724,743856720
10,182,"[1, 4, 4, 1]",-76,NaN,0,NaN,0,2.0625e-5,197056,2.0625e-5,197056,2880.8599169254303,744060592
10,183,"[1, 4, 3, 2]",-75,NaN,0,NaN,0,2.2333e-5,197056,2.2333e-5,197056,2880.859941959381,744264464
10,184,"[1, 4, 2, 3]",-74,NaN,0,NaN,0,2.6792e-5,197056,2.6792e-5,197056,2880.859972000122,744468336
10,185,"[1, 4, 1, 4]",-73,NaN,0,NaN,0,2.1167e-5,197056,2.1167e-5,197056,2880.8599948883057,744672208
10,186,"[1, 4, 0, 5]",-72,NaN,0,NaN,0,2.3666e-5,197056,2.3666e-5,197056,2880.8600220680237,744876080
10,187,"[1, 3, 6, 0]",-112,NaN,0,NaN,0,2.4875e-5,197056,2.4875e-5,197056,2880.860049009323,745079952
10,188,"[1, 3, 5, 1]",-111,NaN,0,NaN,0,2.3541e-5,197056,2.3541e-5,197056,2880.8600759506226,745283824
10,189,"[1, 3, 4, 2]",-110,NaN,0,NaN,0,2.1167e-5,197056,2.1167e-5,197056,2880.8600990772247,745487696
10,190,"[1, 3, 3, 3]",-109,NaN,0,NaN,0,2.4292e-5,197056,2.4292e-5,197056,2880.860126018524,745691568
10,191,"[1, 3, 2, 4]",-108,NaN,0,NaN,0,2.3667e-5,197056,2.3667e-5,197056,2880.8601529598236,745895440
10,192,"[1, 3, 1, 5]",-107,NaN,0,NaN,0,2.1875e-5,197056,2.1875e-5,197056,2880.8601770401,746099312
10,193,"[1, 3, 0, 6]",-106,NaN,0,NaN,0,2.3125e-5,197056,2.3125e-5,197056,2880.860203027725,746303184
10,194,"[1, 2, 7, 0]",-156,NaN,0,NaN,0,2.4209e-5,197056,2.4209e-5,197056,2880.8602299690247,746507056
10,195,"[1, 2, 6, 1]",-155,NaN,0,NaN,0,2.4209e-5,197056,2.4209e-5,197056,2880.860256910324,746710928
10,196,"[1, 2, 5, 2]",-154,NaN,0,NaN,0,2.0e-5,197056,2.0e-5,197056,2880.860279083252,746914800
10,197,"[1, 2, 4, 3]",-153,NaN,0,NaN,0,2.4208e-5,197056,2.4208e-5,197056,2880.8603060245514,747118656
10,198,"[1, 2, 3, 4]",-152,NaN,0,NaN,0,2.5333e-5,197056,2.5333e-5,197056,2880.860333919525,747322528
10,199,"[1, 2, 2, 5]",-151,NaN,0,NaN,0,2.1542e-5,197056,2.1542e-5,197056,2880.8603579998016,747526400
10,200,"[1, 2, 1, 6]",-150,NaN,0,NaN,0,2.2916e-5,197056,2.2916e-5,197056,2880.8603830337524,747730272
10,201,"[1, 2, 0, 7]",-149,NaN,0,NaN,0,2.2208e-5,197056,2.2208e-5,197056,2880.8604068756104,747934144
10,202,"[1, 1, 8, 0]",210,3.0625e-5,494640,0.039961,126841424,NaN,0,0.039991625,127336064,2880.900400876999,729800864
10,203,"[1, 1, 7, 1]",209,5.5834e-5,990016,0.057624417,126841152,NaN,0,0.057680250999999995,127831168,2880.958098888397,672393376
10,204,"[1, 1, 6, 2]",208,5.625e-5,990048,0.131028125,126841120,NaN,0,0.131084375,127831168,2881.0892040729523,729800592
10,205,"[1, 1, 5, 3]",207,5.6083e-5,990080,0.038257042,126841072,NaN,0,0.038313124999999996,127831152,2881.1275329589844,857638608
10,206,"[1, 1, 4, 4]",206,5.5375e-5,990112,0.023864958,117117968,NaN,0,0.023920333,118108080,2881.151470899582,975753568
10,207,"[1, 1, 3, 5]",-205,NaN,0,NaN,0,2.5708e-5,197056,2.5708e-5,197056,2881.1515130996704,975957488
10,208,"[1, 1, 2, 6]",-204,NaN,0,NaN,0,2.9917e-5,197056,2.9917e-5,197056,2881.1515469551086,976161360
10,209,"[1, 1, 1, 7]",-203,NaN,0,NaN,0,2.15e-5,197056,2.15e-5,197056,2881.151571035385,976365232
10,210,"[1, 1, 0, 8]",-202,NaN,0,NaN,0,2.5125e-5,197056,2.5125e-5,197056,2881.151598930359,976569104
10,211,"[1, 0, 9, 0]",275,3.0333e-5,494768,0.059419084,200509104,NaN,0,0.059449417,201003872,2881.2110509872437,834377600
10,212,"[1, 0, 8, 1]",274,5.6458e-5,990272,0.059769958,219908000,NaN,0,0.059826416,220898272,2881.270898103714,757086576
10,213,"[1, 0, 7, 2]",273,5.6166e-5,990304,0.0533435,192546288,NaN,0,0.053399666000000005,193536592,2881.3243129253387,950630032
10,214,"[1, 0, 6, 3]",272,5.6875e-5,990336,0.057888417,193103488,NaN,0,0.057945291999999995,194093824,2881.3822779655457,804329008
10,215,"[1, 0, 5, 4]",271,5.6417e-5,990368,0.057761083,191104624,NaN,0,0.0578175,192094992,2881.4401149749756,729570144
10,216,"[1, 0, 4, 5]",270,5.5084e-5,990400,0.023309,99259472,NaN,0,0.023364084,100249872,2881.463495016098,673530192
10,217,"[1, 0, 3, 6]",269,5.8167e-5,990432,0.160991292,189204048,NaN,0,0.161049459,190194480,2881.624561071396,727669408
10,218,"[1, 0, 2, 7]",268,5.7708e-5,990464,0.055369334,202802960,NaN,0,0.055427041999999996,203793424,2881.6800038814545,931469696
10,219,"[1, 0, 1, 8]",267,5.6041e-5,990496,0.055201375,212698768,NaN,0,0.055257416,213689264,2881.7352800369263,805778000
10,220,"[1, 0, 0, 9]",266,3.0541e-5,495616,0.050542583,204277232,NaN,0,0.050573124000000004,204772848,2881.785870075226,1010557712
10,221,"[0, 10, 0, 0]",-1,NaN,0,NaN,0,2.8542e-5,197056,2.8542e-5,197056,2881.7859179973602,1010761664
10,222,"[0, 9, 1, 0]",-4,NaN,0,NaN,0,2.3459e-5,197056,2.3459e-5,197056,2881.785945892334,1010965552
10,223,"[0, 9, 0, 1]",-3,NaN,0,NaN,0,2.0208e-5,197056,2.0208e-5,197056,2881.785969018936,1011169440
10,224,"[0, 8, 2, 0]",-10,NaN,0,NaN,0,2.35e-5,197056,2.35e-5,197056,2881.7859950065613,1011373328
10,225,"[0, 8, 1, 1]",-9,NaN,0,NaN,0,2.6208e-5,197056,2.6208e-5,197056,2881.786024093628,1011577216
10,226,"[0, 8, 0, 2]",-8,NaN,0,NaN,0,2.4084e-5,197056,2.4084e-5,197056,2881.7860510349274,1011781104
10,227,"[0, 7, 3, 0]",-20,NaN,0,NaN,0,2.0375e-5,197056,2.0375e-5,197056,2881.786073923111,1011984992
10,228,"[0, 7, 2, 1]",-19,NaN,0,NaN,0,2.2167e-5,197056,2.2167e-5,197056,2881.7860989570618,1012188880
10,229,"[0, 7, 1, 2]",-18,NaN,0,NaN,0,2.2208e-5,197056,2.2208e-5,197056,2881.7861239910126,1012392768
10,230,"[0, 7, 0, 3]",-17,NaN,0,NaN,0,1.9708e-5,197056,1.9708e-5,197056,2881.786145925522,1012596656
10,231,"[0, 6, 4, 0]",-35,NaN,0,NaN,0,2.325e-5,197056,2.325e-5,197056,2881.786171913147,1012800544
10,232,"[0, 6, 3, 1]",-34,NaN,0,NaN,0,2.7334e-5,197056,2.7334e-5,197056,2881.786201953888,1013004432
10,233,"[0, 6, 2, 2]",-33,NaN,0,NaN,0,2.3625e-5,197056,2.3625e-5,197056,2881.786227941513,1013208320
10,234,"[0, 6, 1, 3]",-32,NaN,0,NaN,0,2.1625e-5,197056,2.1625e-5,197056,2881.7862520217896,1013412208
10,235,"[0, 6, 0, 4]",-31,NaN,0,NaN,0,2.2875e-5,197056,2.2875e-5,197056,2881.7862780094147,1013616096
10,236,"[0, 5, 5, 0]",-56,NaN,0,NaN,0,2.4292e-5,197056,2.4292e-5,197056,2881.786304950714,1013819984
10,237,"[0, 5, 4, 1]",-55,NaN,0,NaN,0,2.1334e-5,197056,2.1334e-5,197056,2881.7863290309906,1014023872
10,238,"[0, 5, 3, 2]",-54,NaN,0,NaN,0,2.2792e-5,197056,2.2792e-5,197056,2881.7863540649414,1014227760
10,239,"[0, 5, 2, 3]",-53,NaN,0,NaN,0,2.2292e-5,197056,2.2292e-5,197056,2881.786379098892,1014431648
10,240,"[0, 5, 1, 4]",-52,NaN,0,NaN,0,2.3791e-5,197056,2.3791e-5,197056,2881.7864050865173,1014635536
10,241,"[0, 5, 0, 5]",-51,NaN,0,NaN,0,2.1125e-5,197056,2.1125e-5,197056,2881.7864289283752,1014839424
10,242,"[0, 4, 6, 0]",-84,NaN,0,NaN,0,2.4333e-5,197056,2.4333e-5,197056,2881.7864561080933,1015043312
10,243,"[0, 4, 5, 1]",-83,NaN,0,NaN,0,2.5375e-5,197056,2.5375e-5,197056,2881.786484003067,1015247200
10,244,"[0, 4, 4, 2]",-82,NaN,0,NaN,0,2.2e-5,197056,2.2e-5,197056,2881.786509037018,1015451088
10,245,"[0, 4, 3, 3]",-81,NaN,0,NaN,0,2.375e-5,197056,2.375e-5,197056,2881.786535024643,1015654960
10,246,"[0, 4, 2, 4]",-80,NaN,0,NaN,0,2.2042e-5,197056,2.2042e-5,197056,2881.7865600585938,1015858848
10,247,"[0, 4, 1, 5]",-79,NaN,0,NaN,0,2.3792e-5,197056,2.3792e-5,197056,2881.786586046219,1016062736
10,248,"[0, 4, 0, 6]",-78,NaN,0,NaN,0,2.0417e-5,197056,2.0417e-5,197056,2881.7866089344025,1016266624
10,249,"[0, 3, 7, 0]",-120,NaN,0,NaN,0,2.2875e-5,197056,2.2875e-5,197056,2881.7866349220276,1016470512
10,250,"[0, 3, 6, 1]",-119,NaN,0,NaN,0,2.2667e-5,197056,2.2667e-5,197056,2881.7866599559784,1016674400
10,251,"[0, 3, 5, 2]",-118,NaN,0,NaN,0,2.0959e-5,197056,2.0959e-5,197056,2881.786684036255,1016878288
10,252,"[0, 3, 4, 3]",-117,NaN,0,NaN,0,2.425e-5,197056,2.425e-5,197056,2881.7867109775543,1017082176
10,253,"[0, 3, 3, 4]",-116,NaN,0,NaN,0,2.3459e-5,197056,2.3459e-5,197056,2881.7867369651794,1017286064
10,254,"[0, 3, 2, 5]",-115,NaN,0,NaN,0,2.6542e-5,197056,2.6542e-5,197056,2881.786766052246,1017489952
10,255,"[0, 3, 1, 6]",-114,NaN,0,NaN,0,2.1875e-5,197056,2.1875e-5,197056,2881.786791086197,1017693840
10,256,"[0, 3, 0, 7]",-113,NaN,0,NaN,0,2.3708e-5,197056,2.3708e-5,197056,2881.786817073822,1017897728
10,257,"[0, 2, 8, 0]",-165,NaN,0,NaN,0,2.3625e-5,197056,2.3625e-5,197056,2881.786843061447,1018101616
10,258,"[0, 2, 7, 1]",-164,NaN,0,NaN,0,2.1625e-5,197056,2.1625e-5,197056,2881.786866903305,1018305504
10,259,"[0, 2, 6, 2]",-163,NaN,0,NaN,0,2.3666e-5,197056,2.3666e-5,197056,2881.786894083023,1018509392
10,260,"[0, 2, 5, 3]",-162,NaN,0,NaN,0,2.2708e-5,197056,2.2708e-5,197056,2881.7869188785553,1018713280
10,261,"[0, 2, 4, 4]",-161,NaN,0,NaN,0,2.4375e-5,197056,2.4375e-5,197056,2881.7869460582733,1018917168
10,262,"[0, 2, 3, 5]",-160,NaN,0,NaN,0,2.175e-5,197056,2.175e-5,197056,2881.786969900131,1019121056
10,263,"[0, 2, 2, 6]",-159,NaN,0,NaN,0,2.2417e-5,197056,2.2417e-5,197056,2881.786994934082,1019324944
10,264,"[0, 2, 1, 7]",-158,NaN,0,NaN,0,2.3333e-5,197056,2.3333e-5,197056,2881.787020921707,1019528832
10,265,"[0, 2, 0, 8]",-157,NaN,0,NaN,0,2.5166e-5,197056,2.5166e-5,197056,2881.7870490550995,1019732720
10,266,"[0, 1, 9, 0]",-220,NaN,0,NaN,0,2.325e-5,197056,2.325e-5,197056,2881.7870750427246,1019936608
10,267,"[0, 1, 8, 1]",-219,NaN,0,NaN,0,2.4084e-5,197056,2.4084e-5,197056,2881.787101984024,1020140496
10,268,"[0, 1, 7, 2]",-218,NaN,0,NaN,0,2.4709e-5,197056,2.4709e-5,197056,2881.7871289253235,1020344384
10,269,"[0, 1, 6, 3]",-217,NaN,0,NaN,0,2.2209e-5,197056,2.2209e-5,197056,2881.7871539592743,1020548272
10,270,"[0, 1, 5, 4]",-216,NaN,0,NaN,0,2.6667e-5,197056,2.6667e-5,197056,2881.787183046341,1020752160
10,271,"[0, 1, 4, 5]",-215,NaN,0,NaN,0,2.6583e-5,197056,2.6583e-5,197056,2881.787211894989,1020956048
10,272,"[0, 1, 3, 6]",-214,NaN,0,NaN,0,2.175e-5,197056,2.175e-5,197056,2881.78723692894,1021159936
10,273,"[0, 1, 2, 7]",-213,NaN,0,NaN,0,2.4042e-5,197056,2.4042e-5,197056,2881.787262916565,1021363824
10,274,"[0, 1, 1, 8]",-212,NaN,0,NaN,0,2.4875e-5,197056,2.4875e-5,197056,2881.7872910499573,1021567712
10,275,"[0, 1, 0, 9]",-211,NaN,0,NaN,0,2.375e-5,197056,2.375e-5,197056,2881.7873170375824,1021771600
10,276,"[0, 0, 10, 0]",286,3.0333e-5,495632,0.040284375,138244528,NaN,0,0.040314708,138740160,2881.8276340961456,775966720
10,277,"[0, 0, 9, 1]",285,5.9709e-5,992160,0.038856166,126841072,NaN,0,0.038915874999999996,127833232,2881.866569042206,903806816
10,278,"[0, 0, 8, 2]",284,5.9125e-5,992192,0.039923125,126841200,NaN,0,0.03998225,127833392,2881.9065709114075,753186288
10,279,"[0, 0, 7, 3]",283,5.7417e-5,992224,0.038216667,126841424,NaN,0,0.038274084,127833648,2881.9448630809784,713703120
10,280,"[0, 0, 6, 4]",282,6.0084e-5,992256,0.039265834,126841136,NaN,0,0.039325918,127833392,2881.984209060669,713703120
10,281,"[0, 0, 5, 5]",281,6.0042e-5,992288,0.0247385,92984400,NaN,0,0.024798542,93976688,2882.0090250968933,692757824
10,282,"[0, 0, 4, 6]",-280,NaN,0,NaN,0,2.6541e-5,197056,2.6541e-5,197056,2882.009066104889,692961744
10,283,"[0, 0, 3, 7]",-279,NaN,0,NaN,0,1.925e-5,197056,1.925e-5,197056,2882.009088039398,693165616
10,284,"[0, 0, 2, 8]",-278,NaN,0,NaN,0,2.1041e-5,197056,2.1041e-5,197056,2882.009111881256,693369488
10,285,"[0, 0, 1, 9]",-277,NaN,0,NaN,0,2.0459e-5,197056,2.0459e-5,197056,2882.0091359615326,693573360
10,286,"[0, 0, 0, 10]",-276,NaN,0,NaN,0,1.9167e-5,197056,1.9167e-5,197056,2882.009157896042,693777232
11,1,"[11, 0, 0, 0]",287,5.42e-7,0,0.060292125,137113856,NaN,0,0.060292667,137113856,6080.425175905228,678069728
11,2,"[10, 1, 0, 0]",221,3.75e-7,0,0.058721375,142356816,NaN,0,0.058721749999999996,142356816,6080.483917951584,647692848
11,3,"[10, 0, 1, 0]",289,2.4792e-5,492272,0.045826542,139194608,NaN,0,0.045851334,139686880,6080.529788017273,730951952
11,4,"[10, 0, 0, 1]",288,2.6208e-5,492288,0.147070583,134148704,NaN,0,0.147096791,134640992,6080.676901102066,707210032
11,5,"[9, 2, 0, 0]",166,4.58e-7,0,0.042554541,140472560,NaN,0,0.042554999,140472560,6080.719475984573,847689456
11,6,"[9, 1, 1, 0]",223,2.7041e-5,492288,0.049020959,128495856,NaN,0,0.049048,128988144,6080.768543958664,976684432
11,7,"[9, 1, 0, 1]",222,2.625e-5,492336,0.042694917,128496048,NaN,0,0.042721167,128988384,6080.811285018921,751387792
11,8,"[9, 0, 2, 0]",292,2.8e-5,492304,0.04637875,126841072,NaN,0,0.046406750000000004,127333376,6080.857712030411,878728032
11,9,"[9, 0, 1, 1]",291,5.5416e-5,984672,0.042789542,136900848,NaN,0,0.042844958,137885520,6080.900577068329,1016620416
11,10,"[9, 0, 0, 2]",290,2.7208e-5,492368,0.044346667,141079248,NaN,0,0.044373875,141571616,6080.944972991943,761545872
11,11,"[8, 3, 0, 0]",121,2.92e-7,0,0.039899666,126841072,NaN,0,0.039899958,126841072,6080.9848918914795,888393808
11,12,"[8, 2, 1, 0]",168,2.8708e-5,492336,0.040156083,126841200,NaN,0,0.040184791000000004,127333536,6081.025095939636,740595056
11,13,"[8, 2, 0, 1]",167,2.6583e-5,492432,0.04226575,126841136,NaN,0,0.042292332999999994,127333568,6081.067405939102,701112032
11,14,"[8, 1, 2, 0]",226,2.8584e-5,492352,0.041377167,126841136,NaN,0,0.041405751,127333488,6081.108831882477,701111808
11,15,"[8, 1, 1, 1]",225,4.9833e-5,984816,0.043649166,126841136,NaN,0,0.043698999,127825952,6081.152544975281,729801520
11,16,"[8, 1, 0, 2]",224,2.7625e-5,492464,0.056848041,126841440,NaN,0,0.056875666000000005,127333904,6081.209440946579,671966432
11,17,"[8, 0, 3, 0]",296,2.7667e-5,492384,0.145031875,126841120,NaN,0,0.145059542,127333504,6081.354518890381,710876384
11,18,"[8, 0, 2, 1]",295,4.9541e-5,984880,0.0426895,126841072,NaN,0,0.042739041,127825952,6081.397275924683,838709200
11,19,"[8, 0, 1, 2]",294,5.125e-5,984912,0.046233167,134820080,NaN,0,0.046284417,135804992,6081.443582057953,974521056
11,20,"[8, 0, 0, 3]",293,2.8458e-5,492512,0.044153667,136655280,NaN,0,0.044182125,137147792,6081.487783908844,759546592
11,21,"[7, 4, 0, 0]",85,2.92e-7,0,0.039102709,126841072,NaN,0,0.039103001,126841072,6081.526906013489,886394528
11,22,"[7, 3, 1, 0]",123,2.8208e-5,492432,0.038107583,134820368,NaN,0,0.038135791,135312800,6081.565061092377,1021714160
11,23,"[7, 3, 0, 1]",122,2.8416e-5,492592,0.042016083,128496048,NaN,0,0.042044499000000006,128988640,6081.607125997543,769018256
11,24,"[7, 2, 2, 0]",171,2.875e-5,492448,0.038675916,126841152,NaN,0,0.038704666,127333600,6081.645847082138,682760080
11,25,"[7, 2, 1, 1]",170,5.0291e-5,985072,0.039094458,126841072,NaN,0,0.039144749,127826144,6081.685007095337,810593088
11,26,"[7, 2, 0, 2]",169,2.8542e-5,492624,0.039387792,127021408,NaN,0,0.039416334,127514032,6081.724441051483,740774704
11,27,"[7, 1, 3, 0]",230,2.6583e-5,492480,0.042321125,126841136,NaN,0,0.042347708,127333616,6081.766807079315,729801056
11,28,"[7, 1, 2, 1]",229,5.0041e-5,985136,0.043157,126841440,NaN,0,0.043207041,127826576,6081.810030937195,672393568
11,29,"[7, 1, 1, 2]",228,5.0375e-5,985168,0.147429,126841120,NaN,0,0.147479375,127826288,6081.957521915436,690317184
11,30,"[7, 1, 0, 3]",227,2.7083e-5,492672,0.038273459,126841072,NaN,0,0.038300542,127333744,6081.995841026306,817657792
11,31,"[7, 0, 4, 0]",301,2.65e-5,492528,0.038730208,131444976,NaN,0,0.038756708,131937504,6082.034614086151,949602160
11,32,"[7, 0, 3, 1]",300,5.2375e-5,985232,0.043364708,140128688,NaN,0,0.043417083,141113920,6082.0780510902405,724697136
11,33,"[7, 0, 2, 2]",299,5.0583e-5,985264,0.037336541,126841072,NaN,0,0.037387124,127826336,6082.115456104279,852530336
11,34,"[7, 0, 1, 3]",298,5.1834e-5,985296,0.041747583,128496144,NaN,0,0.041799417,129481440,6082.157274007797,982018640
11,35,"[7, 0, 0, 4]",297,2.8583e-5,492736,0.042366084,130150832,NaN,0,0.042394667,130643568,6082.199687957764,753042640
11,36,"[6, 5, 0, 0]",57,5.83e-7,0,0.047840916,155474832,NaN,0,0.047841498999999996,155474832,6082.24754691124,679328864
11,37,"[6, 4, 1, 0]",87,2.6834e-5,492592,0.039979375,126841072,NaN,0,0.040006209,127333664,6082.287569999695,806669360
11,38,"[6, 4, 0, 1]",86,2.8167e-5,492832,0.053136708,154000320,NaN,0,0.053164875,154493152,6082.340751886368,666633968
11,39,"[6, 3, 2, 0]",126,2.6042e-5,492608,0.042230209,126841136,NaN,0,0.042256250999999995,127333744,6082.383023023605,686332464
11,40,"[6, 3, 1, 1]",125,5.2625e-5,985472,0.038339375,126841408,NaN,0,0.038392,127826880,6082.421432971954,701111952
11,41,"[6, 3, 0, 2]",124,2.8333e-5,492864,0.159125667,154000256,NaN,0,0.159154,154493120,6082.58060503006,704860448
11,42,"[6, 2, 3, 0]",175,2.775e-5,492640,0.037957833,126841072,NaN,0,0.037985583,127333712,6082.618606090546,832201024
11,43,"[6, 2, 2, 1]",174,5.1042e-5,985536,0.038285958,136720624,NaN,0,0.038337,137706160,6082.656960010529,969914048
11,44,"[6, 2, 1, 2]",173,5.0792e-5,985568,0.041826417,135000496,NaN,0,0.041877209,135986064,6082.698855876923,759039312
11,45,"[6, 2, 0, 3]",172,2.7291e-5,492912,0.048157917,155474752,NaN,0,0.048185208,155967664,6082.747055053711,915013840
11,46,"[6, 1, 4, 0]",235,2.8708e-5,492688,0.039115917,144274064,NaN,0,0.039144625,144766752,6082.786217927933,725700160
11,47,"[6, 1, 3, 1]",234,5.0958e-5,985632,0.040585833,126841072,NaN,0,0.040636791,127826704,6082.826870918274,853533728
11,48,"[6, 1, 2, 2]",233,5.075e-5,985664,0.04082975,127021424,NaN,0,0.0408805,128007088,6082.867769956589,711905120
11,49,"[6, 1, 1, 3]",232,5.1584e-5,985696,0.040569083,126841152,NaN,0,0.040620667,127826848,6082.908408880234,683187120
11,50,"[6, 1, 0, 4]",231,2.8541e-5,492976,0.055672209,154000240,NaN,0,0.05570075,154493216,6082.964124917984,695778496
11,51,"[6, 0, 5, 0]",307,2.7834e-5,492752,0.044226333,126841152,NaN,0,0.044254167,127333904,6083.008397102356,671966720
11,52,"[6, 0, 4, 1]",306,5.0708e-5,985760,0.1446755,126841424,NaN,0,0.14472620800000002,127827184,6083.1531410217285,682759408
11,53,"[6, 0, 3, 2]",305,5.2042e-5,985792,0.037744791,126841072,NaN,0,0.037796833,127826864,6083.190953016281,810593136
11,54,"[6, 0, 2, 3]",304,5.2125e-5,985824,0.038587292,130494704,NaN,0,0.038639417,131480528,6083.229608058929,942080528
11,55,"[6, 0, 1, 4]",303,5.2167e-5,985856,0.053031917,146551168,NaN,0,0.053084084,147537024,6083.282712936401,732701264
11,56,"[6, 0, 0, 5]",302,2.8541e-5,493056,0.049489542,154000192,NaN,0,0.049518083,154493248,6083.332248926163,887201376
11,57,"[5, 6, 0, 0]",-36,NaN,0,NaN,0,3.0917e-5,197056,3.0917e-5,197056,6083.332297086716,887405296
11,58,"[5, 5, 1, 0]",59,2.6292e-5,492832,0.052616834,170826560,NaN,0,0.052643126,171319392,6083.384943962097,1058731504
11,59,"[5, 5, 0, 1]",-58,NaN,0,NaN,0,2.6167e-5,197056,2.6167e-5,197056,6083.384989023209,1058935440
11,60,"[5, 4, 2, 0]",90,2.9292e-5,492848,0.043100375,139178688,NaN,0,0.043129667000000003,139671536,6083.42812204361,800038464
11,61,"[5, 4, 1, 1]",89,5.2625e-5,986048,0.051164833,158948240,NaN,0,0.051217458,159934288,6083.47935795784,712578576
11,62,"[5, 4, 0, 2]",88,2.9084e-5,493200,0.048039792,154000256,NaN,0,0.048068875999999996,154493456,6083.52744603157,714248816
11,63,"[5, 3, 3, 0]",130,2.9625e-5,492880,0.039030458,126841136,NaN,0,0.039060082999999995,127334016,6083.566521883011,719581728
11,64,"[5, 3, 2, 1]",129,5.2e-5,986112,0.042660333,128839984,NaN,0,0.042712333000000005,129826096,6083.609250068665,718008864
11,65,"[5, 3, 1, 2]",128,5.0625e-5,986144,0.064530375,154000256,NaN,0,0.064581,154986400,6083.673846960068,700310016
11,66,"[5, 3, 0, 3]",127,2.9541e-5,493248,0.1412865,154000576,NaN,0,0.141316041,154493824,6083.815182924271,771324640
11,67,"[5, 2, 4, 0]",180,2.8833e-5,492928,0.038822791,128315632,NaN,0,0.038851624,128808560,6083.854053974152,900140064
11,68,"[5, 2, 3, 1]",179,0.000208208,986208,0.040285791,148353264,NaN,0,0.040493999,149339472,6083.894567966461,1049486400
11,69,"[5, 2, 2, 2]",178,5.1917e-5,986240,0.05582775,130920880,NaN,0,0.055879667,131907120,6083.950463056564,775014272
11,70,"[5, 2, 1, 3]",177,5.2708e-5,986272,0.047551042,155474752,NaN,0,0.04760375,156461024,6083.998085021973,931482160
11,71,"[5, 2, 0, 4]",176,2.8833e-5,493312,0.048802125,163388352,NaN,0,0.048830958,163881664,6084.046936988831,779058336
11,72,"[5, 1, 5, 0]",241,2.9667e-5,492992,0.040771167,128316000,NaN,0,0.040800833999999994,128808992,6084.087759971619,687806096
11,73,"[5, 1, 4, 1]",240,5.4416e-5,986336,0.037710417,126841072,NaN,0,0.037764833000000005,127827408,6084.12554192543,815640384
11,74,"[5, 1, 3, 2]",239,5.35e-5,986368,0.0398625,127021408,NaN,0,0.039916,128007776,6084.165477991104,740774448
11,75,"[5, 1, 2, 3]",238,5.4459e-5,986400,0.037296708,126841136,NaN,0,0.037351167,127827536,6084.202847957611,729800880
11,76,"[5, 1, 1, 4]",237,5.2375e-5,986432,0.06495775,154000272,NaN,0,0.06501012499999999,154986704,6084.267875909805,667060336
11,77,"[5, 1, 0, 5]",236,2.8167e-5,493392,0.160391708,154000256,NaN,0,0.160419875,154493648,6084.42830991745,667059984
11,78,"[5, 0, 6, 0]",314,2.8333e-5,493072,0.041386333,126841360,NaN,0,0.041414665999999996,127334432,6084.469742059708,794401280
11,79,"[5, 0, 5, 1]",313,5.3416e-5,986496,0.037912708,129446128,NaN,0,0.037966124000000004,130432624,6084.50773191452,924840784
11,80,"[5, 0, 4, 2]",312,5.275e-5,986528,0.04479825,146452864,NaN,0,0.044850999999999995,147439392,6084.552603960037,723779968
11,81,"[5, 0, 3, 3]",311,5.3958e-5,986560,0.037570334,126841072,NaN,0,0.037624292,127827632,6084.590245008469,851614464
11,82,"[5, 0, 2, 4]",310,5.3667e-5,986592,0.041558,128495856,NaN,0,0.041611667,129482448,6084.631874084473,981103776
11,83,"[5, 0, 1, 5]",309,5.2875e-5,986624,0.060916958,178985968,NaN,0,0.060969833,179972592,6084.69286108017,745592896
11,84,"[5, 0, 0, 6]",308,2.8833e-5,493488,0.056378542,154000560,NaN,0,0.056407374999999996,154494048,6084.74928689003,705754592
11,85,"[4, 7, 0, 0]",-21,NaN,0,NaN,0,2.0292e-5,197056,2.0292e-5,197056,6084.749325990677,705958528
11,86,"[4, 6, 1, 0]",-38,NaN,0,NaN,0,1.8167e-5,197056,1.8167e-5,197056,6084.749347925186,706162400
11,87,"[4, 6, 0, 1]",-37,NaN,0,NaN,0,1.7958e-5,197056,1.7958e-5,197056,6084.749368906021,706366272
11,88,"[4, 5, 2, 0]",-62,NaN,0,NaN,0,1.7375e-5,197056,1.7375e-5,197056,6084.749388933182,706570144
11,89,"[4, 5, 1, 1]",-61,NaN,0,NaN,0,1.7625e-5,197056,1.7625e-5,197056,6084.749408960342,706774016
11,90,"[4, 5, 0, 2]",-60,NaN,0,NaN,0,2.2583e-5,197056,2.2583e-5,197056,6084.7494349479675,706977888
11,91,"[4, 4, 3, 0]",94,2.8667e-5,493216,0.041131292,126841072,NaN,0,0.041159959,127334288,6084.790596961975,834318992
11,92,"[4, 4, 2, 1]",93,5.3583e-5,986896,0.053885833,154000320,NaN,0,0.053939416000000004,154987216,6084.844554901123,691389744
11,93,"[4, 4, 1, 2]",-92,NaN,0,NaN,0,2.925e-5,197056,2.925e-5,197056,6084.84459900856,691593680
11,94,"[4, 4, 0, 3]",-91,NaN,0,NaN,0,2.2917e-5,197056,2.2917e-5,197056,6084.844624996185,691797552
11,95,"[4, 3, 4, 0]",135,2.8e-5,493264,0.03939625,126841136,NaN,0,0.03942425,127334400,6084.884052991867,711088304
11,96,"[4, 3, 3, 1]",134,5.3583e-5,986992,0.052610125,126841136,NaN,0,0.052663708000000004,127828128,6084.936733961105,696295232
11,97,"[4, 3, 2, 2]",133,5.5416e-5,987024,0.142025125,154000288,NaN,0,0.142080541,154987312,6085.07883310318,752400640
11,98,"[4, 3, 1, 3]",132,5.4333e-5,987056,0.047302167,160848992,NaN,0,0.047356499999999996,161836048,6085.126209974289,914243552
11,99,"[4, 3, 0, 4]",131,2.9084e-5,493760,0.042268666,145043840,NaN,0,0.04229775,145537600,6085.168525934219,707544896
11,100,"[4, 2, 5, 0]",186,2.9583e-5,493328,0.036297042,126841072,NaN,0,0.036326625,127334400,6085.204871892929,834886160
11,101,"[4, 2, 4, 1]",185,5.4458e-5,987120,0.038451292,127021296,NaN,0,0.03850575,128008416,6085.24339389801,962901440
11,102,"[4, 2, 3, 2]",184,5.2917e-5,987152,0.042310875,144322976,NaN,0,0.042363792,145310128,6085.285778045654,731020656
11,103,"[4, 2, 2, 3]",183,5.5667e-5,987184,0.04776725,154000192,NaN,0,0.047822917,154987376,6085.333617925644,886014896
11,104,"[4, 2, 1, 4]",182,5.3667e-5,987216,0.054106458,154000608,NaN,0,0.054160125,154987824,6085.38779592514,771325744
11,105,"[4, 2, 0, 5]",181,2.95e-5,493840,0.038279417,126841136,NaN,0,0.038308917000000005,127334976,6085.426124095917,749348464
11,106,"[4, 1, 6, 0]",248,3.0125e-5,493408,0.039983667,126841152,NaN,0,0.040013792,127334560,6085.466156005859,671966816
11,107,"[4, 1, 5, 1]",247,5.2375e-5,987280,0.042750875,126841120,NaN,0,0.04280325,127828400,6085.5089728832245,701111888
11,108,"[4, 1, 4, 2]",246,5.4458e-5,987312,0.144367125,126841136,NaN,0,0.14442158300000002,127828448,6085.653412103653,690317248
11,109,"[4, 1, 3, 3]",245,5.4708e-5,987344,0.037361583,126841072,NaN,0,0.037416291,127828416,6085.690846920013,818152544
11,110,"[4, 1, 2, 4]",244,5.5167e-5,987376,0.048475416,163028064,NaN,0,0.048530583,164015440,6085.739396095276,982174848
11,111,"[4, 1, 1, 5]",243,5.4042e-5,987408,0.051899792,163208192,NaN,0,0.051953834,164195600,6085.7913699150085,786198304
11,112,"[4, 1, 0, 6]",242,2.8542e-5,493936,0.038532667,128315632,NaN,0,0.038561209,128809568,6085.829947948456,915014736
11,113,"[4, 0, 7, 0]",322,2.9792e-5,493504,0.047318458,142373232,NaN,0,0.04734825,142866736,6085.877312898636,723799776
11,114,"[4, 0, 6, 1]",321,5.4833e-5,987472,0.037862792,126841072,NaN,0,0.037917624999999996,127828544,6085.915246009827,851635184
11,115,"[4, 0, 5, 2]",320,5.3416e-5,987504,0.041543917,127021424,NaN,0,0.041597333,128008928,6085.9568638801575,721670768
11,116,"[4, 0, 4, 3]",319,5.3667e-5,987536,0.03825875,126841424,NaN,0,0.038312417,127828960,6085.995193004608,701111536
11,117,"[4, 0, 3, 4]",318,5.5083e-5,987568,0.038683334,126841136,NaN,0,0.038738417,127828704,6086.033948898315,701111536
11,118,"[4, 0, 2, 5]",317,5.5834e-5,987600,0.15677725,154000272,NaN,0,0.156833084,154987872,6086.190799951553,667059952
11,119,"[4, 0, 1, 6]",316,5.575e-5,987632,0.055355042,154000192,NaN,0,0.055410792,154987824,6086.246226072311,822054640
11,120,"[4, 0, 0, 7]",315,3.0083e-5,494048,0.04204425,133869808,NaN,0,0.042074333,134363856,6086.288322925568,956425360
11,121,"[3, 8, 0, 0]",-11,NaN,0,NaN,0,2.3375e-5,197056,2.3375e-5,197056,6086.288363933563,956629280
11,122,"[3, 7, 1, 0]",-23,NaN,0,NaN,0,2.0709e-5,197056,2.0709e-5,197056,6086.28838801384,956833152
11,123,"[3, 7, 0, 1]",-22,NaN,0,NaN,0,2.1167e-5,197056,2.1167e-5,197056,6086.2884130477905,957037024
11,124,"[3, 6, 2, 0]",-41,NaN,0,NaN,0,2.15e-5,197056,2.15e-5,197056,6086.288436889648,957240896
11,125,"[3, 6, 1, 1]",-40,NaN,0,NaN,0,2.4417e-5,197056,2.4417e-5,197056,6086.2884640693665,957444768
11,126,"[3, 6, 0, 2]",-39,NaN,0,NaN,0,1.95e-5,197056,1.95e-5,197056,6086.28848695755,957648640
11,127,"[3, 5, 3, 0]",-66,NaN,0,NaN,0,2.1375e-5,197056,2.1375e-5,197056,6086.2885110378265,957852496
11,128,"[3, 5, 2, 1]",-65,NaN,0,NaN,0,2.1083e-5,197056,2.1083e-5,197056,6086.288534879684,958056368
11,129,"[3, 5, 1, 2]",-64,NaN,0,NaN,0,1.8834e-5,197056,1.8834e-5,197056,6086.288556098938,958260240
11,130,"[3, 5, 0, 3]",-63,NaN,0,NaN,0,2.0958e-5,197056,2.0958e-5,197056,6086.288579940796,958464112
11,131,"[3, 4, 4, 0]",-99,NaN,0,NaN,0,2.1583e-5,197056,2.1583e-5,197056,6086.288604021072,958667984
11,132,"[3, 4, 3, 1]",-98,NaN,0,NaN,0,2.0541e-5,197056,2.0541e-5,197056,6086.288626909256,958871856
11,133,"[3, 4, 2, 2]",-97,NaN,0,NaN,0,1.9292e-5,197056,1.9292e-5,197056,6086.288649082184,959075728
11,134,"[3, 4, 1, 3]",-96,NaN,0,NaN,0,2.1125e-5,197056,2.1125e-5,197056,6086.288672924042,959279600
11,135,"[3, 4, 0, 4]",-95,NaN,0,NaN,0,2.3125e-5,197056,2.3125e-5,197056,6086.288698911667,959483472
11,136,"[3, 3, 5, 0]",141,2.9209e-5,493776,0.046701542,148976032,NaN,0,0.046730751,149469808,6086.335432052612,735739920
11,137,"[3, 3, 4, 1]",140,5.525e-5,988144,0.038118333,126841360,NaN,0,0.038173583,127829504,6086.373622894287,863576288
11,138,"[3, 3, 3, 2]",139,5.4417e-5,988176,0.05698,157129680,NaN,0,0.057034417000000004,158117856,6086.430676937103,690122480
11,139,"[3, 3, 2, 3]",-138,NaN,0,NaN,0,2.2792e-5,197056,2.2792e-5,197056,6086.430720090866,690326400
11,140,"[3, 3, 1, 4]",-137,NaN,0,NaN,0,1.7041e-5,197056,1.7041e-5,197056,6086.430741071701,690530272
11,141,"[3, 3, 0, 5]",-136,NaN,0,NaN,0,1.7667e-5,197056,1.7667e-5,197056,6086.430761098862,690734144
11,142,"[3, 2, 6, 0]",193,2.9791e-5,493856,0.044666667,126841072,NaN,0,0.044696458,127334928,6086.47546005249,818075888
11,143,"[3, 2, 5, 1]",192,5.4958e-5,988304,0.048180625,127021408,NaN,0,0.048235583,128009712,6086.523712873459,715476832
11,144,"[3, 2, 4, 2]",191,5.4875e-5,988336,0.039496833,126841152,NaN,0,0.039551708000000005,127829488,6086.563281059265,682761232
11,145,"[3, 2, 3, 3]",190,5.5209e-5,988368,0.049242375,154000256,NaN,0,0.049297584,154988624,6086.612595081329,677855168
11,146,"[3, 2, 2, 4]",189,5.4666e-5,988400,0.049385541,154000528,NaN,0,0.049440207,154988928,6086.66206908226,699351488
11,147,"[3, 2, 1, 5]",188,5.6541e-5,988432,0.143171,126841152,NaN,0,0.14322754099999999,127829584,6086.8053159713745,671965984
11,148,"[3, 2, 0, 6]",187,3.0334e-5,494512,0.03771175,126841072,NaN,0,0.037742084,127335584,6086.843072891235,799308432
11,149,"[3, 1, 7, 0]",256,2.9375e-5,493952,0.038226458,130494704,NaN,0,0.038255832999999996,130988656,6086.88134098053,930303952
11,150,"[3, 1, 6, 1]",255,5.6917e-5,988496,0.04343625,152826240,NaN,0,0.043493167,153814736,6086.924853086472,732701216
11,151,"[3, 1, 5, 2]",254,5.4875e-5,988528,0.037425583,126841072,NaN,0,0.037480458,127829600,6086.962348937988,860537680
11,152,"[3, 1, 4, 3]",253,5.5417e-5,988560,0.038019,130494992,NaN,0,0.038074417,131483552,6087.000442028046,992028096
11,153,"[3, 1, 3, 4]",252,5.5458e-5,988592,0.052149208,181459952,NaN,0,0.052204666000000004,182448544,6087.052669048309,750614976
11,154,"[3, 1, 2, 5]",251,5.5875e-5,988624,0.048574459,155474832,NaN,0,0.048630334,156463456,6087.1013169288635,716150080
11,155,"[3, 1, 1, 6]",250,5.5333e-5,988656,0.037472291,126841072,NaN,0,0.037527623999999996,127829728,6087.138860940933,843986672
11,156,"[3, 1, 0, 7]",249,2.9833e-5,494624,0.038139958,126841184,NaN,0,0.038169791,127335808,6087.177048921585,777416032
11,157,"[3, 0, 8, 0]",331,3.1e-5,494064,0.03851275,126841152,NaN,0,0.03854375,127335216,6087.215611934662,705216384
11,158,"[3, 0, 7, 1]",330,5.625e-5,988720,0.0384995,128840256,NaN,0,0.03855575,129828976,6087.254185914993,736360304
11,159,"[3, 0, 6, 2]",329,5.6875e-5,988752,0.053743125,126841152,NaN,0,0.0538,127829904,6087.308001041412,705216496
11,160,"[3, 0, 5, 3]",328,5.6291e-5,988784,0.131212625,128840016,NaN,0,0.131268916,129828800,6087.439285039902,742592656
11,161,"[3, 0, 4, 4]",327,5.5334e-5,988816,0.037373667,126841072,NaN,0,0.037429000999999996,127829888,6087.476732969284,870429408
11,162,"[3, 0, 3, 5]",326,5.9042e-5,988848,0.050279125,175086400,NaN,0,0.050338167,176075248,6087.527091026306,1046511536
11,163,"[3, 0, 2, 6]",325,5.7292e-5,988880,0.055243792,158080000,NaN,0,0.055301084,159068880,6087.582412004471,802173392
11,164,"[3, 0, 1, 7]",324,5.5458e-5,988912,0.037518459,128315920,NaN,0,0.037573917,129304832,6087.620003938675,931485088
11,165,"[3, 0, 0, 8]",323,3.1709e-5,494752,0.042391542,140226928,NaN,0,0.042423250999999995,140721680,6087.662445068359,731140208
11,166,"[2, 9, 0, 0]",-5,NaN,0,NaN,0,2.4167e-5,197056,2.4167e-5,197056,6087.662488937378,731344144
11,167,"[2, 8, 1, 0]",-13,NaN,0,NaN,0,2.3083e-5,197056,2.3083e-5,197056,6087.662515878677,731548016
11,168,"[2, 8, 0, 1]",-12,NaN,0,NaN,0,2.1292e-5,197056,2.1292e-5,197056,6087.662540912628,731751888
11,169,"[2, 7, 2, 0]",-26,NaN,0,NaN,0,2.2792e-5,197056,2.2792e-5,197056,6087.662565946579,731955760
11,170,"[2, 7, 1, 1]",-25,NaN,0,NaN,0,2.1875e-5,197056,2.1875e-5,197056,6087.6625900268555,732159632
11,171,"[2, 7, 0, 2]",-24,NaN,0,NaN,0,1.9041e-5,197056,1.9041e-5,197056,6087.662611961365,732363504
11,172,"[2, 6, 3, 0]",-45,NaN,0,NaN,0,2.7583e-5,197056,2.7583e-5,197056,6087.662642002106,732567376
11,173,"[2, 6, 2, 1]",-44,NaN,0,NaN,0,4.4209e-5,197056,4.4209e-5,197056,6087.66268992424,732771248
11,174,"[2, 6, 1, 2]",-43,NaN,0,NaN,0,2.3375e-5,197056,2.3375e-5,197056,6087.662722110748,732975120
11,175,"[2, 6, 0, 3]",-42,NaN,0,NaN,0,1.9583e-5,197056,1.9583e-5,197056,6087.662744998932,733178992
11,176,"[2, 5, 4, 0]",-71,NaN,0,NaN,0,2.4625e-5,197056,2.4625e-5,197056,6087.662771940231,733382864
11,177,"[2, 5, 3, 1]",-70,NaN,0,NaN,0,2.3166e-5,197056,2.3166e-5,197056,6087.662797927856,733586736
11,178,"[2, 5, 2, 2]",-69,NaN,0,NaN,0,1.775e-5,197056,1.775e-5,197056,6087.662817955017,733790608
11,179,"[2, 5, 1, 3]",-68,NaN,0,NaN,0,1.8333e-5,197056,1.8333e-5,197056,6087.662838935852,733994480
11,180,"[2, 5, 0, 4]",-67,NaN,0,NaN,0,1.9917e-5,197056,1.9917e-5,197056,6087.662862062454,734198352
11,181,"[2, 4, 5, 0]",-105,NaN,0,NaN,0,2.2875e-5,197056,2.2875e-5,197056,6087.662887096405,734402224
11,182,"[2, 4, 4, 1]",-104,NaN,0,NaN,0,1.7e-5,197056,1.7e-5,197056,6087.662906885147,734606096
11,183,"[2, 4, 3, 2]",-103,NaN,0,NaN,0,1.7458e-5,197056,1.7458e-5,197056,6087.662928104401,734809952
11,184,"[2, 4, 2, 3]",-102,NaN,0,NaN,0,1.825e-5,197056,1.825e-5,197056,6087.662949085236,735013824
11,185,"[2, 4, 1, 4]",-101,NaN,0,NaN,0,2.1208e-5,197056,2.1208e-5,197056,6087.6629729270935,735217696
11,186,"[2, 4, 0, 5]",-100,NaN,0,NaN,0,2.2e-5,197056,2.2e-5,197056,6087.663848876953,735421568
11,187,"[2, 3, 6, 0]",-148,NaN,0,NaN,0,2.1292e-5,197056,2.1292e-5,197056,6087.663873910904,735625424
11,188,"[2, 3, 5, 1]",-147,NaN,0,NaN,0,1.875e-5,197056,1.875e-5,197056,6087.663896083832,735829296
11,189,"[2, 3, 4, 2]",-146,NaN,0,NaN,0,2.0334e-5,197056,2.0334e-5,197056,6087.663918972015,736033168
11,190,"[2, 3, 3, 3]",-145,NaN,0,NaN,0,1.7541e-5,197056,1.7541e-5,197056,6087.663938999176,736237040
11,191,"[2, 3, 2, 4]",-144,NaN,0,NaN,0,1.8125e-5,197056,1.8125e-5,197056,6087.663959980011,736440912
11,192,"[2, 3, 1, 5]",-143,NaN,0,NaN,0,1.6458e-5,197056,1.6458e-5,197056,6087.663980007172,736644784
11,193,"[2, 3, 0, 6]",-142,NaN,0,NaN,0,1.8041e-5,197056,1.8041e-5,197056,6087.664000034332,736848656
11,194,"[2, 2, 7, 0]",201,2.9709e-5,494528,0.037745416,126841072,NaN,0,0.037775125,127335600,6087.701777935028,864191072
11,195,"[2, 2, 6, 1]",200,5.6792e-5,989792,0.038812375,126841200,NaN,0,0.038869167,127830992,6087.740669965744,756569760
11,196,"[2, 2, 5, 2]",199,5.75e-5,989824,0.038479792,127021360,NaN,0,0.038537292,128011184,6087.779223918915,729981696
11,197,"[2, 2, 4, 3]",198,5.6875e-5,989856,0.049720333,154000272,NaN,0,0.049777207999999996,154990128,6087.829016923904,666634128
11,198,"[2, 2, 3, 4]",-197,NaN,0,NaN,0,2.8166e-5,197056,2.8166e-5,197056,6087.8290638923645,666838064
11,199,"[2, 2, 2, 5]",-196,NaN,0,NaN,0,2.1584e-5,197056,2.1584e-5,197056,6087.829088926315,667041936
11,200,"[2, 2, 1, 6]",-195,NaN,0,NaN,0,2.325e-5,197056,2.325e-5,197056,6087.82911491394,667245808
11,201,"[2, 2, 0, 7]",-194,NaN,0,NaN,0,2.2917e-5,197056,2.2917e-5,197056,6087.829140901566,667449680
11,202,"[2, 1, 8, 0]",265,3.05e-5,494640,0.038034042,126841408,NaN,0,0.038064542,127336048,6087.867208003998,704683824
11,203,"[2, 1, 7, 1]",264,5.7333e-5,990016,0.144717625,126841136,NaN,0,0.14477495799999998,127831152,6088.01199889183,690317248
11,204,"[2, 1, 6, 2]",263,5.7625e-5,990048,0.0787145,126841072,NaN,0,0.07877212500000001,127831120,6088.090785980225,818155248
11,205,"[2, 1, 5, 3]",262,5.6542e-5,990080,0.039417375,131444976,NaN,0,0.039473917,132435056,6088.130280017853,950597168
11,206,"[2, 1, 4, 4]",261,5.8e-5,990112,0.052049584,173464576,NaN,0,0.052107584000000005,174454688,6088.182404994965,765521136
11,207,"[2, 1, 3, 5]",260,5.6833e-5,990144,0.047678834,156949312,NaN,0,0.047735667,157939456,6088.230160951614,923467456
11,208,"[2, 1, 2, 6]",259,5.7458e-5,990176,0.042076333,140620432,NaN,0,0.042133791000000004,141610608,6088.272315979004,727272736
11,209,"[2, 1, 1, 7]",258,5.6667e-5,990208,0.03788475,126841072,NaN,0,0.037941417000000005,127831280,6088.310273885727,855110896
11,210,"[2, 1, 0, 8]",257,3.25e-5,495472,0.040374333,129020272,NaN,0,0.040406832999999996,129515744,6088.350702047348,742773904
11,211,"[2, 0, 9, 0]",341,3.1167e-5,494768,0.04635325,126841136,NaN,0,0.046384417,127335904,6088.39710688591,701111600
11,212,"[2, 0, 8, 1]",340,5.7083e-5,990272,0.041117375,126841136,NaN,0,0.041174458,127831408,6088.438296079636,701111600
11,213,"[2, 0, 7, 2]",339,5.8875e-5,990304,0.055956083,126841136,NaN,0,0.056014958,127831440,6088.4943289756775,710876864
11,214,"[2, 0, 6, 3]",338,5.6459e-5,990336,0.129945708,126841424,NaN,0,0.130002167,127831760,6088.624347925186,745775968
11,215,"[2, 0, 5, 4]",337,5.8125e-5,990368,0.037500834,127021296,NaN,0,0.037558958999999996,128011664,6088.6619238853455,873794496
11,216,"[2, 0, 4, 5]",336,5.7792e-5,990400,0.054307667,180231120,NaN,0,0.054365459,181221520,6088.716307878494,693496528
11,217,"[2, 0, 3, 6]",335,5.6542e-5,990432,0.048261375,154000192,NaN,0,0.048317917,154990624,6088.764642000198,848494016
11,218,"[2, 0, 2, 7]",334,5.8167e-5,990464,0.037263208,129970416,NaN,0,0.037321375,130960880,6088.801985025406,979461760
11,219,"[2, 0, 1, 8]",333,6.1417e-5,990496,0.041291917,136950176,NaN,0,0.041353334,137940672,6088.843357086182,766886640
11,220,"[2, 0, 0, 9]",332,3.1334e-5,495616,0.041922708,126841440,NaN,0,0.041954042000000004,127337056,6088.885327100754,682759920
11,221,"[1, 10, 0, 0]",-2,NaN,0,NaN,0,2.3167e-5,197056,2.3167e-5,197056,6088.885365962982,682963856
11,222,"[1, 9, 1, 0]",-7,NaN,0,NaN,0,2.2625e-5,197056,2.2625e-5,197056,6088.885391950607,683167728
11,223,"[1, 9, 0, 1]",-6,NaN,0,NaN,0,1.8958e-5,197056,1.8958e-5,197056,6088.885413885117,683371600
11,224,"[1, 8, 2, 0]",-16,NaN,0,NaN,0,2.0875e-5,197056,2.0875e-5,197056,6088.885437011719,683575472
11,225,"[1, 8, 1, 1]",-15,NaN,0,NaN,0,2.4417e-5,197056,2.4417e-5,197056,6088.885463953018,683779344
11,226,"[1, 8, 0, 2]",-14,NaN,0,NaN,0,2.5375e-5,197056,2.5375e-5,197056,6088.8854920864105,683983216
11,227,"[1, 7, 3, 0]",-30,NaN,0,NaN,0,2.0709e-5,197056,2.0709e-5,197056,6088.885514974594,684187088
11,228,"[1, 7, 2, 1]",-29,NaN,0,NaN,0,2.2292e-5,197056,2.2292e-5,197056,6088.885540008545,684390960
11,229,"[1, 7, 1, 2]",-28,NaN,0,NaN,0,2.2375e-5,197056,2.2375e-5,197056,6088.885565042496,684594832
11,230,"[1, 7, 0, 3]",-27,NaN,0,NaN,0,1.9667e-5,197056,1.9667e-5,197056,6088.885587930679,684798704
11,231,"[1, 6, 4, 0]",-50,NaN,0,NaN,0,2.2666e-5,197056,2.2666e-5,197056,6088.88561296463,685002576
11,232,"[1, 6, 3, 1]",-49,NaN,0,NaN,0,2.5333e-5,197056,2.5333e-5,197056,6088.8856410980225,685206448
11,233,"[1, 6, 2, 2]",-48,NaN,0,NaN,0,2.375e-5,197056,2.375e-5,197056,6088.885667085648,685410320
11,234,"[1, 6, 1, 3]",-47,NaN,0,NaN,0,2.0625e-5,197056,2.0625e-5,197056,6088.885689973831,685614192
11,235,"[1, 6, 0, 4]",-46,NaN,0,NaN,0,2.2041e-5,197056,2.2041e-5,197056,6088.885715007782,685818064
11,236,"[1, 5, 5, 0]",-77,NaN,0,NaN,0,2.7666e-5,197056,2.7666e-5,197056,6088.885745048523,686021936
11,237,"[1, 5, 4, 1]",-76,NaN,0,NaN,0,2.0e-5,197056,2.0e-5,197056,6088.8857679367065,686225808
11,238,"[1, 5, 3, 2]",-75,NaN,0,NaN,0,2.5584e-5,197056,2.5584e-5,197056,6088.885796070099,686429664
11,239,"[1, 5, 2, 3]",-74,NaN,0,NaN,0,2.6917e-5,197056,2.6917e-5,197056,6088.88582611084,686633536
11,240,"[1, 5, 1, 4]",-73,NaN,0,NaN,0,2.1875e-5,197056,2.1875e-5,197056,6088.885849952698,686837408
11,241,"[1, 5, 0, 5]",-72,NaN,0,NaN,0,1.9458e-5,197056,1.9458e-5,197056,6088.885871887207,687041280
11,242,"[1, 4, 6, 0]",-112,NaN,0,NaN,0,2.3709e-5,197056,2.3709e-5,197056,6088.885899066925,687245152
11,243,"[1, 4, 5, 1]",-111,NaN,0,NaN,0,2.55e-5,197056,2.55e-5,197056,6088.885926961899,687449024
11,244,"[1, 4, 4, 2]",-110,NaN,0,NaN,0,2.0875e-5,197056,2.0875e-5,197056,6088.885951042175,687652896
11,245,"[1, 4, 3, 3]",-109,NaN,0,NaN,0,2.3375e-5,197056,2.3375e-5,197056,6088.8859770298,687856768
11,246,"[1, 4, 2, 4]",-108,NaN,0,NaN,0,2.2583e-5,197056,2.2583e-5,197056,6088.886002063751,688060640
11,247,"[1, 4, 1, 5]",-107,NaN,0,NaN,0,2.2542e-5,197056,2.2542e-5,197056,6088.886027097702,688264512
11,248,"[1, 4, 0, 6]",-106,NaN,0,NaN,0,2.0666e-5,197056,2.0666e-5,197056,6088.88605093956,688468384
11,249,"[1, 3, 7, 0]",-156,NaN,0,NaN,0,2.525e-5,197056,2.525e-5,197056,6088.886077880859,688672256
11,250,"[1, 3, 6, 1]",-155,NaN,0,NaN,0,2.2958e-5,197056,2.2958e-5,197056,6088.886104106903,688876128
11,251,"[1, 3, 5, 2]",-154,NaN,0,NaN,0,1.9833e-5,197056,1.9833e-5,197056,6088.886126995087,689080000
11,252,"[1, 3, 4, 3]",-153,NaN,0,NaN,0,2.2083e-5,197056,2.2083e-5,197056,6088.886151075363,689283872
11,253,"[1, 3, 3, 4]",-152,NaN,0,NaN,0,2.3916e-5,197056,2.3916e-5,197056,6088.886177062988,689487744
11,254,"[1, 3, 2, 5]",-151,NaN,0,NaN,0,2.3291e-5,197056,2.3291e-5,197056,6088.886203050613,689691616
11,255,"[1, 3, 1, 6]",-150,NaN,0,NaN,0,2.0375e-5,197056,2.0375e-5,197056,6088.886225938797,689895488
11,256,"[1, 3, 0, 7]",-149,NaN,0,NaN,0,2.2375e-5,197056,2.2375e-5,197056,6088.886250972748,690099360
11,257,"[1, 2, 8, 0]",-210,NaN,0,NaN,0,2.2792e-5,197056,2.2792e-5,197056,6088.886276960373,690303232
11,258,"[1, 2, 7, 1]",-209,NaN,0,NaN,0,1.9958e-5,197056,1.9958e-5,197056,6088.886298894882,690507104
11,259,"[1, 2, 6, 2]",-208,NaN,0,NaN,0,2.3542e-5,197056,2.3542e-5,197056,6088.886324882507,690710976
11,260,"[1, 2, 5, 3]",-207,NaN,0,NaN,0,2.5459e-5,197056,2.5459e-5,197056,6088.8863530159,690914848
11,261,"[1, 2, 4, 4]",-206,NaN,0,NaN,0,2.3625e-5,197056,2.3625e-5,197056,6088.886379957199,691118720
11,262,"[1, 2, 3, 5]",-205,NaN,0,NaN,0,2.0791e-5,197056,2.0791e-5,197056,6088.886403083801,691322592
11,263,"[1, 2, 2, 6]",-204,NaN,0,NaN,0,2.3459e-5,197056,2.3459e-5,197056,6088.886429071426,691526464
11,264,"[1, 2, 1, 7]",-203,NaN,0,NaN,0,2.4125e-5,197056,2.4125e-5,197056,6088.8864550590515,691730336
11,265,"[1, 2, 0, 8]",-202,NaN,0,NaN,0,2.1666e-5,197056,2.1666e-5,197056,6088.886478900909,691934208
11,266,"[1, 1, 9, 0]",275,3.0667e-5,495488,0.038244792,126841072,NaN,0,0.038275459,127336560,6088.924757003784,819277584
11,267,"[1, 1, 8, 1]",274,5.8916e-5,991872,0.0397965,126841184,NaN,0,0.039855416,127833056,6088.964632987976,740594528
11,268,"[1, 1, 7, 2]",273,5.8e-5,991904,0.038333834,126841152,NaN,0,0.038391834,127833056,6089.003043889999,671966864
11,269,"[1, 1, 6, 3]",272,5.8625e-5,991936,0.039073792,126841120,NaN,0,0.039132417,127833056,6089.042192935944,701111936
11,270,"[1, 1, 5, 4]",271,5.7791e-5,991968,0.064787625,154000272,NaN,0,0.064845416,154992240,6089.107054948807,667060400
11,271,"[1, 1, 4, 5]",-270,NaN,0,NaN,0,2.3667e-5,197056,2.3667e-5,197056,6089.107100009918,667264320
11,272,"[1, 1, 3, 6]",-269,NaN,0,NaN,0,2.1542e-5,197056,2.1542e-5,197056,6089.107125043869,667468192
11,273,"[1, 1, 2, 7]",-268,NaN,0,NaN,0,2.25e-5,197056,2.25e-5,197056,6089.10715007782,667672064
11,274,"[1, 1, 1, 8]",-267,NaN,0,NaN,0,2.5833e-5,197056,2.5833e-5,197056,6089.107178926468,667875936
11,275,"[1, 1, 0, 9]",-266,NaN,0,NaN,0,2.2708e-5,197056,2.2708e-5,197056,6089.107203960419,668079808
11,276,"[1, 0, 10, 0]",352,3.2458e-5,495632,0.143374333,190646080,NaN,0,0.143406791,191141712,6089.250612020493,797176768
11,277,"[1, 0, 9, 1]",351,5.9167e-5,992160,0.055589958,212600304,NaN,0,0.055649125,213592464,6089.306277990341,1010776096
11,278,"[1, 0, 8, 2]",350,6.05e-5,992192,0.053448125,193283760,NaN,0,0.053508625,194275952,6089.359803915024,861178656
11,279,"[1, 0, 7, 3]",349,5.9542e-5,992224,0.058185708,212600448,NaN,0,0.058245250000000005,213592672,6089.418065071106,752105360
11,280,"[1, 0, 6, 4]",348,5.9458e-5,992256,0.054256416,189203952,NaN,0,0.054315874,190196208,6089.472394943237,942308448
11,281,"[1, 0, 5, 5]",347,6.1333e-5,992288,0.049182375,158309328,NaN,0,0.049243708,159301616,6089.5216588974,788458368
11,282,"[1, 0, 4, 6]",346,6.0042e-5,992320,0.048255583,154000544,NaN,0,0.048315625,154992864,6089.56999206543,741607248
11,283,"[1, 0, 3, 7]",345,6.1625e-5,992352,0.056217209,187729488,NaN,0,0.056278834,188721840,6089.626286029816,726194848
11,284,"[1, 0, 2, 8]",344,6.05e-5,992384,0.162370958,187729456,NaN,0,0.162431458,188721840,6089.788734912872,746331392
11,285,"[1, 0, 1, 9]",343,6.6667e-5,992416,0.051342042,207750640,NaN,0,0.051408709,208743056,6089.840158939362,955081312
11,286,"[1, 0, 0, 10]",342,3.2042e-5,496656,0.051284834,199804592,NaN,0,0.051316876000000004,200301248,6089.8914930820465,828720816
11,287,"[0, 11, 0, 0]",-1,NaN,0,NaN,0,2.7e-5,197056,2.7e-5,197056,6089.891540050507,828924752
11,288,"[0, 10, 1, 0]",-4,NaN,0,NaN,0,2.125e-5,197056,2.125e-5,197056,6089.891565084457,829128608
11,289,"[0, 10, 0, 1]",-3,NaN,0,NaN,0,2.1458e-5,197056,2.1458e-5,197056,6089.89158987999,829332480
11,290,"[0, 9, 2, 0]",-10,NaN,0,NaN,0,1.975e-5,197056,1.975e-5,197056,6089.8916120529175,829536352
11,291,"[0, 9, 1, 1]",-9,NaN,0,NaN,0,2.0917e-5,197056,2.0917e-5,197056,6089.891635894775,829740224
11,292,"[0, 9, 0, 2]",-8,NaN,0,NaN,0,2.0959e-5,197056,2.0959e-5,197056,6089.891659021378,829944096
11,293,"[0, 8, 3, 0]",-20,NaN,0,NaN,0,1.9167e-5,197056,1.9167e-5,197056,6089.891680955887,830147968
11,294,"[0, 8, 2, 1]",-19,NaN,0,NaN,0,2.1125e-5,197056,2.1125e-5,197056,6089.891705036163,830351840
11,295,"[0, 8, 1, 2]",-18,NaN,0,NaN,0,2.0375e-5,197056,2.0375e-5,197056,6089.891727924347,830555712
11,296,"[0, 8, 0, 3]",-17,NaN,0,NaN,0,2.1458e-5,197056,2.1458e-5,197056,6089.891752004623,830759584
11,297,"[0, 7, 4, 0]",-35,NaN,0,NaN,0,2.0958e-5,197056,2.0958e-5,197056,6089.8917760849,830963456
11,298,"[0, 7, 3, 1]",-34,NaN,0,NaN,0,2.5542e-5,197056,2.5542e-5,197056,6089.891803979874,831167328
11,299,"[0, 7, 2, 2]",-33,NaN,0,NaN,0,2.1208e-5,197056,2.1208e-5,197056,6089.89182806015,831371200
11,300,"[0, 7, 1, 3]",-32,NaN,0,NaN,0,2.3e-5,197056,2.3e-5,197056,6089.891853094101,831575072
11,301,"[0, 7, 0, 4]",-31,NaN,0,NaN,0,2.2042e-5,197056,2.2042e-5,197056,6089.891877889633,831778928
11,302,"[0, 6, 5, 0]",-56,NaN,0,NaN,0,2.1958e-5,197056,2.1958e-5,197056,6089.89190196991,831982800
11,303,"[0, 6, 4, 1]",-55,NaN,0,NaN,0,2.1666e-5,197056,2.1666e-5,197056,6089.8919270038605,832186672
11,304,"[0, 6, 3, 2]",-54,NaN,0,NaN,0,1.9542e-5,197056,1.9542e-5,197056,6089.89194893837,832390544
11,305,"[0, 6, 2, 3]",-53,NaN,0,NaN,0,2.5958e-5,197056,2.5958e-5,197056,6089.891978025436,832594416
11,306,"[0, 6, 1, 4]",-52,NaN,0,NaN,0,2.2e-5,197056,2.2e-5,197056,6089.892002105713,832798288
11,307,"[0, 6, 0, 5]",-51,NaN,0,NaN,0,1.9292e-5,197056,1.9292e-5,197056,6089.892024040222,833002144
11,308,"[0, 5, 6, 0]",-84,NaN,0,NaN,0,2.4083e-5,197056,2.4083e-5,197056,6089.892050981522,833206016
11,309,"[0, 5, 5, 1]",-83,NaN,0,NaN,0,2.6041e-5,197056,2.6041e-5,197056,6089.892080068588,833409888
11,310,"[0, 5, 4, 2]",-82,NaN,0,NaN,0,2.1125e-5,197056,2.1125e-5,197056,6089.892102956772,833613760
11,311,"[0, 5, 3, 3]",-81,NaN,0,NaN,0,2.2917e-5,197056,2.2917e-5,197056,6089.892128944397,833817632
11,312,"[0, 5, 2, 4]",-80,NaN,0,NaN,0,2.2791e-5,197056,2.2791e-5,197056,6089.892153978348,834021504
11,313,"[0, 5, 1, 5]",-79,NaN,0,NaN,0,2.5208e-5,197056,2.5208e-5,197056,6089.8921818733215,834225376
11,314,"[0, 5, 0, 6]",-78,NaN,0,NaN,0,2.175e-5,197056,2.175e-5,197056,6089.892205953598,834429248
11,315,"[0, 4, 7, 0]",-120,NaN,0,NaN,0,2.3417e-5,197056,2.3417e-5,197056,6089.8922328948975,834633120
11,316,"[0, 4, 6, 1]",-119,NaN,0,NaN,0,2.5667e-5,197056,2.5667e-5,197056,6089.89226102829,834836992
11,317,"[0, 4, 5, 2]",-118,NaN,0,NaN,0,2.0083e-5,197056,2.0083e-5,197056,6089.892283916473,835040864
11,318,"[0, 4, 4, 3]",-117,NaN,0,NaN,0,2.2667e-5,197056,2.2667e-5,197056,6089.892308950424,835244736
11,319,"[0, 4, 3, 4]",-116,NaN,0,NaN,0,2.2375e-5,197056,2.2375e-5,197056,6089.892333984375,835448608
11,320,"[0, 4, 2, 5]",-115,NaN,0,NaN,0,2.3959e-5,197056,2.3959e-5,197056,6089.892360925674,835652480
11,321,"[0, 4, 1, 6]",-114,NaN,0,NaN,0,2.0916e-5,197056,2.0916e-5,197056,6089.892384052277,835856352
11,322,"[0, 4, 0, 7]",-113,NaN,0,NaN,0,2.3208e-5,197056,2.3208e-5,197056,6089.892410039902,836060224
11,323,"[0, 3, 8, 0]",-165,NaN,0,NaN,0,2.2959e-5,197056,2.2959e-5,197056,6089.8924350738525,836264096
11,324,"[0, 3, 7, 1]",-164,NaN,0,NaN,0,2.0208e-5,197056,2.0208e-5,197056,6089.892457962036,836467968
11,325,"[0, 3, 6, 2]",-163,NaN,0,NaN,0,2.1583e-5,197056,2.1583e-5,197056,6089.892482042313,836671840
11,326,"[0, 3, 5, 3]",-162,NaN,0,NaN,0,2.15e-5,197056,2.15e-5,197056,6089.892507076263,836875712
11,327,"[0, 3, 4, 4]",-161,NaN,0,NaN,0,2.2041e-5,197056,2.2041e-5,197056,6089.892530918121,837079584
11,328,"[0, 3, 3, 5]",-160,NaN,0,NaN,0,2.0541e-5,197056,2.0541e-5,197056,6089.8925540447235,837283456
11,329,"[0, 3, 2, 6]",-159,NaN,0,NaN,0,2.2209e-5,197056,2.2209e-5,197056,6089.892579078674,837487328
11,330,"[0, 3, 1, 7]",-158,NaN,0,NaN,0,2.2667e-5,197056,2.2667e-5,197056,6089.892605066299,837691200
11,331,"[0, 3, 0, 8]",-157,NaN,0,NaN,0,2.2834e-5,197056,2.2834e-5,197056,6089.89263010025,837895072
11,332,"[0, 2, 9, 0]",-220,NaN,0,NaN,0,2.2584e-5,197056,2.2584e-5,197056,6089.8926548957825,838098944
11,333,"[0, 2, 8, 1]",-219,NaN,0,NaN,0,2.1875e-5,197056,2.1875e-5,197056,6089.892679929733,838302816
11,334,"[0, 2, 7, 2]",-218,NaN,0,NaN,0,2.175e-5,197056,2.175e-5,197056,6089.89270401001,838506688
11,335,"[0, 2, 6, 3]",-217,NaN,0,NaN,0,2.0e-5,197056,2.0e-5,197056,6089.892726898193,838710560
11,336,"[0, 2, 5, 4]",-216,NaN,0,NaN,0,2.1708e-5,197056,2.1708e-5,197056,6089.89275097847,838914416
11,337,"[0, 2, 4, 5]",-215,NaN,0,NaN,0,2.3042e-5,197056,2.3042e-5,197056,6089.892776966095,839118288
11,338,"[0, 2, 3, 6]",-214,NaN,0,NaN,0,2.0083e-5,197056,2.0083e-5,197056,6089.892798900604,839322160
11,339,"[0, 2, 2, 7]",-213,NaN,0,NaN,0,2.3e-5,197056,2.3e-5,197056,6089.892824888229,839526032
11,340,"[0, 2, 1, 8]",-212,NaN,0,NaN,0,2.2041e-5,197056,2.2041e-5,197056,6089.89284992218,839729888
11,341,"[0, 2, 0, 9]",-211,NaN,0,NaN,0,2.25e-5,197056,2.25e-5,197056,6089.892874956131,839933760
11,342,"[0, 1, 10, 0]",-286,NaN,0,NaN,0,2.025e-5,197056,2.025e-5,197056,6089.892898082733,840137632
11,343,"[0, 1, 9, 1]",-285,NaN,0,NaN,0,2.5833e-5,197056,2.5833e-5,197056,6089.892925977707,840341504
11,344,"[0, 1, 8, 2]",-284,NaN,0,NaN,0,2.2e-5,197056,2.2e-5,197056,6089.892951011658,840545376
11,345,"[0, 1, 7, 3]",-283,NaN,0,NaN,0,2.125e-5,197056,2.125e-5,197056,6089.892975091934,840749232
11,346,"[0, 1, 6, 4]",-282,NaN,0,NaN,0,2.2291e-5,197056,2.2291e-5,197056,6089.892999887466,840953104
11,347,"[0, 1, 5, 5]",-281,NaN,0,NaN,0,2.3375e-5,197056,2.3375e-5,197056,6089.893024921417,841156976
11,348,"[0, 1, 4, 6]",-280,NaN,0,NaN,0,2.2667e-5,197056,2.2667e-5,197056,6089.893050909042,841360848
11,349,"[0, 1, 3, 7]",-279,NaN,0,NaN,0,1.8791e-5,197056,1.8791e-5,197056,6089.893071889877,841564720
11,350,"[0, 1, 2, 8]",-278,NaN,0,NaN,0,2.1875e-5,197056,2.1875e-5,197056,6089.893095970154,841768592
11,351,"[0, 1, 1, 9]",-277,NaN,0,NaN,0,2.1833e-5,197056,2.1833e-5,197056,6089.893121004105,841972464
11,352,"[0, 1, 0, 10]",-276,NaN,0,NaN,0,2.0458e-5,197056,2.0458e-5,197056,6089.893143892288,842176336
11,353,"[0, 0, 11, 0]",364,3.3417e-5,496672,0.037511083,129790192,NaN,0,0.0375445,130286864,6089.930691003799,972470016
11,354,"[0, 0, 10, 1]",363,6.2375e-5,994416,0.05874525,138719920,NaN,0,0.058807625,139714336,6089.9895169734955,734625184
11,355,"[0, 0, 9, 2]",362,6.3208e-5,994448,0.03815325,126841072,NaN,0,0.038216458,127835520,6090.027752876282,862467568
11,356,"[0, 0, 8, 3]",361,6.1792e-5,994480,0.041485625,129675632,NaN,0,0.041547416999999996,130670112,6090.069317102432,724325584
11,357,"[0, 0, 7, 4]",360,6.2375e-5,994512,0.038048833,126841136,NaN,0,0.038111208,127835648,6090.107446908951,701112176
11,358,"[0, 0, 6, 5]",359,6.4333e-5,994544,0.049956834,154000256,NaN,0,0.050021167,154994800,6090.157489061356,695779552
11,359,"[0, 0, 5, 6]",-358,NaN,0,NaN,0,2.5292e-5,197056,2.5292e-5,197056,6090.1575319767,695983472
11,360,"[0, 0, 4, 7]",-357,NaN,0,NaN,0,2.9708e-5,197056,2.9708e-5,197056,6090.157564878464,696187344
11,361,"[0, 0, 3, 8]",-356,NaN,0,NaN,0,2.4583e-5,197056,2.4583e-5,197056,6090.157593011856,696391216
11,362,"[0, 0, 2, 9]",-355,NaN,0,NaN,0,3.0625e-5,197056,3.0625e-5,197056,6090.15762591362,696595088
11,363,"[0, 0, 1, 10]",-354,NaN,0,NaN,0,2.0666e-5,197056,2.0666e-5,197056,6090.157649040222,696798960
11,364,"[0, 0, 0, 11]",-353,NaN,0,NaN,0,2.2417e-5,197056,2.2417e-5,197056,6090.15767788887,697002832
